{
  "state": "bad",
  "episode_index": 9967,
  "state_ordinal": 4983,
  "start_time_wall": 1756960625.729114,
  "end_time_wall": 1756960625.8964264,
  "wall_time_sec": 0.1673123709988431,
  "steps": 3,
  "packets": 11583,
  "dropped": 7562,
  "running_total_steps": 1023347,
  "running_total_packets": 14530212837,
  "running_total_dropped": 150750380,
  "running_total_time_sec": 2571.300036264998,
  "p_gb": 0.005,
  "p_bg": 0.3,
  "good_loss_rate": 0.0,
  "bad_loss_rate": 0.65
}