{
  "state": "bad",
  "episode_index": 3749,
  "state_ordinal": 1874,
  "start_time_wall": 1756958973.6867077,
  "end_time_wall": 1756958973.7320602,
  "wall_time_sec": 0.04535259799922642,
  "steps": 7,
  "packets": 121493,
  "dropped": 78874,
  "running_total_steps": 373646,
  "running_total_packets": 5305310168,
  "running_total_dropped": 58993665,
  "running_total_time_sec": 919.1356700709985,
  "p_gb": 0.005,
  "p_bg": 0.3,
  "good_loss_rate": 0.0,
  "bad_loss_rate": 0.65
}