{
  "state": "bad",
  "episode_index": 6029,
  "state_ordinal": 3014,
  "start_time_wall": 1756959574.7243993,
  "end_time_wall": 1756959574.8925424,
  "wall_time_sec": 0.16814301099839213,
  "steps": 2,
  "packets": 11577,
  "dropped": 7506,
  "running_total_steps": 605633,
  "running_total_packets": 8599287291,
  "running_total_dropped": 92640798,
  "running_total_time_sec": 1520.2961520849985,
  "p_gb": 0.005,
  "p_bg": 0.3,
  "good_loss_rate": 0.0,
  "bad_loss_rate": 0.65
}