{
  "state": "bad",
  "episode_index": 10805,
  "state_ordinal": 5402,
  "start_time_wall": 1756960826.7087014,
  "end_time_wall": 1756960826.785192,
  "wall_time_sec": 0.07649116300308378,
  "steps": 2,
  "packets": 180801,
  "dropped": 117739,
  "running_total_steps": 1104295,
  "running_total_packets": 15679600787,
  "running_total_dropped": 163540082,
  "running_total_time_sec": 2772.188802181001,
  "p_gb": 0.005,
  "p_bg": 0.3,
  "good_loss_rate": 0.0,
  "bad_loss_rate": 0.65
}