{
  "state": "bad",
  "episode_index": 15209,
  "state_ordinal": 7604,
  "start_time_wall": 1756961956.4537446,
  "end_time_wall": 1756961956.4834208,
  "wall_time_sec": 0.029676397000002908,
  "steps": 5,
  "packets": 75221,
  "dropped": 48953,
  "running_total_steps": 1537175,
  "running_total_packets": 21825796729,
  "running_total_dropped": 233066033,
  "running_total_time_sec": 3901.887030621998,
  "p_gb": 0.005,
  "p_bg": 0.3,
  "good_loss_rate": 0.0,
  "bad_loss_rate": 0.65
}