{
  "state": "bad",
  "episode_index": 437,
  "state_ordinal": 218,
  "start_time_wall": 1756958138.6711335,
  "end_time_wall": 1756958138.6720707,
  "wall_time_sec": 0.0009372330005135154,
  "steps": 1,
  "packets": 1447,
  "dropped": 943,
  "running_total_steps": 38202,
  "running_total_packets": 542559542,
  "running_total_dropped": 7522678,
  "running_total_time_sec": 84.0756803839995,
  "p_gb": 0.005,
  "p_bg": 0.3,
  "good_loss_rate": 0.0,
  "bad_loss_rate": 0.65
}