{
  "state": "bad",
  "episode_index": 4109,
  "state_ordinal": 2054,
  "start_time_wall": 1756959099.9481328,
  "end_time_wall": 1756959100.1068027,
  "wall_time_sec": 0.15867000700018252,
  "steps": 3,
  "packets": 14465,
  "dropped": 9401,
  "running_total_steps": 409934,
  "running_total_packets": 5820558638,
  "running_total_dropped": 64080323,
  "running_total_time_sec": 1045.510412628999,
  "p_gb": 0.005,
  "p_bg": 0.3,
  "good_loss_rate": 0.0,
  "bad_loss_rate": 0.65
}