{
  "state": "bad",
  "episode_index": 14401,
  "state_ordinal": 7200,
  "start_time_wall": 1756961761.619336,
  "end_time_wall": 1756961761.7640026,
  "wall_time_sec": 0.14466672300113714,
  "steps": 1,
  "packets": 31819,
  "dropped": 20558,
  "running_total_steps": 1461020,
  "running_total_packets": 20744515118,
  "running_total_dropped": 220580078,
  "running_total_time_sec": 3707.167612268,
  "p_gb": 0.005,
  "p_bg": 0.3,
  "good_loss_rate": 0.0,
  "bad_loss_rate": 0.65
}