{
  "state": "bad",
  "episode_index": 861,
  "state_ordinal": 430,
  "start_time_wall": 1756958270.2727327,
  "end_time_wall": 1756958270.4075828,
  "wall_time_sec": 0.13485014100115222,
  "steps": 1,
  "packets": 6,
  "dropped": 3,
  "running_total_steps": 85011,
  "running_total_packets": 1207085362,
  "running_total_dropped": 14081823,
  "running_total_time_sec": 215.81119246799972,
  "p_gb": 0.005,
  "p_bg": 0.3,
  "good_loss_rate": 0.0,
  "bad_loss_rate": 0.65
}