{
  "state": "bad",
  "episode_index": 12709,
  "state_ordinal": 6354,
  "start_time_wall": 1756961342.3243384,
  "end_time_wall": 1756961342.3248794,
  "wall_time_sec": 0.000541024000995094,
  "steps": 1,
  "packets": 6,
  "dropped": 2,
  "running_total_steps": 1291807,
  "running_total_packets": 18341881531,
  "running_total_dropped": 194446316,
  "running_total_time_sec": 3287.728489016001,
  "p_gb": 0.005,
  "p_bg": 0.3,
  "good_loss_rate": 0.0,
  "bad_loss_rate": 0.65
}