{
  "state": "bad",
  "episode_index": 10497,
  "state_ordinal": 5248,
  "start_time_wall": 1756960761.8194451,
  "end_time_wall": 1756960761.8325248,
  "wall_time_sec": 0.013079565000225557,
  "steps": 1,
  "packets": 31819,
  "dropped": 20583,
  "running_total_steps": 1072817,
  "running_total_packets": 15232629351,
  "running_total_dropped": 158031696,
  "running_total_time_sec": 2707.2361345690006,
  "p_gb": 0.005,
  "p_bg": 0.3,
  "good_loss_rate": 0.0,
  "bad_loss_rate": 0.65
}