{
  "state": "bad",
  "episode_index": 10399,
  "state_ordinal": 5199,
  "start_time_wall": 1756960743.3716333,
  "end_time_wall": 1756960743.5388067,
  "wall_time_sec": 0.1671732989998418,
  "steps": 3,
  "packets": 14465,
  "dropped": 9388,
  "running_total_steps": 1063916,
  "running_total_packets": 15106232516,
  "running_total_dropped": 156334214,
  "running_total_time_sec": 2688.942416561,
  "p_gb": 0.005,
  "p_bg": 0.3,
  "good_loss_rate": 0.0,
  "bad_loss_rate": 0.65
}