{
  "state": "bad",
  "episode_index": 3799,
  "state_ordinal": 1899,
  "start_time_wall": 1756958986.6452715,
  "end_time_wall": 1756958986.6492329,
  "wall_time_sec": 0.003961319000154617,
  "steps": 2,
  "packets": 11577,
  "dropped": 7493,
  "running_total_steps": 380027,
  "running_total_packets": 5395918065,
  "running_total_dropped": 59493772,
  "running_total_time_sec": 932.0528425749999,
  "p_gb": 0.005,
  "p_bg": 0.3,
  "good_loss_rate": 0.0,
  "bad_loss_rate": 0.65
}