{
  "state": "bad",
  "episode_index": 14315,
  "state_ordinal": 7157,
  "start_time_wall": 1756961740.9130995,
  "end_time_wall": 1756961740.9297087,
  "wall_time_sec": 0.016609158999926876,
  "steps": 4,
  "packets": 43402,
  "dropped": 28248,
  "running_total_steps": 1450709,
  "running_total_packets": 20598126399,
  "running_total_dropped": 219213511,
  "running_total_time_sec": 3686.3333184149997,
  "p_gb": 0.005,
  "p_bg": 0.3,
  "good_loss_rate": 0.0,
  "bad_loss_rate": 0.65
}