{
  "state": "bad",
  "episode_index": 1787,
  "state_ordinal": 893,
  "start_time_wall": 1756958505.008584,
  "end_time_wall": 1756958505.0133367,
  "wall_time_sec": 0.004752545999508584,
  "steps": 4,
  "packets": 13030,
  "dropped": 8490,
  "running_total_steps": 181578,
  "running_total_packets": 2578252898,
  "running_total_dropped": 28925171,
  "running_total_time_sec": 450.4169464579991,
  "p_gb": 0.005,
  "p_bg": 0.3,
  "good_loss_rate": 0.0,
  "bad_loss_rate": 0.65
}