{
  "state": "bad",
  "episode_index": 11909,
  "state_ordinal": 5954,
  "start_time_wall": 1756961145.9892173,
  "end_time_wall": 1756961145.98981,
  "wall_time_sec": 0.0005926649973844178,
  "steps": 1,
  "packets": 6,
  "dropped": 5,
  "running_total_steps": 1213591,
  "running_total_packets": 17231343303,
  "running_total_dropped": 182200680,
  "running_total_time_sec": 3091.3934195599977,
  "p_gb": 0.005,
  "p_bg": 0.3,
  "good_loss_rate": 0.0,
  "bad_loss_rate": 0.65
}