{
  "state": "bad",
  "episode_index": 11047,
  "state_ordinal": 5523,
  "start_time_wall": 1756960909.6362596,
  "end_time_wall": 1756960909.637495,
  "wall_time_sec": 0.0012356510014797095,
  "steps": 1,
  "packets": 1447,
  "dropped": 952,
  "running_total_steps": 1127266,
  "running_total_packets": 16005690820,
  "running_total_dropped": 168029820,
  "running_total_time_sec": 2855.0411047929992,
  "p_gb": 0.005,
  "p_bg": 0.3,
  "good_loss_rate": 0.0,
  "bad_loss_rate": 0.65
}