{
  "state": "bad",
  "episode_index": 14821,
  "state_ordinal": 7410,
  "start_time_wall": 1756961840.2710257,
  "end_time_wall": 1756961840.2758918,
  "wall_time_sec": 0.004866152001341106,
  "steps": 3,
  "packets": 13024,
  "dropped": 8358,
  "running_total_steps": 1498785,
  "running_total_packets": 21280700029,
  "running_total_dropped": 227433587,
  "running_total_time_sec": 3785.6795013970004,
  "p_gb": 0.005,
  "p_bg": 0.3,
  "good_loss_rate": 0.0,
  "bad_loss_rate": 0.65
}