{
  "state": "bad",
  "episode_index": 14267,
  "state_ordinal": 7133,
  "start_time_wall": 1756961697.6751652,
  "end_time_wall": 1756961697.6790857,
  "wall_time_sec": 0.003920940001989948,
  "steps": 3,
  "packets": 13024,
  "dropped": 8448,
  "running_total_steps": 1446882,
  "running_total_packets": 20543781918,
  "running_total_dropped": 218585784,
  "running_total_time_sec": 3643.082695663001,
  "p_gb": 0.005,
  "p_bg": 0.3,
  "good_loss_rate": 0.0,
  "bad_loss_rate": 0.65
}