{
  "state": "bad",
  "episode_index": 15859,
  "state_ordinal": 7929,
  "start_time_wall": 1756962098.2332864,
  "end_time_wall": 1756962098.2337587,
  "wall_time_sec": 0.00047249199997168034,
  "steps": 1,
  "packets": 6,
  "dropped": 1,
  "running_total_steps": 1604736,
  "running_total_packets": 22785065779,
  "running_total_dropped": 244372692,
  "running_total_time_sec": 4043.6373685649996,
  "p_gb": 0.005,
  "p_bg": 0.3,
  "good_loss_rate": 0.0,
  "bad_loss_rate": 0.65
}