{
  "state": "bad",
  "episode_index": 10393,
  "state_ordinal": 5196,
  "start_time_wall": 1756960741.9859316,
  "end_time_wall": 1756960741.9905894,
  "wall_time_sec": 0.0046581149981648196,
  "steps": 3,
  "packets": 14465,
  "dropped": 9380,
  "running_total_steps": 1063303,
  "running_total_packets": 15097537689,
  "running_total_dropped": 156239241,
  "running_total_time_sec": 2687.394199162998,
  "p_gb": 0.005,
  "p_bg": 0.3,
  "good_loss_rate": 0.0,
  "bad_loss_rate": 0.65
}