{
  "state": "bad",
  "episode_index": 14869,
  "state_ordinal": 7434,
  "start_time_wall": 1756961851.7797225,
  "end_time_wall": 1756961851.9383447,
  "wall_time_sec": 0.15862253899831558,
  "steps": 1,
  "packets": 6,
  "dropped": 4,
  "running_total_steps": 1504228,
  "running_total_packets": 21357985780,
  "running_total_dropped": 228039921,
  "running_total_time_sec": 3797.3419546219993,
  "p_gb": 0.005,
  "p_bg": 0.3,
  "good_loss_rate": 0.0,
  "bad_loss_rate": 0.65
}