{
  "state": "bad",
  "episode_index": 10237,
  "state_ordinal": 5118,
  "start_time_wall": 1756960714.0097113,
  "end_time_wall": 1756960714.1590455,
  "wall_time_sec": 0.1493340619999799,
  "steps": 2,
  "packets": 31825,
  "dropped": 20734,
  "running_total_steps": 1049766,
  "running_total_packets": 14905279437,
  "running_total_dropped": 154287340,
  "running_total_time_sec": 2659.5626550669986,
  "p_gb": 0.005,
  "p_bg": 0.3,
  "good_loss_rate": 0.0,
  "bad_loss_rate": 0.65
}