{
  "state": "bad",
  "episode_index": 14445,
  "state_ordinal": 7222,
  "start_time_wall": 1756961769.8358803,
  "end_time_wall": 1756961769.9699845,
  "wall_time_sec": 0.13410445199770038,
  "steps": 1,
  "packets": 6,
  "dropped": 3,
  "running_total_steps": 1464988,
  "running_total_packets": 20800864440,
  "running_total_dropped": 221037813,
  "running_total_time_sec": 3715.3735943969987,
  "p_gb": 0.005,
  "p_bg": 0.3,
  "good_loss_rate": 0.0,
  "bad_loss_rate": 0.65
}