{
  "state": "bad",
  "episode_index": 12743,
  "state_ordinal": 6371,
  "start_time_wall": 1756961347.8800535,
  "end_time_wall": 1756961348.0863028,
  "wall_time_sec": 0.20624942500217003,
  "steps": 7,
  "packets": 109928,
  "dropped": 71526,
  "running_total_steps": 1294275,
  "running_total_packets": 18377038366,
  "running_total_dropped": 194986808,
  "running_total_time_sec": 3293.4899124740004,
  "p_gb": 0.005,
  "p_bg": 0.3,
  "good_loss_rate": 0.0,
  "bad_loss_rate": 0.65
}