{
  "state": "bad",
  "episode_index": 10743,
  "state_ordinal": 5371,
  "start_time_wall": 1756960812.5309918,
  "end_time_wall": 1756960812.560372,
  "wall_time_sec": 0.029380495001532836,
  "steps": 3,
  "packets": 75209,
  "dropped": 48763,
  "running_total_steps": 1097392,
  "running_total_packets": 15581504436,
  "running_total_dropped": 162099254,
  "running_total_time_sec": 2757.963981934001,
  "p_gb": 0.005,
  "p_bg": 0.3,
  "good_loss_rate": 0.0,
  "bad_loss_rate": 0.65
}