{
  "state": "bad",
  "episode_index": 5331,
  "state_ordinal": 2665,
  "start_time_wall": 1756959385.8239377,
  "end_time_wall": 1756959386.1022909,
  "wall_time_sec": 0.27835405000041646,
  "steps": 4,
  "packets": 180813,
  "dropped": 117557,
  "running_total_steps": 530641,
  "running_total_packets": 7534521669,
  "running_total_dropped": 82426871,
  "running_total_time_sec": 1331.505901343,
  "p_gb": 0.005,
  "p_bg": 0.3,
  "good_loss_rate": 0.0,
  "bad_loss_rate": 0.65
}