{
  "state": "bad",
  "episode_index": 9727,
  "state_ordinal": 4863,
  "start_time_wall": 1756960573.6767318,
  "end_time_wall": 1756960573.8428078,
  "wall_time_sec": 0.16607611599829397,
  "steps": 1,
  "packets": 1447,
  "dropped": 934,
  "running_total_steps": 998005,
  "running_total_packets": 14170379179,
  "running_total_dropped": 147156165,
  "running_total_time_sec": 2519.2464175739988,
  "p_gb": 0.005,
  "p_bg": 0.3,
  "good_loss_rate": 0.0,
  "bad_loss_rate": 0.65
}