{
  "state": "bad",
  "episode_index": 13493,
  "state_ordinal": 6746,
  "start_time_wall": 1756961533.4884584,
  "end_time_wall": 1756961533.492683,
  "wall_time_sec": 0.00422445699950913,
  "steps": 2,
  "packets": 13018,
  "dropped": 8426,
  "running_total_steps": 1366974,
  "running_total_packets": 19409138002,
  "running_total_dropped": 206183855,
  "running_total_time_sec": 3478.8962926530003,
  "p_gb": 0.005,
  "p_bg": 0.3,
  "good_loss_rate": 0.0,
  "bad_loss_rate": 0.65
}