{
  "state": "bad",
  "episode_index": 9221,
  "state_ordinal": 4610,
  "start_time_wall": 1756960427.124117,
  "end_time_wall": 1756960427.1371627,
  "wall_time_sec": 0.01304583800083492,
  "steps": 1,
  "packets": 31819,
  "dropped": 20644,
  "running_total_steps": 944294,
  "running_total_packets": 13407702036,
  "running_total_dropped": 140219753,
  "running_total_time_sec": 2372.540772463999,
  "p_gb": 0.005,
  "p_bg": 0.3,
  "good_loss_rate": 0.0,
  "bad_loss_rate": 0.65
}