{
  "state": "bad",
  "episode_index": 13341,
  "state_ordinal": 6670,
  "start_time_wall": 1756961468.8671904,
  "end_time_wall": 1756961468.8960207,
  "wall_time_sec": 0.02883094400021946,
  "steps": 2,
  "packets": 63638,
  "dropped": 41448,
  "running_total_steps": 1352756,
  "running_total_packets": 19207406702,
  "running_total_dropped": 204035900,
  "running_total_time_sec": 3414.299630882,
  "p_gb": 0.005,
  "p_bg": 0.3,
  "good_loss_rate": 0.0,
  "bad_loss_rate": 0.65
}