{
  "state": "bad",
  "episode_index": 10647,
  "state_ordinal": 5323,
  "start_time_wall": 1756960790.283263,
  "end_time_wall": 1756960790.296325,
  "wall_time_sec": 0.013062062000244623,
  "steps": 1,
  "packets": 31819,
  "dropped": 20759,
  "running_total_steps": 1086703,
  "running_total_packets": 15429760815,
  "running_total_dropped": 160357828,
  "running_total_time_sec": 2735.699934778,
  "p_gb": 0.005,
  "p_bg": 0.3,
  "good_loss_rate": 0.0,
  "bad_loss_rate": 0.65
}