{
  "state": "bad",
  "episode_index": 9195,
  "state_ordinal": 4597,
  "start_time_wall": 1756960421.988716,
  "end_time_wall": 1756960422.1518404,
  "wall_time_sec": 0.16312481599743478,
  "steps": 1,
  "packets": 6,
  "dropped": 4,
  "running_total_steps": 941712,
  "running_total_packets": 13371146443,
  "running_total_dropped": 139681260,
  "running_total_time_sec": 2367.5554502509985,
  "p_gb": 0.005,
  "p_bg": 0.3,
  "good_loss_rate": 0.0,
  "bad_loss_rate": 0.65
}