{
  "state": "bad",
  "episode_index": 13989,
  "state_ordinal": 6994,
  "start_time_wall": 1756961638.503554,
  "end_time_wall": 1756961638.5166998,
  "wall_time_sec": 0.013145942000846844,
  "steps": 2,
  "packets": 31825,
  "dropped": 20740,
  "running_total_steps": 1418301,
  "running_total_packets": 20138026660,
  "running_total_dropped": 213594530,
  "running_total_time_sec": 3583.9203096249985,
  "p_gb": 0.005,
  "p_bg": 0.3,
  "good_loss_rate": 0.0,
  "bad_loss_rate": 0.65
}