{
  "state": "bad",
  "episode_index": 15853,
  "state_ordinal": 7926,
  "start_time_wall": 1756962097.2671173,
  "end_time_wall": 1756962097.4456348,
  "wall_time_sec": 0.17851764399893,
  "steps": 3,
  "packets": 63644,
  "dropped": 41427,
  "running_total_steps": 1604445,
  "running_total_packets": 22780996812,
  "running_total_dropped": 244363248,
  "running_total_time_sec": 4042.849244658999,
  "p_gb": 0.005,
  "p_bg": 0.3,
  "good_loss_rate": 0.0,
  "bad_loss_rate": 0.65
}