{
  "state": "bad",
  "episode_index": 5293,
  "state_ordinal": 2646,
  "start_time_wall": 1756959380.8229465,
  "end_time_wall": 1756959380.9780157,
  "wall_time_sec": 0.15506933699907677,
  "steps": 1,
  "packets": 1447,
  "dropped": 956,
  "running_total_steps": 528112,
  "running_total_packets": 7498528758,
  "running_total_dropped": 81876529,
  "running_total_time_sec": 1326.3816255089987,
  "p_gb": 0.005,
  "p_bg": 0.3,
  "good_loss_rate": 0.0,
  "bad_loss_rate": 0.65
}