{
  "state": "bad",
  "episode_index": 2527,
  "state_ordinal": 1263,
  "start_time_wall": 1756958703.7228918,
  "end_time_wall": 1756958703.8943603,
  "wall_time_sec": 0.17146889299874601,
  "steps": 5,
  "packets": 44849,
  "dropped": 29098,
  "running_total_steps": 260460,
  "running_total_packets": 3698203412,
  "running_total_dropped": 39425165,
  "running_total_time_sec": 649.2979701989989,
  "p_gb": 0.005,
  "p_bg": 0.3,
  "good_loss_rate": 0.0,
  "bad_loss_rate": 0.65
}