{
  "state": "bad",
  "episode_index": 6135,
  "state_ordinal": 3067,
  "start_time_wall": 1756959597.6583185,
  "end_time_wall": 1756959597.8218727,
  "wall_time_sec": 0.16355421700063744,
  "steps": 1,
  "packets": 1447,
  "dropped": 926,
  "running_total_steps": 616908,
  "running_total_packets": 8759351100,
  "running_total_dropped": 94034480,
  "running_total_time_sec": 1543.2254824020001,
  "p_gb": 0.005,
  "p_bg": 0.3,
  "good_loss_rate": 0.0,
  "bad_loss_rate": 0.65
}