{
  "state": "bad",
  "episode_index": 3991,
  "state_ordinal": 1995,
  "start_time_wall": 1756959025.6025264,
  "end_time_wall": 1756959025.6155057,
  "wall_time_sec": 0.01297965999947337,
  "steps": 1,
  "packets": 31819,
  "dropped": 20611,
  "running_total_steps": 398881,
  "running_total_packets": 5663656841,
  "running_total_dropped": 62195793,
  "running_total_time_sec": 971.0191159389997,
  "p_gb": 0.005,
  "p_bg": 0.3,
  "good_loss_rate": 0.0,
  "bad_loss_rate": 0.65
}