{
  "state": "bad",
  "episode_index": 4413,
  "state_ordinal": 2206,
  "start_time_wall": 1756959156.3399143,
  "end_time_wall": 1756959156.3442228,
  "wall_time_sec": 0.004308657000365201,
  "steps": 3,
  "packets": 13024,
  "dropped": 8554,
  "running_total_steps": 437112,
  "running_total_packets": 6206431940,
  "running_total_dropped": 68405844,
  "running_total_time_sec": 1101.7478324599997,
  "p_gb": 0.005,
  "p_bg": 0.3,
  "good_loss_rate": 0.0,
  "bad_loss_rate": 0.65
}