{
  "state": "bad",
  "episode_index": 3251,
  "state_ordinal": 1625,
  "start_time_wall": 1756958883.9598053,
  "end_time_wall": 1756958883.9618428,
  "wall_time_sec": 0.0020375610001792666,
  "steps": 2,
  "packets": 2894,
  "dropped": 1866,
  "running_total_steps": 330601,
  "running_total_packets": 4694100387,
  "running_total_dropped": 50255407,
  "running_total_time_sec": 829.3654525269994,
  "p_gb": 0.005,
  "p_bg": 0.3,
  "good_loss_rate": 0.0,
  "bad_loss_rate": 0.65
}