{
  "state": "bad",
  "episode_index": 8883,
  "state_ordinal": 4441,
  "start_time_wall": 1756960357.6192024,
  "end_time_wall": 1756960357.6276505,
  "wall_time_sec": 0.008448247997876024,
  "steps": 4,
  "packets": 26036,
  "dropped": 16911,
  "running_total_steps": 910031,
  "running_total_packets": 12921225639,
  "running_total_dropped": 136006620,
  "running_total_time_sec": 2303.031260202999,
  "p_gb": 0.005,
  "p_bg": 0.3,
  "good_loss_rate": 0.0,
  "bad_loss_rate": 0.65
}