{
  "state": "bad",
  "episode_index": 12819,
  "state_ordinal": 6409,
  "start_time_wall": 1756961363.99836,
  "end_time_wall": 1756961364.0448098,
  "wall_time_sec": 0.04645061100018211,
  "steps": 9,
  "packets": 121505,
  "dropped": 78804,
  "running_total_steps": 1302108,
  "running_total_packets": 18488232648,
  "running_total_dropped": 196345117,
  "running_total_time_sec": 3309.4484199629987,
  "p_gb": 0.005,
  "p_bg": 0.3,
  "good_loss_rate": 0.0,
  "bad_loss_rate": 0.65
}