{
  "state": "bad",
  "episode_index": 8897,
  "state_ordinal": 4448,
  "start_time_wall": 1756960361.437244,
  "end_time_wall": 1756960361.5970457,
  "wall_time_sec": 0.15980207000029623,
  "steps": 1,
  "packets": 11571,
  "dropped": 7556,
  "running_total_steps": 912056,
  "running_total_packets": 12949993354,
  "running_total_dropped": 136212244,
  "running_total_time_sec": 2307.0006555340005,
  "p_gb": 0.005,
  "p_bg": 0.3,
  "good_loss_rate": 0.0,
  "bad_loss_rate": 0.65
}