{
  "state": "bad",
  "episode_index": 14211,
  "state_ordinal": 7105,
  "start_time_wall": 1756961684.4916153,
  "end_time_wall": 1756961684.6497562,
  "wall_time_sec": 0.1581409350001195,
  "steps": 1,
  "packets": 1447,
  "dropped": 931,
  "running_total_steps": 1440277,
  "running_total_packets": 20449968619,
  "running_total_dropped": 217692833,
  "running_total_time_sec": 3630.053365898999,
  "p_gb": 0.005,
  "p_bg": 0.3,
  "good_loss_rate": 0.0,
  "bad_loss_rate": 0.65
}