{
  "state": "bad",
  "episode_index": 3215,
  "state_ordinal": 1607,
  "start_time_wall": 1756958876.4919648,
  "end_time_wall": 1756958876.4963465,
  "wall_time_sec": 0.004381419999845093,
  "steps": 2,
  "packets": 13018,
  "dropped": 8432,
  "running_total_steps": 326966,
  "running_total_packets": 4642498442,
  "running_total_dropped": 49752116,
  "running_total_time_sec": 821.8999560819993,
  "p_gb": 0.005,
  "p_bg": 0.3,
  "good_loss_rate": 0.0,
  "bad_loss_rate": 0.65
}