{
  "state": "bad",
  "episode_index": 1537,
  "state_ordinal": 768,
  "start_time_wall": 1756958413.9872358,
  "end_time_wall": 1756958413.9877074,
  "wall_time_sec": 0.00047169199933705386,
  "steps": 1,
  "packets": 6,
  "dropped": 5,
  "running_total_steps": 154897,
  "running_total_packets": 2199397949,
  "running_total_dropped": 24002597,
  "running_total_time_sec": 359.39131718599856,
  "p_gb": 0.005,
  "p_bg": 0.3,
  "good_loss_rate": 0.0,
  "bad_loss_rate": 0.65
}