{
  "state": "bad",
  "episode_index": 7801,
  "state_ordinal": 3900,
  "start_time_wall": 1756960034.0575655,
  "end_time_wall": 1756960034.099756,
  "wall_time_sec": 0.04219043200100714,
  "steps": 6,
  "packets": 107040,
  "dropped": 69547,
  "running_total_steps": 795448,
  "running_total_packets": 11294345408,
  "running_total_dropped": 120138203,
  "running_total_time_sec": 1979.5033657650001,
  "p_gb": 0.005,
  "p_bg": 0.3,
  "good_loss_rate": 0.0,
  "bad_loss_rate": 0.65
}