{
  "state": "bad",
  "episode_index": 225,
  "state_ordinal": 112,
  "start_time_wall": 1756958103.395632,
  "end_time_wall": 1756958103.5649424,
  "wall_time_sec": 0.16931014399960986,
  "steps": 3,
  "packets": 31831,
  "dropped": 20672,
  "running_total_steps": 21634,
  "running_total_packets": 307250978,
  "running_total_dropped": 4138276,
  "running_total_time_sec": 48.96855202599909,
  "p_gb": 0.005,
  "p_bg": 0.3,
  "good_loss_rate": 0.0,
  "bad_loss_rate": 0.65
}