{
  "state": "bad",
  "episode_index": 14655,
  "state_ordinal": 7327,
  "start_time_wall": 1756961806.1596947,
  "end_time_wall": 1756961806.1640065,
  "wall_time_sec": 0.004311959000915522,
  "steps": 2,
  "packets": 13018,
  "dropped": 8479,
  "running_total_steps": 1482102,
  "running_total_packets": 21043824918,
  "running_total_dropped": 224719708,
  "running_total_time_sec": 3751.567616231001,
  "p_gb": 0.005,
  "p_bg": 0.3,
  "good_loss_rate": 0.0,
  "bad_loss_rate": 0.65
}