{
  "state": "bad",
  "episode_index": 10373,
  "state_ordinal": 5186,
  "start_time_wall": 1756960738.7331562,
  "end_time_wall": 1756960738.7413297,
  "wall_time_sec": 0.008173561996954959,
  "steps": 4,
  "packets": 26036,
  "dropped": 16845,
  "running_total_steps": 1061750,
  "running_total_packets": 15075446954,
  "running_total_dropped": 155994854,
  "running_total_time_sec": 2684.1449393759976,
  "p_gb": 0.005,
  "p_bg": 0.3,
  "good_loss_rate": 0.0,
  "bad_loss_rate": 0.65
}