{
  "state": "bad",
  "episode_index": 11285,
  "state_ordinal": 5642,
  "start_time_wall": 1756960955.0879598,
  "end_time_wall": 1756960955.2407677,
  "wall_time_sec": 0.152808130998892,
  "steps": 1,
  "packets": 1447,
  "dropped": 921,
  "running_total_steps": 1148863,
  "running_total_packets": 16312274989,
  "running_total_dropped": 172579008,
  "running_total_time_sec": 2900.6443776119995,
  "p_gb": 0.005,
  "p_bg": 0.3,
  "good_loss_rate": 0.0,
  "bad_loss_rate": 0.65
}