{
  "state": "bad",
  "episode_index": 13785,
  "state_ordinal": 6892,
  "start_time_wall": 1756961594.8762608,
  "end_time_wall": 1756961594.8767211,
  "wall_time_sec": 0.0004604419991665054,
  "steps": 1,
  "packets": 6,
  "dropped": 2,
  "running_total_steps": 1396885,
  "running_total_packets": 19833872597,
  "running_total_dropped": 210467814,
  "running_total_time_sec": 3540.2803309019982,
  "p_gb": 0.005,
  "p_bg": 0.3,
  "good_loss_rate": 0.0,
  "bad_loss_rate": 0.65
}