{
  "state": "bad",
  "episode_index": 5669,
  "state_ordinal": 2834,
  "start_time_wall": 1756959497.6340284,
  "end_time_wall": 1756959497.8245342,
  "wall_time_sec": 0.19050575400069647,
  "steps": 6,
  "packets": 76668,
  "dropped": 50056,
  "running_total_steps": 567918,
  "running_total_packets": 8063724382,
  "running_total_dropped": 87330358,
  "running_total_time_sec": 1443.2281440360002,
  "p_gb": 0.005,
  "p_bg": 0.3,
  "good_loss_rate": 0.0,
  "bad_loss_rate": 0.65
}