{
  "state": "bad",
  "episode_index": 7029,
  "state_ordinal": 3514,
  "start_time_wall": 1756959831.946136,
  "end_time_wall": 1756959832.1140327,
  "wall_time_sec": 0.16789653100022406,
  "steps": 2,
  "packets": 13018,
  "dropped": 8381,
  "running_total_steps": 714183,
  "running_total_packets": 10140525423,
  "running_total_dropped": 107217417,
  "running_total_time_sec": 1777.5176422749992,
  "p_gb": 0.005,
  "p_bg": 0.3,
  "good_loss_rate": 0.0,
  "bad_loss_rate": 0.65
}