{
  "state": "bad",
  "episode_index": 9619,
  "state_ordinal": 4809,
  "start_time_wall": 1756960550.5381668,
  "end_time_wall": 1756960550.6988628,
  "wall_time_sec": 0.16069618500114302,
  "steps": 2,
  "packets": 11577,
  "dropped": 7499,
  "running_total_steps": 986828,
  "running_total_packets": 14011650478,
  "running_total_dropped": 145301836,
  "running_total_time_sec": 2496.102472696999,
  "p_gb": 0.005,
  "p_bg": 0.3,
  "good_loss_rate": 0.0,
  "bad_loss_rate": 0.65
}