{
  "state": "bad",
  "episode_index": 6933,
  "state_ordinal": 3466,
  "start_time_wall": 1756959810.5885215,
  "end_time_wall": 1756959810.7674842,
  "wall_time_sec": 0.1789626829995541,
  "steps": 1,
  "packets": 31819,
  "dropped": 20567,
  "running_total_steps": 703799,
  "running_total_packets": 9993080749,
  "running_total_dropped": 105794338,
  "running_total_time_sec": 1756.1710938549986,
  "p_gb": 0.005,
  "p_bg": 0.3,
  "good_loss_rate": 0.0,
  "bad_loss_rate": 0.65
}