{
  "state": "bad",
  "episode_index": 4993,
  "state_ordinal": 2496,
  "start_time_wall": 1756959314.4830284,
  "end_time_wall": 1756959314.6527383,
  "wall_time_sec": 0.16970990899972094,
  "steps": 2,
  "packets": 13018,
  "dropped": 8508,
  "running_total_steps": 495881,
  "running_total_packets": 7040941569,
  "running_total_dropped": 77380507,
  "running_total_time_sec": 1260.0563481609988,
  "p_gb": 0.005,
  "p_bg": 0.3,
  "good_loss_rate": 0.0,
  "bad_loss_rate": 0.65
}