{
  "state": "bad",
  "episode_index": 6719,
  "state_ordinal": 3359,
  "start_time_wall": 1756959758.7503939,
  "end_time_wall": 1756959758.9489617,
  "wall_time_sec": 0.19856806300049357,
  "steps": 15,
  "packets": 147553,
  "dropped": 95905,
  "running_total_steps": 678599,
  "running_total_packets": 9635273627,
  "running_total_dropped": 102537567,
  "running_total_time_sec": 1704.35257164,
  "p_gb": 0.005,
  "p_bg": 0.3,
  "good_loss_rate": 0.0,
  "bad_loss_rate": 0.65
}