{
  "state": "bad",
  "episode_index": 9993,
  "state_ordinal": 4996,
  "start_time_wall": 1756960630.9733872,
  "end_time_wall": 1756960630.9776666,
  "wall_time_sec": 0.00427934599792934,
  "steps": 1,
  "packets": 1447,
  "dropped": 905,
  "running_total_steps": 1025961,
  "running_total_packets": 14567315205,
  "running_total_dropped": 150996836,
  "running_total_time_sec": 2576.381276224998,
  "p_gb": 0.005,
  "p_bg": 0.3,
  "good_loss_rate": 0.0,
  "bad_loss_rate": 0.65
}