{
  "state": "bad",
  "episode_index": 15977,
  "state_ordinal": 7988,
  "start_time_wall": 1756962178.6832697,
  "end_time_wall": 1756962178.8855805,
  "wall_time_sec": 0.20231103699916275,
  "steps": 9,
  "packets": 121505,
  "dropped": 78783,
  "running_total_steps": 1617139,
  "running_total_packets": 22961172569,
  "running_total_dropped": 246389764,
  "running_total_time_sec": 4124.289190367999,
  "p_gb": 0.005,
  "p_bg": 0.3,
  "good_loss_rate": 0.0,
  "bad_loss_rate": 0.65
}