{
  "state": "bad",
  "episode_index": 7821,
  "state_ordinal": 3910,
  "start_time_wall": 1756960038.2423449,
  "end_time_wall": 1756960038.245897,
  "wall_time_sec": 0.0035520839992386755,
  "steps": 1,
  "packets": 11571,
  "dropped": 7613,
  "running_total_steps": 797558,
  "running_total_packets": 11324232704,
  "running_total_dropped": 120373855,
  "running_total_time_sec": 1983.649506837999,
  "p_gb": 0.005,
  "p_bg": 0.3,
  "good_loss_rate": 0.0,
  "bad_loss_rate": 0.65
}