{
  "state": "bad",
  "episode_index": 3597,
  "state_ordinal": 1798,
  "start_time_wall": 1756958947.6628692,
  "end_time_wall": 1756958947.6642115,
  "wall_time_sec": 0.0013422930005617673,
  "steps": 1,
  "packets": 1447,
  "dropped": 957,
  "running_total_steps": 361135,
  "running_total_packets": 5127652761,
  "running_total_dropped": 56354477,
  "running_total_time_sec": 893.0678212259991,
  "p_gb": 0.005,
  "p_bg": 0.3,
  "good_loss_rate": 0.0,
  "bad_loss_rate": 0.65
}