{
  "state": "bad",
  "episode_index": 2629,
  "state_ordinal": 1314,
  "start_time_wall": 1756958726.6613102,
  "end_time_wall": 1756958726.6655302,
  "wall_time_sec": 0.0042199469990009675,
  "steps": 2,
  "packets": 11577,
  "dropped": 7464,
  "running_total_steps": 271286,
  "running_total_packets": 3851948968,
  "running_total_dropped": 41016204,
  "running_total_time_sec": 672.0691398909985,
  "p_gb": 0.005,
  "p_bg": 0.3,
  "good_loss_rate": 0.0,
  "bad_loss_rate": 0.65
}