{
  "state": "bad",
  "episode_index": 623,
  "state_ordinal": 311,
  "start_time_wall": 1756958178.5007548,
  "end_time_wall": 1756958178.700864,
  "wall_time_sec": 0.20010908999938692,
  "steps": 7,
  "packets": 109928,
  "dropped": 71161,
  "running_total_steps": 57393,
  "running_total_packets": 815005188,
  "running_total_dropped": 10544353,
  "running_total_time_sec": 124.10447378199933,
  "p_gb": 0.005,
  "p_bg": 0.3,
  "good_loss_rate": 0.0,
  "bad_loss_rate": 0.65
}