{
  "state": "bad",
  "episode_index": 6005,
  "state_ordinal": 3002,
  "start_time_wall": 1756959570.7407217,
  "end_time_wall": 1756959570.897386,
  "wall_time_sec": 0.1566644440008531,
  "steps": 1,
  "packets": 1447,
  "dropped": 943,
  "running_total_steps": 603723,
  "running_total_packets": 8572086123,
  "running_total_dropped": 92405678,
  "running_total_time_sec": 1516.3009957220002,
  "p_gb": 0.005,
  "p_bg": 0.3,
  "good_loss_rate": 0.0,
  "bad_loss_rate": 0.65
}