{
  "state": "bad",
  "episode_index": 9127,
  "state_ordinal": 4563,
  "start_time_wall": 1756960410.3429604,
  "end_time_wall": 1756960410.3463488,
  "wall_time_sec": 0.003388599001482362,
  "steps": 2,
  "packets": 11577,
  "dropped": 7533,
  "running_total_steps": 936113,
  "running_total_packets": 13291612859,
  "running_total_dropped": 138857509,
  "running_total_time_sec": 2355.7499586550002,
  "p_gb": 0.005,
  "p_bg": 0.3,
  "good_loss_rate": 0.0,
  "bad_loss_rate": 0.65
}