{
  "state": "bad",
  "episode_index": 9283,
  "state_ordinal": 4641,
  "start_time_wall": 1756960438.1864178,
  "end_time_wall": 1756960438.2153075,
  "wall_time_sec": 0.02888957799950731,
  "steps": 4,
  "packets": 76656,
  "dropped": 49720,
  "running_total_steps": 949558,
  "running_total_packets": 13482538886,
  "running_total_dropped": 141059694,
  "running_total_time_sec": 2383.618917246,
  "p_gb": 0.005,
  "p_bg": 0.3,
  "good_loss_rate": 0.0,
  "bad_loss_rate": 0.65
}