{
  "state": "bad",
  "episode_index": 5977,
  "state_ordinal": 2988,
  "start_time_wall": 1756959564.2459354,
  "end_time_wall": 1756959564.39323,
  "wall_time_sec": 0.1472948049995466,
  "steps": 4,
  "packets": 26036,
  "dropped": 16856,
  "running_total_steps": 600647,
  "running_total_packets": 8528439851,
  "running_total_dropped": 92066193,
  "running_total_time_sec": 1509.7968398619996,
  "p_gb": 0.005,
  "p_bg": 0.3,
  "good_loss_rate": 0.0,
  "bad_loss_rate": 0.65
}