{
  "state": "bad",
  "episode_index": 4353,
  "state_ordinal": 2176,
  "start_time_wall": 1756959147.0719247,
  "end_time_wall": 1756959147.0760932,
  "wall_time_sec": 0.0041685050000523916,
  "steps": 2,
  "packets": 13018,
  "dropped": 8456,
  "running_total_steps": 432674,
  "running_total_packets": 6143415774,
  "running_total_dropped": 67571025,
  "running_total_time_sec": 1092.4797028989997,
  "p_gb": 0.005,
  "p_bg": 0.3,
  "good_loss_rate": 0.0,
  "bad_loss_rate": 0.65
}