{
  "state": "bad",
  "episode_index": 9387,
  "state_ordinal": 4693,
  "start_time_wall": 1756960458.8806455,
  "end_time_wall": 1756960459.049174,
  "wall_time_sec": 0.16852847900008783,
  "steps": 2,
  "packets": 13018,
  "dropped": 8410,
  "running_total_steps": 959405,
  "running_total_packets": 13622317181,
  "running_total_dropped": 142359574,
  "running_total_time_sec": 2404.4527838409995,
  "p_gb": 0.005,
  "p_bg": 0.3,
  "good_loss_rate": 0.0,
  "bad_loss_rate": 0.65
}