{
  "state": "bad",
  "episode_index": 3897,
  "state_ordinal": 1948,
  "start_time_wall": 1756959004.8669224,
  "end_time_wall": 1756959004.8678677,
  "wall_time_sec": 0.0009451820005779155,
  "steps": 1,
  "packets": 1447,
  "dropped": 948,
  "running_total_steps": 388600,
  "running_total_packets": 5517667350,
  "running_total_dropped": 60905585,
  "running_total_time_sec": 950.2714774659999,
  "p_gb": 0.005,
  "p_bg": 0.3,
  "good_loss_rate": 0.0,
  "bad_loss_rate": 0.65
}