{
  "state": "bad",
  "episode_index": 7713,
  "state_ordinal": 3856,
  "start_time_wall": 1756960018.1553674,
  "end_time_wall": 1756960018.3324387,
  "wall_time_sec": 0.17707154500021716,
  "steps": 2,
  "packets": 63638,
  "dropped": 41484,
  "running_total_steps": 787880,
  "running_total_packets": 11186868590,
  "running_total_dropped": 118554092,
  "running_total_time_sec": 1963.7360485279987,
  "p_gb": 0.005,
  "p_bg": 0.3,
  "good_loss_rate": 0.0,
  "bad_loss_rate": 0.65
}