{
  "state": "bad",
  "episode_index": 5601,
  "state_ordinal": 2800,
  "start_time_wall": 1756959445.4715152,
  "end_time_wall": 1756959445.6306138,
  "wall_time_sec": 0.15909880500112195,
  "steps": 1,
  "packets": 1447,
  "dropped": 923,
  "running_total_steps": 559869,
  "running_total_packets": 7949446197,
  "running_total_dropped": 86227637,
  "running_total_time_sec": 1391.034223576,
  "p_gb": 0.005,
  "p_bg": 0.3,
  "good_loss_rate": 0.0,
  "bad_loss_rate": 0.65
}