{
  "state": "bad",
  "episode_index": 7491,
  "state_ordinal": 3745,
  "start_time_wall": 1756959966.4712543,
  "end_time_wall": 1756959966.4773176,
  "wall_time_sec": 0.006063250000806875,
  "steps": 5,
  "packets": 14477,
  "dropped": 9453,
  "running_total_steps": 762787,
  "running_total_packets": 10830507957,
  "running_total_dropped": 114435185,
  "running_total_time_sec": 1911.8809272580002,
  "p_gb": 0.005,
  "p_bg": 0.3,
  "good_loss_rate": 0.0,
  "bad_loss_rate": 0.65
}