{
  "state": "bad",
  "episode_index": 1705,
  "state_ordinal": 852,
  "start_time_wall": 1756958486.3728414,
  "end_time_wall": 1756958486.385223,
  "wall_time_sec": 0.012381681999613647,
  "steps": 3,
  "packets": 11583,
  "dropped": 7588,
  "running_total_steps": 172871,
  "running_total_packets": 2454682485,
  "running_total_dropped": 26932433,
  "running_total_time_sec": 431.78883277599925,
  "p_gb": 0.005,
  "p_bg": 0.3,
  "good_loss_rate": 0.0,
  "bad_loss_rate": 0.65
}