{
  "state": "bad",
  "episode_index": 227,
  "state_ordinal": 113,
  "start_time_wall": 1756958103.5842264,
  "end_time_wall": 1756958103.5846922,
  "wall_time_sec": 0.0004658309990190901,
  "steps": 1,
  "packets": 6,
  "dropped": 3,
  "running_total_steps": 21789,
  "running_total_packets": 309497364,
  "running_total_dropped": 4138280,
  "running_total_time_sec": 48.98830191599882,
  "p_gb": 0.005,
  "p_bg": 0.3,
  "good_loss_rate": 0.0,
  "bad_loss_rate": 0.65
}