{
  "state": "bad",
  "episode_index": 13637,
  "state_ordinal": 6818,
  "start_time_wall": 1756961564.4871988,
  "end_time_wall": 1756961564.4883673,
  "wall_time_sec": 0.0011687499973049853,
  "steps": 1,
  "packets": 1447,
  "dropped": 945,
  "running_total_steps": 1382251,
  "running_total_packets": 19626037141,
  "running_total_dropped": 208287253,
  "running_total_time_sec": 3509.891977037998,
  "p_gb": 0.005,
  "p_bg": 0.3,
  "good_loss_rate": 0.0,
  "bad_loss_rate": 0.65
}