{
  "state": "bad",
  "episode_index": 2017,
  "state_ordinal": 1008,
  "start_time_wall": 1756958552.0509412,
  "end_time_wall": 1756958552.0637586,
  "wall_time_sec": 0.012817361000998062,
  "steps": 1,
  "packets": 31819,
  "dropped": 20590,
  "running_total_steps": 204212,
  "running_total_packets": 2899579642,
  "running_total_dropped": 32247994,
  "running_total_time_sec": 497.46736835999945,
  "p_gb": 0.005,
  "p_bg": 0.3,
  "good_loss_rate": 0.0,
  "bad_loss_rate": 0.65
}