{
  "state": "bad",
  "episode_index": 10359,
  "state_ordinal": 5179,
  "start_time_wall": 1756960736.9325333,
  "end_time_wall": 1756960736.9456317,
  "wall_time_sec": 0.013098505001835292,
  "steps": 1,
  "packets": 31819,
  "dropped": 20718,
  "running_total_steps": 1061012,
  "running_total_packets": 15064977278,
  "running_total_dropped": 155840706,
  "running_total_time_sec": 2682.3492414030006,
  "p_gb": 0.005,
  "p_bg": 0.3,
  "good_loss_rate": 0.0,
  "bad_loss_rate": 0.65
}