{
  "state": "bad",
  "episode_index": 12719,
  "state_ordinal": 6359,
  "start_time_wall": 1756961343.7586436,
  "end_time_wall": 1756961343.9671695,
  "wall_time_sec": 0.20852591299990308,
  "steps": 7,
  "packets": 108487,
  "dropped": 70311,
  "running_total_steps": 1292268,
  "running_total_packets": 18348512220,
  "running_total_dropped": 194622730,
  "running_total_time_sec": 3289.370779195,
  "p_gb": 0.005,
  "p_bg": 0.3,
  "good_loss_rate": 0.0,
  "bad_loss_rate": 0.65
}