{
  "state": "bad",
  "episode_index": 4547,
  "state_ordinal": 2273,
  "start_time_wall": 1756959185.2757707,
  "end_time_wall": 1756959185.2801697,
  "wall_time_sec": 0.004399391000333708,
  "steps": 2,
  "packets": 13018,
  "dropped": 8429,
  "running_total_steps": 450710,
  "running_total_packets": 6399539274,
  "running_total_dropped": 71149144,
  "running_total_time_sec": 1130.6837795760002,
  "p_gb": 0.005,
  "p_bg": 0.3,
  "good_loss_rate": 0.0,
  "bad_loss_rate": 0.65
}