{
  "state": "bad",
  "episode_index": 4383,
  "state_ordinal": 2191,
  "start_time_wall": 1756959152.8037512,
  "end_time_wall": 1756959152.9674346,
  "wall_time_sec": 0.16368354800033558,
  "steps": 1,
  "packets": 6,
  "dropped": 4,
  "running_total_steps": 435220,
  "running_total_packets": 6179640124,
  "running_total_dropped": 67988440,
  "running_total_time_sec": 1098.371044476,
  "p_gb": 0.005,
  "p_bg": 0.3,
  "good_loss_rate": 0.0,
  "bad_loss_rate": 0.65
}