{
  "state": "bad",
  "episode_index": 7237,
  "state_ordinal": 3618,
  "start_time_wall": 1756959908.2060146,
  "end_time_wall": 1756959908.2348013,
  "wall_time_sec": 0.028786943999875803,
  "steps": 4,
  "packets": 76656,
  "dropped": 49723,
  "running_total_steps": 734542,
  "running_total_packets": 10429576726,
  "running_total_dropped": 110481268,
  "running_total_time_sec": 1853.6384112439991,
  "p_gb": 0.005,
  "p_bg": 0.3,
  "good_loss_rate": 0.0,
  "bad_loss_rate": 0.65
}