{
  "state": "bad",
  "episode_index": 14657,
  "state_ordinal": 7328,
  "start_time_wall": 1756961806.1688647,
  "end_time_wall": 1756961806.1734064,
  "wall_time_sec": 0.004541834001429379,
  "steps": 3,
  "packets": 14465,
  "dropped": 9445,
  "running_total_steps": 1482140,
  "running_total_packets": 21044323956,
  "running_total_dropped": 224729153,
  "running_total_time_sec": 3751.5770162070003,
  "p_gb": 0.005,
  "p_bg": 0.3,
  "good_loss_rate": 0.0,
  "bad_loss_rate": 0.65
}