{
  "state": "bad",
  "episode_index": 1273,
  "state_ordinal": 636,
  "start_time_wall": 1756958355.4483948,
  "end_time_wall": 1756958355.4526458,
  "wall_time_sec": 0.004251126998497057,
  "steps": 2,
  "packets": 13018,
  "dropped": 8466,
  "running_total_steps": 125975,
  "running_total_packets": 1788702947,
  "running_total_dropped": 20317340,
  "running_total_time_sec": 300.85625562199857,
  "p_gb": 0.005,
  "p_bg": 0.3,
  "good_loss_rate": 0.0,
  "bad_loss_rate": 0.65
}