{
  "state": "bad",
  "episode_index": 2445,
  "state_ordinal": 1222,
  "start_time_wall": 1756958688.8960009,
  "end_time_wall": 1756958688.9005625,
  "wall_time_sec": 0.004561727999316645,
  "steps": 2,
  "packets": 13018,
  "dropped": 8488,
  "running_total_steps": 253118,
  "running_total_packets": 3594017358,
  "running_total_dropped": 38439492,
  "running_total_time_sec": 634.3041720659985,
  "p_gb": 0.005,
  "p_bg": 0.3,
  "good_loss_rate": 0.0,
  "bad_loss_rate": 0.65
}