{
  "state": "bad",
  "episode_index": 5005,
  "state_ordinal": 2502,
  "start_time_wall": 1756959317.179384,
  "end_time_wall": 1756959317.1879308,
  "wall_time_sec": 0.008547007999368361,
  "steps": 6,
  "packets": 26048,
  "dropped": 16975,
  "running_total_steps": 497315,
  "running_total_packets": 7061283503,
  "running_total_dropped": 77555370,
  "running_total_time_sec": 1262.5915407489993,
  "p_gb": 0.005,
  "p_bg": 0.3,
  "good_loss_rate": 0.0,
  "bad_loss_rate": 0.65
}