{
  "state": "bad",
  "episode_index": 1317,
  "state_ordinal": 658,
  "start_time_wall": 1756958364.3887427,
  "end_time_wall": 1756958364.4020114,
  "wall_time_sec": 0.013268916998640634,
  "steps": 2,
  "packets": 31825,
  "dropped": 20759,
  "running_total_steps": 130218,
  "running_total_packets": 1848973677,
  "running_total_dropped": 20998733,
  "running_total_time_sec": 309.8056212269985,
  "p_gb": 0.005,
  "p_bg": 0.3,
  "good_loss_rate": 0.0,
  "bad_loss_rate": 0.65
}