{
  "state": "bad",
  "episode_index": 15051,
  "state_ordinal": 7525,
  "start_time_wall": 1756961889.4255497,
  "end_time_wall": 1756961889.4260252,
  "wall_time_sec": 0.0004756220005219802,
  "steps": 1,
  "packets": 6,
  "dropped": 1,
  "running_total_steps": 1522201,
  "running_total_packets": 21613258745,
  "running_total_dropped": 230417259,
  "running_total_time_sec": 3834.8296350220007,
  "p_gb": 0.005,
  "p_bg": 0.3,
  "good_loss_rate": 0.0,
  "bad_loss_rate": 0.65
}