{
  "state": "bad",
  "episode_index": 4601,
  "state_ordinal": 2300,
  "start_time_wall": 1756959196.9614298,
  "end_time_wall": 1756959196.9668097,
  "wall_time_sec": 0.005380335998779628,
  "steps": 5,
  "packets": 14477,
  "dropped": 9490,
  "running_total_steps": 456382,
  "running_total_packets": 6480044904,
  "running_total_dropped": 72085932,
  "running_total_time_sec": 1142.3704196749986,
  "p_gb": 0.005,
  "p_bg": 0.3,
  "good_loss_rate": 0.0,
  "bad_loss_rate": 0.65
}