{
  "state": "bad",
  "episode_index": 10183,
  "state_ordinal": 5091,
  "start_time_wall": 1756960668.3649042,
  "end_time_wall": 1756960668.5192993,
  "wall_time_sec": 0.15439510700161918,
  "steps": 1,
  "packets": 6,
  "dropped": 4,
  "running_total_steps": 1043955,
  "running_total_packets": 14822758854,
  "running_total_dropped": 153605257,
  "running_total_time_sec": 2613.922909047,
  "p_gb": 0.005,
  "p_bg": 0.3,
  "good_loss_rate": 0.0,
  "bad_loss_rate": 0.65
}