{
  "state": "bad",
  "episode_index": 16033,
  "state_ordinal": 8016,
  "start_time_wall": 1756962187.8787937,
  "end_time_wall": 1756962187.891746,
  "wall_time_sec": 0.012952209999639308,
  "steps": 2,
  "packets": 31825,
  "dropped": 20503,
  "running_total_steps": 1622097,
  "running_total_packets": 23031655488,
  "running_total_dropped": 247441152,
  "running_total_time_sec": 4133.295355686998,
  "p_gb": 0.005,
  "p_bg": 0.3,
  "good_loss_rate": 0.0,
  "bad_loss_rate": 0.65
}