{
  "state": "bad",
  "episode_index": 8907,
  "state_ordinal": 4453,
  "start_time_wall": 1756960362.6420178,
  "end_time_wall": 1756960362.6569998,
  "wall_time_sec": 0.014983138000388863,
  "steps": 1,
  "packets": 31819,
  "dropped": 20710,
  "running_total_steps": 912609,
  "running_total_packets": 12957872359,
  "running_total_dropped": 136350182,
  "running_total_time_sec": 2308.0606106220002,
  "p_gb": 0.005,
  "p_bg": 0.3,
  "good_loss_rate": 0.0,
  "bad_loss_rate": 0.65
}