{
  "state": "bad",
  "episode_index": 3555,
  "state_ordinal": 1777,
  "start_time_wall": 1756958941.7556047,
  "end_time_wall": 1756958941.7560728,
  "wall_time_sec": 0.0004680919992097188,
  "steps": 1,
  "packets": 6,
  "dropped": 5,
  "running_total_steps": 358327,
  "running_total_packets": 5087804963,
  "running_total_dropped": 55528990,
  "running_total_time_sec": 887.1596825429988,
  "p_gb": 0.005,
  "p_bg": 0.3,
  "good_loss_rate": 0.0,
  "bad_loss_rate": 0.65
}