{
  "state": "bad",
  "episode_index": 14005,
  "state_ordinal": 7002,
  "start_time_wall": 1756961641.9996362,
  "end_time_wall": 1756961642.038245,
  "wall_time_sec": 0.03860878900013631,
  "steps": 3,
  "packets": 95457,
  "dropped": 62248,
  "running_total_steps": 1420007,
  "running_total_packets": 20162194545,
  "running_total_dropped": 213935396,
  "running_total_time_sec": 3587.4418546119996,
  "p_gb": 0.005,
  "p_bg": 0.3,
  "good_loss_rate": 0.0,
  "bad_loss_rate": 0.65
}