{
  "state": "bad",
  "episode_index": 14959,
  "state_ordinal": 7479,
  "start_time_wall": 1756961868.0082273,
  "end_time_wall": 1756961868.0124562,
  "wall_time_sec": 0.004229086000123061,
  "steps": 2,
  "packets": 13018,
  "dropped": 8491,
  "running_total_steps": 1511945,
  "running_total_packets": 21467613509,
  "running_total_dropped": 229221781,
  "running_total_time_sec": 3813.416066031001,
  "p_gb": 0.005,
  "p_bg": 0.3,
  "good_loss_rate": 0.0,
  "bad_loss_rate": 0.65
}