{
  "state": "bad",
  "episode_index": 5221,
  "state_ordinal": 2610,
  "start_time_wall": 1756959366.1285324,
  "end_time_wall": 1756959366.1541066,
  "wall_time_sec": 0.02557436300048721,
  "steps": 2,
  "packets": 63638,
  "dropped": 41430,
  "running_total_steps": 521080,
  "running_total_packets": 7398716872,
  "running_total_dropped": 80863649,
  "running_total_time_sec": 1311.5577164360002,
  "p_gb": 0.005,
  "p_bg": 0.3,
  "good_loss_rate": 0.0,
  "bad_loss_rate": 0.65
}