{
  "state": "bad",
  "episode_index": 14863,
  "state_ordinal": 7431,
  "start_time_wall": 1756961851.1548424,
  "end_time_wall": 1756961851.1558974,
  "wall_time_sec": 0.0010553259999142028,
  "steps": 1,
  "packets": 1447,
  "dropped": 926,
  "running_total_steps": 1503921,
  "running_total_packets": 21353686821,
  "running_total_dropped": 228032465,
  "running_total_time_sec": 3796.5595073219993,
  "p_gb": 0.005,
  "p_bg": 0.3,
  "good_loss_rate": 0.0,
  "bad_loss_rate": 0.65
}