{
  "state": "bad",
  "episode_index": 1157,
  "state_ordinal": 578,
  "start_time_wall": 1756958332.1021085,
  "end_time_wall": 1756958332.1028764,
  "wall_time_sec": 0.0007679000009375159,
  "steps": 2,
  "packets": 12,
  "dropped": 6,
  "running_total_steps": 114541,
  "running_total_packets": 1626368157,
  "running_total_dropped": 18233751,
  "running_total_time_sec": 277.5064860980001,
  "p_gb": 0.005,
  "p_bg": 0.3,
  "good_loss_rate": 0.0,
  "bad_loss_rate": 0.65
}