{
  "state": "bad",
  "episode_index": 14361,
  "state_ordinal": 7180,
  "start_time_wall": 1756961752.4436734,
  "end_time_wall": 1756961752.608222,
  "wall_time_sec": 0.16454890100067132,
  "steps": 1,
  "packets": 6,
  "dropped": 4,
  "running_total_steps": 1456254,
  "running_total_packets": 20676930953,
  "running_total_dropped": 219977149,
  "running_total_time_sec": 3698.011831833999,
  "p_gb": 0.005,
  "p_bg": 0.3,
  "good_loss_rate": 0.0,
  "bad_loss_rate": 0.65
}