{
  "state": "bad",
  "episode_index": 8427,
  "state_ordinal": 4213,
  "start_time_wall": 1756960223.0147185,
  "end_time_wall": 1756960223.0152216,
  "wall_time_sec": 0.0005032240005675703,
  "steps": 1,
  "packets": 6,
  "dropped": 5,
  "running_total_steps": 862300,
  "running_total_packets": 12243606224,
  "running_total_dropped": 129060632,
  "running_total_time_sec": 2168.4188313199993,
  "p_gb": 0.005,
  "p_bg": 0.3,
  "good_loss_rate": 0.0,
  "bad_loss_rate": 0.65
}