{
  "state": "bad",
  "episode_index": 6877,
  "state_ordinal": 3438,
  "start_time_wall": 1756959798.136391,
  "end_time_wall": 1756959798.2933142,
  "wall_time_sec": 0.1569233339996572,
  "steps": 2,
  "packets": 12,
  "dropped": 9,
  "running_total_steps": 697807,
  "running_total_packets": 9907949271,
  "running_total_dropped": 104959317,
  "running_total_time_sec": 1743.6969240409999,
  "p_gb": 0.005,
  "p_bg": 0.3,
  "good_loss_rate": 0.0,
  "bad_loss_rate": 0.65
}