{
  "state": "bad",
  "episode_index": 627,
  "state_ordinal": 313,
  "start_time_wall": 1756958180.0837157,
  "end_time_wall": 1756958180.246232,
  "wall_time_sec": 0.16251642099996388,
  "steps": 1,
  "packets": 6,
  "dropped": 6,
  "running_total_steps": 58153,
  "running_total_packets": 825813337,
  "running_total_dropped": 10544361,
  "running_total_time_sec": 125.64984189299867,
  "p_gb": 0.005,
  "p_bg": 0.3,
  "good_loss_rate": 0.0,
  "bad_loss_rate": 0.65
}