{
  "state": "bad",
  "episode_index": 4243,
  "state_ordinal": 2121,
  "start_time_wall": 1756959127.6488373,
  "end_time_wall": 1756959127.6532493,
  "wall_time_sec": 0.004411988998981542,
  "steps": 2,
  "packets": 13018,
  "dropped": 8534,
  "running_total_steps": 423180,
  "running_total_packets": 6008661132,
  "running_total_dropped": 66043834,
  "running_total_time_sec": 1073.0568590089988,
  "p_gb": 0.005,
  "p_bg": 0.3,
  "good_loss_rate": 0.0,
  "bad_loss_rate": 0.65
}