{
  "state": "bad",
  "episode_index": 5033,
  "state_ordinal": 2516,
  "start_time_wall": 1756959325.444367,
  "end_time_wall": 1756959325.6100938,
  "wall_time_sec": 0.16572691700093856,
  "steps": 1,
  "packets": 6,
  "dropped": 4,
  "running_total_steps": 501138,
  "running_total_packets": 7115603389,
  "running_total_dropped": 78023842,
  "running_total_time_sec": 1271.0137035749995,
  "p_gb": 0.005,
  "p_bg": 0.3,
  "good_loss_rate": 0.0,
  "bad_loss_rate": 0.65
}