{
  "state": "bad",
  "episode_index": 9023,
  "state_ordinal": 4511,
  "start_time_wall": 1756960387.095778,
  "end_time_wall": 1756960387.1066985,
  "wall_time_sec": 0.010920516000624048,
  "steps": 1,
  "packets": 11571,
  "dropped": 7501,
  "running_total_steps": 924614,
  "running_total_packets": 13128346530,
  "running_total_dropped": 137873073,
  "running_total_time_sec": 2332.510308246001,
  "p_gb": 0.005,
  "p_bg": 0.3,
  "good_loss_rate": 0.0,
  "bad_loss_rate": 0.65
}