{
  "state": "bad",
  "episode_index": 3901,
  "state_ordinal": 1950,
  "start_time_wall": 1756959005.4918194,
  "end_time_wall": 1756959005.6802583,
  "wall_time_sec": 0.18843900800129632,
  "steps": 3,
  "packets": 63644,
  "dropped": 41150,
  "running_total_steps": 388962,
  "running_total_packets": 5522874693,
  "running_total_dropped": 60967412,
  "running_total_time_sec": 951.0838679959998,
  "p_gb": 0.005,
  "p_bg": 0.3,
  "good_loss_rate": 0.0,
  "bad_loss_rate": 0.65
}