{
  "state": "bad",
  "episode_index": 13473,
  "state_ordinal": 6736,
  "start_time_wall": 1756961494.2675996,
  "end_time_wall": 1756961494.2744203,
  "wall_time_sec": 0.0068206850010028575,
  "steps": 2,
  "packets": 13018,
  "dropped": 8536,
  "running_total_steps": 1364811,
  "running_total_packets": 19378533247,
  "running_total_dropped": 205963500,
  "running_total_time_sec": 3439.678029991999,
  "p_gb": 0.005,
  "p_bg": 0.3,
  "good_loss_rate": 0.0,
  "bad_loss_rate": 0.65
}