{
  "state": "bad",
  "episode_index": 5727,
  "state_ordinal": 2863,
  "start_time_wall": 1756959508.475286,
  "end_time_wall": 1756959508.6648593,
  "wall_time_sec": 0.1895739119991049,
  "steps": 3,
  "packets": 75209,
  "dropped": 48904,
  "running_total_steps": 573103,
  "running_total_packets": 8137395355,
  "running_total_dropped": 88282536,
  "running_total_time_sec": 1454.068469497999,
  "p_gb": 0.005,
  "p_bg": 0.3,
  "good_loss_rate": 0.0,
  "bad_loss_rate": 0.65
}