{
  "state": "bad",
  "episode_index": 3781,
  "state_ordinal": 1890,
  "start_time_wall": 1756958980.8034458,
  "end_time_wall": 1756958981.0090914,
  "wall_time_sec": 0.20564570900023682,
  "steps": 7,
  "packets": 109928,
  "dropped": 71271,
  "running_total_steps": 376893,
  "running_total_packets": 5351518168,
  "running_total_dropped": 59395991,
  "running_total_time_sec": 926.4127010449993,
  "p_gb": 0.005,
  "p_bg": 0.3,
  "good_loss_rate": 0.0,
  "bad_loss_rate": 0.65
}