{
  "state": "bad",
  "episode_index": 6419,
  "state_ordinal": 3209,
  "start_time_wall": 1756959700.635711,
  "end_time_wall": 1756959700.6394038,
  "wall_time_sec": 0.003692850999868824,
  "steps": 2,
  "packets": 13018,
  "dropped": 8524,
  "running_total_steps": 649937,
  "running_total_packets": 9228257041,
  "running_total_dropped": 98148960,
  "running_total_time_sec": 1646.0430134829985,
  "p_gb": 0.005,
  "p_bg": 0.3,
  "good_loss_rate": 0.0,
  "bad_loss_rate": 0.65
}