{
  "state": "bad",
  "episode_index": 7431,
  "state_ordinal": 3715,
  "start_time_wall": 1756959948.6792195,
  "end_time_wall": 1756959948.71264,
  "wall_time_sec": 0.03342063999843958,
  "steps": 7,
  "packets": 89680,
  "dropped": 58162,
  "running_total_steps": 753745,
  "running_total_packets": 10702156901,
  "running_total_dropped": 113823272,
  "running_total_time_sec": 1894.1162496219986,
  "p_gb": 0.005,
  "p_bg": 0.3,
  "good_loss_rate": 0.0,
  "bad_loss_rate": 0.65
}