{
  "state": "bad",
  "episode_index": 8425,
  "state_ordinal": 4212,
  "start_time_wall": 1756960222.8151672,
  "end_time_wall": 1756960222.9951184,
  "wall_time_sec": 0.17995113800134277,
  "steps": 5,
  "packets": 44849,
  "dropped": 29070,
  "running_total_steps": 862155,
  "running_total_packets": 12241494355,
  "running_total_dropped": 129060627,
  "running_total_time_sec": 2168.3987280149995,
  "p_gb": 0.005,
  "p_bg": 0.3,
  "good_loss_rate": 0.0,
  "bad_loss_rate": 0.65
}