{
  "state": "bad",
  "episode_index": 4521,
  "state_ordinal": 2260,
  "start_time_wall": 1756959180.8674295,
  "end_time_wall": 1756959181.0838492,
  "wall_time_sec": 0.2164198509999551,
  "steps": 12,
  "packets": 135970,
  "dropped": 88420,
  "running_total_steps": 448489,
  "running_total_packets": 6368013111,
  "running_total_dropped": 70919628,
  "running_total_time_sec": 1126.4874589629999,
  "p_gb": 0.005,
  "p_bg": 0.3,
  "good_loss_rate": 0.0,
  "bad_loss_rate": 0.65
}