{
  "state": "bad",
  "episode_index": 8277,
  "state_ordinal": 4138,
  "start_time_wall": 1756960188.3560727,
  "end_time_wall": 1756960188.5390086,
  "wall_time_sec": 0.18293681999784894,
  "steps": 4,
  "packets": 46284,
  "dropped": 30001,
  "running_total_steps": 845658,
  "running_total_packets": 12007274988,
  "running_total_dropped": 126944042,
  "running_total_time_sec": 2133.9426191089988,
  "p_gb": 0.005,
  "p_bg": 0.3,
  "good_loss_rate": 0.0,
  "bad_loss_rate": 0.65
}