{
  "state": "bad",
  "episode_index": 7857,
  "state_ordinal": 3928,
  "start_time_wall": 1756960049.2415245,
  "end_time_wall": 1756960049.379984,
  "wall_time_sec": 0.13845946999936132,
  "steps": 3,
  "packets": 11583,
  "dropped": 7526,
  "running_total_steps": 803279,
  "running_total_packets": 11405538237,
  "running_total_dropped": 120767830,
  "running_total_time_sec": 1994.783593541999,
  "p_gb": 0.005,
  "p_bg": 0.3,
  "good_loss_rate": 0.0,
  "bad_loss_rate": 0.65
}