{
  "state": "bad",
  "episode_index": 13131,
  "state_ordinal": 6565,
  "start_time_wall": 1756961424.1671135,
  "end_time_wall": 1756961424.1714826,
  "wall_time_sec": 0.004369371999928262,
  "steps": 2,
  "packets": 13018,
  "dropped": 8432,
  "running_total_steps": 1331160,
  "running_total_packets": 18900654756,
  "running_total_dropped": 200940821,
  "running_total_time_sec": 3369.5750925209977,
  "p_gb": 0.005,
  "p_bg": 0.3,
  "good_loss_rate": 0.0,
  "bad_loss_rate": 0.65
}