{
  "state": "bad",
  "episode_index": 537,
  "state_ordinal": 268,
  "start_time_wall": 1756958160.1618469,
  "end_time_wall": 1756958160.364326,
  "wall_time_sec": 0.20247901199945773,
  "steps": 2,
  "packets": 63638,
  "dropped": 41184,
  "running_total_steps": 48466,
  "running_total_packets": 688307470,
  "running_total_dropped": 9084610,
  "running_total_time_sec": 105.76793551899937,
  "p_gb": 0.005,
  "p_bg": 0.3,
  "good_loss_rate": 0.0,
  "bad_loss_rate": 0.65
}