{
  "state": "bad",
  "episode_index": 10201,
  "state_ordinal": 5100,
  "start_time_wall": 1756960706.6445484,
  "end_time_wall": 1756960706.8291645,
  "wall_time_sec": 0.18461676300285035,
  "steps": 2,
  "packets": 63638,
  "dropped": 41386,
  "running_total_steps": 1045873,
  "running_total_packets": 14850051149,
  "running_total_dropped": 153886838,
  "running_total_time_sec": 2652.232774706001,
  "p_gb": 0.005,
  "p_bg": 0.3,
  "good_loss_rate": 0.0,
  "bad_loss_rate": 0.65
}