{
  "state": "bad",
  "episode_index": 13981,
  "state_ordinal": 6990,
  "start_time_wall": 1756961636.916505,
  "end_time_wall": 1756961636.9330988,
  "wall_time_sec": 0.016593628999544308,
  "steps": 3,
  "packets": 44837,
  "dropped": 28982,
  "running_total_steps": 1417638,
  "running_total_packets": 20128491428,
  "running_total_dropped": 213517644,
  "running_total_time_sec": 3582.3367085149985,
  "p_gb": 0.005,
  "p_bg": 0.3,
  "good_loss_rate": 0.0,
  "bad_loss_rate": 0.65
}