{
  "state": "bad",
  "episode_index": 10145,
  "state_ordinal": 5072,
  "start_time_wall": 1756960660.7627082,
  "end_time_wall": 1756960660.9285743,
  "wall_time_sec": 0.165865818002203,
  "steps": 2,
  "packets": 31825,
  "dropped": 20602,
  "running_total_steps": 1040355,
  "running_total_packets": 14771631358,
  "running_total_dropped": 152866039,
  "running_total_time_sec": 2606.3321838379998,
  "p_gb": 0.005,
  "p_bg": 0.3,
  "good_loss_rate": 0.0,
  "bad_loss_rate": 0.65
}