{
  "state": "bad",
  "episode_index": 439,
  "state_ordinal": 219,
  "start_time_wall": 1756958138.687081,
  "end_time_wall": 1756958138.703085,
  "wall_time_sec": 0.016003913999156794,
  "steps": 2,
  "packets": 43390,
  "dropped": 28080,
  "running_total_steps": 38349,
  "running_total_packets": 544548459,
  "running_total_dropped": 7550758,
  "running_total_time_sec": 84.10669483699894,
  "p_gb": 0.005,
  "p_bg": 0.3,
  "good_loss_rate": 0.0,
  "bad_loss_rate": 0.65
}