{
  "state": "bad",
  "episode_index": 11885,
  "state_ordinal": 5942,
  "start_time_wall": 1756961141.8447607,
  "end_time_wall": 1756961142.001827,
  "wall_time_sec": 0.1570670519977284,
  "steps": 1,
  "packets": 31819,
  "dropped": 20778,
  "running_total_steps": 1211643,
  "running_total_packets": 17203771825,
  "running_total_dropped": 181924195,
  "running_total_time_sec": 3087.405437385998,
  "p_gb": 0.005,
  "p_bg": 0.3,
  "good_loss_rate": 0.0,
  "bad_loss_rate": 0.65
}