{
  "state": "bad",
  "episode_index": 5401,
  "state_ordinal": 2700,
  "start_time_wall": 1756959399.8858051,
  "end_time_wall": 1756959399.8989017,
  "wall_time_sec": 0.013096738000967889,
  "steps": 2,
  "packets": 31825,
  "dropped": 20662,
  "running_total_steps": 537453,
  "running_total_packets": 7631131024,
  "running_total_dropped": 83401197,
  "running_total_time_sec": 1345.3025114249995,
  "p_gb": 0.005,
  "p_bg": 0.3,
  "good_loss_rate": 0.0,
  "bad_loss_rate": 0.65
}