{
  "state": "bad",
  "episode_index": 8317,
  "state_ordinal": 4158,
  "start_time_wall": 1756960200.7609897,
  "end_time_wall": 1756960200.9077091,
  "wall_time_sec": 0.14671958100007032,
  "steps": 1,
  "packets": 6,
  "dropped": 5,
  "running_total_steps": 851857,
  "running_total_packets": 12095324045,
  "running_total_dropped": 127439928,
  "running_total_time_sec": 2146.311319051998,
  "p_gb": 0.005,
  "p_bg": 0.3,
  "good_loss_rate": 0.0,
  "bad_loss_rate": 0.65
}