{
  "state": "bad",
  "episode_index": 14249,
  "state_ordinal": 7124,
  "start_time_wall": 1756961695.9863605,
  "end_time_wall": 1756961695.9899235,
  "wall_time_sec": 0.003563089998351643,
  "steps": 1,
  "packets": 11571,
  "dropped": 7628,
  "running_total_steps": 1446053,
  "running_total_packets": 20532014753,
  "running_total_dropped": 218353866,
  "running_total_time_sec": 3641.3935332269975,
  "p_gb": 0.005,
  "p_bg": 0.3,
  "good_loss_rate": 0.0,
  "bad_loss_rate": 0.65
}