{
  "state": "bad",
  "episode_index": 69,
  "state_ordinal": 34,
  "start_time_wall": 1756958071.849681,
  "end_time_wall": 1756958071.8625007,
  "wall_time_sec": 0.012819838000723394,
  "steps": 1,
  "packets": 31819,
  "dropped": 20671,
  "running_total_steps": 6620,
  "running_total_packets": 94057726,
  "running_total_dropped": 1378964,
  "running_total_time_sec": 17.26611048199993,
  "p_gb": 0.005,
  "p_bg": 0.3,
  "good_loss_rate": 0.0,
  "bad_loss_rate": 0.65
}