{
  "state": "bad",
  "episode_index": 12389,
  "state_ordinal": 6194,
  "start_time_wall": 1756961241.7370768,
  "end_time_wall": 1756961241.7411516,
  "wall_time_sec": 0.0040748730025370605,
  "steps": 2,
  "packets": 13018,
  "dropped": 8481,
  "running_total_steps": 1260620,
  "running_total_packets": 17899064412,
  "running_total_dropped": 189510870,
  "running_total_time_sec": 3187.1447612480006,
  "p_gb": 0.005,
  "p_bg": 0.3,
  "good_loss_rate": 0.0,
  "bad_loss_rate": 0.65
}