{
  "state": "bad",
  "episode_index": 11011,
  "state_ordinal": 5505,
  "start_time_wall": 1756960867.577316,
  "end_time_wall": 1756960868.426803,
  "wall_time_sec": 0.8494873279996682,
  "steps": 11,
  "packets": 300865,
  "dropped": 195133,
  "running_total_steps": 1124196,
  "running_total_packets": 15962151588,
  "running_total_dropped": 167384405,
  "running_total_time_sec": 2813.830413079999,
  "p_gb": 0.005,
  "p_bg": 0.3,
  "good_loss_rate": 0.0,
  "bad_loss_rate": 0.65
}