{
  "state": "bad",
  "episode_index": 3165,
  "state_ordinal": 1582,
  "start_time_wall": 1756958829.2374115,
  "end_time_wall": 1756958829.2497342,
  "wall_time_sec": 0.01232252400041034,
  "steps": 1,
  "packets": 31819,
  "dropped": 20738,
  "running_total_steps": 321249,
  "running_total_packets": 4561405535,
  "running_total_dropped": 48890526,
  "running_total_time_sec": 774.6533438480001,
  "p_gb": 0.005,
  "p_bg": 0.3,
  "good_loss_rate": 0.0,
  "bad_loss_rate": 0.65
}