{
  "state": "bad",
  "episode_index": 4537,
  "state_ordinal": 2268,
  "start_time_wall": 1756959184.010621,
  "end_time_wall": 1756959184.1735468,
  "wall_time_sec": 0.16292574100043566,
  "steps": 1,
  "packets": 6,
  "dropped": 3,
  "running_total_steps": 450085,
  "running_total_packets": 6390708477,
  "running_total_dropped": 70958286,
  "running_total_time_sec": 1129.5771565249997,
  "p_gb": 0.005,
  "p_bg": 0.3,
  "good_loss_rate": 0.0,
  "bad_loss_rate": 0.65
}