{
  "state": "bad",
  "episode_index": 15543,
  "state_ordinal": 7771,
  "start_time_wall": 1756962021.8913565,
  "end_time_wall": 1756962021.9306448,
  "wall_time_sec": 0.0392886850022478,
  "steps": 4,
  "packets": 95463,
  "dropped": 62104,
  "running_total_steps": 1568172,
  "running_total_packets": 22265895895,
  "running_total_dropped": 238940938,
  "running_total_time_sec": 3967.3342547360007,
  "p_gb": 0.005,
  "p_bg": 0.3,
  "good_loss_rate": 0.0,
  "bad_loss_rate": 0.65
}