{
  "state": "bad",
  "episode_index": 13991,
  "state_ordinal": 6995,
  "start_time_wall": 1756961639.1407561,
  "end_time_wall": 1756961639.2904117,
  "wall_time_sec": 0.1496556230013084,
  "steps": 1,
  "packets": 11571,
  "dropped": 7539,
  "running_total_steps": 1418660,
  "running_total_packets": 20143138546,
  "running_total_dropped": 213602069,
  "running_total_time_sec": 3584.694021432999,
  "p_gb": 0.005,
  "p_bg": 0.3,
  "good_loss_rate": 0.0,
  "bad_loss_rate": 0.65
}