{
  "state": "bad",
  "episode_index": 1791,
  "state_ordinal": 895,
  "start_time_wall": 1756958505.6723385,
  "end_time_wall": 1756958505.8195426,
  "wall_time_sec": 0.14720413299983193,
  "steps": 4,
  "packets": 14471,
  "dropped": 9257,
  "running_total_steps": 182146,
  "running_total_packets": 2586330076,
  "running_total_dropped": 28941916,
  "running_total_time_sec": 451.2231521949998,
  "p_gb": 0.005,
  "p_bg": 0.3,
  "good_loss_rate": 0.0,
  "bad_loss_rate": 0.65
}