{
  "state": "bad",
  "episode_index": 15183,
  "state_ordinal": 7591,
  "start_time_wall": 1756961952.8081465,
  "end_time_wall": 1756961952.8509595,
  "wall_time_sec": 0.04281310700025642,
  "steps": 6,
  "packets": 109922,
  "dropped": 71414,
  "running_total_steps": 1535582,
  "running_total_packets": 21803196820,
  "running_total_dropped": 232496412,
  "running_total_time_sec": 3898.254569257999,
  "p_gb": 0.005,
  "p_bg": 0.3,
  "good_loss_rate": 0.0,
  "bad_loss_rate": 0.65
}