{
  "state": "bad",
  "episode_index": 15367,
  "state_ordinal": 7683,
  "start_time_wall": 1756961985.3438253,
  "end_time_wall": 1756961985.3448284,
  "wall_time_sec": 0.0010030699995695613,
  "steps": 1,
  "packets": 1447,
  "dropped": 968,
  "running_total_steps": 1550920,
  "running_total_packets": 22021018826,
  "running_total_dropped": 236024893,
  "running_total_time_sec": 3930.748438041999,
  "p_gb": 0.005,
  "p_bg": 0.3,
  "good_loss_rate": 0.0,
  "bad_loss_rate": 0.65
}