{
  "state": "bad",
  "episode_index": 8685,
  "state_ordinal": 4342,
  "start_time_wall": 1756960317.0749438,
  "end_time_wall": 1756960317.2687988,
  "wall_time_sec": 0.19385525100005907,
  "steps": 3,
  "packets": 75209,
  "dropped": 48970,
  "running_total_steps": 890272,
  "running_total_packets": 12640754876,
  "running_total_dropped": 133234068,
  "running_total_time_sec": 2262.6724087149996,
  "p_gb": 0.005,
  "p_bg": 0.3,
  "good_loss_rate": 0.0,
  "bad_loss_rate": 0.65
}