{
  "state": "bad",
  "episode_index": 15249,
  "state_ordinal": 7624,
  "start_time_wall": 1756961960.7751217,
  "end_time_wall": 1756961960.7792761,
  "wall_time_sec": 0.004154553997068433,
  "steps": 2,
  "packets": 13018,
  "dropped": 8425,
  "running_total_steps": 1539434,
  "running_total_packets": 21857811806,
  "running_total_dropped": 233798289,
  "running_total_time_sec": 3906.182885891998,
  "p_gb": 0.005,
  "p_bg": 0.3,
  "good_loss_rate": 0.0,
  "bad_loss_rate": 0.65
}