{
  "state": "good",
  "episode_index": 14752,
  "state_ordinal": 7376,
  "start_time_wall": 1756961829.3252318,
  "end_time_wall": 1756961829.3265388,
  "wall_time_sec": 0.0013067330000922084,
  "steps": 7,
  "packets": 118611,
  "dropped": 0,
  "running_total_steps": 1493312,
  "running_total_packets": 21203035298,
  "running_total_dropped": 226396534,
  "running_total_time_sec": 3774.730148388,
  "p_gb": 0.005,
  "p_bg": 0.3,
  "good_loss_rate": 0.0,
  "bad_loss_rate": 0.65
}