{
  "state": "good",
  "episode_index": 15506,
  "state_ordinal": 7753,
  "start_time_wall": 1756962011.6712642,
  "end_time_wall": 1756962011.6847742,
  "wall_time_sec": 0.013509706001059385,
  "steps": 98,
  "packets": 1410334,
  "dropped": 0,
  "running_total_steps": 1563382,
  "running_total_packets": 22197961680,
  "running_total_dropped": 238207346,
  "running_total_time_sec": 3957.088383782,
  "p_gb": 0.005,
  "p_bg": 0.3,
  "good_loss_rate": 0.0,
  "bad_loss_rate": 0.65
}