{
  "state": "good",
  "episode_index": 5260,
  "state_ordinal": 2630,
  "start_time_wall": 1756959375.8571868,
  "end_time_wall": 1756959375.862197,
  "wall_time_sec": 0.00500966899926425,
  "steps": 44,
  "packets": 595954,
  "dropped": 0,
  "running_total_steps": 525862,
  "running_total_packets": 7466635186,
  "running_total_dropped": 81319678,
  "running_total_time_sec": 1321.2658066429995,
  "p_gb": 0.005,
  "p_bg": 0.3,
  "good_loss_rate": 0.0,
  "bad_loss_rate": 0.65
}