{
  "state": "good",
  "episode_index": 5984,
  "state_ordinal": 2992,
  "start_time_wall": 1756959565.9356613,
  "end_time_wall": 1756959566.546963,
  "wall_time_sec": 0.611301385999468,
  "steps": 341,
  "packets": 4771961,
  "dropped": 0,
  "running_total_steps": 601792,
  "running_total_packets": 8544627480,
  "running_total_dropped": 92104713,
  "running_total_time_sec": 1511.9505725069994,
  "p_gb": 0.005,
  "p_bg": 0.3,
  "good_loss_rate": 0.0,
  "bad_loss_rate": 0.65
}