{
  "state": "good",
  "episode_index": 13682,
  "state_ordinal": 6841,
  "start_time_wall": 1756961572.6534822,
  "end_time_wall": 1756961573.2470717,
  "wall_time_sec": 0.5935895239999809,
  "steps": 270,
  "packets": 3811492,
  "dropped": 0,
  "running_total_steps": 1386407,
  "running_total_packets": 19685115969,
  "running_total_dropped": 208866662,
  "running_total_time_sec": 3518.65068151,
  "p_gb": 0.005,
  "p_bg": 0.3,
  "good_loss_rate": 0.0,
  "bad_loss_rate": 0.65
}