{
  "state": "good",
  "episode_index": 12524,
  "state_ordinal": 6262,
  "start_time_wall": 1756961267.8555481,
  "end_time_wall": 1756961267.8590236,
  "wall_time_sec": 0.003475417001027381,
  "steps": 24,
  "packets": 352932,
  "dropped": 0,
  "running_total_steps": 1273076,
  "running_total_packets": 18075981218,
  "running_total_dropped": 191644884,
  "running_total_time_sec": 3213.262633227001,
  "p_gb": 0.005,
  "p_bg": 0.3,
  "good_loss_rate": 0.0,
  "bad_loss_rate": 0.65
}