{
  "state": "good",
  "episode_index": 2506,
  "state_ordinal": 1253,
  "start_time_wall": 1756958701.411424,
  "end_time_wall": 1756958701.4141977,
  "wall_time_sec": 0.002773730999251711,
  "steps": 23,
  "packets": 350044,
  "dropped": 0,
  "running_total_steps": 259470,
  "running_total_packets": 3684163813,
  "running_total_dropped": 39121156,
  "running_total_time_sec": 646.8178074539992,
  "p_gb": 0.005,
  "p_bg": 0.3,
  "good_loss_rate": 0.0,
  "bad_loss_rate": 0.65
}