{
  "state": "good",
  "episode_index": 5212,
  "state_ordinal": 2606,
  "start_time_wall": 1756959364.456542,
  "end_time_wall": 1756959365.0881855,
  "wall_time_sec": 0.6316437570003473,
  "steps": 484,
  "packets": 6833198,
  "dropped": 1,
  "running_total_steps": 520531,
  "running_total_packets": 7390884151,
  "running_total_dropped": 80671918,
  "running_total_time_sec": 1310.4917953709992,
  "p_gb": 0.005,
  "p_bg": 0.3,
  "good_loss_rate": 0.0,
  "bad_loss_rate": 0.65
}