{
  "state": "good",
  "episode_index": 12,
  "state_ordinal": 6,
  "start_time_wall": 1756958060.9418316,
  "end_time_wall": 1756958061.5136619,
  "wall_time_sec": 0.5718300100015767,
  "steps": 69,
  "packets": 1045807,
  "dropped": 0,
  "running_total_steps": 1457,
  "running_total_packets": 20791769,
  "running_total_dropped": 164492,
  "running_total_time_sec": 6.917271565000192,
  "p_gb": 0.005,
  "p_bg": 0.3,
  "good_loss_rate": 0.0,
  "bad_loss_rate": 0.65
}