{
  "state": "good",
  "episode_index": 9642,
  "state_ordinal": 4821,
  "start_time_wall": 1756960554.681603,
  "end_time_wall": 1756960555.4634175,
  "wall_time_sec": 0.7818143840013363,
  "steps": 331,
  "packets": 4747365,
  "dropped": 1,
  "running_total_steps": 989153,
  "running_total_packets": 14044696897,
  "running_total_dropped": 145512349,
  "running_total_time_sec": 2500.867027239001,
  "p_gb": 0.005,
  "p_bg": 0.3,
  "good_loss_rate": 0.0,
  "bad_loss_rate": 0.65
}