{
  "state": "good",
  "episode_index": 5478,
  "state_ordinal": 2739,
  "start_time_wall": 1756959416.146323,
  "end_time_wall": 1756959416.7290535,
  "wall_time_sec": 0.5827305689999775,
  "steps": 176,
  "packets": 2500979,
  "dropped": 0,
  "running_total_steps": 545816,
  "running_total_packets": 7749913570,
  "running_total_dropped": 84332533,
  "running_total_time_sec": 1362.132663208,
  "p_gb": 0.005,
  "p_bg": 0.3,
  "good_loss_rate": 0.0,
  "bad_loss_rate": 0.65
}