{
  "state": "good",
  "episode_index": 7234,
  "state_ordinal": 3617,
  "start_time_wall": 1756959908.1664157,
  "end_time_wall": 1756959908.1838741,
  "wall_time_sec": 0.01745818000017607,
  "steps": 135,
  "packets": 1822575,
  "dropped": 0,
  "running_total_steps": 734398,
  "running_total_packets": 10427483670,
  "running_total_dropped": 110423151,
  "running_total_time_sec": 1853.5874836120001,
  "p_gb": 0.005,
  "p_bg": 0.3,
  "good_loss_rate": 0.0,
  "bad_loss_rate": 0.65
}