{
  "state": "good",
  "episode_index": 13780,
  "state_ordinal": 6890,
  "start_time_wall": 1756961593.3518407,
  "end_time_wall": 1756961594.7057393,
  "wall_time_sec": 1.3538984869992419,
  "steps": 689,
  "packets": 9899741,
  "dropped": 1,
  "running_total_steps": 1396820,
  "running_total_packets": 19833022050,
  "running_total_dropped": 210466887,
  "running_total_time_sec": 3540.109348971,
  "p_gb": 0.005,
  "p_bg": 0.3,
  "good_loss_rate": 0.0,
  "bad_loss_rate": 0.65
}