{
  "state": "good",
  "episode_index": 12468,
  "state_ordinal": 6234,
  "start_time_wall": 1756961255.4738665,
  "end_time_wall": 1756961256.0798836,
  "wall_time_sec": 0.6060169340016728,
  "steps": 247,
  "packets": 3629231,
  "dropped": 0,
  "running_total_steps": 1267306,
  "running_total_packets": 17994127474,
  "running_total_dropped": 190965641,
  "running_total_time_sec": 3201.483493255,
  "p_gb": 0.005,
  "p_bg": 0.3,
  "good_loss_rate": 0.0,
  "bad_loss_rate": 0.65
}