{
  "state": "good",
  "episode_index": 7208,
  "state_ordinal": 3604,
  "start_time_wall": 1756959900.0618238,
  "end_time_wall": 1756959900.64567,
  "wall_time_sec": 0.5838461019993701,
  "steps": 199,
  "packets": 2822092,
  "dropped": 0,
  "running_total_steps": 730651,
  "running_total_packets": 10374380263,
  "running_total_dropped": 110037679,
  "running_total_time_sec": 1846.0492794719994,
  "p_gb": 0.005,
  "p_bg": 0.3,
  "good_loss_rate": 0.0,
  "bad_loss_rate": 0.65
}