{
  "state": "good",
  "episode_index": 758,
  "state_ordinal": 379,
  "start_time_wall": 1756958207.033657,
  "end_time_wall": 1756958207.0454242,
  "wall_time_sec": 0.011767142999815405,
  "steps": 90,
  "packets": 1351020,
  "dropped": 0,
  "running_total_steps": 71193,
  "running_total_packets": 1010966445,
  "running_total_dropped": 12615680,
  "running_total_time_sec": 152.4490338889991,
  "p_gb": 0.005,
  "p_bg": 0.3,
  "good_loss_rate": 0.0,
  "bad_loss_rate": 0.65
}