{
  "state": "good",
  "episode_index": 3750,
  "state_ordinal": 1875,
  "start_time_wall": 1756958973.7320602,
  "end_time_wall": 1756958974.3254757,
  "wall_time_sec": 0.5934154460010177,
  "steps": 207,
  "packets": 2879965,
  "dropped": 0,
  "running_total_steps": 373853,
  "running_total_packets": 5308190133,
  "running_total_dropped": 58993665,
  "running_total_time_sec": 919.7290855169995,
  "p_gb": 0.005,
  "p_bg": 0.3,
  "good_loss_rate": 0.0,
  "bad_loss_rate": 0.65
}