{
  "state": "good",
  "episode_index": 5912,
  "state_ordinal": 2956,
  "start_time_wall": 1756959549.7065928,
  "end_time_wall": 1756959549.708624,
  "wall_time_sec": 0.002030949999607401,
  "steps": 14,
  "packets": 199608,
  "dropped": 0,
  "running_total_steps": 593212,
  "running_total_packets": 8422908560,
  "running_total_dropped": 91239860,
  "running_total_time_sec": 1495.112233472999,
  "p_gb": 0.005,
  "p_bg": 0.3,
  "good_loss_rate": 0.0,
  "bad_loss_rate": 0.65
}