{
  "state": "good",
  "episode_index": 13866,
  "state_ordinal": 6933,
  "start_time_wall": 1756961613.534783,
  "end_time_wall": 1756961614.1713843,
  "wall_time_sec": 0.63660134300153,
  "steps": 438,
  "packets": 6193854,
  "dropped": 1,
  "running_total_steps": 1406573,
  "running_total_packets": 19971372669,
  "running_total_dropped": 211436879,
  "running_total_time_sec": 3559.5749940620008,
  "p_gb": 0.005,
  "p_bg": 0.3,
  "good_loss_rate": 0.0,
  "bad_loss_rate": 0.65
}