{
  "state": "good",
  "episode_index": 14134,
  "state_ordinal": 7067,
  "start_time_wall": 1756961668.011114,
  "end_time_wall": 1756961668.012803,
  "wall_time_sec": 0.0016889319995243568,
  "steps": 10,
  "packets": 121511,
  "dropped": 0,
  "running_total_steps": 1432152,
  "running_total_packets": 20334703923,
  "running_total_dropped": 216367239,
  "running_total_time_sec": 3613.4164127699987,
  "p_gb": 0.005,
  "p_bg": 0.3,
  "good_loss_rate": 0.0,
  "bad_loss_rate": 0.65
}