{
  "state": "good",
  "episode_index": 4512,
  "state_ordinal": 2256,
  "start_time_wall": 1756959179.4136274,
  "end_time_wall": 1756959180.0260427,
  "wall_time_sec": 0.6124149429997487,
  "steps": 285,
  "packets": 4128269,
  "dropped": 0,
  "running_total_steps": 448263,
  "running_total_packets": 6364838069,
  "running_total_dropped": 70646333,
  "running_total_time_sec": 1125.4296521839988,
  "p_gb": 0.005,
  "p_bg": 0.3,
  "good_loss_rate": 0.0,
  "bad_loss_rate": 0.65
}