{
  "state": "good",
  "episode_index": 6678,
  "state_ordinal": 3339,
  "start_time_wall": 1756959750.7015748,
  "end_time_wall": 1756959751.2690291,
  "wall_time_sec": 0.5674543130007805,
  "steps": 44,
  "packets": 762296,
  "dropped": 0,
  "running_total_steps": 674794,
  "running_total_packets": 9581266178,
  "running_total_dropped": 101890449,
  "running_total_time_sec": 1696.6726388869993,
  "p_gb": 0.005,
  "p_bg": 0.3,
  "good_loss_rate": 0.0,
  "bad_loss_rate": 0.65
}