{
  "state": "good",
  "episode_index": 10126,
  "state_ordinal": 5063,
  "start_time_wall": 1756960657.7185798,
  "end_time_wall": 1756960657.7281687,
  "wall_time_sec": 0.009588965000148164,
  "steps": 75,
  "packets": 1152847,
  "dropped": 1,
  "running_total_steps": 1038838,
  "running_total_packets": 14750164054,
  "running_total_dropped": 152688204,
  "running_total_time_sec": 2603.131778447001,
  "p_gb": 0.005,
  "p_bg": 0.3,
  "good_loss_rate": 0.0,
  "bad_loss_rate": 0.65
}