{
  "state": "good",
  "episode_index": 8186,
  "state_ordinal": 4093,
  "start_time_wall": 1756960169.2693875,
  "end_time_wall": 1756960169.2875595,
  "wall_time_sec": 0.018171518000599463,
  "steps": 137,
  "packets": 1971563,
  "dropped": 0,
  "running_total_steps": 836577,
  "running_total_packets": 11878362703,
  "running_total_dropped": 125692445,
  "running_total_time_sec": 2114.6911691239984,
  "p_gb": 0.005,
  "p_bg": 0.3,
  "good_loss_rate": 0.0,
  "bad_loss_rate": 0.65
}