{
  "state": "good",
  "episode_index": 11800,
  "state_ordinal": 5900,
  "start_time_wall": 1756961064.9479253,
  "end_time_wall": 1756961066.5593295,
  "wall_time_sec": 1.6114040530010243,
  "steps": 914,
  "packets": 13054529,
  "dropped": 1,
  "running_total_steps": 1202856,
  "running_total_packets": 17078992151,
  "running_total_dropped": 180746959,
  "running_total_time_sec": 3011.9629390730006,
  "p_gb": 0.005,
  "p_bg": 0.3,
  "good_loss_rate": 0.0,
  "bad_loss_rate": 0.65
}