{
  "state": "good",
  "episode_index": 432,
  "state_ordinal": 216,
  "start_time_wall": 1756958137.8587317,
  "end_time_wall": 1756958138.4633417,
  "wall_time_sec": 0.6046101329993689,
  "steps": 232,
  "packets": 3400686,
  "dropped": 0,
  "running_total_steps": 37992,
  "running_total_packets": 539584120,
  "running_total_dropped": 7499960,
  "running_total_time_sec": 83.86695168999904,
  "p_gb": 0.005,
  "p_bg": 0.3,
  "good_loss_rate": 0.0,
  "bad_loss_rate": 0.65
}