{
  "state": "good",
  "episode_index": 14016,
  "state_ordinal": 7008,
  "start_time_wall": 1756961643.6786158,
  "end_time_wall": 1756961644.26786,
  "wall_time_sec": 0.5892442459989979,
  "steps": 162,
  "packets": 2292688,
  "dropped": 0,
  "running_total_steps": 1420891,
  "running_total_packets": 20174777537,
  "running_total_dropped": 214104314,
  "running_total_time_sec": 3589.6714697319985,
  "p_gb": 0.005,
  "p_bg": 0.3,
  "good_loss_rate": 0.0,
  "bad_loss_rate": 0.65
}