{
  "state": "good",
  "episode_index": 14120,
  "state_ordinal": 7060,
  "start_time_wall": 1756961663.0089011,
  "end_time_wall": 1756961663.0176976,
  "wall_time_sec": 0.00879632700161892,
  "steps": 72,
  "packets": 1077638,
  "dropped": 0,
  "running_total_steps": 1429972,
  "running_total_packets": 20303689822,
  "running_total_dropped": 216107456,
  "running_total_time_sec": 3608.4213072599996,
  "p_gb": 0.005,
  "p_bg": 0.3,
  "good_loss_rate": 0.0,
  "bad_loss_rate": 0.65
}