{
  "state": "good",
  "episode_index": 4392,
  "state_ordinal": 2196,
  "start_time_wall": 1756959153.0754132,
  "end_time_wall": 1756959153.08139,
  "wall_time_sec": 0.005976509000902297,
  "steps": 41,
  "packets": 666839,
  "dropped": 0,
  "running_total_steps": 435385,
  "running_total_packets": 6182008021,
  "running_total_dropped": 68145482,
  "running_total_time_sec": 1098.4849995759996,
  "p_gb": 0.005,
  "p_bg": 0.3,
  "good_loss_rate": 0.0,
  "bad_loss_rate": 0.65
}