{
  "state": "good",
  "episode_index": 3812,
  "state_ordinal": 1906,
  "start_time_wall": 1756958988.325983,
  "end_time_wall": 1756958988.3501816,
  "wall_time_sec": 0.024198677001550095,
  "steps": 199,
  "packets": 2822092,
  "dropped": 0,
  "running_total_steps": 380782,
  "running_total_packets": 5406682806,
  "running_total_dropped": 59753903,
  "running_total_time_sec": 933.7537913790002,
  "p_gb": 0.005,
  "p_bg": 0.3,
  "good_loss_rate": 0.0,
  "bad_loss_rate": 0.65
}