{
  "state": "good",
  "episode_index": 2928,
  "state_ordinal": 1464,
  "start_time_wall": 1756958784.8583496,
  "end_time_wall": 1756958784.8809972,
  "wall_time_sec": 0.02264731099967321,
  "steps": 174,
  "packets": 2489402,
  "dropped": 0,
  "running_total_steps": 299511,
  "running_total_packets": 4252773147,
  "running_total_dropped": 45764314,
  "running_total_time_sec": 730.2846067319988,
  "p_gb": 0.005,
  "p_bg": 0.3,
  "good_loss_rate": 0.0,
  "bad_loss_rate": 0.65
}