{
  "state": "good",
  "episode_index": 13290,
  "state_ordinal": 6645,
  "start_time_wall": 1756961457.4297013,
  "end_time_wall": 1756961458.0542152,
  "wall_time_sec": 0.6245136189972982,
  "steps": 317,
  "packets": 4570887,
  "dropped": 0,
  "running_total_steps": 1347382,
  "running_total_packets": 19131048154,
  "running_total_dropped": 203569214,
  "running_total_time_sec": 3403.457824795998,
  "p_gb": 0.005,
  "p_bg": 0.3,
  "good_loss_rate": 0.0,
  "bad_loss_rate": 0.65
}