{
  "state": "good",
  "episode_index": 15868,
  "state_ordinal": 7934,
  "start_time_wall": 1756962099.1289294,
  "end_time_wall": 1756962099.8985927,
  "wall_time_sec": 0.7696637089975411,
  "steps": 83,
  "packets": 1242533,
  "dropped": 1,
  "running_total_steps": 1605430,
  "running_total_packets": 22794991562,
  "running_total_dropped": 244492971,
  "running_total_time_sec": 4045.3022027769985,
  "p_gb": 0.005,
  "p_bg": 0.3,
  "good_loss_rate": 0.0,
  "bad_loss_rate": 0.65
}