{
  "state": "good",
  "episode_index": 10188,
  "state_ordinal": 5094,
  "start_time_wall": 1756960669.2814174,
  "end_time_wall": 1756960669.9024587,
  "wall_time_sec": 0.6210409619998245,
  "steps": 456,
  "packets": 6436864,
  "dropped": 0,
  "running_total_steps": 1044718,
  "running_total_packets": 14833581468,
  "running_total_dropped": 153615514,
  "running_total_time_sec": 2615.3060683039985,
  "p_gb": 0.005,
  "p_bg": 0.3,
  "good_loss_rate": 0.0,
  "bad_loss_rate": 0.65
}