{
  "state": "good",
  "episode_index": 12554,
  "state_ordinal": 6277,
  "start_time_wall": 1756961272.9830172,
  "end_time_wall": 1756961273.637704,
  "wall_time_sec": 0.6546864960000676,
  "steps": 547,
  "packets": 7653361,
  "dropped": 0,
  "running_total_steps": 1276123,
  "running_total_packets": 18119168965,
  "running_total_dropped": 192058440,
  "running_total_time_sec": 3219.041313491998,
  "p_gb": 0.005,
  "p_bg": 0.3,
  "good_loss_rate": 0.0,
  "bad_loss_rate": 0.65
}