{
  "state": "good",
  "episode_index": 2284,
  "state_ordinal": 1142,
  "start_time_wall": 1756958615.03021,
  "end_time_wall": 1756958617.15519,
  "wall_time_sec": 2.124980044998665,
  "steps": 981,
  "packets": 14000527,
  "dropped": 1,
  "running_total_steps": 235844,
  "running_total_packets": 3348797458,
  "running_total_dropped": 35934933,
  "running_total_time_sec": 562.5587997989987,
  "p_gb": 0.005,
  "p_bg": 0.3,
  "good_loss_rate": 0.0,
  "bad_loss_rate": 0.65
}