{
  "state": "good",
  "episode_index": 9858,
  "state_ordinal": 4929,
  "start_time_wall": 1756960599.6189775,
  "end_time_wall": 1756960599.6267276,
  "wall_time_sec": 0.007749969998258166,
  "steps": 58,
  "packets": 911284,
  "dropped": 0,
  "running_total_steps": 1010659,
  "running_total_packets": 14350054445,
  "running_total_dropped": 149350060,
  "running_total_time_sec": 2545.0303372339986,
  "p_gb": 0.005,
  "p_bg": 0.3,
  "good_loss_rate": 0.0,
  "bad_loss_rate": 0.65
}