{
  "state": "good",
  "episode_index": 14630,
  "state_ordinal": 7315,
  "start_time_wall": 1756961801.3426843,
  "end_time_wall": 1756961801.9334455,
  "wall_time_sec": 0.5907612430019071,
  "steps": 165,
  "packets": 2367897,
  "dropped": 0,
  "running_total_steps": 1480050,
  "running_total_packets": 21014723060,
  "running_total_dropped": 224381615,
  "running_total_time_sec": 3747.3370551629996,
  "p_gb": 0.005,
  "p_bg": 0.3,
  "good_loss_rate": 0.0,
  "bad_loss_rate": 0.65
}