{
  "state": "good",
  "episode_index": 7838,
  "state_ordinal": 3919,
  "start_time_wall": 1756960043.864262,
  "end_time_wall": 1756960043.8910947,
  "wall_time_sec": 0.026832464000108303,
  "steps": 212,
  "packets": 2975434,
  "dropped": 0,
  "running_total_steps": 800410,
  "running_total_packets": 11364842798,
  "running_total_dropped": 120545960,
  "running_total_time_sec": 1989.2947045239998,
  "p_gb": 0.005,
  "p_bg": 0.3,
  "good_loss_rate": 0.0,
  "bad_loss_rate": 0.65
}