{
  "state": "good",
  "episode_index": 15034,
  "state_ordinal": 7517,
  "start_time_wall": 1756961882.8718753,
  "end_time_wall": 1756961884.4811883,
  "wall_time_sec": 1.6093129629989562,
  "steps": 969,
  "packets": 13783565,
  "dropped": 1,
  "running_total_steps": 1520106,
  "running_total_packets": 21583445217,
  "running_total_dropped": 230172625,
  "running_total_time_sec": 3829.884798054998,
  "p_gb": 0.005,
  "p_bg": 0.3,
  "good_loss_rate": 0.0,
  "bad_loss_rate": 0.65
}