{
  "state": "good",
  "episode_index": 11110,
  "state_ordinal": 5555,
  "start_time_wall": 1756960922.4201584,
  "end_time_wall": 1756960922.4270928,
  "wall_time_sec": 0.006934293000085745,
  "steps": 66,
  "packets": 863559,
  "dropped": 0,
  "running_total_steps": 1133358,
  "running_total_packets": 16092157418,
  "running_total_dropped": 169440975,
  "running_total_time_sec": 2867.8307024649985,
  "p_gb": 0.005,
  "p_bg": 0.3,
  "good_loss_rate": 0.0,
  "bad_loss_rate": 0.65
}