{
  "state": "good",
  "episode_index": 2832,
  "state_ordinal": 1416,
  "start_time_wall": 1756958763.420339,
  "end_time_wall": 1756958764.9510443,
  "wall_time_sec": 1.530704892000358,
  "steps": 684,
  "packets": 9655296,
  "dropped": 1,
  "running_total_steps": 289754,
  "running_total_packets": 4114159282,
  "running_total_dropped": 44365720,
  "running_total_time_sec": 710.3546539250001,
  "p_gb": 0.005,
  "p_bg": 0.3,
  "good_loss_rate": 0.0,
  "bad_loss_rate": 0.65
}