{
  "state": "good",
  "episode_index": 14384,
  "state_ordinal": 7192,
  "start_time_wall": 1756961756.7531996,
  "end_time_wall": 1756961756.760186,
  "wall_time_sec": 0.006986123000388034,
  "steps": 68,
  "packets": 876577,
  "dropped": 0,
  "running_total_steps": 1458587,
  "running_total_packets": 20709929647,
  "running_total_dropped": 220303945,
  "running_total_time_sec": 3702.1637953729987,
  "p_gb": 0.005,
  "p_bg": 0.3,
  "good_loss_rate": 0.0,
  "bad_loss_rate": 0.65
}