{
  "state": "good",
  "episode_index": 2012,
  "state_ordinal": 1006,
  "start_time_wall": 1756958551.9985318,
  "end_time_wall": 1756958552.0025103,
  "wall_time_sec": 0.003978269998697215,
  "steps": 29,
  "packets": 377533,
  "dropped": 0,
  "running_total_steps": 204056,
  "running_total_packets": 2897418600,
  "running_total_dropped": 32178688,
  "running_total_time_sec": 497.4061199769985,
  "p_gb": 0.005,
  "p_bg": 0.3,
  "good_loss_rate": 0.0,
  "bad_loss_rate": 0.65
}