{
  "state": "good",
  "episode_index": 4332,
  "state_ordinal": 2166,
  "start_time_wall": 1756959143.7741055,
  "end_time_wall": 1756959143.7847874,
  "wall_time_sec": 0.01068173800013028,
  "steps": 83,
  "packets": 1093557,
  "dropped": 0,
  "running_total_steps": 430897,
  "running_total_packets": 6118190505,
  "running_total_dropped": 67379469,
  "running_total_time_sec": 1089.1883972019987,
  "p_gb": 0.005,
  "p_bg": 0.3,
  "good_loss_rate": 0.0,
  "bad_loss_rate": 0.65
}