{
  "state": "good",
  "episode_index": 1152,
  "state_ordinal": 576,
  "start_time_wall": 1756958332.0381615,
  "end_time_wall": 1756958332.0418215,
  "wall_time_sec": 0.003660091999336146,
  "steps": 27,
  "packets": 364515,
  "dropped": 0,
  "running_total_steps": 114427,
  "running_total_packets": 1624803057,
  "running_total_dropped": 18154636,
  "running_total_time_sec": 277.44543121099923,
  "p_gb": 0.005,
  "p_bg": 0.3,
  "good_loss_rate": 0.0,
  "bad_loss_rate": 0.65
}