{
  "state": "good",
  "episode_index": 2680,
  "state_ordinal": 1340,
  "start_time_wall": 1756958733.6586413,
  "end_time_wall": 1756958734.4050505,
  "wall_time_sec": 0.7464092699992761,
  "steps": 73,
  "packets": 1121022,
  "dropped": 1,
  "running_total_steps": 274783,
  "running_total_packets": 3901696507,
  "running_total_dropped": 41909938,
  "running_total_time_sec": 679.808660368999,
  "p_gb": 0.005,
  "p_bg": 0.3,
  "good_loss_rate": 0.0,
  "bad_loss_rate": 0.65
}