{
  "state": "good",
  "episode_index": 13396,
  "state_ordinal": 6698,
  "start_time_wall": 1756961479.0449233,
  "end_time_wall": 1756961479.046142,
  "wall_time_sec": 0.0012183710023236927,
  "steps": 9,
  "packets": 121505,
  "dropped": 0,
  "running_total_steps": 1357732,
  "running_total_packets": 19277934476,
  "running_total_dropped": 204794805,
  "running_total_time_sec": 3424.449751821001,
  "p_gb": 0.005,
  "p_bg": 0.3,
  "good_loss_rate": 0.0,
  "bad_loss_rate": 0.65
}