{
  "state": "good",
  "episode_index": 11824,
  "state_ordinal": 5912,
  "start_time_wall": 1756961071.6385443,
  "end_time_wall": 1756961071.647201,
  "wall_time_sec": 0.008656088997668121,
  "steps": 65,
  "packets": 882360,
  "dropped": 1,
  "running_total_steps": 1205304,
  "running_total_packets": 17113725175,
  "running_total_dropped": 181130849,
  "running_total_time_sec": 3017.0508107239984,
  "p_gb": 0.005,
  "p_bg": 0.3,
  "good_loss_rate": 0.0,
  "bad_loss_rate": 0.65
}