{
  "state": "good",
  "episode_index": 4608,
  "state_ordinal": 2304,
  "start_time_wall": 1756959197.7591238,
  "end_time_wall": 1756959197.7630022,
  "wall_time_sec": 0.003878510999129503,
  "steps": 29,
  "packets": 377533,
  "dropped": 0,
  "running_total_steps": 456638,
  "running_total_packets": 6483639422,
  "running_total_dropped": 72149616,
  "running_total_time_sec": 1143.166611913999,
  "p_gb": 0.005,
  "p_bg": 0.3,
  "good_loss_rate": 0.0,
  "bad_loss_rate": 0.65
}