{
  "state": "good",
  "episode_index": 6196,
  "state_ordinal": 3098,
  "start_time_wall": 1756959609.159501,
  "end_time_wall": 1756959610.6984553,
  "wall_time_sec": 1.5389542129996698,
  "steps": 645,
  "packets": 9124439,
  "dropped": 0,
  "running_total_steps": 623358,
  "running_total_packets": 8850919454,
  "running_total_dropped": 94635616,
  "running_total_time_sec": 1556.102064929999,
  "p_gb": 0.005,
  "p_bg": 0.3,
  "good_loss_rate": 0.0,
  "bad_loss_rate": 0.65
}