{
  "state": "good",
  "episode_index": 2332,
  "state_ordinal": 1166,
  "start_time_wall": 1756958628.2061412,
  "end_time_wall": 1756958664.6837137,
  "wall_time_sec": 36.47757280000042,
  "steps": 641,
  "packets": 9111409,
  "dropped": 1,
  "running_total_steps": 241780,
  "running_total_packets": 3432987292,
  "running_total_dropped": 36680366,
  "running_total_time_sec": 610.0873238269996,
  "p_gb": 0.005,
  "p_bg": 0.3,
  "good_loss_rate": 0.0,
  "bad_loss_rate": 0.65
}