{
  "state": "good",
  "episode_index": 10508,
  "state_ordinal": 5254,
  "start_time_wall": 1756960762.896143,
  "end_time_wall": 1756960762.902356,
  "wall_time_sec": 0.006212939999386435,
  "steps": 58,
  "packets": 805686,
  "dropped": 0,
  "running_total_steps": 1073464,
  "running_total_packets": 15241766808,
  "running_total_dropped": 158157805,
  "running_total_time_sec": 2708.3059655299985,
  "p_gb": 0.005,
  "p_bg": 0.3,
  "good_loss_rate": 0.0,
  "bad_loss_rate": 0.65
}