{
  "state": "good",
  "episode_index": 7218,
  "state_ordinal": 3609,
  "start_time_wall": 1756959903.4313009,
  "end_time_wall": 1756959904.03745,
  "wall_time_sec": 0.6061491140008002,
  "steps": 164,
  "packets": 2367891,
  "dropped": 0,
  "running_total_steps": 732405,
  "running_total_packets": 10399187504,
  "running_total_dropped": 110169986,
  "running_total_time_sec": 1849.441059621,
  "p_gb": 0.005,
  "p_bg": 0.3,
  "good_loss_rate": 0.0,
  "bad_loss_rate": 0.65
}