{
  "state": "good",
  "episode_index": 1182,
  "state_ordinal": 591,
  "start_time_wall": 1756958338.859178,
  "end_time_wall": 1756958338.8621757,
  "wall_time_sec": 0.0029975649995321874,
  "steps": 26,
  "packets": 364509,
  "dropped": 0,
  "running_total_steps": 117893,
  "running_total_packets": 1674034199,
  "running_total_dropped": 18893947,
  "running_total_time_sec": 284.2657853619985,
  "p_gb": 0.005,
  "p_bg": 0.3,
  "good_loss_rate": 0.0,
  "bad_loss_rate": 0.65
}