{
  "state": "good",
  "episode_index": 4444,
  "state_ordinal": 2222,
  "start_time_wall": 1756959164.8871255,
  "end_time_wall": 1756959165.4734263,
  "wall_time_sec": 0.5863009019994934,
  "steps": 117,
  "packets": 1728541,
  "dropped": 0,
  "running_total_steps": 441301,
  "running_total_packets": 6265954833,
  "running_total_dropped": 69241360,
  "running_total_time_sec": 1110.8770360889994,
  "p_gb": 0.005,
  "p_bg": 0.3,
  "good_loss_rate": 0.0,
  "bad_loss_rate": 0.65
}