{
  "state": "good",
  "episode_index": 6758,
  "state_ordinal": 3379,
  "start_time_wall": 1756959769.480497,
  "end_time_wall": 1756959769.4855905,
  "wall_time_sec": 0.005093619000035687,
  "steps": 38,
  "packets": 529410,
  "dropped": 0,
  "running_total_steps": 683706,
  "running_total_packets": 9707746916,
  "running_total_dropped": 102871308,
  "running_total_time_sec": 1714.889200280999,
  "p_gb": 0.005,
  "p_bg": 0.3,
  "good_loss_rate": 0.0,
  "bad_loss_rate": 0.65
}