{
  "state": "good",
  "episode_index": 10072,
  "state_ordinal": 5036,
  "start_time_wall": 1756960645.202052,
  "end_time_wall": 1756960645.2026284,
  "wall_time_sec": 0.0005763640001532622,
  "steps": 2,
  "packets": 31825,
  "dropped": 0,
  "running_total_steps": 1032882,
  "running_total_packets": 14665550409,
  "running_total_dropped": 151866520,
  "running_total_time_sec": 2590.606238075001,
  "p_gb": 0.005,
  "p_bg": 0.3,
  "good_loss_rate": 0.0,
  "bad_loss_rate": 0.65
}