{
  "state": "good",
  "episode_index": 8340,
  "state_ordinal": 4170,
  "start_time_wall": 1756960205.3208604,
  "end_time_wall": 1756960206.1442804,
  "wall_time_sec": 0.8234198030004336,
  "steps": 690,
  "packets": 9762336,
  "dropped": 1,
  "running_total_steps": 854413,
  "running_total_packets": 12131515129,
  "running_total_dropped": 127824776,
  "running_total_time_sec": 2151.547890018999,
  "p_gb": 0.005,
  "p_bg": 0.3,
  "good_loss_rate": 0.0,
  "bad_loss_rate": 0.65
}