{
  "state": "good",
  "episode_index": 14890,
  "state_ordinal": 7445,
  "start_time_wall": 1756961856.0595875,
  "end_time_wall": 1756961856.076875,
  "wall_time_sec": 0.017287435999605805,
  "steps": 134,
  "packets": 1821128,
  "dropped": 2,
  "running_total_steps": 1506477,
  "running_total_packets": 21389877905,
  "running_total_dropped": 228298409,
  "running_total_time_sec": 3801.480484749998,
  "p_gb": 0.005,
  "p_bg": 0.3,
  "good_loss_rate": 0.0,
  "bad_loss_rate": 0.65
}