{
  "state": "good",
  "episode_index": 6268,
  "state_ordinal": 3134,
  "start_time_wall": 1756959628.1763635,
  "end_time_wall": 1756959628.765986,
  "wall_time_sec": 0.589622221999889,
  "steps": 124,
  "packets": 1824022,
  "dropped": 0,
  "running_total_steps": 632173,
  "running_total_packets": 8976114269,
  "running_total_dropped": 95627740,
  "running_total_time_sec": 1574.1695956709991,
  "p_gb": 0.005,
  "p_bg": 0.3,
  "good_loss_rate": 0.0,
  "bad_loss_rate": 0.65
}