{
  "state": "good",
  "episode_index": 5618,
  "state_ordinal": 2809,
  "start_time_wall": 1756959448.0348947,
  "end_time_wall": 1756959448.0593362,
  "wall_time_sec": 0.024441305999062024,
  "steps": 194,
  "packets": 2745430,
  "dropped": 0,
  "running_total_steps": 561233,
  "running_total_packets": 7968829109,
  "running_total_dropped": 86397019,
  "running_total_time_sec": 1393.4629457109986,
  "p_gb": 0.005,
  "p_bg": 0.3,
  "good_loss_rate": 0.0,
  "bad_loss_rate": 0.65
}