{
  "state": "good",
  "episode_index": 4694,
  "state_ordinal": 2347,
  "start_time_wall": 1756959215.1279664,
  "end_time_wall": 1756959215.1415997,
  "wall_time_sec": 0.013632938000228023,
  "steps": 119,
  "packets": 1748801,
  "dropped": 0,
  "running_total_steps": 465226,
  "running_total_packets": 6605617252,
  "running_total_dropped": 73314745,
  "running_total_time_sec": 1160.5452094489992,
  "p_gb": 0.005,
  "p_bg": 0.3,
  "good_loss_rate": 0.0,
  "bad_loss_rate": 0.65
}