{
  "state": "good",
  "episode_index": 1622,
  "state_ordinal": 811,
  "start_time_wall": 1756958468.4633167,
  "end_time_wall": 1756958470.0386214,
  "wall_time_sec": 1.575304440999389,
  "steps": 755,
  "packets": 10712680,
  "dropped": 1,
  "running_total_steps": 165107,
  "running_total_packets": 2344366227,
  "running_total_dropped": 25659541,
  "running_total_time_sec": 415.44223098399925,
  "p_gb": 0.005,
  "p_bg": 0.3,
  "good_loss_rate": 0.0,
  "bad_loss_rate": 0.65
}