{
  "state": "good",
  "episode_index": 9782,
  "state_ordinal": 4891,
  "start_time_wall": 1756960584.4246416,
  "end_time_wall": 1756960585.0447354,
  "wall_time_sec": 0.6200938470028632,
  "steps": 388,
  "packets": 5541480,
  "dropped": 0,
  "running_total_steps": 1003735,
  "running_total_packets": 14251700619,
  "running_total_dropped": 147785939,
  "running_total_time_sec": 2530.448345238001,
  "p_gb": 0.005,
  "p_bg": 0.3,
  "good_loss_rate": 0.0,
  "bad_loss_rate": 0.65
}