{
  "state": "good",
  "episode_index": 8366,
  "state_ordinal": 4183,
  "start_time_wall": 1756960211.3109448,
  "end_time_wall": 1756960211.3178544,
  "wall_time_sec": 0.006909471998369554,
  "steps": 53,
  "packets": 727583,
  "dropped": 0,
  "running_total_steps": 856526,
  "running_total_packets": 12161583232,
  "running_total_dropped": 128264435,
  "running_total_time_sec": 2156.7214639999984,
  "p_gb": 0.005,
  "p_bg": 0.3,
  "good_loss_rate": 0.0,
  "bad_loss_rate": 0.65
}