{
  "state": "good",
  "episode_index": 6302,
  "state_ordinal": 3151,
  "start_time_wall": 1756959637.3669567,
  "end_time_wall": 1756959637.998724,
  "wall_time_sec": 0.6317671630004043,
  "steps": 337,
  "packets": 4857287,
  "dropped": 1,
  "running_total_steps": 636665,
  "running_total_packets": 9039872471,
  "running_total_dropped": 96230854,
  "running_total_time_sec": 1583.4023337079998,
  "p_gb": 0.005,
  "p_bg": 0.3,
  "good_loss_rate": 0.0,
  "bad_loss_rate": 0.65
}