{
  "state": "good",
  "episode_index": 12778,
  "state_ordinal": 6389,
  "start_time_wall": 1756961354.917337,
  "end_time_wall": 1756961355.496191,
  "wall_time_sec": 0.5788540049979929,
  "steps": 109,
  "packets": 1595477,
  "dropped": 0,
  "running_total_steps": 1297897,
  "running_total_packets": 18428423343,
  "running_total_dropped": 195660621,
  "running_total_time_sec": 3300.8998005369976,
  "p_gb": 0.005,
  "p_bg": 0.3,
  "good_loss_rate": 0.0,
  "bad_loss_rate": 0.65
}