{
  "state": "good",
  "episode_index": 14802,
  "state_ordinal": 7401,
  "start_time_wall": 1756961837.7151287,
  "end_time_wall": 1756961838.3164315,
  "wall_time_sec": 0.6013028530032898,
  "steps": 176,
  "packets": 2489414,
  "dropped": 0,
  "running_total_steps": 1497760,
  "running_total_packets": 21266174416,
  "running_total_dropped": 227091566,
  "running_total_time_sec": 3783.720041165001,
  "p_gb": 0.005,
  "p_bg": 0.3,
  "good_loss_rate": 0.0,
  "bad_loss_rate": 0.65
}