{
  "state": "good",
  "episode_index": 7440,
  "state_ordinal": 3720,
  "start_time_wall": 1756959952.676271,
  "end_time_wall": 1756959953.464554,
  "wall_time_sec": 0.7882830329999706,
  "steps": 369,
  "packets": 5266651,
  "dropped": 0,
  "running_total_steps": 756021,
  "running_total_packets": 10734549511,
  "running_total_dropped": 113923250,
  "running_total_time_sec": 1898.868163571,
  "p_gb": 0.005,
  "p_bg": 0.3,
  "good_loss_rate": 0.0,
  "bad_loss_rate": 0.65
}