{
  "state": "good",
  "episode_index": 1692,
  "state_ordinal": 846,
  "start_time_wall": 1756958482.9670274,
  "end_time_wall": 1756958483.5531185,
  "wall_time_sec": 0.5860907660007797,
  "steps": 78,
  "packets": 1228056,
  "dropped": 0,
  "running_total_steps": 171523,
  "running_total_packets": 2435512199,
  "running_total_dropped": 26777378,
  "running_total_time_sec": 428.95672803699927,
  "p_gb": 0.005,
  "p_bg": 0.3,
  "good_loss_rate": 0.0,
  "bad_loss_rate": 0.65
}