{
  "state": "good",
  "episode_index": 5392,
  "state_ordinal": 2696,
  "start_time_wall": 1756959397.50372,
  "end_time_wall": 1756959398.1001751,
  "wall_time_sec": 0.5964550480002799,
  "steps": 264,
  "packets": 3853428,
  "dropped": 0,
  "running_total_steps": 536494,
  "running_total_packets": 7617617946,
  "running_total_dropped": 83251805,
  "running_total_time_sec": 1343.5037847919994,
  "p_gb": 0.005,
  "p_bg": 0.3,
  "good_loss_rate": 0.0,
  "bad_loss_rate": 0.65
}