{
  "state": "good",
  "episode_index": 10060,
  "state_ordinal": 5030,
  "start_time_wall": 1756960643.512474,
  "end_time_wall": 1756960643.533298,
  "wall_time_sec": 0.02082360799977323,
  "steps": 178,
  "packets": 2584865,
  "dropped": 0,
  "running_total_steps": 1032060,
  "running_total_packets": 14653891731,
  "running_total_dropped": 151712059,
  "running_total_time_sec": 2588.936907528998,
  "p_gb": 0.005,
  "p_bg": 0.3,
  "good_loss_rate": 0.0,
  "bad_loss_rate": 0.65
}