{
  "state": "good",
  "episode_index": 5418,
  "state_ordinal": 2709,
  "start_time_wall": 1756959404.7455373,
  "end_time_wall": 1756959405.3194945,
  "wall_time_sec": 0.573956949998319,
  "steps": 80,
  "packets": 1261322,
  "dropped": 0,
  "running_total_steps": 540158,
  "running_total_packets": 7669627796,
  "running_total_dropped": 83548261,
  "running_total_time_sec": 1350.7231040649986,
  "p_gb": 0.005,
  "p_bg": 0.3,
  "good_loss_rate": 0.0,
  "bad_loss_rate": 0.65
}