{
  "state": "good",
  "episode_index": 3996,
  "state_ordinal": 1998,
  "start_time_wall": 1756959026.4330473,
  "end_time_wall": 1756959027.094207,
  "wall_time_sec": 0.6611595710000984,
  "steps": 603,
  "packets": 8561751,
  "dropped": 0,
  "running_total_steps": 399782,
  "running_total_packets": 5676345426,
  "running_total_dropped": 62272841,
  "running_total_time_sec": 972.4978167399986,
  "p_gb": 0.005,
  "p_bg": 0.3,
  "good_loss_rate": 0.0,
  "bad_loss_rate": 0.65
}