{
  "state": "good",
  "episode_index": 2390,
  "state_ordinal": 1195,
  "start_time_wall": 1756958678.890395,
  "end_time_wall": 1756958678.891556,
  "wall_time_sec": 0.0011613090009632288,
  "steps": 8,
  "packets": 120058,
  "dropped": 0,
  "running_total_steps": 248627,
  "running_total_packets": 3530185377,
  "running_total_dropped": 37609583,
  "running_total_time_sec": 624.2951659259998,
  "p_gb": 0.005,
  "p_bg": 0.3,
  "good_loss_rate": 0.0,
  "bad_loss_rate": 0.65
}