{
  "state": "good",
  "episode_index": 2806,
  "state_ordinal": 1403,
  "start_time_wall": 1756958759.3697736,
  "end_time_wall": 1756958759.3795862,
  "wall_time_sec": 0.009812759000851656,
  "steps": 77,
  "packets": 998082,
  "dropped": 0,
  "running_total_steps": 286967,
  "running_total_packets": 4074568959,
  "running_total_dropped": 43959803,
  "running_total_time_sec": 704.7831960029998,
  "p_gb": 0.005,
  "p_bg": 0.3,
  "good_loss_rate": 0.0,
  "bad_loss_rate": 0.65
}