{
  "state": "good",
  "episode_index": 10804,
  "state_ordinal": 5402,
  "start_time_wall": 1756960826.70717,
  "end_time_wall": 1756960826.7087014,
  "wall_time_sec": 0.0015312279974750709,
  "steps": 9,
  "packets": 109940,
  "dropped": 0,
  "running_total_steps": 1104293,
  "running_total_packets": 15679419986,
  "running_total_dropped": 163422343,
  "running_total_time_sec": 2772.112311017998,
  "p_gb": 0.005,
  "p_bg": 0.3,
  "good_loss_rate": 0.0,
  "bad_loss_rate": 0.65
}