{
  "state": "good",
  "episode_index": 14074,
  "state_ordinal": 7037,
  "start_time_wall": 1756961653.793336,
  "end_time_wall": 1756961653.800142,
  "wall_time_sec": 0.006806221001170343,
  "steps": 46,
  "packets": 775314,
  "dropped": 0,
  "running_total_steps": 1425511,
  "running_total_packets": 20240403163,
  "running_total_dropped": 215191173,
  "running_total_time_sec": 3599.203751817,
  "p_gb": 0.005,
  "p_bg": 0.3,
  "good_loss_rate": 0.0,
  "bad_loss_rate": 0.65
}