{
  "state": "good",
  "episode_index": 2518,
  "state_ordinal": 1259,
  "start_time_wall": 1756958702.3148863,
  "end_time_wall": 1756958702.9002535,
  "wall_time_sec": 0.5853668109994032,
  "steps": 129,
  "packets": 1881877,
  "dropped": 0,
  "running_total_steps": 259953,
  "running_total_packets": 3691082355,
  "running_total_dropped": 39345134,
  "running_total_time_sec": 648.303863060999,
  "p_gb": 0.005,
  "p_bg": 0.3,
  "good_loss_rate": 0.0,
  "bad_loss_rate": 0.65
}