{
  "state": "good",
  "episode_index": 4024,
  "state_ordinal": 2012,
  "start_time_wall": 1756959032.1006625,
  "end_time_wall": 1756959085.7393584,
  "wall_time_sec": 53.63869586299916,
  "steps": 199,
  "packets": 2853905,
  "dropped": 0,
  "running_total_steps": 402143,
  "running_total_packets": 5709958857,
  "running_total_dropped": 62766752,
  "running_total_time_sec": 1031.142968148999,
  "p_gb": 0.005,
  "p_bg": 0.3,
  "good_loss_rate": 0.0,
  "bad_loss_rate": 0.65
}