{
  "state": "good",
  "episode_index": 3866,
  "state_ordinal": 1933,
  "start_time_wall": 1756958998.2220569,
  "end_time_wall": 1756959000.5421603,
  "wall_time_sec": 2.320103003999975,
  "steps": 1087,
  "packets": 15500547,
  "dropped": 1,
  "running_total_steps": 386563,
  "running_total_packets": 5488763665,
  "running_total_dropped": 60474057,
  "running_total_time_sec": 945.9457699989998,
  "p_gb": 0.005,
  "p_bg": 0.3,
  "good_loss_rate": 0.0,
  "bad_loss_rate": 0.65
}