{
  "state": "good",
  "episode_index": 15412,
  "state_ordinal": 7706,
  "start_time_wall": 1756961992.9705932,
  "end_time_wall": 1756961993.785551,
  "wall_time_sec": 0.8149575269999332,
  "steps": 636,
  "packets": 8972562,
  "dropped": 1,
  "running_total_steps": 1554985,
  "running_total_packets": 22078704691,
  "running_total_dropped": 236624973,
  "running_total_time_sec": 3939.189160662998,
  "p_gb": 0.005,
  "p_bg": 0.3,
  "good_loss_rate": 0.0,
  "bad_loss_rate": 0.65
}