{
  "state": "good",
  "episode_index": 15150,
  "state_ordinal": 7575,
  "start_time_wall": 1756961945.5383022,
  "end_time_wall": 1756961946.1726482,
  "wall_time_sec": 0.6343461139986175,
  "steps": 416,
  "packets": 5937814,
  "dropped": 0,
  "running_total_steps": 1532513,
  "running_total_packets": 21759659035,
  "running_total_dropped": 231958480,
  "running_total_time_sec": 3891.576257978999,
  "p_gb": 0.005,
  "p_bg": 0.3,
  "good_loss_rate": 0.0,
  "bad_loss_rate": 0.65
}