{
  "state": "good",
  "episode_index": 2766,
  "state_ordinal": 1383,
  "start_time_wall": 1756958753.3960528,
  "end_time_wall": 1756958753.4037068,
  "wall_time_sec": 0.007653923999896506,
  "steps": 57,
  "packets": 824487,
  "dropped": 0,
  "running_total_steps": 284111,
  "running_total_packets": 4034102053,
  "running_total_dropped": 43335932,
  "running_total_time_sec": 698.8073166539998,
  "p_gb": 0.005,
  "p_bg": 0.3,
  "good_loss_rate": 0.0,
  "bad_loss_rate": 0.65
}