{
  "state": "good",
  "episode_index": 5272,
  "state_ordinal": 2636,
  "start_time_wall": 1756959378.4792569,
  "end_time_wall": 1756959378.500332,
  "wall_time_sec": 0.021074985999803175,
  "steps": 165,
  "packets": 2367897,
  "dropped": 0,
  "running_total_steps": 527064,
  "running_total_packets": 7483695038,
  "running_total_dropped": 81518816,
  "running_total_time_sec": 1323.9039417289987,
  "p_gb": 0.005,
  "p_bg": 0.3,
  "good_loss_rate": 0.0,
  "bad_loss_rate": 0.65
}