{
  "state": "good",
  "episode_index": 3696,
  "state_ordinal": 1848,
  "start_time_wall": 1756958963.8242004,
  "end_time_wall": 1756958963.834708,
  "wall_time_sec": 0.0105073419999826,
  "steps": 101,
  "packets": 1368380,
  "dropped": 0,
  "running_total_steps": 368778,
  "running_total_packets": 5236208641,
  "running_total_dropped": 58212260,
  "running_total_time_sec": 909.2383175759987,
  "p_gb": 0.005,
  "p_bg": 0.3,
  "good_loss_rate": 0.0,
  "bad_loss_rate": 0.65
}