{
  "state": "good",
  "episode_index": 8436,
  "state_ordinal": 4218,
  "start_time_wall": 1756960227.1006577,
  "end_time_wall": 1756960227.6555545,
  "wall_time_sec": 0.5548969039991789,
  "steps": 45,
  "packets": 773867,
  "dropped": 0,
  "running_total_steps": 864511,
  "running_total_packets": 12274999311,
  "running_total_dropped": 129086249,
  "running_total_time_sec": 2173.059164410999,
  "p_gb": 0.005,
  "p_bg": 0.3,
  "good_loss_rate": 0.0,
  "bad_loss_rate": 0.65
}