{
  "state": "good",
  "episode_index": 12242,
  "state_ordinal": 6121,
  "start_time_wall": 1756961210.474856,
  "end_time_wall": 1756961211.0611057,
  "wall_time_sec": 0.5862496609988739,
  "steps": 97,
  "packets": 1502885,
  "dropped": 0,
  "running_total_steps": 1246016,
  "running_total_packets": 17691855270,
  "running_total_dropped": 187207957,
  "running_total_time_sec": 3156.464715274,
  "p_gb": 0.005,
  "p_bg": 0.3,
  "good_loss_rate": 0.0,
  "bad_loss_rate": 0.65
}