{
  "state": "good",
  "episode_index": 2734,
  "state_ordinal": 1367,
  "start_time_wall": 1756958745.9938354,
  "end_time_wall": 1756958746.6189573,
  "wall_time_sec": 0.6251215949996549,
  "steps": 435,
  "packets": 6297993,
  "dropped": 0,
  "running_total_steps": 281013,
  "running_total_packets": 3990136115,
  "running_total_dropped": 42869460,
  "running_total_time_sec": 692.0225668879993,
  "p_gb": 0.005,
  "p_bg": 0.3,
  "good_loss_rate": 0.0,
  "bad_loss_rate": 0.65
}