{
  "state": "good",
  "episode_index": 11416,
  "state_ordinal": 5708,
  "start_time_wall": 1756960981.9144273,
  "end_time_wall": 1756960982.480928,
  "wall_time_sec": 0.5665005570008361,
  "steps": 122,
  "packets": 1771949,
  "dropped": 0,
  "running_total_steps": 1162046,
  "running_total_packets": 16499537072,
  "running_total_dropped": 174380591,
  "running_total_time_sec": 2927.8845377709986,
  "p_gb": 0.005,
  "p_bg": 0.3,
  "good_loss_rate": 0.0,
  "bad_loss_rate": 0.65
}