{
  "state": "good",
  "episode_index": 13028,
  "state_ordinal": 6514,
  "start_time_wall": 1756961407.5425057,
  "end_time_wall": 1756961407.5469239,
  "wall_time_sec": 0.0044179379983688705,
  "steps": 41,
  "packets": 543875,
  "dropped": 0,
  "running_total_steps": 1323042,
  "running_total_packets": 18785449368,
  "running_total_dropped": 199647926,
  "running_total_time_sec": 3352.9505334959977,
  "p_gb": 0.005,
  "p_bg": 0.3,
  "good_loss_rate": 0.0,
  "bad_loss_rate": 0.65
}