{
  "state": "good",
  "episode_index": 1172,
  "state_ordinal": 586,
  "start_time_wall": 1756958336.2203262,
  "end_time_wall": 1756958336.2272289,
  "wall_time_sec": 0.006902674000230036,
  "steps": 8,
  "packets": 121499,
  "dropped": 0,
  "running_total_steps": 116415,
  "running_total_packets": 1653084746,
  "running_total_dropped": 18733905,
  "running_total_time_sec": 281.63083855999867,
  "p_gb": 0.005,
  "p_bg": 0.3,
  "good_loss_rate": 0.0,
  "bad_loss_rate": 0.65
}