{
  "state": "good",
  "episode_index": 6826,
  "state_ordinal": 3413,
  "start_time_wall": 1756959785.9505184,
  "end_time_wall": 1756959786.7385828,
  "wall_time_sec": 0.7880642990003253,
  "steps": 462,
  "packets": 6543904,
  "dropped": 1,
  "running_total_steps": 692417,
  "running_total_packets": 9831391103,
  "running_total_dropped": 104039867,
  "running_total_time_sec": 1732.142192461999,
  "p_gb": 0.005,
  "p_bg": 0.3,
  "good_loss_rate": 0.0,
  "bad_loss_rate": 0.65
}