{
  "state": "good",
  "episode_index": 13512,
  "state_ordinal": 6756,
  "start_time_wall": 1756961536.6670628,
  "end_time_wall": 1756961537.288975,
  "wall_time_sec": 0.6219120179994206,
  "steps": 301,
  "packets": 4371267,
  "dropped": 0,
  "running_total_steps": 1368854,
  "running_total_packets": 19435963072,
  "running_total_dropped": 206349462,
  "running_total_time_sec": 3482.6925846720005,
  "p_gb": 0.005,
  "p_bg": 0.3,
  "good_loss_rate": 0.0,
  "bad_loss_rate": 0.65
}