{
  "state": "good",
  "episode_index": 7286,
  "state_ordinal": 3643,
  "start_time_wall": 1756959915.8940067,
  "end_time_wall": 1756959916.6628554,
  "wall_time_sec": 0.768848607000109,
  "steps": 197,
  "packets": 2827881,
  "dropped": 1,
  "running_total_steps": 738310,
  "running_total_packets": 10483103950,
  "running_total_dropped": 111363233,
  "running_total_time_sec": 1862.0664651789994,
  "p_gb": 0.005,
  "p_bg": 0.3,
  "good_loss_rate": 0.0,
  "bad_loss_rate": 0.65
}