{
  "state": "good",
  "episode_index": 2092,
  "state_ordinal": 1046,
  "start_time_wall": 1756958571.3542154,
  "end_time_wall": 1756958571.9358528,
  "wall_time_sec": 0.581636853999953,
  "steps": 60,
  "packets": 922861,
  "dropped": 0,
  "running_total_steps": 213693,
  "running_total_packets": 3034272093,
  "running_total_dropped": 33430038,
  "running_total_time_sec": 517.3394623509994,
  "p_gb": 0.005,
  "p_bg": 0.3,
  "good_loss_rate": 0.0,
  "bad_loss_rate": 0.65
}