{
  "state": "good",
  "episode_index": 3096,
  "state_ordinal": 1548,
  "start_time_wall": 1756958816.8807793,
  "end_time_wall": 1756958816.8934495,
  "wall_time_sec": 0.012669954001466976,
  "steps": 92,
  "packets": 1228068,
  "dropped": 1,
  "running_total_steps": 315134,
  "running_total_packets": 4474481854,
  "running_total_dropped": 47789590,
  "running_total_time_sec": 762.2970590479999,
  "p_gb": 0.005,
  "p_bg": 0.3,
  "good_loss_rate": 0.0,
  "bad_loss_rate": 0.65
}