{
  "state": "good",
  "episode_index": 14640,
  "state_ordinal": 7320,
  "start_time_wall": 1756961802.941874,
  "end_time_wall": 1756961802.943944,
  "wall_time_sec": 0.002069913000013912,
  "steps": 3,
  "packets": 180807,
  "dropped": 0,
  "running_total_steps": 1480567,
  "running_total_packets": 21022133411,
  "running_total_dropped": 224473703,
  "running_total_time_sec": 3748.3475535789985,
  "p_gb": 0.005,
  "p_bg": 0.3,
  "good_loss_rate": 0.0,
  "bad_loss_rate": 0.65
}