{
  "state": "good",
  "episode_index": 13070,
  "state_ordinal": 6535,
  "start_time_wall": 1756961415.8436182,
  "end_time_wall": 1756961415.8498187,
  "wall_time_sec": 0.006200460000400199,
  "steps": 47,
  "packets": 607537,
  "dropped": 0,
  "running_total_steps": 1326991,
  "running_total_packets": 18841438511,
  "running_total_dropped": 200328256,
  "running_total_time_sec": 3361.2534283450004,
  "p_gb": 0.005,
  "p_bg": 0.3,
  "good_loss_rate": 0.0,
  "bad_loss_rate": 0.65
}