{
  "state": "good",
  "episode_index": 10892,
  "state_ordinal": 5446,
  "start_time_wall": 1756960847.4095058,
  "end_time_wall": 1756960847.4344919,
  "wall_time_sec": 0.024986225998873124,
  "steps": 199,
  "packets": 2840899,
  "dropped": 0,
  "running_total_steps": 1114399,
  "running_total_packets": 15823025667,
  "running_total_dropped": 165079953,
  "running_total_time_sec": 2792.8381016599997,
  "p_gb": 0.005,
  "p_bg": 0.3,
  "good_loss_rate": 0.0,
  "bad_loss_rate": 0.65
}