{
  "state": "good",
  "episode_index": 4494,
  "state_ordinal": 2247,
  "start_time_wall": 1756959176.8432634,
  "end_time_wall": 1756959176.8682184,
  "wall_time_sec": 0.02495464300045569,
  "steps": 228,
  "packets": 3218432,
  "dropped": 0,
  "running_total_steps": 446814,
  "running_total_packets": 6344148986,
  "running_total_dropped": 70283821,
  "running_total_time_sec": 1122.271827998,
  "p_gb": 0.005,
  "p_bg": 0.3,
  "good_loss_rate": 0.0,
  "bad_loss_rate": 0.65
}