{
  "state": "good",
  "episode_index": 7972,
  "state_ordinal": 3986,
  "start_time_wall": 1756960128.8077095,
  "end_time_wall": 1756960128.812046,
  "wall_time_sec": 0.004336363999755122,
  "steps": 32,
  "packets": 409364,
  "dropped": 0,
  "running_total_steps": 817149,
  "running_total_packets": 11602459957,
  "running_total_dropped": 122925100,
  "running_total_time_sec": 2074.2156556810005,
  "p_gb": 0.005,
  "p_bg": 0.3,
  "good_loss_rate": 0.0,
  "bad_loss_rate": 0.65
}