{
  "state": "good",
  "episode_index": 15758,
  "state_ordinal": 7879,
  "start_time_wall": 1756962063.2410958,
  "end_time_wall": 1756962064.068646,
  "wall_time_sec": 0.8275501670032099,
  "steps": 565,
  "packets": 8043906,
  "dropped": 0,
  "running_total_steps": 1588462,
  "running_total_packets": 22553988182,
  "running_total_dropped": 242626615,
  "running_total_time_sec": 4009.472255558001,
  "p_gb": 0.005,
  "p_bg": 0.3,
  "good_loss_rate": 0.0,
  "bad_loss_rate": 0.65
}