{
  "state": "good",
  "episode_index": 4716,
  "state_ordinal": 2358,
  "start_time_wall": 1756959221.6499584,
  "end_time_wall": 1756959222.2498183,
  "wall_time_sec": 0.5998599130016373,
  "steps": 211,
  "packets": 3007241,
  "dropped": 0,
  "running_total_steps": 468610,
  "running_total_packets": 6653723030,
  "running_total_dropped": 73610708,
  "running_total_time_sec": 1167.653428128,
  "p_gb": 0.005,
  "p_bg": 0.3,
  "good_loss_rate": 0.0,
  "bad_loss_rate": 0.65
}