{
  "state": "good",
  "episode_index": 8908,
  "state_ordinal": 4454,
  "start_time_wall": 1756960362.6569998,
  "end_time_wall": 1756960363.207622,
  "wall_time_sec": 0.5506211629981408,
  "steps": 142,
  "packets": 2067032,
  "dropped": 1,
  "running_total_steps": 912751,
  "running_total_packets": 12959939391,
  "running_total_dropped": 136350183,
  "running_total_time_sec": 2308.6112317849984,
  "p_gb": 0.005,
  "p_bg": 0.3,
  "good_loss_rate": 0.0,
  "bad_loss_rate": 0.65
}