{
  "state": "good",
  "episode_index": 3262,
  "state_ordinal": 1631,
  "start_time_wall": 1756958886.5143316,
  "end_time_wall": 1756958887.2723331,
  "wall_time_sec": 0.7580014289997052,
  "steps": 183,
  "packets": 2610907,
  "dropped": 1,
  "running_total_steps": 332022,
  "running_total_packets": 4714306345,
  "running_total_dropped": 50574947,
  "running_total_time_sec": 832.6759426829994,
  "p_gb": 0.005,
  "p_bg": 0.3,
  "good_loss_rate": 0.0,
  "bad_loss_rate": 0.65
}