{
  "state": "good",
  "episode_index": 1496,
  "state_ordinal": 748,
  "start_time_wall": 1756958404.8764052,
  "end_time_wall": 1756958405.5135994,
  "wall_time_sec": 0.6371942570003739,
  "steps": 523,
  "packets": 7394427,
  "dropped": 0,
  "running_total_steps": 150920,
  "running_total_packets": 2142927122,
  "running_total_dropped": 23266131,
  "running_total_time_sec": 350.91720927799906,
  "p_gb": 0.005,
  "p_bg": 0.3,
  "good_loss_rate": 0.0,
  "bad_loss_rate": 0.65
}