{
  "state": "good",
  "episode_index": 13760,
  "state_ordinal": 6880,
  "start_time_wall": 1756961589.125002,
  "end_time_wall": 1756961590.6383119,
  "wall_time_sec": 1.5133097789985186,
  "steps": 665,
  "packets": 9400715,
  "dropped": 2,
  "running_total_steps": 1394896,
  "running_total_packets": 19805590902,
  "running_total_dropped": 210081408,
  "running_total_time_sec": 3536.0419215679976,
  "p_gb": 0.005,
  "p_bg": 0.3,
  "good_loss_rate": 0.0,
  "bad_loss_rate": 0.65
}