{
  "state": "good",
  "episode_index": 4010,
  "state_ordinal": 2005,
  "start_time_wall": 1756959030.4780369,
  "end_time_wall": 1756959031.0585759,
  "wall_time_sec": 0.5805389750003087,
  "steps": 92,
  "packets": 1364038,
  "dropped": 1,
  "running_total_steps": 401448,
  "running_total_packets": 5700118418,
  "running_total_dropped": 62619251,
  "running_total_time_sec": 976.4621856609992,
  "p_gb": 0.005,
  "p_bg": 0.3,
  "good_loss_rate": 0.0,
  "bad_loss_rate": 0.65
}