{
  "state": "good",
  "episode_index": 2080,
  "state_ordinal": 1040,
  "start_time_wall": 1756958568.7574067,
  "end_time_wall": 1756958568.7827153,
  "wall_time_sec": 0.025308500000392087,
  "steps": 211,
  "packets": 3007241,
  "dropped": 0,
  "running_total_steps": 212371,
  "running_total_packets": 3015464875,
  "running_total_dropped": 33292730,
  "running_total_time_sec": 514.1863249599992,
  "p_gb": 0.005,
  "p_bg": 0.3,
  "good_loss_rate": 0.0,
  "bad_loss_rate": 0.65
}