{
  "state": "good",
  "episode_index": 1694,
  "state_ordinal": 847,
  "start_time_wall": 1756958483.7269824,
  "end_time_wall": 1756958483.742752,
  "wall_time_sec": 0.015769645000546006,
  "steps": 128,
  "packets": 1701082,
  "dropped": 0,
  "running_total_steps": 171653,
  "running_total_packets": 2437245106,
  "running_total_dropped": 26798148,
  "running_total_time_sec": 429.1463617059999,
  "p_gb": 0.005,
  "p_bg": 0.3,
  "good_loss_rate": 0.0,
  "bad_loss_rate": 0.65
}