{
  "state": "good",
  "episode_index": 8740,
  "state_ordinal": 4370,
  "start_time_wall": 1756960327.141349,
  "end_time_wall": 1756960327.719892,
  "wall_time_sec": 0.5785426760012342,
  "steps": 147,
  "packets": 2124887,
  "dropped": 0,
  "running_total_steps": 895483,
  "running_total_packets": 12714745539,
  "running_total_dropped": 133874759,
  "running_total_time_sec": 2273.123501635,
  "p_gb": 0.005,
  "p_bg": 0.3,
  "good_loss_rate": 0.0,
  "bad_loss_rate": 0.65
}