{
  "state": "good",
  "episode_index": 9006,
  "state_ordinal": 4503,
  "start_time_wall": 1756960382.967395,
  "end_time_wall": 1756960382.9863796,
  "wall_time_sec": 0.018984316997375572,
  "steps": 124,
  "packets": 1855835,
  "dropped": 0,
  "running_total_steps": 922617,
  "running_total_packets": 13100024328,
  "running_total_dropped": 137727809,
  "running_total_time_sec": 2328.3899892089976,
  "p_gb": 0.005,
  "p_bg": 0.3,
  "good_loss_rate": 0.0,
  "bad_loss_rate": 0.65
}