{
  "state": "good",
  "episode_index": 9942,
  "state_ordinal": 4971,
  "start_time_wall": 1756960618.5641103,
  "end_time_wall": 1756960619.2157,
  "wall_time_sec": 0.6515889610018348,
  "steps": 524,
  "packets": 7301876,
  "dropped": 0,
  "running_total_steps": 1020469,
  "running_total_packets": 14489229551,
  "running_total_dropped": 150450865,
  "running_total_time_sec": 2564.61930957,
  "p_gb": 0.005,
  "p_bg": 0.3,
  "good_loss_rate": 0.0,
  "bad_loss_rate": 0.65
}