{
  "state": "good",
  "episode_index": 4296,
  "state_ordinal": 2148,
  "start_time_wall": 1756959136.1627884,
  "end_time_wall": 1756959136.804796,
  "wall_time_sec": 0.6420075690002705,
  "steps": 369,
  "packets": 5234838,
  "dropped": 0,
  "running_total_steps": 427758,
  "running_total_packets": 6073693698,
  "running_total_dropped": 66812798,
  "running_total_time_sec": 1082.2084056579988,
  "p_gb": 0.005,
  "p_bg": 0.3,
  "good_loss_rate": 0.0,
  "bad_loss_rate": 0.65
}