{
  "state": "good",
  "episode_index": 2914,
  "state_ordinal": 1457,
  "start_time_wall": 1756958781.0281777,
  "end_time_wall": 1756958781.570731,
  "wall_time_sec": 0.542553149000014,
  "steps": 28,
  "packets": 513497,
  "dropped": 0,
  "running_total_steps": 297706,
  "running_total_packets": 4227164550,
  "running_total_dropped": 45688852,
  "running_total_time_sec": 726.9743406239995,
  "p_gb": 0.005,
  "p_bg": 0.3,
  "good_loss_rate": 0.0,
  "bad_loss_rate": 0.65
}