{
  "state": "good",
  "episode_index": 9364,
  "state_ordinal": 4682,
  "start_time_wall": 1756960453.1504877,
  "end_time_wall": 1756960453.9990916,
  "wall_time_sec": 0.8486041520009167,
  "steps": 666,
  "packets": 9412286,
  "dropped": 0,
  "running_total_steps": 957247,
  "running_total_packets": 13591641553,
  "running_total_dropped": 142015497,
  "running_total_time_sec": 2399.4027013349987,
  "p_gb": 0.005,
  "p_bg": 0.3,
  "good_loss_rate": 0.0,
  "bad_loss_rate": 0.65
}