{
  "state": "good",
  "episode_index": 1880,
  "state_ordinal": 940,
  "start_time_wall": 1756958525.0041113,
  "end_time_wall": 1756958525.004833,
  "wall_time_sec": 0.0007211270003608661,
  "steps": 4,
  "packets": 13030,
  "dropped": 0,
  "running_total_steps": 191235,
  "running_total_packets": 2715362419,
  "running_total_dropped": 30246893,
  "running_total_time_sec": 470.40844270199887,
  "p_gb": 0.005,
  "p_bg": 0.3,
  "good_loss_rate": 0.0,
  "bad_loss_rate": 0.65
}