{
  "state": "good",
  "episode_index": 3602,
  "state_ordinal": 1801,
  "start_time_wall": 1756958948.4328697,
  "end_time_wall": 1756958948.4489474,
  "wall_time_sec": 0.016077491998657933,
  "steps": 159,
  "packets": 2172625,
  "dropped": 0,
  "running_total_steps": 361597,
  "running_total_packets": 5134196665,
  "running_total_dropped": 56364839,
  "running_total_time_sec": 893.8525571769987,
  "p_gb": 0.005,
  "p_bg": 0.3,
  "good_loss_rate": 0.0,
  "bad_loss_rate": 0.65
}