{
  "state": "good",
  "episode_index": 3006,
  "state_ordinal": 1503,
  "start_time_wall": 1756958801.1830068,
  "end_time_wall": 1756958801.7746682,
  "wall_time_sec": 0.5916616230006184,
  "steps": 133,
  "packets": 1977340,
  "dropped": 0,
  "running_total_steps": 307821,
  "running_total_packets": 4370742760,
  "running_total_dropped": 46562704,
  "running_total_time_sec": 747.1782780129997,
  "p_gb": 0.005,
  "p_bg": 0.3,
  "good_loss_rate": 0.0,
  "bad_loss_rate": 0.65
}