{
  "state": "good",
  "episode_index": 8228,
  "state_ordinal": 4114,
  "start_time_wall": 1756960176.662818,
  "end_time_wall": 1756960176.8846674,
  "wall_time_sec": 0.2218492449974292,
  "steps": 248,
  "packets": 3525080,
  "dropped": 0,
  "running_total_steps": 840251,
  "running_total_packets": 11930525877,
  "running_total_dropped": 126184102,
  "running_total_time_sec": 2122.2882770529977,
  "p_gb": 0.005,
  "p_bg": 0.3,
  "good_loss_rate": 0.0,
  "bad_loss_rate": 0.65
}