{
  "state": "good",
  "episode_index": 14222,
  "state_ordinal": 7111,
  "start_time_wall": 1756961687.0895805,
  "end_time_wall": 1756961687.0922058,
  "wall_time_sec": 0.002625197001179913,
  "steps": 17,
  "packets": 241563,
  "dropped": 0,
  "running_total_steps": 1441428,
  "running_total_packets": 20466361644,
  "running_total_dropped": 217901718,
  "running_total_time_sec": 3632.49581547,
  "p_gb": 0.005,
  "p_bg": 0.3,
  "good_loss_rate": 0.0,
  "bad_loss_rate": 0.65
}