{
  "state": "good",
  "episode_index": 5938,
  "state_ordinal": 2969,
  "start_time_wall": 1756959553.0167344,
  "end_time_wall": 1756959553.784448,
  "wall_time_sec": 0.7677134419991489,
  "steps": 291,
  "packets": 4236750,
  "dropped": 0,
  "running_total_steps": 595170,
  "running_total_packets": 8450750525,
  "running_total_dropped": 91618279,
  "running_total_time_sec": 1499.188057731999,
  "p_gb": 0.005,
  "p_bg": 0.3,
  "good_loss_rate": 0.0,
  "bad_loss_rate": 0.65
}