{
  "state": "good",
  "episode_index": 13236,
  "state_ordinal": 6618,
  "start_time_wall": 1756961444.2308674,
  "end_time_wall": 1756961444.2449105,
  "wall_time_sec": 0.014043061000847956,
  "steps": 106,
  "packets": 1594018,
  "dropped": 0,
  "running_total_steps": 1340713,
  "running_total_packets": 19036382873,
  "running_total_dropped": 202764132,
  "running_total_time_sec": 3389.6485203679986,
  "p_gb": 0.005,
  "p_bg": 0.3,
  "good_loss_rate": 0.0,
  "bad_loss_rate": 0.65
}