{
  "state": "good",
  "episode_index": 878,
  "state_ordinal": 439,
  "start_time_wall": 1756958272.8503907,
  "end_time_wall": 1756958273.4492657,
  "wall_time_sec": 0.5988748010004201,
  "steps": 164,
  "packets": 2367891,
  "dropped": 1,
  "running_total_steps": 86265,
  "running_total_packets": 1224997196,
  "running_total_dropped": 14196295,
  "running_total_time_sec": 218.85287542399965,
  "p_gb": 0.005,
  "p_bg": 0.3,
  "good_loss_rate": 0.0,
  "bad_loss_rate": 0.65
}