{
  "state": "good",
  "episode_index": 11808,
  "state_ordinal": 5904,
  "start_time_wall": 1756961068.3137913,
  "end_time_wall": 1756961068.914165,
  "wall_time_sec": 0.6003737229984836,
  "steps": 100,
  "packets": 1504344,
  "dropped": 0,
  "running_total_steps": 1203871,
  "running_total_packets": 17093383247,
  "running_total_dropped": 180791122,
  "running_total_time_sec": 3014.3177745659996,
  "p_gb": 0.005,
  "p_bg": 0.3,
  "good_loss_rate": 0.0,
  "bad_loss_rate": 0.65
}