{
  "state": "good",
  "episode_index": 9134,
  "state_ordinal": 4567,
  "start_time_wall": 1756960410.4353278,
  "end_time_wall": 1756960411.0179474,
  "wall_time_sec": 0.5826194729997951,
  "steps": 82,
  "packets": 1261334,
  "dropped": 0,
  "running_total_steps": 936487,
  "running_total_packets": 13296944607,
  "running_total_dropped": 138953608,
  "running_total_time_sec": 2356.421557005,
  "p_gb": 0.005,
  "p_bg": 0.3,
  "good_loss_rate": 0.0,
  "bad_loss_rate": 0.65
}