{
  "state": "good",
  "episode_index": 12508,
  "state_ordinal": 6254,
  "start_time_wall": 1756961266.1717937,
  "end_time_wall": 1756961266.1850119,
  "wall_time_sec": 0.013218361000326695,
  "steps": 103,
  "packets": 1443583,
  "dropped": 0,
  "running_total_steps": 1272263,
  "running_total_packets": 18064444045,
  "running_total_dropped": 191477099,
  "running_total_time_sec": 3211.588621677998,
  "p_gb": 0.005,
  "p_bg": 0.3,
  "good_loss_rate": 0.0,
  "bad_loss_rate": 0.65
}