{
  "state": "good",
  "episode_index": 1810,
  "state_ordinal": 905,
  "start_time_wall": 1756958509.242308,
  "end_time_wall": 1756958509.2466047,
  "wall_time_sec": 0.004297014000258059,
  "steps": 38,
  "packets": 529410,
  "dropped": 0,
  "running_total_steps": 183792,
  "running_total_packets": 2609690822,
  "running_total_dropped": 29363566,
  "running_total_time_sec": 454.650214579,
  "p_gb": 0.005,
  "p_bg": 0.3,
  "good_loss_rate": 0.0,
  "bad_loss_rate": 0.65
}