{
  "state": "good",
  "episode_index": 4482,
  "state_ordinal": 2241,
  "start_time_wall": 1756959174.902219,
  "end_time_wall": 1756959174.9115622,
  "wall_time_sec": 0.009343013000034261,
  "steps": 90,
  "packets": 1215050,
  "dropped": 0,
  "running_total_steps": 445923,
  "running_total_packets": 6331563105,
  "running_total_dropped": 69966156,
  "running_total_time_sec": 1120.3151719069992,
  "p_gb": 0.005,
  "p_bg": 0.3,
  "good_loss_rate": 0.0,
  "bad_loss_rate": 0.65
}