{
  "state": "good",
  "episode_index": 12824,
  "state_ordinal": 6412,
  "start_time_wall": 1756961365.0294092,
  "end_time_wall": 1756961365.034807,
  "wall_time_sec": 0.00539746099821059,
  "steps": 49,
  "packets": 684181,
  "dropped": 0,
  "running_total_steps": 1302676,
  "running_total_packets": 18496204228,
  "running_total_dropped": 196353609,
  "running_total_time_sec": 3310.438416640998,
  "p_gb": 0.005,
  "p_bg": 0.3,
  "good_loss_rate": 0.0,
  "bad_loss_rate": 0.65
}