{
  "state": "good",
  "episode_index": 736,
  "state_ordinal": 368,
  "start_time_wall": 1756958201.9103572,
  "end_time_wall": 1756958201.9130197,
  "wall_time_sec": 0.0026622069999575615,
  "steps": 19,
  "packets": 254581,
  "dropped": 0,
  "running_total_steps": 68690,
  "running_total_packets": 975336602,
  "running_total_dropped": 11904666,
  "running_total_time_sec": 147.31662937799956,
  "p_gb": 0.005,
  "p_bg": 0.3,
  "good_loss_rate": 0.0,
  "bad_loss_rate": 0.65
}