{
  "state": "good",
  "episode_index": 9290,
  "state_ordinal": 4645,
  "start_time_wall": 1756960439.1056132,
  "end_time_wall": 1756960439.1156616,
  "wall_time_sec": 0.010048042000562418,
  "steps": 96,
  "packets": 1323531,
  "dropped": 0,
  "running_total_steps": 950061,
  "running_total_packets": 13489615100,
  "running_total_dropped": 141207262,
  "running_total_time_sec": 2384.519271211,
  "p_gb": 0.005,
  "p_bg": 0.3,
  "good_loss_rate": 0.0,
  "bad_loss_rate": 0.65
}