{
  "state": "good",
  "episode_index": 3204,
  "state_ordinal": 1602,
  "start_time_wall": 1756958874.842258,
  "end_time_wall": 1756958874.8484488,
  "wall_time_sec": 0.0061905549991934095,
  "steps": 57,
  "packets": 760861,
  "dropped": 0,
  "running_total_steps": 326131,
  "running_total_packets": 4630692223,
  "running_total_dropped": 49605415,
  "running_total_time_sec": 820.252058316999,
  "p_gb": 0.005,
  "p_bg": 0.3,
  "good_loss_rate": 0.0,
  "bad_loss_rate": 0.65
}