{
  "state": "good",
  "episode_index": 4622,
  "state_ordinal": 2311,
  "start_time_wall": 1756959200.1720438,
  "end_time_wall": 1756959200.1749752,
  "wall_time_sec": 0.002931446999355103,
  "steps": 26,
  "packets": 351503,
  "dropped": 0,
  "running_total_steps": 458078,
  "running_total_packets": 6504076831,
  "running_total_dropped": 72271127,
  "running_total_time_sec": 1145.5785848719988,
  "p_gb": 0.005,
  "p_bg": 0.3,
  "good_loss_rate": 0.0,
  "bad_loss_rate": 0.65
}