{
  "state": "good",
  "episode_index": 10492,
  "state_ordinal": 5246,
  "start_time_wall": 1756960761.0518334,
  "end_time_wall": 1756960761.0580168,
  "wall_time_sec": 0.0061834590014768764,
  "steps": 60,
  "packets": 786891,
  "dropped": 0,
  "running_total_steps": 1072641,
  "running_total_packets": 15230076311,
  "running_total_dropped": 157989658,
  "running_total_time_sec": 2706.461626491,
  "p_gb": 0.005,
  "p_bg": 0.3,
  "good_loss_rate": 0.0,
  "bad_loss_rate": 0.65
}