{
  "state": "good",
  "episode_index": 8306,
  "state_ordinal": 4153,
  "start_time_wall": 1756960196.8465302,
  "end_time_wall": 1756960198.265033,
  "wall_time_sec": 1.4185023779973562,
  "steps": 759,
  "packets": 10638919,
  "dropped": 0,
  "running_total_steps": 850622,
  "running_total_packets": 12077666792,
  "running_total_dropped": 127265619,
  "running_total_time_sec": 2143.668642616998,
  "p_gb": 0.005,
  "p_bg": 0.3,
  "good_loss_rate": 0.0,
  "bad_loss_rate": 0.65
}