{
  "state": "good",
  "episode_index": 722,
  "state_ordinal": 361,
  "start_time_wall": 1756958200.1245875,
  "end_time_wall": 1756958200.1251025,
  "wall_time_sec": 0.0005150130000401987,
  "steps": 3,
  "packets": 13024,
  "dropped": 0,
  "running_total_steps": 68013,
  "running_total_packets": 965789793,
  "running_total_dropped": 11787084,
  "running_total_time_sec": 145.5287123069993,
  "p_gb": 0.005,
  "p_bg": 0.3,
  "good_loss_rate": 0.0,
  "bad_loss_rate": 0.65
}