{
  "state": "good",
  "episode_index": 9154,
  "state_ordinal": 4577,
  "start_time_wall": 1756960413.8792136,
  "end_time_wall": 1756960415.4215522,
  "wall_time_sec": 1.5423385670001153,
  "steps": 778,
  "packets": 11062724,
  "dropped": 1,
  "running_total_steps": 938525,
  "running_total_packets": 13325859863,
  "running_total_dropped": 139230394,
  "running_total_time_sec": 2360.8251618659997,
  "p_gb": 0.005,
  "p_bg": 0.3,
  "good_loss_rate": 0.0,
  "bad_loss_rate": 0.65
}