{
  "state": "good",
  "episode_index": 9382,
  "state_ordinal": 4691,
  "start_time_wall": 1756960457.4547102,
  "end_time_wall": 1756960457.460971,
  "wall_time_sec": 0.006260505000682315,
  "steps": 58,
  "packets": 824493,
  "dropped": 0,
  "running_total_steps": 958860,
  "running_total_packets": 13614579923,
  "running_total_dropped": 142285286,
  "running_total_time_sec": 2402.8645806120003,
  "p_gb": 0.005,
  "p_bg": 0.3,
  "good_loss_rate": 0.0,
  "bad_loss_rate": 0.65
}