{
  "state": "good",
  "episode_index": 4616,
  "state_ordinal": 2308,
  "start_time_wall": 1756959198.5887675,
  "end_time_wall": 1756959199.9360683,
  "wall_time_sec": 1.347300653000275,
  "steps": 538,
  "packets": 7679391,
  "dropped": 0,
  "running_total_steps": 457792,
  "running_total_packets": 6500097532,
  "running_total_dropped": 72192135,
  "running_total_time_sec": 1145.3396779659997,
  "p_gb": 0.005,
  "p_bg": 0.3,
  "good_loss_rate": 0.0,
  "bad_loss_rate": 0.65
}