{
  "state": "good",
  "episode_index": 250,
  "state_ordinal": 125,
  "start_time_wall": 1756958107.0575404,
  "end_time_wall": 1756958107.6317608,
  "wall_time_sec": 0.5742203869995137,
  "steps": 22,
  "packets": 425264,
  "dropped": 0,
  "running_total_steps": 23520,
  "running_total_packets": 334102096,
  "running_total_dropped": 4696495,
  "running_total_time_sec": 53.03537053199943,
  "p_gb": 0.005,
  "p_bg": 0.3,
  "good_loss_rate": 0.0,
  "bad_loss_rate": 0.65
}