{
  "state": "good",
  "episode_index": 5014,
  "state_ordinal": 2507,
  "start_time_wall": 1756959318.1352746,
  "end_time_wall": 1756959318.7616339,
  "wall_time_sec": 0.6263591469996754,
  "steps": 300,
  "packets": 4275822,
  "dropped": 0,
  "running_total_steps": 497963,
  "running_total_packets": 7070452779,
  "running_total_dropped": 77802653,
  "running_total_time_sec": 1264.165243600999,
  "p_gb": 0.005,
  "p_bg": 0.3,
  "good_loss_rate": 0.0,
  "bad_loss_rate": 0.65
}