{
  "state": "good",
  "episode_index": 11770,
  "state_ordinal": 5885,
  "start_time_wall": 1756961056.9863687,
  "end_time_wall": 1756961056.9868765,
  "wall_time_sec": 0.0005076429988548625,
  "steps": 1,
  "packets": 31819,
  "dropped": 0,
  "running_total_steps": 1198157,
  "running_total_packets": 17012199207,
  "running_total_dropped": 180443067,
  "running_total_time_sec": 3002.3904862559975,
  "p_gb": 0.005,
  "p_bg": 0.3,
  "good_loss_rate": 0.0,
  "bad_loss_rate": 0.65
}