{
  "state": "good",
  "episode_index": 10410,
  "state_ordinal": 5205,
  "start_time_wall": 1756960746.103082,
  "end_time_wall": 1756960746.1080263,
  "wall_time_sec": 0.0049445080003351904,
  "steps": 44,
  "packets": 607519,
  "dropped": 0,
  "running_total_steps": 1065488,
  "running_total_packets": 15128492482,
  "running_total_dropped": 156473189,
  "running_total_time_sec": 2691.5116361090004,
  "p_gb": 0.005,
  "p_bg": 0.3,
  "good_loss_rate": 0.0,
  "bad_loss_rate": 0.65
}