{
  "state": "good",
  "episode_index": 5752,
  "state_ordinal": 2876,
  "start_time_wall": 1756959512.9696412,
  "end_time_wall": 1756959512.9701762,
  "wall_time_sec": 0.0005352120006136829,
  "steps": 4,
  "packets": 26036,
  "dropped": 0,
  "running_total_steps": 575339,
  "running_total_packets": 8169089319,
  "running_total_dropped": 88706394,
  "running_total_time_sec": 1458.3737861999998,
  "p_gb": 0.005,
  "p_bg": 0.3,
  "good_loss_rate": 0.0,
  "bad_loss_rate": 0.65
}