{
  "state": "good",
  "episode_index": 2098,
  "state_ordinal": 1049,
  "start_time_wall": 1756958572.182587,
  "end_time_wall": 1756958572.183275,
  "wall_time_sec": 0.0006882289999339264,
  "steps": 3,
  "packets": 63644,
  "dropped": 0,
  "running_total_steps": 213909,
  "running_total_packets": 3037355996,
  "running_total_dropped": 33521389,
  "running_total_time_sec": 517.5868847909987,
  "p_gb": 0.005,
  "p_bg": 0.3,
  "good_loss_rate": 0.0,
  "bad_loss_rate": 0.65
}