{
  "state": "good",
  "episode_index": 5996,
  "state_ordinal": 2998,
  "start_time_wall": 1756959569.1049566,
  "end_time_wall": 1756959569.111364,
  "wall_time_sec": 0.006406921998859616,
  "steps": 51,
  "packets": 633573,
  "dropped": 0,
  "running_total_steps": 602885,
  "running_total_packets": 8560197453,
  "running_total_dropped": 92325541,
  "running_total_time_sec": 1514.5149734939987,
  "p_gb": 0.005,
  "p_bg": 0.3,
  "good_loss_rate": 0.0,
  "bad_loss_rate": 0.65
}