{
  "state": "good",
  "episode_index": 10272,
  "state_ordinal": 5136,
  "start_time_wall": 1756960719.6869605,
  "end_time_wall": 1756960719.7043803,
  "wall_time_sec": 0.017419658997823717,
  "steps": 174,
  "packets": 2321619,
  "dropped": 0,
  "running_total_steps": 1052628,
  "running_total_packets": 14945854824,
  "running_total_dropped": 154530760,
  "running_total_time_sec": 2665.1079897989985,
  "p_gb": 0.005,
  "p_bg": 0.3,
  "good_loss_rate": 0.0,
  "bad_loss_rate": 0.65
}