{
  "state": "good",
  "episode_index": 3324,
  "state_ordinal": 1662,
  "start_time_wall": 1756958901.5078077,
  "end_time_wall": 1756958902.2486537,
  "wall_time_sec": 0.7408457750007074,
  "steps": 72,
  "packets": 1121016,
  "dropped": 1,
  "running_total_steps": 339157,
  "running_total_packets": 4815678977,
  "running_total_dropped": 51772844,
  "running_total_time_sec": 847.6522631539992,
  "p_gb": 0.005,
  "p_bg": 0.3,
  "good_loss_rate": 0.0,
  "bad_loss_rate": 0.65
}