{
  "state": "good",
  "episode_index": 6378,
  "state_ordinal": 3189,
  "start_time_wall": 1756959689.4862585,
  "end_time_wall": 1756959689.4937005,
  "wall_time_sec": 0.007442119000188541,
  "steps": 68,
  "packets": 928638,
  "dropped": 0,
  "running_total_steps": 644593,
  "running_total_packets": 9152358465,
  "running_total_dropped": 97627110,
  "running_total_time_sec": 1634.897310336999,
  "p_gb": 0.005,
  "p_bg": 0.3,
  "good_loss_rate": 0.0,
  "bad_loss_rate": 0.65
}