{
  "state": "good",
  "episode_index": 350,
  "state_ordinal": 175,
  "start_time_wall": 1756958123.516267,
  "end_time_wall": 1756958124.1525156,
  "wall_time_sec": 0.6362486189991614,
  "steps": 341,
  "packets": 4889124,
  "dropped": 0,
  "running_total_steps": 31446,
  "running_total_packets": 446606885,
  "running_total_dropped": 6668072,
  "running_total_time_sec": 69.55612533599924,
  "p_gb": 0.005,
  "p_bg": 0.3,
  "good_loss_rate": 0.0,
  "bad_loss_rate": 0.65
}