{
  "state": "good",
  "episode_index": 1996,
  "state_ordinal": 998,
  "start_time_wall": 1756958547.9072747,
  "end_time_wall": 1756958548.506889,
  "wall_time_sec": 0.5996144809996622,
  "steps": 131,
  "packets": 1925267,
  "dropped": 0,
  "running_total_steps": 202422,
  "running_total_packets": 2874254568,
  "running_total_dropped": 31923662,
  "running_total_time_sec": 493.9104989999996,
  "p_gb": 0.005,
  "p_bg": 0.3,
  "good_loss_rate": 0.0,
  "bad_loss_rate": 0.65
}