{
  "state": "good",
  "episode_index": 864,
  "state_ordinal": 432,
  "start_time_wall": 1756958271.1809962,
  "end_time_wall": 1756958271.8090937,
  "wall_time_sec": 0.6280973719985923,
  "steps": 360,
  "packets": 5195766,
  "dropped": 0,
  "running_total_steps": 85487,
  "running_total_packets": 1213946037,
  "running_total_dropped": 14098677,
  "running_total_time_sec": 217.21270328899845,
  "p_gb": 0.005,
  "p_bg": 0.3,
  "good_loss_rate": 0.0,
  "bad_loss_rate": 0.65
}