{
  "state": "good",
  "episode_index": 4970,
  "state_ordinal": 2485,
  "start_time_wall": 1756959308.7361238,
  "end_time_wall": 1756959310.1499927,
  "wall_time_sec": 1.4138688519997231,
  "steps": 719,
  "packets": 10275839,
  "dropped": 2,
  "running_total_steps": 493886,
  "running_total_packets": 7012630944,
  "running_total_dropped": 77096628,
  "running_total_time_sec": 1255.5536024819994,
  "p_gb": 0.005,
  "p_bg": 0.3,
  "good_loss_rate": 0.0,
  "bad_loss_rate": 0.65
}