{
  "state": "good",
  "episode_index": 9802,
  "state_ordinal": 4901,
  "start_time_wall": 1756960589.4810216,
  "end_time_wall": 1756960589.4927247,
  "wall_time_sec": 0.011702402000082657,
  "steps": 113,
  "packets": 1502909,
  "dropped": 0,
  "running_total_steps": 1005951,
  "running_total_packets": 14283138555,
  "running_total_dropped": 148114187,
  "running_total_time_sec": 2534.8963342969982,
  "p_gb": 0.005,
  "p_bg": 0.3,
  "good_loss_rate": 0.0,
  "bad_loss_rate": 0.65
}