{
  "state": "good",
  "episode_index": 956,
  "state_ordinal": 478,
  "start_time_wall": 1756958290.5813076,
  "end_time_wall": 1756958291.1803536,
  "wall_time_sec": 0.5990457779989811,
  "steps": 188,
  "packets": 2625384,
  "dropped": 0,
  "running_total_steps": 94675,
  "running_total_packets": 1344390161,
  "running_total_dropped": 15330538,
  "running_total_time_sec": 236.58396322099907,
  "p_gb": 0.005,
  "p_bg": 0.3,
  "good_loss_rate": 0.0,
  "bad_loss_rate": 0.65
}