{
  "state": "good",
  "episode_index": 13722,
  "state_ordinal": 6861,
  "start_time_wall": 1756961581.5418646,
  "end_time_wall": 1756961581.5561597,
  "wall_time_sec": 0.014294845001131762,
  "steps": 139,
  "packets": 1918038,
  "dropped": 0,
  "running_total_steps": 1390707,
  "running_total_packets": 19746130194,
  "running_total_dropped": 209337092,
  "running_total_time_sec": 3526.9597693649994,
  "p_gb": 0.005,
  "p_bg": 0.3,
  "good_loss_rate": 0.0,
  "bad_loss_rate": 0.65
}