{
  "state": "good",
  "episode_index": 3284,
  "state_ordinal": 1642,
  "start_time_wall": 1756958891.5453725,
  "end_time_wall": 1756958891.5652206,
  "wall_time_sec": 0.01984798299963586,
  "steps": 171,
  "packets": 2474937,
  "dropped": 1,
  "running_total_steps": 334216,
  "running_total_packets": 4745456428,
  "running_total_dropped": 50944473,
  "running_total_time_sec": 836.9688301649985,
  "p_gb": 0.005,
  "p_bg": 0.3,
  "good_loss_rate": 0.0,
  "bad_loss_rate": 0.65
}