{
  "state": "good",
  "episode_index": 564,
  "state_ordinal": 282,
  "start_time_wall": 1756958166.0563102,
  "end_time_wall": 1756958166.056753,
  "wall_time_sec": 0.00044216100104677025,
  "steps": 1,
  "packets": 31819,
  "dropped": 0,
  "running_total_steps": 51552,
  "running_total_packets": 732056446,
  "running_total_dropped": 9391141,
  "running_total_time_sec": 111.46036254499995,
  "p_gb": 0.005,
  "p_bg": 0.3,
  "good_loss_rate": 0.0,
  "bad_loss_rate": 0.65
}