{
  "state": "good",
  "episode_index": 9412,
  "state_ordinal": 4706,
  "start_time_wall": 1756960465.6057167,
  "end_time_wall": 1756960467.167142,
  "wall_time_sec": 1.5614252959967416,
  "steps": 798,
  "packets": 11308628,
  "dropped": 1,
  "running_total_steps": 963560,
  "running_total_packets": 13681218096,
  "running_total_dropped": 142548516,
  "running_total_time_sec": 2412.5707516599978,
  "p_gb": 0.005,
  "p_bg": 0.3,
  "good_loss_rate": 0.0,
  "bad_loss_rate": 0.65
}