{
  "state": "good",
  "episode_index": 1920,
  "state_ordinal": 960,
  "start_time_wall": 1756958533.567693,
  "end_time_wall": 1756958534.1886253,
  "wall_time_sec": 0.6209321669994097,
  "steps": 251,
  "packets": 3536663,
  "dropped": 0,
  "running_total_steps": 195737,
  "running_total_packets": 2779240691,
  "running_total_dropped": 31047317,
  "running_total_time_sec": 479.5922349889988,
  "p_gb": 0.005,
  "p_bg": 0.3,
  "good_loss_rate": 0.0,
  "bad_loss_rate": 0.65
}