{
  "state": "good",
  "episode_index": 11348,
  "state_ordinal": 5674,
  "start_time_wall": 1756960968.3927724,
  "end_time_wall": 1756960968.3986964,
  "wall_time_sec": 0.005923992001044098,
  "steps": 46,
  "packets": 608972,
  "dropped": 0,
  "running_total_steps": 1155304,
  "running_total_packets": 16403721838,
  "running_total_dropped": 173194735,
  "running_total_time_sec": 2913.802306215999,
  "p_gb": 0.005,
  "p_bg": 0.3,
  "good_loss_rate": 0.0,
  "bad_loss_rate": 0.65
}