{
  "state": "good",
  "episode_index": 11014,
  "state_ordinal": 5507,
  "start_time_wall": 1756960868.4331906,
  "end_time_wall": 1756960868.437927,
  "wall_time_sec": 0.004736290000437293,
  "steps": 36,
  "packets": 486020,
  "dropped": 0,
  "running_total_steps": 1124275,
  "running_total_packets": 15963232115,
  "running_total_dropped": 167384408,
  "running_total_time_sec": 2813.841536710999,
  "p_gb": 0.005,
  "p_bg": 0.3,
  "good_loss_rate": 0.0,
  "bad_loss_rate": 0.65
}