{
  "state": "good",
  "episode_index": 1982,
  "state_ordinal": 991,
  "start_time_wall": 1756958545.2462661,
  "end_time_wall": 1756958545.2545455,
  "wall_time_sec": 0.008279243998913444,
  "steps": 63,
  "packets": 850535,
  "dropped": 0,
  "running_total_steps": 200947,
  "running_total_packets": 2853202417,
  "running_total_dropped": 31777138,
  "running_total_time_sec": 490.6581554289987,
  "p_gb": 0.005,
  "p_bg": 0.3,
  "good_loss_rate": 0.0,
  "bad_loss_rate": 0.65
}