{
  "state": "good",
  "episode_index": 5038,
  "state_ordinal": 2519,
  "start_time_wall": 1756959325.6266959,
  "end_time_wall": 1756959325.638405,
  "wall_time_sec": 0.0117091789998085,
  "steps": 83,
  "packets": 1262781,
  "dropped": 0,
  "running_total_steps": 501307,
  "running_total_packets": 7117985757,
  "running_total_dropped": 78032399,
  "running_total_time_sec": 1271.042014879,
  "p_gb": 0.005,
  "p_bg": 0.3,
  "good_loss_rate": 0.0,
  "bad_loss_rate": 0.65
}