{
  "state": "good",
  "episode_index": 7124,
  "state_ordinal": 3562,
  "start_time_wall": 1756959849.6077647,
  "end_time_wall": 1756959849.6186526,
  "wall_time_sec": 0.010887301999900956,
  "steps": 76,
  "packets": 1152853,
  "dropped": 1,
  "running_total_steps": 722823,
  "running_total_packets": 10263230830,
  "running_total_dropped": 108827294,
  "running_total_time_sec": 1795.0222622000001,
  "p_gb": 0.005,
  "p_bg": 0.3,
  "good_loss_rate": 0.0,
  "bad_loss_rate": 0.65
}