{
  "state": "good",
  "episode_index": 14144,
  "state_ordinal": 7072,
  "start_time_wall": 1756961668.8774292,
  "end_time_wall": 1756961669.4566624,
  "wall_time_sec": 0.5792328400020779,
  "steps": 42,
  "packets": 698658,
  "dropped": 0,
  "running_total_steps": 1432930,
  "running_total_packets": 20345755082,
  "running_total_dropped": 216464233,
  "running_total_time_sec": 3614.8602721999996,
  "p_gb": 0.005,
  "p_bg": 0.3,
  "good_loss_rate": 0.0,
  "bad_loss_rate": 0.65
}