{
  "state": "good",
  "episode_index": 6046,
  "state_ordinal": 3023,
  "start_time_wall": 1756959579.8072286,
  "end_time_wall": 1756959579.8221214,
  "wall_time_sec": 0.01489262500035693,
  "steps": 141,
  "packets": 1932497,
  "dropped": 0,
  "running_total_steps": 608423,
  "running_total_packets": 8638806729,
  "running_total_dropped": 92767895,
  "running_total_time_sec": 1525.2257310619989,
  "p_gb": 0.005,
  "p_bg": 0.3,
  "good_loss_rate": 0.0,
  "bad_loss_rate": 0.65
}