{
  "state": "good",
  "episode_index": 15636,
  "state_ordinal": 7818,
  "start_time_wall": 1756962040.366585,
  "end_time_wall": 1756962040.3736675,
  "wall_time_sec": 0.007082429998263251,
  "steps": 53,
  "packets": 727583,
  "dropped": 0,
  "running_total_steps": 1576983,
  "running_total_packets": 22390995247,
  "running_total_dropped": 240342099,
  "running_total_time_sec": 3985.7772773469987,
  "p_gb": 0.005,
  "p_bg": 0.3,
  "good_loss_rate": 0.0,
  "bad_loss_rate": 0.65
}