{
  "state": "good",
  "episode_index": 10480,
  "state_ordinal": 5240,
  "start_time_wall": 1756960758.6000447,
  "end_time_wall": 1756960758.637123,
  "wall_time_sec": 0.03707828099868493,
  "steps": 306,
  "packets": 4236768,
  "dropped": 0,
  "running_total_steps": 1071442,
  "running_total_packets": 15213030924,
  "running_total_dropped": 157850593,
  "running_total_time_sec": 2704.0407327499997,
  "p_gb": 0.005,
  "p_bg": 0.3,
  "good_loss_rate": 0.0,
  "bad_loss_rate": 0.65
}