{
  "state": "good",
  "episode_index": 3740,
  "state_ordinal": 1870,
  "start_time_wall": 1756958971.2575424,
  "end_time_wall": 1756958971.8705418,
  "wall_time_sec": 0.6129995079991204,
  "steps": 286,
  "packets": 4160088,
  "dropped": 0,
  "running_total_steps": 372679,
  "running_total_packets": 5291675591,
  "running_total_dropped": 58732350,
  "running_total_time_sec": 917.2741517719987,
  "p_gb": 0.005,
  "p_bg": 0.3,
  "good_loss_rate": 0.0,
  "bad_loss_rate": 0.65
}