{
  "state": "good",
  "episode_index": 8612,
  "state_ordinal": 4306,
  "start_time_wall": 1756960265.5949113,
  "end_time_wall": 1756960265.6099205,
  "wall_time_sec": 0.015009022001322592,
  "steps": 121,
  "packets": 1605601,
  "dropped": 0,
  "running_total_steps": 882749,
  "running_total_packets": 12533821957,
  "running_total_dropped": 132285480,
  "running_total_time_sec": 2211.013530062999,
  "p_gb": 0.005,
  "p_bg": 0.3,
  "good_loss_rate": 0.0,
  "bad_loss_rate": 0.65
}