{
  "state": "good",
  "episode_index": 2476,
  "state_ordinal": 1238,
  "start_time_wall": 1756958694.7774746,
  "end_time_wall": 1756958694.8018568,
  "wall_time_sec": 0.02438200200049323,
  "steps": 196,
  "packets": 2745442,
  "dropped": 0,
  "running_total_steps": 256122,
  "running_total_packets": 3636691590,
  "running_total_dropped": 38815251,
  "running_total_time_sec": 640.2054664110001,
  "p_gb": 0.005,
  "p_bg": 0.3,
  "good_loss_rate": 0.0,
  "bad_loss_rate": 0.65
}