{
  "state": "good",
  "episode_index": 7536,
  "state_ordinal": 3768,
  "start_time_wall": 1756959974.056756,
  "end_time_wall": 1756959974.073703,
  "wall_time_sec": 0.016947075999269146,
  "steps": 146,
  "packets": 2124881,
  "dropped": 0,
  "running_total_steps": 766328,
  "running_total_packets": 10880891946,
  "running_total_dropped": 115275315,
  "running_total_time_sec": 1919.4773127889985,
  "p_gb": 0.005,
  "p_bg": 0.3,
  "good_loss_rate": 0.0,
  "bad_loss_rate": 0.65
}