{
  "state": "good",
  "episode_index": 690,
  "state_ordinal": 345,
  "start_time_wall": 1756958193.5855615,
  "end_time_wall": 1756958194.1991477,
  "wall_time_sec": 0.6135860570011573,
  "steps": 259,
  "packets": 3629231,
  "dropped": 1,
  "running_total_steps": 65028,
  "running_total_packets": 923390390,
  "running_total_dropped": 11294425,
  "running_total_time_sec": 139.6027573020001,
  "p_gb": 0.005,
  "p_bg": 0.3,
  "good_loss_rate": 0.0,
  "bad_loss_rate": 0.65
}