{
  "state": "good",
  "episode_index": 9110,
  "state_ordinal": 4555,
  "start_time_wall": 1756960406.4260907,
  "end_time_wall": 1756960406.4463298,
  "wall_time_sec": 0.020238402001268696,
  "steps": 169,
  "packets": 2431547,
  "dropped": 0,
  "running_total_steps": 934357,
  "running_total_packets": 13266645065,
  "running_total_dropped": 138777607,
  "running_total_time_sec": 2351.8499395069994,
  "p_gb": 0.005,
  "p_bg": 0.3,
  "good_loss_rate": 0.0,
  "bad_loss_rate": 0.65
}