{
  "state": "good",
  "episode_index": 2978,
  "state_ordinal": 1489,
  "start_time_wall": 1756958796.1688328,
  "end_time_wall": 1756958796.1818054,
  "wall_time_sec": 0.01297234100093192,
  "steps": 125,
  "packets": 1689499,
  "dropped": 0,
  "running_total_steps": 305257,
  "running_total_packets": 4334263835,
  "running_total_dropped": 46268492,
  "running_total_time_sec": 741.5854149400002,
  "p_gb": 0.005,
  "p_bg": 0.3,
  "good_loss_rate": 0.0,
  "bad_loss_rate": 0.65
}