{
  "state": "good",
  "episode_index": 684,
  "state_ordinal": 342,
  "start_time_wall": 1756958191.7690442,
  "end_time_wall": 1756958191.7709656,
  "wall_time_sec": 0.0019210480004403507,
  "steps": 12,
  "packets": 185149,
  "dropped": 0,
  "running_total_steps": 63762,
  "running_total_packets": 905479997,
  "running_total_dropped": 11230631,
  "running_total_time_sec": 137.17457517000003,
  "p_gb": 0.005,
  "p_bg": 0.3,
  "good_loss_rate": 0.0,
  "bad_loss_rate": 0.65
}