{
  "state": "good",
  "episode_index": 10142,
  "state_ordinal": 5071,
  "start_time_wall": 1756960660.1529164,
  "end_time_wall": 1756960660.1577206,
  "wall_time_sec": 0.0048040410001704,
  "steps": 44,
  "packets": 607519,
  "dropped": 0,
  "running_total_steps": 1040136,
  "running_total_packets": 14768534431,
  "running_total_dropped": 152836046,
  "running_total_time_sec": 2605.561330200999,
  "p_gb": 0.005,
  "p_bg": 0.3,
  "good_loss_rate": 0.0,
  "bad_loss_rate": 0.65
}