{
  "state": "good",
  "episode_index": 2216,
  "state_ordinal": 1108,
  "start_time_wall": 1756958601.7100463,
  "end_time_wall": 1756958602.287436,
  "wall_time_sec": 0.5773897449998913,
  "steps": 55,
  "packets": 896819,
  "dropped": 0,
  "running_total_steps": 228585,
  "running_total_packets": 3245704961,
  "running_total_dropped": 35166879,
  "running_total_time_sec": 547.6910456559999,
  "p_gb": 0.005,
  "p_bg": 0.3,
  "good_loss_rate": 0.0,
  "bad_loss_rate": 0.65
}