{
  "state": "good",
  "episode_index": 4644,
  "state_ordinal": 2322,
  "start_time_wall": 1756959203.6803744,
  "end_time_wall": 1756959204.4568868,
  "wall_time_sec": 0.776512371001445,
  "steps": 283,
  "packets": 4128257,
  "dropped": 1,
  "running_total_steps": 459941,
  "running_total_packets": 6530671903,
  "running_total_dropped": 72644585,
  "running_total_time_sec": 1149.8604963950002,
  "p_gb": 0.005,
  "p_bg": 0.3,
  "good_loss_rate": 0.0,
  "bad_loss_rate": 0.65
}