{
  "state": "good",
  "episode_index": 5458,
  "state_ordinal": 2729,
  "start_time_wall": 1756959413.644254,
  "end_time_wall": 1756959413.6500738,
  "wall_time_sec": 0.00581980199967802,
  "steps": 45,
  "packets": 607525,
  "dropped": 0,
  "running_total_steps": 544200,
  "running_total_packets": 7726962176,
  "running_total_dropped": 84088189,
  "running_total_time_sec": 1359.053683491,
  "p_gb": 0.005,
  "p_bg": 0.3,
  "good_loss_rate": 0.0,
  "bad_loss_rate": 0.65
}