{
  "state": "good",
  "episode_index": 13922,
  "state_ordinal": 6961,
  "start_time_wall": 1756961624.5111482,
  "end_time_wall": 1756961625.2836714,
  "wall_time_sec": 0.7725228829986008,
  "steps": 409,
  "packets": 5816321,
  "dropped": 1,
  "running_total_steps": 1411888,
  "running_total_packets": 20046944332,
  "running_total_dropped": 212411113,
  "running_total_time_sec": 3570.687281022998,
  "p_gb": 0.005,
  "p_bg": 0.3,
  "good_loss_rate": 0.0,
  "bad_loss_rate": 0.65
}