{
  "state": "good",
  "episode_index": 11022,
  "state_ordinal": 5511,
  "start_time_wall": 1756960868.5220692,
  "end_time_wall": 1756960869.1373396,
  "wall_time_sec": 0.6152701749997505,
  "steps": 387,
  "packets": 5477848,
  "dropped": 0,
  "running_total_steps": 1124916,
  "running_total_packets": 15972292904,
  "running_total_dropped": 167472870,
  "running_total_time_sec": 2814.5409492100007,
  "p_gb": 0.005,
  "p_bg": 0.3,
  "good_loss_rate": 0.0,
  "bad_loss_rate": 0.65
}