{
  "state": "good",
  "episode_index": 14004,
  "state_ordinal": 7002,
  "start_time_wall": 1756961641.976548,
  "end_time_wall": 1756961641.9996362,
  "wall_time_sec": 0.023088328998710494,
  "steps": 192,
  "packets": 2732412,
  "dropped": 1,
  "running_total_steps": 1420004,
  "running_total_packets": 20162099088,
  "running_total_dropped": 213873148,
  "running_total_time_sec": 3587.4032458229995,
  "p_gb": 0.005,
  "p_bg": 0.3,
  "good_loss_rate": 0.0,
  "bad_loss_rate": 0.65
}