{
  "state": "good",
  "episode_index": 3434,
  "state_ordinal": 1717,
  "start_time_wall": 1756958921.3308837,
  "end_time_wall": 1756958921.9457166,
  "wall_time_sec": 0.6148325220001425,
  "steps": 409,
  "packets": 5826445,
  "dropped": 0,
  "running_total_steps": 348872,
  "running_total_packets": 4953560930,
  "running_total_dropped": 53456162,
  "running_total_time_sec": 867.3493263159999,
  "p_gb": 0.005,
  "p_bg": 0.3,
  "good_loss_rate": 0.0,
  "bad_loss_rate": 0.65
}