{
  "state": "good",
  "episode_index": 10024,
  "state_ordinal": 5012,
  "start_time_wall": 1756960635.1647325,
  "end_time_wall": 1756960635.7606847,
  "wall_time_sec": 0.5959522199991625,
  "steps": 60,
  "packets": 954674,
  "dropped": 0,
  "running_total_steps": 1028139,
  "running_total_packets": 14598267109,
  "running_total_dropped": 151321491,
  "running_total_time_sec": 2581.1642943549996,
  "p_gb": 0.005,
  "p_bg": 0.3,
  "good_loss_rate": 0.0,
  "bad_loss_rate": 0.65
}