{
  "state": "good",
  "episode_index": 13154,
  "state_ordinal": 6577,
  "start_time_wall": 1756961429.8928645,
  "end_time_wall": 1756961430.470734,
  "wall_time_sec": 0.5778692380008579,
  "steps": 14,
  "packets": 302324,
  "dropped": 0,
  "running_total_steps": 1334038,
  "running_total_packets": 18941627918,
  "running_total_dropped": 201452423,
  "running_total_time_sec": 3375.874343519001,
  "p_gb": 0.005,
  "p_bg": 0.3,
  "good_loss_rate": 0.0,
  "bad_loss_rate": 0.65
}