{
  "state": "good",
  "episode_index": 1174,
  "state_ordinal": 587,
  "start_time_wall": 1756958336.2333124,
  "end_time_wall": 1756958337.821975,
  "wall_time_sec": 1.5886628169992036,
  "steps": 895,
  "packets": 12642289,
  "dropped": 1,
  "running_total_steps": 117314,
  "running_total_packets": 1665741506,
  "running_total_dropped": 18743331,
  "running_total_time_sec": 283.22558472999845,
  "p_gb": 0.005,
  "p_bg": 0.3,
  "good_loss_rate": 0.0,
  "bad_loss_rate": 0.65
}