{
  "state": "good",
  "episode_index": 11958,
  "state_ordinal": 5979,
  "start_time_wall": 1756961151.8598223,
  "end_time_wall": 1756961151.8635988,
  "wall_time_sec": 0.0037762069987365976,
  "steps": 34,
  "packets": 473002,
  "dropped": 0,
  "running_total_steps": 1217430,
  "running_total_packets": 17285823754,
  "running_total_dropped": 182904729,
  "running_total_time_sec": 3097.267208568999,
  "p_gb": 0.005,
  "p_bg": 0.3,
  "good_loss_rate": 0.0,
  "bad_loss_rate": 0.65
}