{
  "state": "good",
  "episode_index": 6964,
  "state_ordinal": 3482,
  "start_time_wall": 1756959818.1400993,
  "end_time_wall": 1756959818.1439083,
  "wall_time_sec": 0.003808953000770998,
  "steps": 35,
  "packets": 484573,
  "dropped": 0,
  "running_total_steps": 707631,
  "running_total_packets": 10047439707,
  "running_total_dropped": 106095162,
  "running_total_time_sec": 1763.5475180289995,
  "p_gb": 0.005,
  "p_bg": 0.3,
  "good_loss_rate": 0.0,
  "bad_loss_rate": 0.65
}