{
  "state": "good",
  "episode_index": 4306,
  "state_ordinal": 2153,
  "start_time_wall": 1756959137.8264472,
  "end_time_wall": 1756959138.6454406,
  "wall_time_sec": 0.8189930609987641,
  "steps": 619,
  "packets": 8741123,
  "dropped": 2,
  "running_total_steps": 428718,
  "running_total_packets": 6087219788,
  "running_total_dropped": 66946354,
  "running_total_time_sec": 1084.049050235999,
  "p_gb": 0.005,
  "p_bg": 0.3,
  "good_loss_rate": 0.0,
  "bad_loss_rate": 0.65
}