{
  "state": "good",
  "episode_index": 15936,
  "state_ordinal": 7968,
  "start_time_wall": 1756962170.6416469,
  "end_time_wall": 1756962171.2391798,
  "wall_time_sec": 0.5975335129987798,
  "steps": 301,
  "packets": 4178919,
  "dropped": 1,
  "running_total_steps": 1613427,
  "running_total_packets": 22908391759,
  "running_total_dropped": 245770037,
  "running_total_time_sec": 4116.642790075999,
  "p_gb": 0.005,
  "p_bg": 0.3,
  "good_loss_rate": 0.0,
  "bad_loss_rate": 0.65
}