{
  "state": "good",
  "episode_index": 13570,
  "state_ordinal": 6785,
  "start_time_wall": 1756961550.530785,
  "end_time_wall": 1756961551.1408715,
  "wall_time_sec": 0.6100862610001059,
  "steps": 353,
  "packets": 4993281,
  "dropped": 0,
  "running_total_steps": 1375501,
  "running_total_packets": 19530278315,
  "running_total_dropped": 207146331,
  "running_total_time_sec": 3496.5444812429996,
  "p_gb": 0.005,
  "p_bg": 0.3,
  "good_loss_rate": 0.0,
  "bad_loss_rate": 0.65
}