{
  "state": "good",
  "episode_index": 9730,
  "state_ordinal": 4865,
  "start_time_wall": 1756960573.8463407,
  "end_time_wall": 1756960573.8673382,
  "wall_time_sec": 0.02099738900142256,
  "steps": 159,
  "packets": 2321601,
  "dropped": 0,
  "running_total_steps": 998182,
  "running_total_packets": 14172943790,
  "running_total_dropped": 147157116,
  "running_total_time_sec": 2519.270947784,
  "p_gb": 0.005,
  "p_bg": 0.3,
  "good_loss_rate": 0.0,
  "bad_loss_rate": 0.65
}