{
  "state": "good",
  "episode_index": 9552,
  "state_ordinal": 4776,
  "start_time_wall": 1756960538.221364,
  "end_time_wall": 1756960538.41713,
  "wall_time_sec": 0.1957659119980235,
  "steps": 24,
  "packets": 499026,
  "dropped": 0,
  "running_total_steps": 980896,
  "running_total_packets": 13927506928,
  "running_total_dropped": 144416218,
  "running_total_time_sec": 2483.8207397279984,
  "p_gb": 0.005,
  "p_bg": 0.3,
  "good_loss_rate": 0.0,
  "bad_loss_rate": 0.65
}