{
  "state": "good",
  "episode_index": 3158,
  "state_ordinal": 1579,
  "start_time_wall": 1756958826.870314,
  "end_time_wall": 1756958827.6625943,
  "wall_time_sec": 0.7922802769990085,
  "steps": 547,
  "packets": 7829827,
  "dropped": 1,
  "running_total_steps": 320423,
  "running_total_packets": 4549700573,
  "running_total_dropped": 48759737,
  "running_total_time_sec": 773.0662040489988,
  "p_gb": 0.005,
  "p_bg": 0.3,
  "good_loss_rate": 0.0,
  "bad_loss_rate": 0.65
}