{
  "state": "good",
  "episode_index": 2890,
  "state_ordinal": 1445,
  "start_time_wall": 1756958776.7212243,
  "end_time_wall": 1756958776.7528322,
  "wall_time_sec": 0.031608035998942796,
  "steps": 256,
  "packets": 3582953,
  "dropped": 0,
  "running_total_steps": 295588,
  "running_total_packets": 4197018344,
  "running_total_dropped": 45322149,
  "running_total_time_sec": 722.1564418829985,
  "p_gb": 0.005,
  "p_bg": 0.3,
  "good_loss_rate": 0.0,
  "bad_loss_rate": 0.65
}