{
  "state": "good",
  "episode_index": 2946,
  "state_ordinal": 1473,
  "start_time_wall": 1756958787.292246,
  "end_time_wall": 1756958787.3111684,
  "wall_time_sec": 0.018922335000752355,
  "steps": 162,
  "packets": 2336066,
  "dropped": 0,
  "running_total_steps": 300820,
  "running_total_packets": 4271309860,
  "running_total_dropped": 45902776,
  "running_total_time_sec": 732.7147781849999,
  "p_gb": 0.005,
  "p_bg": 0.3,
  "good_loss_rate": 0.0,
  "bad_loss_rate": 0.65
}