{
  "state": "good",
  "episode_index": 15344,
  "state_ordinal": 7672,
  "start_time_wall": 1756961979.5332046,
  "end_time_wall": 1756961980.1424444,
  "wall_time_sec": 0.6092398610016971,
  "steps": 187,
  "packets": 2654309,
  "dropped": 0,
  "running_total_steps": 1548431,
  "running_total_packets": 21985616081,
  "running_total_dropped": 235498866,
  "running_total_time_sec": 3925.5460540620006,
  "p_gb": 0.005,
  "p_bg": 0.3,
  "good_loss_rate": 0.0,
  "bad_loss_rate": 0.65
}