{
  "state": "good",
  "episode_index": 12200,
  "state_ordinal": 6100,
  "start_time_wall": 1756961205.4004438,
  "end_time_wall": 1756961206.1913335,
  "wall_time_sec": 0.7908895769978699,
  "steps": 408,
  "packets": 5784502,
  "dropped": 1,
  "running_total_steps": 1243944,
  "running_total_packets": 17662297788,
  "running_total_dropped": 186682371,
  "running_total_time_sec": 3151.5949433409987,
  "p_gb": 0.005,
  "p_bg": 0.3,
  "good_loss_rate": 0.0,
  "bad_loss_rate": 0.65
}