{
  "state": "good",
  "episode_index": 14452,
  "state_ordinal": 7226,
  "start_time_wall": 1756961770.8061566,
  "end_time_wall": 1756961771.3974304,
  "wall_time_sec": 0.5912738179977168,
  "steps": 194,
  "packets": 2796050,
  "dropped": 0,
  "running_total_steps": 1465525,
  "running_total_packets": 20808543825,
  "running_total_dropped": 221127923,
  "running_total_time_sec": 3716.8010402779983,
  "p_gb": 0.005,
  "p_bg": 0.3,
  "good_loss_rate": 0.0,
  "bad_loss_rate": 0.65
}