{
  "state": "good",
  "episode_index": 2078,
  "state_ordinal": 1039,
  "start_time_wall": 1756958567.9854083,
  "end_time_wall": 1756958568.58164,
  "wall_time_sec": 0.5962314030002744,
  "steps": 222,
  "packets": 3160571,
  "dropped": 0,
  "running_total_steps": 212154,
  "running_total_packets": 3012399773,
  "running_total_dropped": 33255199,
  "running_total_time_sec": 513.9852495499999,
  "p_gb": 0.005,
  "p_bg": 0.3,
  "good_loss_rate": 0.0,
  "bad_loss_rate": 0.65
}