{
  "state": "good",
  "episode_index": 10462,
  "state_ordinal": 5231,
  "start_time_wall": 1756960755.3953784,
  "end_time_wall": 1756960755.9823442,
  "wall_time_sec": 0.5869657999974152,
  "steps": 193,
  "packets": 2743983,
  "dropped": 0,
  "running_total_steps": 1069937,
  "running_total_packets": 15191728521,
  "running_total_dropped": 157599031,
  "running_total_time_sec": 2701.3859539919977,
  "p_gb": 0.005,
  "p_bg": 0.3,
  "good_loss_rate": 0.0,
  "bad_loss_rate": 0.65
}