{
  "state": "good",
  "episode_index": 8304,
  "state_ordinal": 4152,
  "start_time_wall": 1756960196.7979264,
  "end_time_wall": 1756960196.8069742,
  "wall_time_sec": 0.009047935000126017,
  "steps": 69,
  "packets": 1045807,
  "dropped": 0,
  "running_total_steps": 849860,
  "running_total_packets": 12066932416,
  "running_total_dropped": 127203324,
  "running_total_time_sec": 2142.210583971999,
  "p_gb": 0.005,
  "p_bg": 0.3,
  "good_loss_rate": 0.0,
  "bad_loss_rate": 0.65
}