{
  "state": "good",
  "episode_index": 8008,
  "state_ordinal": 4004,
  "start_time_wall": 1756960132.9855492,
  "end_time_wall": 1756960133.7746584,
  "wall_time_sec": 0.7891091240016976,
  "steps": 345,
  "packets": 4964339,
  "dropped": 1,
  "running_total_steps": 819796,
  "running_total_packets": 11640033880,
  "running_total_dropped": 123331112,
  "running_total_time_sec": 2079.1782683029996,
  "p_gb": 0.005,
  "p_bg": 0.3,
  "good_loss_rate": 0.0,
  "bad_loss_rate": 0.65
}