{
  "state": "good",
  "episode_index": 15314,
  "state_ordinal": 7657,
  "start_time_wall": 1756961972.7784865,
  "end_time_wall": 1756961972.7865472,
  "wall_time_sec": 0.008060465999733424,
  "steps": 76,
  "packets": 985070,
  "dropped": 0,
  "running_total_steps": 1545015,
  "running_total_packets": 21937100939,
  "running_total_dropped": 234951282,
  "running_total_time_sec": 3918.1901567269997,
  "p_gb": 0.005,
  "p_bg": 0.3,
  "good_loss_rate": 0.0,
  "bad_loss_rate": 0.65
}