{
  "state": "good",
  "episode_index": 4052,
  "state_ordinal": 2026,
  "start_time_wall": 1756959089.9520254,
  "end_time_wall": 1756959089.9660852,
  "wall_time_sec": 0.01405945700025768,
  "steps": 120,
  "packets": 1760372,
  "dropped": 0,
  "running_total_steps": 404926,
  "running_total_packets": 5749442152,
  "running_total_dropped": 63152681,
  "running_total_time_sec": 1035.369694653,
  "p_gb": 0.005,
  "p_bg": 0.3,
  "good_loss_rate": 0.0,
  "bad_loss_rate": 0.65
}