{
  "state": "good",
  "episode_index": 3630,
  "state_ordinal": 1815,
  "start_time_wall": 1756958954.3877087,
  "end_time_wall": 1756958954.3880484,
  "wall_time_sec": 0.0003396680003788788,
  "steps": 2,
  "packets": 13018,
  "dropped": 0,
  "running_total_steps": 364323,
  "running_total_packets": 5172949471,
  "running_total_dropped": 56921140,
  "running_total_time_sec": 899.7916579939993,
  "p_gb": 0.005,
  "p_bg": 0.3,
  "good_loss_rate": 0.0,
  "bad_loss_rate": 0.65
}