{
  "state": "good",
  "episode_index": 6360,
  "state_ordinal": 3180,
  "start_time_wall": 1756959651.53624,
  "end_time_wall": 1756959687.5389104,
  "wall_time_sec": 36.00267023699962,
  "steps": 352,
  "packets": 5055460,
  "dropped": 0,
  "running_total_steps": 643444,
  "running_total_packets": 9136144800,
  "running_total_dropped": 97321118,
  "running_total_time_sec": 1632.9425201699996,
  "p_gb": 0.005,
  "p_bg": 0.3,
  "good_loss_rate": 0.0,
  "bad_loss_rate": 0.65
}