{
  "state": "good",
  "episode_index": 15040,
  "state_ordinal": 7520,
  "start_time_wall": 1756961886.1918314,
  "end_time_wall": 1756961886.9740183,
  "wall_time_sec": 0.7821868110004289,
  "steps": 399,
  "packets": 5696251,
  "dropped": 1,
  "running_total_steps": 1521230,
  "running_total_packets": 21599475168,
  "running_total_dropped": 230197019,
  "running_total_time_sec": 3832.3776279619997,
  "p_gb": 0.005,
  "p_bg": 0.3,
  "good_loss_rate": 0.0,
  "bad_loss_rate": 0.65
}