{
  "state": "good",
  "episode_index": 12350,
  "state_ordinal": 6175,
  "start_time_wall": 1756961233.291048,
  "end_time_wall": 1756961233.2973614,
  "wall_time_sec": 0.006313220001175068,
  "steps": 51,
  "packets": 633573,
  "dropped": 0,
  "running_total_steps": 1256636,
  "running_total_packets": 17842472092,
  "running_total_dropped": 188823565,
  "running_total_time_sec": 3178.7009710579987,
  "p_gb": 0.005,
  "p_bg": 0.3,
  "good_loss_rate": 0.0,
  "bad_loss_rate": 0.65
}