{
  "state": "good",
  "episode_index": 9314,
  "state_ordinal": 4657,
  "start_time_wall": 1756960444.7547626,
  "end_time_wall": 1756960445.5716503,
  "wall_time_sec": 0.8168874379989575,
  "steps": 437,
  "packets": 6162035,
  "dropped": 0,
  "running_total_steps": 953137,
  "running_total_packets": 13533242565,
  "running_total_dropped": 141494438,
  "running_total_time_sec": 2390.9752600409993,
  "p_gb": 0.005,
  "p_bg": 0.3,
  "good_loss_rate": 0.0,
  "bad_loss_rate": 0.65
}