{
  "state": "good",
  "episode_index": 9764,
  "state_ordinal": 4882,
  "start_time_wall": 1756960581.2559986,
  "end_time_wall": 1756960581.8804567,
  "wall_time_sec": 0.6244577490033407,
  "steps": 350,
  "packets": 4991822,
  "dropped": 0,
  "running_total_steps": 1002297,
  "running_total_packets": 14231282029,
  "running_total_dropped": 147647199,
  "running_total_time_sec": 2527.284066403001,
  "p_gb": 0.005,
  "p_bg": 0.3,
  "good_loss_rate": 0.0,
  "bad_loss_rate": 0.65
}