{
  "state": "good",
  "episode_index": 9392,
  "state_ordinal": 4696,
  "start_time_wall": 1756960459.1042151,
  "end_time_wall": 1756960459.7563,
  "wall_time_sec": 0.6520843960024649,
  "steps": 520,
  "packets": 7319218,
  "dropped": 0,
  "running_total_steps": 960119,
  "running_total_packets": 13632432449,
  "running_total_dropped": 142409432,
  "running_total_time_sec": 2405.159909602,
  "p_gb": 0.005,
  "p_bg": 0.3,
  "good_loss_rate": 0.0,
  "bad_loss_rate": 0.65
}