{
  "state": "good",
  "episode_index": 11892,
  "state_ordinal": 5946,
  "start_time_wall": 1756961142.8056347,
  "end_time_wall": 1756961142.83327,
  "wall_time_sec": 0.027635055001155706,
  "steps": 228,
  "packets": 3218432,
  "dropped": 0,
  "running_total_steps": 1212129,
  "running_total_packets": 17210636848,
  "running_total_dropped": 182011558,
  "running_total_time_sec": 3088.2368796459996,
  "p_gb": 0.005,
  "p_bg": 0.3,
  "good_loss_rate": 0.0,
  "bad_loss_rate": 0.65
}