{
  "state": "good",
  "episode_index": 11064,
  "state_ordinal": 5532,
  "start_time_wall": 1756960913.6901615,
  "end_time_wall": 1756960915.2720134,
  "wall_time_sec": 1.581851856000867,
  "steps": 807,
  "packets": 11428692,
  "dropped": 0,
  "running_total_steps": 1130070,
  "running_total_packets": 16045522706,
  "running_total_dropped": 168354134,
  "running_total_time_sec": 2860.675622982999,
  "p_gb": 0.005,
  "p_bg": 0.3,
  "good_loss_rate": 0.0,
  "bad_loss_rate": 0.65
}