{
  "state": "good",
  "episode_index": 7010,
  "state_ordinal": 3505,
  "start_time_wall": 1756959826.502292,
  "end_time_wall": 1756959827.0782032,
  "wall_time_sec": 0.5759110179988056,
  "steps": 187,
  "packets": 2625378,
  "dropped": 0,
  "running_total_steps": 711817,
  "running_total_packets": 10106887391,
  "running_total_dropped": 106825935,
  "running_total_time_sec": 1772.4818127629987,
  "p_gb": 0.005,
  "p_bg": 0.3,
  "good_loss_rate": 0.0,
  "bad_loss_rate": 0.65
}