{
  "state": "good",
  "episode_index": 12040,
  "state_ordinal": 6020,
  "start_time_wall": 1756961172.1171427,
  "end_time_wall": 1756961172.1223786,
  "wall_time_sec": 0.005235762997472193,
  "steps": 42,
  "packets": 543881,
  "dropped": 0,
  "running_total_steps": 1227165,
  "running_total_packets": 17424130959,
  "running_total_dropped": 184364544,
  "running_total_time_sec": 3117.525988205998,
  "p_gb": 0.005,
  "p_bg": 0.3,
  "good_loss_rate": 0.0,
  "bad_loss_rate": 0.65
}