{
  "state": "good",
  "episode_index": 6744,
  "state_ordinal": 3372,
  "start_time_wall": 1756959764.6807146,
  "end_time_wall": 1756959765.3327923,
  "wall_time_sec": 0.6520773190004547,
  "steps": 604,
  "packets": 8561757,
  "dropped": 0,
  "running_total_steps": 681891,
  "running_total_packets": 9682003802,
  "running_total_dropped": 102821535,
  "running_total_time_sec": 1710.736401921,
  "p_gb": 0.005,
  "p_bg": 0.3,
  "good_loss_rate": 0.0,
  "bad_loss_rate": 0.65
}