{
  "state": "good",
  "episode_index": 13448,
  "state_ordinal": 6724,
  "start_time_wall": 1756961487.5380633,
  "end_time_wall": 1756961487.5393267,
  "wall_time_sec": 0.0012633430014830083,
  "steps": 10,
  "packets": 121511,
  "dropped": 0,
  "running_total_steps": 1361718,
  "running_total_packets": 19334558621,
  "running_total_dropped": 205527972,
  "running_total_time_sec": 3432.9429363950003,
  "p_gb": 0.005,
  "p_bg": 0.3,
  "good_loss_rate": 0.0,
  "bad_loss_rate": 0.65
}