{
  "state": "good",
  "episode_index": 10302,
  "state_ordinal": 5151,
  "start_time_wall": 1756960725.4872823,
  "end_time_wall": 1756960725.493524,
  "wall_time_sec": 0.006241701001272304,
  "steps": 28,
  "packets": 364521,
  "dropped": 0,
  "running_total_steps": 1055296,
  "running_total_packets": 14983852564,
  "running_total_dropped": 154930274,
  "running_total_time_sec": 2670.897133546001,
  "p_gb": 0.005,
  "p_bg": 0.3,
  "good_loss_rate": 0.0,
  "bad_loss_rate": 0.65
}