{
  "state": "good",
  "episode_index": 4476,
  "state_ordinal": 2238,
  "start_time_wall": 1756959172.5553126,
  "end_time_wall": 1756959174.6949782,
  "wall_time_sec": 2.139665557000626,
  "steps": 1107,
  "packets": 15786947,
  "dropped": 2,
  "running_total_steps": 445681,
  "running_total_packets": 6328165313,
  "running_total_dropped": 69921916,
  "running_total_time_sec": 1120.0985880619992,
  "p_gb": 0.005,
  "p_bg": 0.3,
  "good_loss_rate": 0.0,
  "bad_loss_rate": 0.65
}