{
  "state": "good",
  "episode_index": 13600,
  "state_ordinal": 6800,
  "start_time_wall": 1756961557.7653055,
  "end_time_wall": 1756961557.9800498,
  "wall_time_sec": 0.21474410200244165,
  "steps": 205,
  "packets": 2930573,
  "dropped": 0,
  "running_total_steps": 1379056,
  "running_total_packets": 19580692688,
  "running_total_dropped": 207635175,
  "running_total_time_sec": 3503.383659471001,
  "p_gb": 0.005,
  "p_bg": 0.3,
  "good_loss_rate": 0.0,
  "bad_loss_rate": 0.65
}