{
  "state": "good",
  "episode_index": 2200,
  "state_ordinal": 1100,
  "start_time_wall": 1756958596.8296604,
  "end_time_wall": 1756958598.205455,
  "wall_time_sec": 1.3757949589999043,
  "steps": 680,
  "packets": 9757988,
  "dropped": 0,
  "running_total_steps": 226734,
  "running_total_packets": 3219457020,
  "running_total_dropped": 34760985,
  "running_total_time_sec": 543.6090651750001,
  "p_gb": 0.005,
  "p_bg": 0.3,
  "good_loss_rate": 0.0,
  "bad_loss_rate": 0.65
}