{
  "state": "good",
  "episode_index": 11170,
  "state_ordinal": 5585,
  "start_time_wall": 1756960934.4091804,
  "end_time_wall": 1756960934.4270306,
  "wall_time_sec": 0.01785007899889024,
  "steps": 174,
  "packets": 2353432,
  "dropped": 0,
  "running_total_steps": 1139061,
  "running_total_packets": 16173083971,
  "running_total_dropped": 170545349,
  "running_total_time_sec": 2879.8306401829977,
  "p_gb": 0.005,
  "p_bg": 0.3,
  "good_loss_rate": 0.0,
  "bad_loss_rate": 0.65
}