{
  "state": "good",
  "episode_index": 13152,
  "state_ordinal": 6576,
  "start_time_wall": 1756961429.858588,
  "end_time_wall": 1756961429.8667939,
  "wall_time_sec": 0.008205871999962255,
  "steps": 79,
  "packets": 1029907,
  "dropped": 0,
  "running_total_steps": 1334022,
  "running_total_packets": 18941261956,
  "running_total_dropped": 201410958,
  "running_total_time_sec": 3375.2704035479983,
  "p_gb": 0.005,
  "p_bg": 0.3,
  "good_loss_rate": 0.0,
  "bad_loss_rate": 0.65
}