{
  "state": "good",
  "episode_index": 7776,
  "state_ordinal": 3888,
  "start_time_wall": 1756960027.7349534,
  "end_time_wall": 1756960028.3230727,
  "wall_time_sec": 0.5881189440005983,
  "steps": 191,
  "packets": 2700593,
  "dropped": 0,
  "running_total_steps": 792720,
  "running_total_packets": 11255541970,
  "running_total_dropped": 119609744,
  "running_total_time_sec": 1973.7266823629998,
  "p_gb": 0.005,
  "p_bg": 0.3,
  "good_loss_rate": 0.0,
  "bad_loss_rate": 0.65
}