{
  "state": "good",
  "episode_index": 15358,
  "state_ordinal": 7679,
  "start_time_wall": 1756961982.813,
  "end_time_wall": 1756961983.4452705,
  "wall_time_sec": 0.6322704310005065,
  "steps": 415,
  "packets": 5842369,
  "dropped": 0,
  "running_total_steps": 1550067,
  "running_total_packets": 22008813379,
  "running_total_dropped": 235766653,
  "running_total_time_sec": 3928.8488801370004,
  "p_gb": 0.005,
  "p_bg": 0.3,
  "good_loss_rate": 0.0,
  "bad_loss_rate": 0.65
}