{
  "state": "good",
  "episode_index": 412,
  "state_ordinal": 206,
  "start_time_wall": 1756958134.3303604,
  "end_time_wall": 1756958134.5570543,
  "wall_time_sec": 0.2266934039998887,
  "steps": 50,
  "packets": 831722,
  "dropped": 1,
  "running_total_steps": 36204,
  "running_total_packets": 514186714,
  "running_total_dropped": 7219606,
  "running_total_time_sec": 79.96066375499868,
  "p_gb": 0.005,
  "p_bg": 0.3,
  "good_loss_rate": 0.0,
  "bad_loss_rate": 0.65
}