{
  "state": "good",
  "episode_index": 2936,
  "state_ordinal": 1468,
  "start_time_wall": 1756958786.4463878,
  "end_time_wall": 1756958786.4612067,
  "wall_time_sec": 0.014819070000157808,
  "steps": 111,
  "packets": 1638867,
  "dropped": 0,
  "running_total_steps": 300334,
  "running_total_packets": 4264433272,
  "running_total_dropped": 45804797,
  "running_total_time_sec": 731.8648164739989,
  "p_gb": 0.005,
  "p_bg": 0.3,
  "good_loss_rate": 0.0,
  "bad_loss_rate": 0.65
}