{
  "state": "good",
  "episode_index": 9898,
  "state_ordinal": 4949,
  "start_time_wall": 1756960608.6119804,
  "end_time_wall": 1756960608.639793,
  "wall_time_sec": 0.027811977997771464,
  "steps": 194,
  "packets": 2796050,
  "dropped": 2,
  "running_total_steps": 1015094,
  "running_total_packets": 14413069152,
  "running_total_dropped": 149816484,
  "running_total_time_sec": 2554.0434024979986,
  "p_gb": 0.005,
  "p_bg": 0.3,
  "good_loss_rate": 0.0,
  "bad_loss_rate": 0.65
}