{
  "state": "good",
  "episode_index": 13332,
  "state_ordinal": 6666,
  "start_time_wall": 1756961466.4762802,
  "end_time_wall": 1756961466.4967768,
  "wall_time_sec": 0.02049632600028417,
  "steps": 150,
  "packets": 2220344,
  "dropped": 0,
  "running_total_steps": 1351541,
  "running_total_packets": 19190161695,
  "running_total_dropped": 203937021,
  "running_total_time_sec": 3411.900386442001,
  "p_gb": 0.005,
  "p_bg": 0.3,
  "good_loss_rate": 0.0,
  "bad_loss_rate": 0.65
}