{
  "state": "good",
  "episode_index": 4552,
  "state_ordinal": 2276,
  "start_time_wall": 1756959186.1045094,
  "end_time_wall": 1756959186.719379,
  "wall_time_sec": 0.6148693329996604,
  "steps": 329,
  "packets": 4554999,
  "dropped": 0,
  "running_total_steps": 451417,
  "running_total_packets": 6409533049,
  "running_total_dropped": 71218919,
  "running_total_time_sec": 1132.122988658999,
  "p_gb": 0.005,
  "p_bg": 0.3,
  "good_loss_rate": 0.0,
  "bad_loss_rate": 0.65
}