{
  "state": "good",
  "episode_index": 8276,
  "state_ordinal": 4138,
  "start_time_wall": 1756960187.7639053,
  "end_time_wall": 1756960188.3560727,
  "wall_time_sec": 0.5921672610020323,
  "steps": 87,
  "packets": 1285935,
  "dropped": 0,
  "running_total_steps": 845654,
  "running_total_packets": 12007228704,
  "running_total_dropped": 126914041,
  "running_total_time_sec": 2133.759682289001,
  "p_gb": 0.005,
  "p_bg": 0.3,
  "good_loss_rate": 0.0,
  "bad_loss_rate": 0.65
}