{
  "state": "good",
  "episode_index": 11246,
  "state_ordinal": 5623,
  "start_time_wall": 1756960947.7358484,
  "end_time_wall": 1756960947.7394397,
  "wall_time_sec": 0.0035905490003642626,
  "steps": 29,
  "packets": 428153,
  "dropped": 0,
  "running_total_steps": 1145468,
  "running_total_packets": 16264108438,
  "running_total_dropped": 171828745,
  "running_total_time_sec": 2893.1430493320004,
  "p_gb": 0.005,
  "p_bg": 0.3,
  "good_loss_rate": 0.0,
  "bad_loss_rate": 0.65
}