{
  "state": "good",
  "episode_index": 10270,
  "state_ordinal": 5135,
  "start_time_wall": 1756960718.8999956,
  "end_time_wall": 1756960719.5433004,
  "wall_time_sec": 0.6433044189980137,
  "steps": 528,
  "packets": 7578128,
  "dropped": 0,
  "running_total_steps": 1052453,
  "running_total_packets": 14943533199,
  "running_total_dropped": 154530755,
  "running_total_time_sec": 2664.9469099089984,
  "p_gb": 0.005,
  "p_bg": 0.3,
  "good_loss_rate": 0.0,
  "bad_loss_rate": 0.65
}