{
  "state": "good",
  "episode_index": 12286,
  "state_ordinal": 6143,
  "start_time_wall": 1756961220.6585991,
  "end_time_wall": 1756961220.6701553,
  "wall_time_sec": 0.011555851000593975,
  "steps": 114,
  "packets": 1534728,
  "dropped": 0,
  "running_total_steps": 1250787,
  "running_total_packets": 17759452471,
  "running_total_dropped": 187863283,
  "running_total_time_sec": 3166.0737648569993,
  "p_gb": 0.005,
  "p_bg": 0.3,
  "good_loss_rate": 0.0,
  "bad_loss_rate": 0.65
}