{
  "state": "good",
  "episode_index": 4382,
  "state_ordinal": 2191,
  "start_time_wall": 1756959152.215818,
  "end_time_wall": 1756959152.8037512,
  "wall_time_sec": 0.587932851000005,
  "steps": 58,
  "packets": 909843,
  "dropped": 0,
  "running_total_steps": 435219,
  "running_total_packets": 6179640118,
  "running_total_dropped": 67988436,
  "running_total_time_sec": 1098.2073609279996,
  "p_gb": 0.005,
  "p_bg": 0.3,
  "good_loss_rate": 0.0,
  "bad_loss_rate": 0.65
}