{
  "state": "good",
  "episode_index": 11404,
  "state_ordinal": 5702,
  "start_time_wall": 1756960980.778772,
  "end_time_wall": 1756960980.7873223,
  "wall_time_sec": 0.008550002999982098,
  "steps": 82,
  "packets": 1105116,
  "dropped": 0,
  "running_total_steps": 1161473,
  "running_total_packets": 16491354301,
  "running_total_dropped": 174128802,
  "running_total_time_sec": 2926.1909319669976,
  "p_gb": 0.005,
  "p_bg": 0.3,
  "good_loss_rate": 0.0,
  "bad_loss_rate": 0.65
}