{
  "state": "good",
  "episode_index": 4582,
  "state_ordinal": 2291,
  "start_time_wall": 1756959193.6368763,
  "end_time_wall": 1756959193.6389613,
  "wall_time_sec": 0.002085162999719614,
  "steps": 12,
  "packets": 216962,
  "dropped": 0,
  "running_total_steps": 454568,
  "running_total_packets": 6454345174,
  "running_total_dropped": 71794173,
  "running_total_time_sec": 1139.0425710889995,
  "p_gb": 0.005,
  "p_bg": 0.3,
  "good_loss_rate": 0.0,
  "bad_loss_rate": 0.65
}