{
  "state": "good",
  "episode_index": 5328,
  "state_ordinal": 2664,
  "start_time_wall": 1756959385.0380957,
  "end_time_wall": 1756959385.6062934,
  "wall_time_sec": 0.5681978979991982,
  "steps": 165,
  "packets": 2367897,
  "dropped": 0,
  "running_total_steps": 530496,
  "running_total_packets": 7532409800,
  "running_total_dropped": 82238788,
  "running_total_time_sec": 1331.0099031949994,
  "p_gb": 0.005,
  "p_bg": 0.3,
  "good_loss_rate": 0.0,
  "bad_loss_rate": 0.65
}