{
  "state": "good",
  "episode_index": 15846,
  "state_ordinal": 7923,
  "start_time_wall": 1756962092.443066,
  "end_time_wall": 1756962092.443343,
  "wall_time_sec": 0.0002770270002656616,
  "steps": 1,
  "packets": 6,
  "dropped": 0,
  "running_total_steps": 1601851,
  "running_total_packets": 22744138907,
  "running_total_dropped": 244156764,
  "running_total_time_sec": 4037.846952742999,
  "p_gb": 0.005,
  "p_bg": 0.3,
  "good_loss_rate": 0.0,
  "bad_loss_rate": 0.65
}