{
  "state": "good",
  "episode_index": 3824,
  "state_ordinal": 1912,
  "start_time_wall": 1756958990.00193,
  "end_time_wall": 1756958990.6088223,
  "wall_time_sec": 0.6068920880006772,
  "steps": 345,
  "packets": 4797997,
  "dropped": 0,
  "running_total_steps": 381856,
  "running_total_packets": 5421849222,
  "running_total_dropped": 59936114,
  "running_total_time_sec": 936.0124318580001,
  "p_gb": 0.005,
  "p_bg": 0.3,
  "good_loss_rate": 0.0,
  "bad_loss_rate": 0.65
}