{
  "state": "good",
  "episode_index": 13826,
  "state_ordinal": 6913,
  "start_time_wall": 1756961603.1243002,
  "end_time_wall": 1756961603.1453152,
  "wall_time_sec": 0.021014777001255425,
  "steps": 193,
  "packets": 2732418,
  "dropped": 0,
  "running_total_steps": 1401160,
  "running_total_packets": 19894533884,
  "running_total_dropped": 211021359,
  "running_total_time_sec": 3548.548924775001,
  "p_gb": 0.005,
  "p_bg": 0.3,
  "good_loss_rate": 0.0,
  "bad_loss_rate": 0.65
}