{
  "state": "good",
  "episode_index": 6712,
  "state_ordinal": 3356,
  "start_time_wall": 1756959757.3024063,
  "end_time_wall": 1756959757.3083785,
  "wall_time_sec": 0.005971410999336513,
  "steps": 34,
  "packets": 473002,
  "dropped": 1,
  "running_total_steps": 677646,
  "running_total_packets": 9621720054,
  "running_total_dropped": 102382414,
  "running_total_time_sec": 1702.711987925999,
  "p_gb": 0.005,
  "p_bg": 0.3,
  "good_loss_rate": 0.0,
  "bad_loss_rate": 0.65
}