{
  "state": "good",
  "episode_index": 14038,
  "state_ordinal": 7019,
  "start_time_wall": 1756961648.72367,
  "end_time_wall": 1756961649.308402,
  "wall_time_sec": 0.5847319629974663,
  "steps": 316,
  "packets": 4401657,
  "dropped": 0,
  "running_total_steps": 1423405,
  "running_total_packets": 20210436305,
  "running_total_dropped": 214404653,
  "running_total_time_sec": 3594.7120117899976,
  "p_gb": 0.005,
  "p_bg": 0.3,
  "good_loss_rate": 0.0,
  "bad_loss_rate": 0.65
}