{
  "state": "good",
  "episode_index": 706,
  "state_ordinal": 353,
  "start_time_wall": 1756958196.881791,
  "end_time_wall": 1756958198.2608743,
  "wall_time_sec": 1.379082957000719,
  "steps": 632,
  "packets": 9075254,
  "dropped": 3,
  "running_total_steps": 66947,
  "running_total_packets": 950682691,
  "running_total_dropped": 11586726,
  "running_total_time_sec": 143.6644840179997,
  "p_gb": 0.005,
  "p_bg": 0.3,
  "good_loss_rate": 0.0,
  "bad_loss_rate": 0.65
}