{
  "state": "good",
  "episode_index": 702,
  "state_ordinal": 351,
  "start_time_wall": 1756958196.0579157,
  "end_time_wall": 1756958196.0649564,
  "wall_time_sec": 0.0070406750000984175,
  "steps": 68,
  "packets": 895384,
  "dropped": 0,
  "running_total_steps": 66120,
  "running_total_packets": 938830188,
  "running_total_dropped": 11488208,
  "running_total_time_sec": 141.46856602299886,
  "p_gb": 0.005,
  "p_bg": 0.3,
  "good_loss_rate": 0.0,
  "bad_loss_rate": 0.65
}