{
  "state": "good",
  "episode_index": 13978,
  "state_ordinal": 6989,
  "start_time_wall": 1756961636.8874269,
  "end_time_wall": 1756961636.8914094,
  "wall_time_sec": 0.003982341000664746,
  "steps": 28,
  "packets": 396334,
  "dropped": 0,
  "running_total_steps": 1417421,
  "running_total_packets": 20125458139,
  "running_total_dropped": 213488657,
  "running_total_time_sec": 3582.2950190519987,
  "p_gb": 0.005,
  "p_bg": 0.3,
  "good_loss_rate": 0.0,
  "bad_loss_rate": 0.65
}