{
  "state": "good",
  "episode_index": 5514,
  "state_ordinal": 2757,
  "start_time_wall": 1756959422.722528,
  "end_time_wall": 1756959422.7292697,
  "wall_time_sec": 0.006741655999576324,
  "steps": 51,
  "packets": 717447,
  "dropped": 0,
  "running_total_steps": 548591,
  "running_total_packets": 7789370805,
  "running_total_dropped": 84791844,
  "running_total_time_sec": 1368.1328793009998,
  "p_gb": 0.005,
  "p_bg": 0.3,
  "good_loss_rate": 0.0,
  "bad_loss_rate": 0.65
}