{
  "state": "good",
  "episode_index": 13254,
  "state_ordinal": 6627,
  "start_time_wall": 1756961447.6164584,
  "end_time_wall": 1756961448.182399,
  "wall_time_sec": 0.5659401939992676,
  "steps": 44,
  "packets": 681304,
  "dropped": 0,
  "running_total_steps": 1342492,
  "running_total_packets": 19061628402,
  "running_total_dropped": 203189614,
  "running_total_time_sec": 3393.58600852,
  "p_gb": 0.005,
  "p_bg": 0.3,
  "good_loss_rate": 0.0,
  "bad_loss_rate": 0.65
}