{
  "state": "good",
  "episode_index": 2444,
  "state_ordinal": 1222,
  "start_time_wall": 1756958688.8900776,
  "end_time_wall": 1756958688.8960009,
  "wall_time_sec": 0.005922943999394192,
  "steps": 46,
  "packets": 608972,
  "dropped": 0,
  "running_total_steps": 253116,
  "running_total_packets": 3594004340,
  "running_total_dropped": 38431004,
  "running_total_time_sec": 634.2996103379992,
  "p_gb": 0.005,
  "p_bg": 0.3,
  "good_loss_rate": 0.0,
  "bad_loss_rate": 0.65
}