{
  "state": "good",
  "episode_index": 6376,
  "state_ordinal": 3188,
  "start_time_wall": 1756959689.412718,
  "end_time_wall": 1756959689.4401906,
  "wall_time_sec": 0.027471789999253815,
  "steps": 229,
  "packets": 3219879,
  "dropped": 0,
  "running_total_steps": 644518,
  "running_total_packets": 9151311216,
  "running_total_dropped": 97549858,
  "running_total_time_sec": 1634.8438001019986,
  "p_gb": 0.005,
  "p_bg": 0.3,
  "good_loss_rate": 0.0,
  "bad_loss_rate": 0.65
}