{
  "state": "good",
  "episode_index": 9044,
  "state_ordinal": 4522,
  "start_time_wall": 1756960391.0398643,
  "end_time_wall": 1756960391.040159,
  "wall_time_sec": 0.0002947370012407191,
  "steps": 1,
  "packets": 1447,
  "dropped": 0,
  "running_total_steps": 926566,
  "running_total_packets": 13155964292,
  "running_total_dropped": 138136690,
  "running_total_time_sec": 2336.443768781999,
  "p_gb": 0.005,
  "p_bg": 0.3,
  "good_loss_rate": 0.0,
  "bad_loss_rate": 0.65
}