{
  "state": "good",
  "episode_index": 9768,
  "state_ordinal": 4884,
  "start_time_wall": 1756960582.0229254,
  "end_time_wall": 1756960582.6061175,
  "wall_time_sec": 0.5831919800002652,
  "steps": 84,
  "packets": 1274352,
  "dropped": 0,
  "running_total_steps": 1002391,
  "running_total_packets": 14232679333,
  "running_total_dropped": 147657580,
  "running_total_time_sec": 2528.009727091998,
  "p_gb": 0.005,
  "p_bg": 0.3,
  "good_loss_rate": 0.0,
  "bad_loss_rate": 0.65
}