{
  "state": "good",
  "episode_index": 5028,
  "state_ordinal": 2514,
  "start_time_wall": 1756959323.218977,
  "end_time_wall": 1756959323.863417,
  "wall_time_sec": 0.6444399100000737,
  "steps": 387,
  "packets": 5479289,
  "dropped": 0,
  "running_total_steps": 500428,
  "running_total_packets": 7105417242,
  "running_total_dropped": 77995539,
  "running_total_time_sec": 1269.2670266409987,
  "p_gb": 0.005,
  "p_bg": 0.3,
  "good_loss_rate": 0.0,
  "bad_loss_rate": 0.65
}