{
  "state": "good",
  "episode_index": 13896,
  "state_ordinal": 6948,
  "start_time_wall": 1756961620.191782,
  "end_time_wall": 1756961620.1993716,
  "wall_time_sec": 0.007589483997435309,
  "steps": 59,
  "packets": 786885,
  "dropped": 0,
  "running_total_steps": 1409388,
  "running_total_packets": 20011359326,
  "running_total_dropped": 211926365,
  "running_total_time_sec": 3565.6029810699983,
  "p_gb": 0.005,
  "p_bg": 0.3,
  "good_loss_rate": 0.0,
  "bad_loss_rate": 0.65
}