{
  "state": "good",
  "episode_index": 15948,
  "state_ordinal": 7974,
  "start_time_wall": 1756962171.6028485,
  "end_time_wall": 1756962172.174545,
  "wall_time_sec": 0.5716965530009475,
  "steps": 87,
  "packets": 1306183,
  "dropped": 0,
  "running_total_steps": 1613902,
  "running_total_packets": 22915252422,
  "running_total_dropped": 246018507,
  "running_total_time_sec": 4117.578154912,
  "p_gb": 0.005,
  "p_bg": 0.3,
  "good_loss_rate": 0.0,
  "bad_loss_rate": 0.65
}