{
  "state": "good",
  "episode_index": 10552,
  "state_ordinal": 5276,
  "start_time_wall": 1756960770.9721704,
  "end_time_wall": 1756960771.1716764,
  "wall_time_sec": 0.19950617499853252,
  "steps": 66,
  "packets": 1031342,
  "dropped": 0,
  "running_total_steps": 1077370,
  "running_total_packets": 15297297414,
  "running_total_dropped": 158862078,
  "running_total_time_sec": 2716.575286193998,
  "p_gb": 0.005,
  "p_bg": 0.3,
  "good_loss_rate": 0.0,
  "bad_loss_rate": 0.65
}