{
  "state": "good",
  "episode_index": 15896,
  "state_ordinal": 7948,
  "start_time_wall": 1756962163.158784,
  "end_time_wall": 1756962163.7582748,
  "wall_time_sec": 0.5994907040003454,
  "steps": 263,
  "packets": 3704446,
  "dropped": 0,
  "running_total_steps": 1609989,
  "running_total_packets": 22859632136,
  "running_total_dropped": 245155117,
  "running_total_time_sec": 4109.161884575999,
  "p_gb": 0.005,
  "p_bg": 0.3,
  "good_loss_rate": 0.0,
  "bad_loss_rate": 0.65
}