{
  "state": "good",
  "episode_index": 14466,
  "state_ordinal": 7233,
  "start_time_wall": 1756961772.3190382,
  "end_time_wall": 1756961773.0709422,
  "wall_time_sec": 0.7519035050027014,
  "steps": 446,
  "packets": 6496136,
  "dropped": 1,
  "running_total_steps": 1466339,
  "running_total_packets": 20820112817,
  "running_total_dropped": 221393480,
  "running_total_time_sec": 3718.474551937001,
  "p_gb": 0.005,
  "p_bg": 0.3,
  "good_loss_rate": 0.0,
  "bad_loss_rate": 0.65
}