{
  "state": "good",
  "episode_index": 2450,
  "state_ordinal": 1225,
  "start_time_wall": 1756958689.9573994,
  "end_time_wall": 1756958689.9599025,
  "wall_time_sec": 0.0025030050001078052,
  "steps": 21,
  "packets": 274841,
  "dropped": 0,
  "running_total_steps": 253717,
  "running_total_packets": 3602553073,
  "running_total_dropped": 38566274,
  "running_total_time_sec": 635.3635121279985,
  "p_gb": 0.005,
  "p_bg": 0.3,
  "good_loss_rate": 0.0,
  "bad_loss_rate": 0.65
}