{
  "state": "good",
  "episode_index": 10146,
  "state_ordinal": 5073,
  "start_time_wall": 1756960660.9285743,
  "end_time_wall": 1756960661.5311553,
  "wall_time_sec": 0.6025811779982178,
  "steps": 270,
  "packets": 3898283,
  "dropped": 0,
  "running_total_steps": 1040625,
  "running_total_packets": 14775529641,
  "running_total_dropped": 152866039,
  "running_total_time_sec": 2606.934765015998,
  "p_gb": 0.005,
  "p_bg": 0.3,
  "good_loss_rate": 0.0,
  "bad_loss_rate": 0.65
}