{
  "state": "good",
  "episode_index": 11470,
  "state_ordinal": 5735,
  "start_time_wall": 1756960994.9780025,
  "end_time_wall": 1756960994.9862869,
  "wall_time_sec": 0.008284477997221984,
  "steps": 62,
  "packets": 850529,
  "dropped": 0,
  "running_total_steps": 1168209,
  "running_total_packets": 16586965580,
  "running_total_dropped": 175285476,
  "running_total_time_sec": 2940.3898966089982,
  "p_gb": 0.005,
  "p_bg": 0.3,
  "good_loss_rate": 0.0,
  "bad_loss_rate": 0.65
}