{
  "state": "good",
  "episode_index": 9370,
  "state_ordinal": 4685,
  "start_time_wall": 1756960454.222079,
  "end_time_wall": 1756960455.0106227,
  "wall_time_sec": 0.7885431319991767,
  "steps": 326,
  "packets": 4689510,
  "dropped": 1,
  "running_total_steps": 957647,
  "running_total_packets": 13597346493,
  "running_total_dropped": 142131920,
  "running_total_time_sec": 2400.4142324269997,
  "p_gb": 0.005,
  "p_bg": 0.3,
  "good_loss_rate": 0.0,
  "bad_loss_rate": 0.65
}