{
  "state": "good",
  "episode_index": 10870,
  "state_ordinal": 5435,
  "start_time_wall": 1756960844.0057156,
  "end_time_wall": 1756960844.009001,
  "wall_time_sec": 0.0032848209993971977,
  "steps": 29,
  "packets": 376092,
  "dropped": 0,
  "running_total_steps": 1112828,
  "running_total_packets": 15800691922,
  "running_total_dropped": 164795866,
  "running_total_time_sec": 2789.4126105819996,
  "p_gb": 0.005,
  "p_bg": 0.3,
  "good_loss_rate": 0.0,
  "bad_loss_rate": 0.65
}