{
  "state": "good",
  "episode_index": 2550,
  "state_ordinal": 1275,
  "start_time_wall": 1756958706.5866046,
  "end_time_wall": 1756958707.2314339,
  "wall_time_sec": 0.6448291699998663,
  "steps": 456,
  "packets": 6436864,
  "dropped": 0,
  "running_total_steps": 262262,
  "running_total_packets": 3723780178,
  "running_total_dropped": 39687216,
  "running_total_time_sec": 652.6350435389995,
  "p_gb": 0.005,
  "p_bg": 0.3,
  "good_loss_rate": 0.0,
  "bad_loss_rate": 0.65
}