{
  "state": "good",
  "episode_index": 4498,
  "state_ordinal": 2249,
  "start_time_wall": 1756959177.6780143,
  "end_time_wall": 1756959177.70229,
  "wall_time_sec": 0.024275845999000012,
  "steps": 156,
  "packets": 2077168,
  "dropped": 0,
  "running_total_steps": 447014,
  "running_total_packets": 6347001456,
  "running_total_dropped": 70392057,
  "running_total_time_sec": 1123.1058999929992,
  "p_gb": 0.005,
  "p_bg": 0.3,
  "good_loss_rate": 0.0,
  "bad_loss_rate": 0.65
}