{
  "state": "good",
  "episode_index": 14684,
  "state_ordinal": 7342,
  "start_time_wall": 1756961813.541216,
  "end_time_wall": 1756961815.053507,
  "wall_time_sec": 1.5122908660014218,
  "steps": 589,
  "packets": 8365025,
  "dropped": 1,
  "running_total_steps": 1486509,
  "running_total_packets": 21106412919,
  "running_total_dropped": 225135353,
  "running_total_time_sec": 3760.457116734,
  "p_gb": 0.005,
  "p_bg": 0.3,
  "good_loss_rate": 0.0,
  "bad_loss_rate": 0.65
}