{
  "state": "good",
  "episode_index": 2580,
  "state_ordinal": 1290,
  "start_time_wall": 1756958715.7271507,
  "end_time_wall": 1756958716.3284793,
  "wall_time_sec": 0.6013285030003317,
  "steps": 119,
  "packets": 1748801,
  "dropped": 0,
  "running_total_steps": 266407,
  "running_total_packets": 3782714359,
  "running_total_dropped": 40171279,
  "running_total_time_sec": 661.732089064999,
  "p_gb": 0.005,
  "p_bg": 0.3,
  "good_loss_rate": 0.0,
  "bad_loss_rate": 0.65
}