{
  "state": "good",
  "episode_index": 12736,
  "state_ordinal": 6368,
  "start_time_wall": 1756961346.3928452,
  "end_time_wall": 1756961346.394497,
  "wall_time_sec": 0.0016518519987585023,
  "steps": 10,
  "packets": 153324,
  "dropped": 0,
  "running_total_steps": 1293622,
  "running_total_packets": 18367656458,
  "running_total_dropped": 194735649,
  "running_total_time_sec": 3291.7981067229994,
  "p_gb": 0.005,
  "p_bg": 0.3,
  "good_loss_rate": 0.0,
  "bad_loss_rate": 0.65
}