{
  "state": "good",
  "episode_index": 9080,
  "state_ordinal": 4540,
  "start_time_wall": 1756960399.0954058,
  "end_time_wall": 1756960399.0971632,
  "wall_time_sec": 0.0017574129997228738,
  "steps": 15,
  "packets": 179366,
  "dropped": 0,
  "running_total_steps": 930654,
  "running_total_packets": 13214117364,
  "running_total_dropped": 138459972,
  "running_total_time_sec": 2344.5007729969984,
  "p_gb": 0.005,
  "p_bg": 0.3,
  "good_loss_rate": 0.0,
  "bad_loss_rate": 0.65
}