{
  "state": "good",
  "episode_index": 7982,
  "state_ordinal": 3991,
  "start_time_wall": 1756960130.438481,
  "end_time_wall": 1756960130.4638426,
  "wall_time_sec": 0.025361127001815476,
  "steps": 212,
  "packets": 3039060,
  "dropped": 0,
  "running_total_steps": 818195,
  "running_total_packets": 11617324037,
  "running_total_dropped": 123038777,
  "running_total_time_sec": 2075.867452333001,
  "p_gb": 0.005,
  "p_bg": 0.3,
  "good_loss_rate": 0.0,
  "bad_loss_rate": 0.65
}