{
  "state": "good",
  "episode_index": 8156,
  "state_ordinal": 4078,
  "start_time_wall": 1756960163.2039993,
  "end_time_wall": 1756960163.8462224,
  "wall_time_sec": 0.6422231720025593,
  "steps": 408,
  "packets": 5914671,
  "dropped": 1,
  "running_total_steps": 834155,
  "running_total_packets": 11843962375,
  "running_total_dropped": 125130649,
  "running_total_time_sec": 2109.249832063,
  "p_gb": 0.005,
  "p_bg": 0.3,
  "good_loss_rate": 0.0,
  "bad_loss_rate": 0.65
}