{
  "state": "good",
  "episode_index": 10564,
  "state_ordinal": 5282,
  "start_time_wall": 1756960772.759317,
  "end_time_wall": 1756960773.3737347,
  "wall_time_sec": 0.6144177020032657,
  "steps": 224,
  "packets": 3321124,
  "dropped": 0,
  "running_total_steps": 1078572,
  "running_total_packets": 15314357266,
  "running_total_dropped": 158917611,
  "running_total_time_sec": 2718.777344448001,
  "p_gb": 0.005,
  "p_bg": 0.3,
  "good_loss_rate": 0.0,
  "bad_loss_rate": 0.65
}