{
  "state": "good",
  "episode_index": 15102,
  "state_ordinal": 7551,
  "start_time_wall": 1756961900.1619139,
  "end_time_wall": 1756961900.1641886,
  "wall_time_sec": 0.0022748880001017824,
  "steps": 15,
  "packets": 229986,
  "dropped": 0,
  "running_total_steps": 1527435,
  "running_total_packets": 21687582086,
  "running_total_dropped": 231146598,
  "running_total_time_sec": 3845.5677983919995,
  "p_gb": 0.005,
  "p_bg": 0.3,
  "good_loss_rate": 0.0,
  "bad_loss_rate": 0.65
}