{
  "state": "good",
  "episode_index": 7176,
  "state_ordinal": 3588,
  "start_time_wall": 1756959895.1125493,
  "end_time_wall": 1756959895.1174047,
  "wall_time_sec": 0.004854972999964957,
  "steps": 35,
  "packets": 474449,
  "dropped": 0,
  "running_total_steps": 727858,
  "running_total_packets": 10334700266,
  "running_total_dropped": 109553055,
  "running_total_time_sec": 1840.5210142849992,
  "p_gb": 0.005,
  "p_bg": 0.3,
  "good_loss_rate": 0.0,
  "bad_loss_rate": 0.65
}