{
  "state": "good",
  "episode_index": 14214,
  "state_ordinal": 7107,
  "start_time_wall": 1756961684.6673238,
  "end_time_wall": 1756961684.6790485,
  "wall_time_sec": 0.011724284999218071,
  "steps": 100,
  "packets": 1504344,
  "dropped": 0,
  "running_total_steps": 1440450,
  "running_total_packets": 20452456574,
  "running_total_dropped": 217709767,
  "running_total_time_sec": 3630.0826580549983,
  "p_gb": 0.005,
  "p_bg": 0.3,
  "good_loss_rate": 0.0,
  "bad_loss_rate": 0.65
}