{
  "state": "good",
  "episode_index": 11422,
  "state_ordinal": 5711,
  "start_time_wall": 1756960984.3003054,
  "end_time_wall": 1756960984.3123717,
  "wall_time_sec": 0.012065611001162324,
  "steps": 95,
  "packets": 1427682,
  "dropped": 0,
  "running_total_steps": 1163040,
  "running_total_packets": 16513673575,
  "running_total_dropped": 174543473,
  "running_total_time_sec": 2929.7159812360005,
  "p_gb": 0.005,
  "p_bg": 0.3,
  "good_loss_rate": 0.0,
  "bad_loss_rate": 0.65
}