{
  "state": "good",
  "episode_index": 9640,
  "state_ordinal": 4820,
  "start_time_wall": 1756960553.9285662,
  "end_time_wall": 1756960554.5268297,
  "wall_time_sec": 0.598262732000876,
  "steps": 278,
  "packets": 3870806,
  "dropped": 1,
  "running_total_steps": 988821,
  "running_total_packets": 14039948085,
  "running_total_dropped": 145511400,
  "running_total_time_sec": 2499.9304393919992,
  "p_gb": 0.005,
  "p_bg": 0.3,
  "good_loss_rate": 0.0,
  "bad_loss_rate": 0.65
}