{
  "state": "good",
  "episode_index": 11138,
  "state_ordinal": 5569,
  "start_time_wall": 1756960927.69148,
  "end_time_wall": 1756960927.715764,
  "wall_time_sec": 0.02428356499876827,
  "steps": 220,
  "packets": 3096933,
  "dropped": 0,
  "running_total_steps": 1135839,
  "running_total_packets": 16127363438,
  "running_total_dropped": 170042276,
  "running_total_time_sec": 2873.1193736979985,
  "p_gb": 0.005,
  "p_bg": 0.3,
  "good_loss_rate": 0.0,
  "bad_loss_rate": 0.65
}