{
  "state": "good",
  "episode_index": 13466,
  "state_ordinal": 6733,
  "start_time_wall": 1756961491.0721622,
  "end_time_wall": 1756961491.075107,
  "wall_time_sec": 0.0029449350004142616,
  "steps": 25,
  "packets": 351497,
  "dropped": 0,
  "running_total_steps": 1363320,
  "running_total_packets": 19357281476,
  "running_total_dropped": 205908790,
  "running_total_time_sec": 3436.478716665999,
  "p_gb": 0.005,
  "p_bg": 0.3,
  "good_loss_rate": 0.0,
  "bad_loss_rate": 0.65
}