{
  "state": "good",
  "episode_index": 4542,
  "state_ordinal": 2271,
  "start_time_wall": 1756959185.159701,
  "end_time_wall": 1756959185.1694093,
  "wall_time_sec": 0.00970805500037386,
  "steps": 78,
  "packets": 998088,
  "dropped": 0,
  "running_total_steps": 450545,
  "running_total_packets": 6397171377,
  "running_total_dropped": 70999543,
  "running_total_time_sec": 1130.5730189719998,
  "p_gb": 0.005,
  "p_bg": 0.3,
  "good_loss_rate": 0.0,
  "bad_loss_rate": 0.65
}