{
  "state": "good",
  "episode_index": 3300,
  "state_ordinal": 1650,
  "start_time_wall": 1756958896.4483044,
  "end_time_wall": 1756958897.0818617,
  "wall_time_sec": 0.6335571340005117,
  "steps": 548,
  "packets": 7654808,
  "dropped": 0,
  "running_total_steps": 336859,
  "running_total_packets": 4782936329,
  "running_total_dropped": 51374825,
  "running_total_time_sec": 842.485471385,
  "p_gb": 0.005,
  "p_bg": 0.3,
  "good_loss_rate": 0.0,
  "bad_loss_rate": 0.65
}