{
  "state": "good",
  "episode_index": 7916,
  "state_ordinal": 3958,
  "start_time_wall": 1756960112.663396,
  "end_time_wall": 1756960112.666159,
  "wall_time_sec": 0.0027629469987004995,
  "steps": 14,
  "packets": 305206,
  "dropped": 0,
  "running_total_steps": 808426,
  "running_total_packets": 11478649428,
  "running_total_dropped": 121748698,
  "running_total_time_sec": 2058.069768434998,
  "p_gb": 0.005,
  "p_bg": 0.3,
  "good_loss_rate": 0.0,
  "bad_loss_rate": 0.65
}