{
  "state": "good",
  "episode_index": 1066,
  "state_ordinal": 533,
  "start_time_wall": 1756958317.0019162,
  "end_time_wall": 1756958317.6139138,
  "wall_time_sec": 0.6119974140001432,
  "steps": 340,
  "packets": 4889118,
  "dropped": 0,
  "running_total_steps": 107560,
  "running_total_packets": 1527359068,
  "running_total_dropped": 16738656,
  "running_total_time_sec": 263.0175236439991,
  "p_gb": 0.005,
  "p_bg": 0.3,
  "good_loss_rate": 0.0,
  "bad_loss_rate": 0.65
}