{
  "state": "good",
  "episode_index": 13732,
  "state_ordinal": 6866,
  "start_time_wall": 1756961584.2183144,
  "end_time_wall": 1756961584.2282674,
  "wall_time_sec": 0.009952904001693241,
  "steps": 76,
  "packets": 1048696,
  "dropped": 0,
  "running_total_steps": 1391665,
  "running_total_packets": 19759760429,
  "running_total_dropped": 209674154,
  "running_total_time_sec": 3529.6318770920007,
  "p_gb": 0.005,
  "p_bg": 0.3,
  "good_loss_rate": 0.0,
  "bad_loss_rate": 0.65
}