{
  "state": "good",
  "episode_index": 5542,
  "state_ordinal": 2771,
  "start_time_wall": 1756959432.4457192,
  "end_time_wall": 1756959432.4624414,
  "wall_time_sec": 0.016722002999813412,
  "steps": 137,
  "packets": 2003376,
  "dropped": 0,
  "running_total_steps": 553635,
  "running_total_packets": 7860961746,
  "running_total_dropped": 85248573,
  "running_total_time_sec": 1377.8660510239988,
  "p_gb": 0.005,
  "p_bg": 0.3,
  "good_loss_rate": 0.0,
  "bad_loss_rate": 0.65
}