{
  "state": "good",
  "episode_index": 2768,
  "state_ordinal": 1384,
  "start_time_wall": 1756958753.404171,
  "end_time_wall": 1756958754.0260034,
  "wall_time_sec": 0.6218322410004475,
  "steps": 467,
  "packets": 6569946,
  "dropped": 0,
  "running_total_steps": 284579,
  "running_total_packets": 4040672005,
  "running_total_dropped": 43335934,
  "running_total_time_sec": 699.4296129869999,
  "p_gb": 0.005,
  "p_bg": 0.3,
  "good_loss_rate": 0.0,
  "bad_loss_rate": 0.65
}