{
  "state": "good",
  "episode_index": 3586,
  "state_ordinal": 1793,
  "start_time_wall": 1756958946.7760284,
  "end_time_wall": 1756958946.7888508,
  "wall_time_sec": 0.012822321001294767,
  "steps": 91,
  "packets": 1382839,
  "dropped": 0,
  "running_total_steps": 360595,
  "running_total_packets": 5120107887,
  "running_total_dropped": 56187751,
  "running_total_time_sec": 892.1924604289998,
  "p_gb": 0.005,
  "p_bg": 0.3,
  "good_loss_rate": 0.0,
  "bad_loss_rate": 0.65
}