{
  "state": "good",
  "episode_index": 3232,
  "state_ordinal": 1616,
  "start_time_wall": 1756958880.5586843,
  "end_time_wall": 1756958880.5769703,
  "wall_time_sec": 0.018285688000105438,
  "steps": 147,
  "packets": 1955663,
  "dropped": 0,
  "running_total_steps": 328790,
  "running_total_packets": 4668412240,
  "running_total_dropped": 50083931,
  "running_total_time_sec": 825.9805799019996,
  "p_gb": 0.005,
  "p_bg": 0.3,
  "good_loss_rate": 0.0,
  "bad_loss_rate": 0.65
}