{
  "state": "good",
  "episode_index": 14674,
  "state_ordinal": 7337,
  "start_time_wall": 1756961811.8592546,
  "end_time_wall": 1756961812.4574013,
  "wall_time_sec": 0.5981466920020466,
  "steps": 223,
  "packets": 3203955,
  "dropped": 0,
  "running_total_steps": 1485224,
  "running_total_packets": 21088259510,
  "running_total_dropped": 224950151,
  "running_total_time_sec": 3757.8610110150003,
  "p_gb": 0.005,
  "p_bg": 0.3,
  "good_loss_rate": 0.0,
  "bad_loss_rate": 0.65
}