{
  "state": "good",
  "episode_index": 7450,
  "state_ordinal": 3725,
  "start_time_wall": 1756959957.5740108,
  "end_time_wall": 1756959957.5758164,
  "wall_time_sec": 0.0018054749998555053,
  "steps": 16,
  "packets": 199620,
  "dropped": 0,
  "running_total_steps": 758338,
  "running_total_packets": 10767357268,
  "running_total_dropped": 114005867,
  "running_total_time_sec": 1902.979426201,
  "p_gb": 0.005,
  "p_bg": 0.3,
  "good_loss_rate": 0.0,
  "bad_loss_rate": 0.65
}