{
  "state": "good",
  "episode_index": 8862,
  "state_ordinal": 4431,
  "start_time_wall": 1756960353.3499713,
  "end_time_wall": 1756960353.9545298,
  "wall_time_sec": 0.6045583440027258,
  "steps": 387,
  "packets": 5528468,
  "dropped": 0,
  "running_total_steps": 908328,
  "running_total_packets": 12897153211,
  "running_total_dropped": 135644162,
  "running_total_time_sec": 2299.358139510001,
  "p_gb": 0.005,
  "p_bg": 0.3,
  "good_loss_rate": 0.0,
  "bad_loss_rate": 0.65
}