{
  "state": "good",
  "episode_index": 11460,
  "state_ordinal": 5730,
  "start_time_wall": 1756960993.328168,
  "end_time_wall": 1756960993.9189465,
  "wall_time_sec": 0.5907784859991807,
  "steps": 126,
  "packets": 1870294,
  "dropped": 0,
  "running_total_steps": 1167680,
  "running_total_packets": 16579556670,
  "running_total_dropped": 175096348,
  "running_total_time_sec": 2939.322556226998,
  "p_gb": 0.005,
  "p_bg": 0.3,
  "good_loss_rate": 0.0,
  "bad_loss_rate": 0.65
}