{
  "state": "good",
  "episode_index": 15686,
  "state_ordinal": 7843,
  "start_time_wall": 1756962051.216983,
  "end_time_wall": 1756962051.990637,
  "wall_time_sec": 0.7736539249999623,
  "steps": 242,
  "packets": 3564134,
  "dropped": 1,
  "running_total_steps": 1582698,
  "running_total_packets": 22472224112,
  "running_total_dropped": 241247379,
  "running_total_time_sec": 3997.3942466769986,
  "p_gb": 0.005,
  "p_bg": 0.3,
  "good_loss_rate": 0.0,
  "bad_loss_rate": 0.65
}