{
  "state": "good",
  "episode_index": 5284,
  "state_ordinal": 2642,
  "start_time_wall": 1756959380.1776936,
  "end_time_wall": 1756959380.1815531,
  "wall_time_sec": 0.0038593300014326815,
  "steps": 22,
  "packets": 425264,
  "dropped": 0,
  "running_total_steps": 527839,
  "running_total_packets": 7494702801,
  "running_total_dropped": 81790091,
  "running_total_time_sec": 1325.585162718,
  "p_gb": 0.005,
  "p_bg": 0.3,
  "good_loss_rate": 0.0,
  "bad_loss_rate": 0.65
}