{
  "state": "good",
  "episode_index": 11894,
  "state_ordinal": 5947,
  "start_time_wall": 1756961142.8374445,
  "end_time_wall": 1756961143.4546225,
  "wall_time_sec": 0.6171777989984548,
  "steps": 391,
  "packets": 5574752,
  "dropped": 0,
  "running_total_steps": 1212522,
  "running_total_packets": 17216223177,
  "running_total_dropped": 182019144,
  "running_total_time_sec": 3088.858232202998,
  "p_gb": 0.005,
  "p_bg": 0.3,
  "good_loss_rate": 0.0,
  "bad_loss_rate": 0.65
}