{
  "state": "good",
  "episode_index": 9324,
  "state_ordinal": 4662,
  "start_time_wall": 1756960447.3404548,
  "end_time_wall": 1756960447.349204,
  "wall_time_sec": 0.008748856002057437,
  "steps": 69,
  "packets": 940209,
  "dropped": 0,
  "running_total_steps": 953923,
  "running_total_packets": 13544415223,
  "running_total_dropped": 141536820,
  "running_total_time_sec": 2392.7528137480003,
  "p_gb": 0.005,
  "p_bg": 0.3,
  "good_loss_rate": 0.0,
  "bad_loss_rate": 0.65
}