{
  "state": "good",
  "episode_index": 13444,
  "state_ordinal": 6722,
  "start_time_wall": 1756961487.4908826,
  "end_time_wall": 1756961487.497285,
  "wall_time_sec": 0.0064017539989436045,
  "steps": 48,
  "packets": 788332,
  "dropped": 0,
  "running_total_steps": 1361617,
  "running_total_packets": 19333190241,
  "running_total_dropped": 205477208,
  "running_total_time_sec": 3432.9008945179994,
  "p_gb": 0.005,
  "p_bg": 0.3,
  "good_loss_rate": 0.0,
  "bad_loss_rate": 0.65
}