{
  "state": "bad",
  "episode_index": 561,
  "state_ordinal": 280,
  "start_time_wall": 1756969396.5417979,
  "end_time_wall": 1756969396.7133658,
  "wall_time_sec": 0.17156834900015383,
  "steps": 1,
  "packets": 11571,
  "dropped": 11571,
  "running_total_steps": 301328,
  "running_total_packets": 4278578458,
  "running_total_dropped": 4131356,
  "running_total_time_sec": 946.6199573429985,
  "p_gb": 0.00098,
  "p_bg": 0.98,
  "good_loss_rate": 0.0,
  "bad_loss_rate": 1.0
}