{
  "state": "bad",
  "episode_index": 167,
  "state_ordinal": 83,
  "start_time_wall": 1756968713.9016762,
  "end_time_wall": 1756968714.065705,
  "wall_time_sec": 0.16402871399986907,
  "steps": 1,
  "packets": 6,
  "dropped": 6,
  "running_total_steps": 94278,
  "running_total_packets": 1338789361,
  "running_total_dropped": 1236787,
  "running_total_time_sec": 263.9722963369968,
  "p_gb": 0.00098,
  "p_bg": 0.98,
  "good_loss_rate": 0.0,
  "bad_loss_rate": 1.0
}