{
  "state": "bad",
  "episode_index": 117,
  "state_ordinal": 58,
  "start_time_wall": 1756968663.3259504,
  "end_time_wall": 1756968663.52205,
  "wall_time_sec": 0.19609984600174357,
  "steps": 1,
  "packets": 31819,
  "dropped": 31819,
  "running_total_steps": 69353,
  "running_total_packets": 984903647,
  "running_total_dropped": 885264,
  "running_total_time_sec": 213.42864149999878,
  "p_gb": 0.00098,
  "p_bg": 0.98,
  "good_loss_rate": 0.0,
  "bad_loss_rate": 1.0
}