{
  "state": "bad",
  "episode_index": 233,
  "state_ordinal": 116,
  "start_time_wall": 1756968811.6890633,
  "end_time_wall": 1756968811.696351,
  "wall_time_sec": 0.007287791999260662,
  "steps": 1,
  "packets": 11571,
  "dropped": 11571,
  "running_total_steps": 125069,
  "running_total_packets": 1775936259,
  "running_total_dropped": 1760429,
  "running_total_time_sec": 361.602942538997,
  "p_gb": 0.00098,
  "p_bg": 0.98,
  "good_loss_rate": 0.0,
  "bad_loss_rate": 1.0
}