{
  "state": "bad",
  "episode_index": 343,
  "state_ordinal": 171,
  "start_time_wall": 1756969034.499064,
  "end_time_wall": 1756969034.4997113,
  "wall_time_sec": 0.0006474260007962584,
  "steps": 1,
  "packets": 6,
  "dropped": 6,
  "running_total_steps": 191991,
  "running_total_packets": 2726157538,
  "running_total_dropped": 2632696,
  "running_total_time_sec": 584.4063026189979,
  "p_gb": 0.00098,
  "p_bg": 0.98,
  "good_loss_rate": 0.0,
  "bad_loss_rate": 1.0
}