{
  "state": "good",
  "episode_index": 216,
  "state_ordinal": 108,
  "start_time_wall": 1756968788.8878314,
  "end_time_wall": 1756968789.489102,
  "wall_time_sec": 0.6012702799998806,
  "steps": 166,
  "packets": 2369344,
  "dropped": 0,
  "running_total_steps": 114016,
  "running_total_packets": 1618973718,
  "running_total_dropped": 1617224,
  "running_total_time_sec": 339.39569312599997,
  "p_gb": 0.00098,
  "p_bg": 0.98,
  "good_loss_rate": 0.0,
  "bad_loss_rate": 1.0
}