{
  "state": "good",
  "episode_index": 66,
  "state_ordinal": 33,
  "start_time_wall": 1756968553.3607018,
  "end_time_wall": 1756968562.653093,
  "wall_time_sec": 9.292390859998704,
  "steps": 4544,
  "packets": 64610184,
  "dropped": 6,
  "running_total_steps": 36836,
  "running_total_packets": 523176618,
  "running_total_dropped": 470101,
  "running_total_time_sec": 112.55968447799751,
  "p_gb": 0.00098,
  "p_bg": 0.98,
  "good_loss_rate": 0.0,
  "bad_loss_rate": 1.0
}