{
  "state": "good",
  "episode_index": 388,
  "state_ordinal": 194,
  "start_time_wall": 1756969109.352885,
  "end_time_wall": 1756969109.9836898,
  "wall_time_sec": 0.6308042319978995,
  "steps": 395,
  "packets": 5586341,
  "dropped": 0,
  "running_total_steps": 212065,
  "running_total_packets": 3011184729,
  "running_total_dropped": 2813568,
  "running_total_time_sec": 659.8902809519968,
  "p_gb": 0.00098,
  "p_bg": 0.98,
  "good_loss_rate": 0.0,
  "bad_loss_rate": 1.0
}