{
  "state": "good",
  "episode_index": 512,
  "state_ordinal": 256,
  "start_time_wall": 1756969316.9135263,
  "end_time_wall": 1756969317.484788,
  "wall_time_sec": 0.5712617219978711,
  "steps": 154,
  "packets": 2234815,
  "dropped": 0,
  "running_total_steps": 280011,
  "running_total_packets": 3975930174,
  "running_total_dropped": 3820337,
  "running_total_time_sec": 867.3913791879968,
  "p_gb": 0.00098,
  "p_bg": 0.98,
  "good_loss_rate": 0.0,
  "bad_loss_rate": 1.0
}