{
  "state": "good",
  "episode_index": 508,
  "state_ordinal": 254,
  "start_time_wall": 1756969312.6927354,
  "end_time_wall": 1756969314.2758346,
  "wall_time_sec": 1.5830989229980332,
  "steps": 875,
  "packets": 12376137,
  "dropped": 1,
  "running_total_steps": 278779,
  "running_total_packets": 3958275821,
  "running_total_dropped": 3797195,
  "running_total_time_sec": 864.182425797997,
  "p_gb": 0.00098,
  "p_bg": 0.98,
  "good_loss_rate": 0.0,
  "bad_loss_rate": 1.0
}