{
  "state": "good",
  "episode_index": 208,
  "state_ordinal": 104,
  "start_time_wall": 1756968782.3553357,
  "end_time_wall": 1756968782.932046,
  "wall_time_sec": 0.5767101489982451,
  "steps": 45,
  "packets": 724688,
  "dropped": 0,
  "running_total_steps": 110766,
  "running_total_packets": 1572868416,
  "running_total_dropped": 1540567,
  "running_total_time_sec": 332.83863718299835,
  "p_gb": 0.00098,
  "p_bg": 0.98,
  "good_loss_rate": 0.0,
  "bad_loss_rate": 1.0
}