{
  "state": "good",
  "episode_index": 408,
  "state_ordinal": 204,
  "start_time_wall": 1756969128.4538877,
  "end_time_wall": 1756969129.8247883,
  "wall_time_sec": 1.370900084002642,
  "steps": 608,
  "packets": 8606600,
  "dropped": 0,
  "running_total_steps": 221796,
  "running_total_packets": 3149279308,
  "running_total_dropped": 2948091,
  "running_total_time_sec": 679.7313795059999,
  "p_gb": 0.00098,
  "p_bg": 0.98,
  "good_loss_rate": 0.0,
  "bad_loss_rate": 1.0
}