{
  "state": "good",
  "episode_index": 10,
  "state_ordinal": 5,
  "start_time_wall": 1756968463.4856846,
  "end_time_wall": 1756968464.2830756,
  "wall_time_sec": 0.7973903070014785,
  "steps": 432,
  "packets": 6253156,
  "dropped": 0,
  "running_total_steps": 5232,
  "running_total_packets": 74440486,
  "running_total_dropped": 108477,
  "running_total_time_sec": 14.18966672500028,
  "p_gb": 0.00098,
  "p_bg": 0.98,
  "good_loss_rate": 0.0,
  "bad_loss_rate": 1.0
}