{
  "state": "good",
  "episode_index": 288,
  "state_ordinal": 144,
  "start_time_wall": 1756968911.050368,
  "end_time_wall": 1756968914.9305444,
  "wall_time_sec": 3.88017580900123,
  "steps": 2159,
  "packets": 30558471,
  "dropped": 1,
  "running_total_steps": 158945,
  "running_total_packets": 2256852375,
  "running_total_dropped": 2295643,
  "running_total_time_sec": 464.837135597998,
  "p_gb": 0.00098,
  "p_bg": 0.98,
  "good_loss_rate": 0.0,
  "bad_loss_rate": 1.0
}