{
  "state": "good",
  "episode_index": 434,
  "state_ordinal": 217,
  "start_time_wall": 1756969203.9574108,
  "end_time_wall": 1756969205.5345216,
  "wall_time_sec": 1.5771105499989062,
  "steps": 958,
  "packets": 13513072,
  "dropped": 1,
  "running_total_steps": 241790,
  "running_total_packets": 3433140616,
  "running_total_dropped": 3186765,
  "running_total_time_sec": 755.4411129289983,
  "p_gb": 0.00098,
  "p_bg": 0.98,
  "good_loss_rate": 0.0,
  "bad_loss_rate": 1.0
}