{
  "state": "bad",
  "episode_index": 83,
  "state_ordinal": 41,
  "start_time_wall": 1756998446.161043,
  "end_time_wall": 1756998446.1648982,
  "wall_time_sec": 0.00385534100496443,
  "steps": 1,
  "packets": 6,
  "dropped": 6,
  "running_total_steps": 9702,
  "running_total_packets": 137897829,
  "running_total_dropped": 1157154,
  "running_total_time_sec": 23.51640671700443,
  "p_gb": 0.00303,
  "p_bg": 0.6,
  "good_loss_rate": 0.0,
  "bad_loss_rate": 1.0
}