{
  "state": "bad",
  "episode_index": 677,
  "state_ordinal": 338,
  "start_time_wall": 1756998673.3237593,
  "end_time_wall": 1756998673.4989257,
  "wall_time_sec": 0.17516643300041324,
  "steps": 3,
  "packets": 11583,
  "dropped": 11583,
  "running_total_steps": 105152,
  "running_total_packets": 1493155466,
  "running_total_dropped": 8263797,
  "running_total_time_sec": 250.85043421199953,
  "p_gb": 0.00303,
  "p_bg": 0.6,
  "good_loss_rate": 0.0,
  "bad_loss_rate": 1.0
}