{
  "state": "bad",
  "episode_index": 1349,
  "state_ordinal": 674,
  "start_time_wall": 1756998953.317144,
  "end_time_wall": 1756998953.5206833,
  "wall_time_sec": 0.20353952299774392,
  "steps": 3,
  "packets": 63644,
  "dropped": 63644,
  "running_total_steps": 208875,
  "running_total_packets": 2965886566,
  "running_total_dropped": 17583533,
  "running_total_time_sec": 530.872191800001,
  "p_gb": 0.00303,
  "p_bg": 0.6,
  "good_loss_rate": 0.0,
  "bad_loss_rate": 1.0
}