{
  "state": "bad",
  "episode_index": 557,
  "state_ordinal": 278,
  "start_time_wall": 1756998633.0168688,
  "end_time_wall": 1756998633.1829317,
  "wall_time_sec": 0.16606282400607597,
  "steps": 1,
  "packets": 6,
  "dropped": 6,
  "running_total_steps": 85488,
  "running_total_packets": 1213946043,
  "running_total_dropped": 6836116,
  "running_total_time_sec": 210.53444020900497,
  "p_gb": 0.00303,
  "p_bg": 0.6,
  "good_loss_rate": 0.0,
  "bad_loss_rate": 1.0
}