{
  "state": "bad",
  "episode_index": 1217,
  "state_ordinal": 608,
  "start_time_wall": 1756998876.5937366,
  "end_time_wall": 1756998876.5951786,
  "wall_time_sec": 0.0014419079961953685,
  "steps": 1,
  "packets": 1447,
  "dropped": 1447,
  "running_total_steps": 188520,
  "running_total_packets": 2676744136,
  "running_total_dropped": 15937389,
  "running_total_time_sec": 453.9466870280012,
  "p_gb": 0.00303,
  "p_bg": 0.6,
  "good_loss_rate": 0.0,
  "bad_loss_rate": 1.0
}