{
  "state": "bad",
  "episode_index": 545,
  "state_ordinal": 272,
  "start_time_wall": 1756998626.5311565,
  "end_time_wall": 1756998626.70493,
  "wall_time_sec": 0.1737736520008184,
  "steps": 2,
  "packets": 63638,
  "dropped": 63638,
  "running_total_steps": 82499,
  "running_total_packets": 1171501797,
  "running_total_dropped": 6677003,
  "running_total_time_sec": 204.0564386690021,
  "p_gb": 0.00303,
  "p_bg": 0.6,
  "good_loss_rate": 0.0,
  "bad_loss_rate": 1.0
}