{
  "state": "bad",
  "episode_index": 61,
  "state_ordinal": 30,
  "start_time_wall": 1756998442.4360654,
  "end_time_wall": 1756998442.7119782,
  "wall_time_sec": 0.27591305399982957,
  "steps": 1,
  "packets": 180789,
  "dropped": 180789,
  "running_total_steps": 7840,
  "running_total_packets": 111483552,
  "running_total_dropped": 947413,
  "running_total_time_sec": 20.063487391998933,
  "p_gb": 0.00303,
  "p_bg": 0.6,
  "good_loss_rate": 0.0,
  "bad_loss_rate": 1.0
}