{
  "state": "bad",
  "episode_index": 647,
  "state_ordinal": 323,
  "start_time_wall": 1756998665.0557768,
  "end_time_wall": 1756998665.2196333,
  "wall_time_sec": 0.16385672299657017,
  "steps": 2,
  "packets": 13018,
  "dropped": 13018,
  "running_total_steps": 101243,
  "running_total_packets": 1437549651,
  "running_total_dropped": 7793702,
  "running_total_time_sec": 242.57114200999786,
  "p_gb": 0.00303,
  "p_bg": 0.6,
  "good_loss_rate": 0.0,
  "bad_loss_rate": 1.0
}