{
  "state": "bad",
  "episode_index": 1127,
  "state_ordinal": 563,
  "start_time_wall": 1756998845.8975208,
  "end_time_wall": 1756998846.0780177,
  "wall_time_sec": 0.180497066998214,
  "steps": 1,
  "packets": 31819,
  "dropped": 31819,
  "running_total_steps": 173085,
  "running_total_packets": 2457704191,
  "running_total_dropped": 14636982,
  "running_total_time_sec": 423.429526564003,
  "p_gb": 0.00303,
  "p_bg": 0.6,
  "good_loss_rate": 0.0,
  "bad_loss_rate": 1.0
}