{
  "state": "bad",
  "episode_index": 175,
  "state_ordinal": 87,
  "start_time_wall": 1756998477.0834115,
  "end_time_wall": 1756998477.270663,
  "wall_time_sec": 0.18725152099796105,
  "steps": 2,
  "packets": 43390,
  "dropped": 43390,
  "running_total_steps": 25149,
  "running_total_packets": 357221279,
  "running_total_dropped": 2220340,
  "running_total_time_sec": 54.622171531002095,
  "p_gb": 0.00303,
  "p_bg": 0.6,
  "good_loss_rate": 0.0,
  "bad_loss_rate": 1.0
}