{
  "state": "bad",
  "episode_index": 1691,
  "state_ordinal": 845,
  "start_time_wall": 1756999118.8588955,
  "end_time_wall": 1756999119.0123668,
  "wall_time_sec": 0.15347137899516383,
  "steps": 1,
  "packets": 1447,
  "dropped": 1447,
  "running_total_steps": 272940,
  "running_total_packets": 3875389276,
  "running_total_dropped": 20975643,
  "running_total_time_sec": 696.3638754659987,
  "p_gb": 0.00303,
  "p_bg": 0.6,
  "good_loss_rate": 0.0,
  "bad_loss_rate": 1.0
}