{
  "state": "bad",
  "episode_index": 171,
  "state_ordinal": 85,
  "start_time_wall": 1756998476.3035805,
  "end_time_wall": 1756998476.4870265,
  "wall_time_sec": 0.18344647999765584,
  "steps": 2,
  "packets": 43390,
  "dropped": 43390,
  "running_total_steps": 24810,
  "running_total_packets": 352363980,
  "running_total_dropped": 2176938,
  "running_total_time_sec": 53.8385353449994,
  "p_gb": 0.00303,
  "p_bg": 0.6,
  "good_loss_rate": 0.0,
  "bad_loss_rate": 1.0
}