{
  "state": "bad",
  "episode_index": 423,
  "state_ordinal": 211,
  "start_time_wall": 1756998547.9216192,
  "end_time_wall": 1756998547.9227939,
  "wall_time_sec": 0.00117474100261461,
  "steps": 1,
  "packets": 1447,
  "dropped": 1447,
  "running_total_steps": 60868,
  "running_total_packets": 864265278,
  "running_total_dropped": 5091669,
  "running_total_time_sec": 125.27430244300194,
  "p_gb": 0.00303,
  "p_bg": 0.6,
  "good_loss_rate": 0.0,
  "bad_loss_rate": 1.0
}