{
  "state": "bad",
  "episode_index": 105,
  "state_ordinal": 52,
  "start_time_wall": 1756998452.1744268,
  "end_time_wall": 1756998452.326294,
  "wall_time_sec": 0.15186739600176224,
  "steps": 1,
  "packets": 6,
  "dropped": 6,
  "running_total_steps": 12816,
  "running_total_packets": 182043139,
  "running_total_dropped": 1346674,
  "running_total_time_sec": 29.677802846003033,
  "p_gb": 0.00303,
  "p_bg": 0.6,
  "good_loss_rate": 0.0,
  "bad_loss_rate": 1.0
}