{
  "state": "bad",
  "episode_index": 157,
  "state_ordinal": 78,
  "start_time_wall": 1756998472.582989,
  "end_time_wall": 1756998472.58437,
  "wall_time_sec": 0.0013808459989377297,
  "steps": 1,
  "packets": 1447,
  "dropped": 1447,
  "running_total_steps": 23043,
  "running_total_packets": 327241415,
  "running_total_dropped": 1974442,
  "running_total_time_sec": 49.93587844599824,
  "p_gb": 0.00303,
  "p_bg": 0.6,
  "good_loss_rate": 0.0,
  "bad_loss_rate": 1.0
}