{
  "state": "bad",
  "episode_index": 1029,
  "state_ordinal": 514,
  "start_time_wall": 1756998816.6310308,
  "end_time_wall": 1756998816.6315455,
  "wall_time_sec": 0.0005148839991306886,
  "steps": 1,
  "packets": 6,
  "dropped": 6,
  "running_total_steps": 158751,
  "running_total_packets": 2254108386,
  "running_total_dropped": 13032856,
  "running_total_time_sec": 393.9830540949988,
  "p_gb": 0.00303,
  "p_bg": 0.6,
  "good_loss_rate": 0.0,
  "bad_loss_rate": 1.0
}