{
  "state": "bad",
  "episode_index": 1559,
  "state_ordinal": 779,
  "start_time_wall": 1756999036.9711416,
  "end_time_wall": 1756999037.1500177,
  "wall_time_sec": 0.17887621199770365,
  "steps": 1,
  "packets": 31819,
  "dropped": 31819,
  "running_total_steps": 249904,
  "running_total_packets": 3548418324,
  "running_total_dropped": 19695434,
  "running_total_time_sec": 614.501526357999,
  "p_gb": 0.00303,
  "p_bg": 0.6,
  "good_loss_rate": 0.0,
  "bad_loss_rate": 1.0
}