{
  "state": "bad",
  "episode_index": 591,
  "state_ordinal": 295,
  "start_time_wall": 1756998641.201643,
  "end_time_wall": 1756998641.376584,
  "wall_time_sec": 0.17494097400049213,
  "steps": 1,
  "packets": 31819,
  "dropped": 31819,
  "running_total_steps": 89560,
  "running_total_packets": 1271721588,
  "running_total_dropped": 7181828,
  "running_total_time_sec": 218.72809262500232,
  "p_gb": 0.00303,
  "p_bg": 0.6,
  "good_loss_rate": 0.0,
  "bad_loss_rate": 1.0
}