{
  "state": "bad",
  "episode_index": 679,
  "state_ordinal": 339,
  "start_time_wall": 1756998675.0800643,
  "end_time_wall": 1756998675.0880067,
  "wall_time_sec": 0.00794235600187676,
  "steps": 1,
  "packets": 11571,
  "dropped": 11571,
  "running_total_steps": 106094,
  "running_total_packets": 1506408174,
  "running_total_dropped": 8275369,
  "running_total_time_sec": 252.43951517700043,
  "p_gb": 0.00303,
  "p_bg": 0.6,
  "good_loss_rate": 0.0,
  "bad_loss_rate": 1.0
}