{
  "state": "bad",
  "episode_index": 1757,
  "state_ordinal": 878,
  "start_time_wall": 1756999142.6939592,
  "end_time_wall": 1756999142.859207,
  "wall_time_sec": 0.16524779600149486,
  "steps": 1,
  "packets": 6,
  "dropped": 6,
  "running_total_steps": 284451,
  "running_total_packets": 4038959358,
  "running_total_dropped": 21662778,
  "running_total_time_sec": 720.2107153910038,
  "p_gb": 0.00303,
  "p_bg": 0.6,
  "good_loss_rate": 0.0,
  "bad_loss_rate": 1.0
}