{
  "state": "bad",
  "episode_index": 1251,
  "state_ordinal": 625,
  "start_time_wall": 1756998921.2923617,
  "end_time_wall": 1756998921.4798276,
  "wall_time_sec": 0.1874660000030417,
  "steps": 2,
  "packets": 13018,
  "dropped": 13018,
  "running_total_steps": 193191,
  "running_total_packets": 2743172559,
  "running_total_dropped": 16304794,
  "running_total_time_sec": 498.83133622300375,
  "p_gb": 0.00303,
  "p_bg": 0.6,
  "good_loss_rate": 0.0,
  "bad_loss_rate": 1.0
}