{
  "state": "bad",
  "episode_index": 1357,
  "state_ordinal": 678,
  "start_time_wall": 1756998954.56694,
  "end_time_wall": 1756998954.574864,
  "wall_time_sec": 0.007923956000013277,
  "steps": 1,
  "packets": 11571,
  "dropped": 11571,
  "running_total_steps": 209579,
  "running_total_packets": 2975796449,
  "running_total_dropped": 17671761,
  "running_total_time_sec": 531.9263725159981,
  "p_gb": 0.00303,
  "p_bg": 0.6,
  "good_loss_rate": 0.0,
  "bad_loss_rate": 1.0
}