{
  "state": "bad",
  "episode_index": 865,
  "state_ordinal": 432,
  "start_time_wall": 1756998768.62193,
  "end_time_wall": 1756998768.790363,
  "wall_time_sec": 0.1684332659933716,
  "steps": 1,
  "packets": 11571,
  "dropped": 11571,
  "running_total_steps": 134882,
  "running_total_packets": 1915292172,
  "running_total_dropped": 11161046,
  "running_total_time_sec": 346.1418718479981,
  "p_gb": 0.00303,
  "p_bg": 0.6,
  "good_loss_rate": 0.0,
  "bad_loss_rate": 1.0
}