{
  "state": "bad",
  "episode_index": 1537,
  "state_ordinal": 768,
  "start_time_wall": 1756999028.002626,
  "end_time_wall": 1756999028.179026,
  "wall_time_sec": 0.17639992800104665,
  "steps": 2,
  "packets": 31825,
  "dropped": 31825,
  "running_total_steps": 245538,
  "running_total_packets": 3486393005,
  "running_total_dropped": 19443760,
  "running_total_time_sec": 605.5305344830049,
  "p_gb": 0.00303,
  "p_bg": 0.6,
  "good_loss_rate": 0.0,
  "bad_loss_rate": 1.0
}