{
  "state": "bad",
  "episode_index": 991,
  "state_ordinal": 495,
  "start_time_wall": 1756998807.6057734,
  "end_time_wall": 1756998807.6062808,
  "wall_time_sec": 0.000507274002302438,
  "steps": 1,
  "packets": 6,
  "dropped": 6,
  "running_total_steps": 154365,
  "running_total_packets": 2191808232,
  "running_total_dropped": 12742082,
  "running_total_time_sec": 384.9577893140013,
  "p_gb": 0.00303,
  "p_bg": 0.6,
  "good_loss_rate": 0.0,
  "bad_loss_rate": 1.0
}