{
  "state": "bad",
  "episode_index": 1489,
  "state_ordinal": 744,
  "start_time_wall": 1756999006.8723283,
  "end_time_wall": 1756999007.0180516,
  "wall_time_sec": 0.14572358599980362,
  "steps": 1,
  "packets": 1447,
  "dropped": 1447,
  "running_total_steps": 235281,
  "running_total_packets": 3340734757,
  "running_total_dropped": 18834790,
  "running_total_time_sec": 584.3695602900043,
  "p_gb": 0.00303,
  "p_bg": 0.6,
  "good_loss_rate": 0.0,
  "bad_loss_rate": 1.0
}