{
  "state": "bad",
  "episode_index": 1017,
  "state_ordinal": 508,
  "start_time_wall": 1756998814.996984,
  "end_time_wall": 1756998815.0350273,
  "wall_time_sec": 0.03804327700345311,
  "steps": 2,
  "packets": 63638,
  "dropped": 63638,
  "running_total_steps": 157964,
  "running_total_packets": 2242935722,
  "running_total_dropped": 12973535,
  "running_total_time_sec": 392.38653572100156,
  "p_gb": 0.00303,
  "p_bg": 0.6,
  "good_loss_rate": 0.0,
  "bad_loss_rate": 1.0
}