{
  "state": "bad",
  "episode_index": 1367,
  "state_ordinal": 683,
  "start_time_wall": 1756998957.5607843,
  "end_time_wall": 1756998957.704221,
  "wall_time_sec": 0.14343661299790256,
  "steps": 1,
  "packets": 1447,
  "dropped": 1447,
  "running_total_steps": 211080,
  "running_total_packets": 2997171172,
  "running_total_dropped": 17686238,
  "running_total_time_sec": 535.0557294120008,
  "p_gb": 0.00303,
  "p_bg": 0.6,
  "good_loss_rate": 0.0,
  "bad_loss_rate": 1.0
}