{
  "state": "bad",
  "episode_index": 1983,
  "state_ordinal": 991,
  "start_time_wall": 1756999215.8043463,
  "end_time_wall": 1756999215.8126502,
  "wall_time_sec": 0.008303930000693072,
  "steps": 2,
  "packets": 13018,
  "dropped": 13018,
  "running_total_steps": 320040,
  "running_total_packets": 4544237196,
  "running_total_dropped": 24991096,
  "running_total_time_sec": 793.1641588380007,
  "p_gb": 0.00303,
  "p_bg": 0.6,
  "good_loss_rate": 0.0,
  "bad_loss_rate": 1.0
}