{
  "state": "bad",
  "episode_index": 1081,
  "state_ordinal": 540,
  "start_time_wall": 1756998831.9260857,
  "end_time_wall": 1756998832.0927248,
  "wall_time_sec": 0.1666393000050448,
  "steps": 1,
  "packets": 31819,
  "dropped": 31819,
  "running_total_steps": 166423,
  "running_total_packets": 2363011427,
  "running_total_dropped": 13792268,
  "running_total_time_sec": 409.44423351000296,
  "p_gb": 0.00303,
  "p_bg": 0.6,
  "good_loss_rate": 0.0,
  "bad_loss_rate": 1.0
}