{
  "state": "bad",
  "episode_index": 685,
  "state_ordinal": 342,
  "start_time_wall": 1756998676.1390567,
  "end_time_wall": 1756998676.158242,
  "wall_time_sec": 0.0191854360018624,
  "steps": 1,
  "packets": 31819,
  "dropped": 31819,
  "running_total_steps": 106681,
  "running_total_packets": 1514790553,
  "running_total_dropped": 8402657,
  "running_total_time_sec": 253.5097505560043,
  "p_gb": 0.00303,
  "p_bg": 0.6,
  "good_loss_rate": 0.0,
  "bad_loss_rate": 1.0
}