{
  "state": "bad",
  "episode_index": 151,
  "state_ordinal": 75,
  "start_time_wall": 1756998470.7993448,
  "end_time_wall": 1756998470.8073986,
  "wall_time_sec": 0.008053993005887605,
  "steps": 1,
  "packets": 11571,
  "dropped": 11571,
  "running_total_steps": 22304,
  "running_total_packets": 316689300,
  "running_total_dropped": 1897784,
  "running_total_time_sec": 48.158907262004504,
  "p_gb": 0.00303,
  "p_bg": 0.6,
  "good_loss_rate": 0.0,
  "bad_loss_rate": 1.0
}