{
  "state": "bad",
  "episode_index": 1875,
  "state_ordinal": 937,
  "start_time_wall": 1756999183.2793703,
  "end_time_wall": 1756999183.4604537,
  "wall_time_sec": 0.1810834049974801,
  "steps": 1,
  "packets": 31819,
  "dropped": 31819,
  "running_total_steps": 304119,
  "running_total_packets": 4318215065,
  "running_total_dropped": 23242338,
  "running_total_time_sec": 760.811962189,
  "p_gb": 0.00303,
  "p_bg": 0.6,
  "good_loss_rate": 0.0,
  "bad_loss_rate": 1.0
}