{
  "state": "bad",
  "episode_index": 1061,
  "state_ordinal": 530,
  "start_time_wall": 1756998825.5742004,
  "end_time_wall": 1756998825.5764968,
  "wall_time_sec": 0.0022968509947531857,
  "steps": 2,
  "packets": 2894,
  "dropped": 2894,
  "running_total_steps": 163252,
  "running_total_packets": 2318061878,
  "running_total_dropped": 13529003,
  "running_total_time_sec": 402.92800560199976,
  "p_gb": 0.00303,
  "p_bg": 0.6,
  "good_loss_rate": 0.0,
  "bad_loss_rate": 1.0
}