{
  "state": "bad",
  "episode_index": 315,
  "state_ordinal": 157,
  "start_time_wall": 1756998510.4556592,
  "end_time_wall": 1756998510.4642901,
  "wall_time_sec": 0.00863102100265678,
  "steps": 2,
  "packets": 13018,
  "dropped": 13018,
  "running_total_steps": 41966,
  "running_total_packets": 595887146,
  "running_total_dropped": 3807143,
  "running_total_time_sec": 87.81579867500113,
  "p_gb": 0.00303,
  "p_bg": 0.6,
  "good_loss_rate": 0.0,
  "bad_loss_rate": 1.0
}