{
  "state": "bad",
  "episode_index": 1325,
  "state_ordinal": 662,
  "start_time_wall": 1756998943.6233597,
  "end_time_wall": 1756998943.7957218,
  "wall_time_sec": 0.17236220300401328,
  "steps": 5,
  "packets": 26042,
  "dropped": 26042,
  "running_total_steps": 204128,
  "running_total_packets": 2898390640,
  "running_total_dropped": 17223337,
  "running_total_time_sec": 521.1472303920018,
  "p_gb": 0.00303,
  "p_bg": 0.6,
  "good_loss_rate": 0.0,
  "bad_loss_rate": 1.0
}