{
  "state": "bad",
  "episode_index": 259,
  "state_ordinal": 129,
  "start_time_wall": 1756998498.1410215,
  "end_time_wall": 1756998498.1415033,
  "wall_time_sec": 0.0004816430009668693,
  "steps": 1,
  "packets": 6,
  "dropped": 6,
  "running_total_steps": 35922,
  "running_total_packets": 510122089,
  "running_total_dropped": 3101267,
  "running_total_time_sec": 75.49301168200327,
  "p_gb": 0.00303,
  "p_bg": 0.6,
  "good_loss_rate": 0.0,
  "bad_loss_rate": 1.0
}