{
  "state": "good",
  "episode_index": 306,
  "state_ordinal": 153,
  "start_time_wall": 1756998509.448625,
  "end_time_wall": 1756998510.0506618,
  "wall_time_sec": 0.6020365099975606,
  "steps": 333,
  "packets": 4601283,
  "dropped": 0,
  "running_total_steps": 41746,
  "running_total_packets": 592778648,
  "running_total_dropped": 3746388,
  "running_total_time_sec": 87.40217044400197,
  "p_gb": 0.00303,
  "p_bg": 0.6,
  "good_loss_rate": 0.0,
  "bad_loss_rate": 1.0
}