{
  "state": "good",
  "episode_index": 568,
  "state_ordinal": 284,
  "start_time_wall": 1756998634.827782,
  "end_time_wall": 1756998635.421225,
  "wall_time_sec": 0.593442822995712,
  "steps": 149,
  "packets": 2137905,
  "dropped": 0,
  "running_total_steps": 86672,
  "running_total_packets": 1230731072,
  "running_total_dropped": 6937381,
  "running_total_time_sec": 212.77273332099867,
  "p_gb": 0.00303,
  "p_bg": 0.6,
  "good_loss_rate": 0.0,
  "bad_loss_rate": 1.0
}