{
  "state": "good",
  "episode_index": 1628,
  "state_ordinal": 814,
  "start_time_wall": 1756999091.4626842,
  "end_time_wall": 1756999092.8058329,
  "wall_time_sec": 1.3431487669950002,
  "steps": 476,
  "packets": 6859234,
  "dropped": 0,
  "running_total_steps": 259940,
  "running_total_packets": 3690914566,
  "running_total_dropped": 20391217,
  "running_total_time_sec": 670.157341498998,
  "p_gb": 0.00303,
  "p_bg": 0.6,
  "good_loss_rate": 0.0,
  "bad_loss_rate": 1.0
}