{
  "state": "good",
  "episode_index": 302,
  "state_ordinal": 151,
  "start_time_wall": 1756998509.3864827,
  "end_time_wall": 1756998509.39751,
  "wall_time_sec": 0.011027324995666277,
  "steps": 85,
  "packets": 1136947,
  "dropped": 0,
  "running_total_steps": 41396,
  "running_total_packets": 587796950,
  "running_total_dropped": 3666838,
  "running_total_time_sec": 86.7490186799987,
  "p_gb": 0.00303,
  "p_bg": 0.6,
  "good_loss_rate": 0.0,
  "bad_loss_rate": 1.0
}