{
  "state": "good",
  "episode_index": 604,
  "state_ordinal": 302,
  "start_time_wall": 1756998645.6198764,
  "end_time_wall": 1756998646.246083,
  "wall_time_sec": 0.6262066759954905,
  "steps": 354,
  "packets": 5085844,
  "dropped": 0,
  "running_total_steps": 91957,
  "running_total_packets": 1305757413,
  "running_total_dropped": 7345285,
  "running_total_time_sec": 223.59759164199932,
  "p_gb": 0.00303,
  "p_bg": 0.6,
  "good_loss_rate": 0.0,
  "bad_loss_rate": 1.0
}