{
  "state": "good",
  "episode_index": 96,
  "state_ordinal": 48,
  "start_time_wall": 1756998450.0281885,
  "end_time_wall": 1756998450.6390214,
  "wall_time_sec": 0.6108325649984181,
  "steps": 318,
  "packets": 4433482,
  "dropped": 0,
  "running_total_steps": 12047,
  "running_total_packets": 171113485,
  "running_total_dropped": 1307596,
  "running_total_time_sec": 27.990529912000056,
  "p_gb": 0.00303,
  "p_bg": 0.6,
  "good_loss_rate": 0.0,
  "bad_loss_rate": 1.0
}