{
  "state": "good",
  "episode_index": 1646,
  "state_ordinal": 823,
  "start_time_wall": 1756999098.7382267,
  "end_time_wall": 1756999100.4778898,
  "wall_time_sec": 1.7396631379961036,
  "steps": 790,
  "packets": 11216060,
  "dropped": 0,
  "running_total_steps": 263849,
  "running_total_packets": 3746354039,
  "running_total_dropped": 20498270,
  "running_total_time_sec": 677.8293984240008,
  "p_gb": 0.00303,
  "p_bg": 0.6,
  "good_loss_rate": 0.0,
  "bad_loss_rate": 1.0
}