{
  "state": "good",
  "episode_index": 1824,
  "state_ordinal": 912,
  "start_time_wall": 1756999162.1734157,
  "end_time_wall": 1756999162.182248,
  "wall_time_sec": 0.008832431994960643,
  "steps": 85,
  "packets": 1119581,
  "dropped": 0,
  "running_total_steps": 294011,
  "running_total_packets": 4174577559,
  "running_total_dropped": 22401938,
  "running_total_time_sec": 739.5337566239978,
  "p_gb": 0.00303,
  "p_bg": 0.6,
  "good_loss_rate": 0.0,
  "bad_loss_rate": 1.0
}