{
  "state": "good",
  "episode_index": 566,
  "state_ordinal": 283,
  "start_time_wall": 1756998634.053232,
  "end_time_wall": 1756998634.6839864,
  "wall_time_sec": 0.630754229001468,
  "steps": 418,
  "packets": 5950832,
  "dropped": 1,
  "running_total_steps": 86519,
  "running_total_packets": 1228580137,
  "running_total_dropped": 6924351,
  "running_total_time_sec": 212.03549483400275,
  "p_gb": 0.00303,
  "p_bg": 0.6,
  "good_loss_rate": 0.0,
  "bad_loss_rate": 1.0
}