{
  "state": "good",
  "episode_index": 1740,
  "state_ordinal": 870,
  "start_time_wall": 1756999136.2751687,
  "end_time_wall": 1756999136.299776,
  "wall_time_sec": 0.0246071360015776,
  "steps": 184,
  "packets": 2612354,
  "dropped": 0,
  "running_total_steps": 281413,
  "running_total_packets": 3995800559,
  "running_total_dropped": 21455921,
  "running_total_time_sec": 713.6512844850004,
  "p_gb": 0.00303,
  "p_bg": 0.6,
  "good_loss_rate": 0.0,
  "bad_loss_rate": 1.0
}