{
  "state": "good",
  "episode_index": 888,
  "state_ordinal": 444,
  "start_time_wall": 1756998774.6462138,
  "end_time_wall": 1756998774.6506038,
  "wall_time_sec": 0.00438929700612789,
  "steps": 36,
  "packets": 486020,
  "dropped": 0,
  "running_total_steps": 137923,
  "running_total_packets": 1958453871,
  "running_total_dropped": 11590638,
  "running_total_time_sec": 352.00211231600406,
  "p_gb": 0.00303,
  "p_bg": 0.6,
  "good_loss_rate": 0.0,
  "bad_loss_rate": 1.0
}