{
  "state": "good",
  "episode_index": 1002,
  "state_ordinal": 501,
  "start_time_wall": 1756998810.9065814,
  "end_time_wall": 1756998810.9434814,
  "wall_time_sec": 0.03689963799843099,
  "steps": 299,
  "packets": 4190466,
  "dropped": 0,
  "running_total_steps": 156084,
  "running_total_packets": 2216278435,
  "running_total_dropped": 12817304,
  "running_total_time_sec": 388.29498982099904,
  "p_gb": 0.00303,
  "p_bg": 0.6,
  "good_loss_rate": 0.0,
  "bad_loss_rate": 1.0
}