{
  "state": "good",
  "episode_index": 1430,
  "state_ordinal": 715,
  "start_time_wall": 1756998987.998231,
  "end_time_wall": 1756998988.5986128,
  "wall_time_sec": 0.6003817300006631,
  "steps": 97,
  "packets": 1439259,
  "dropped": 0,
  "running_total_steps": 226181,
  "running_total_packets": 3211578015,
  "running_total_dropped": 18298141,
  "running_total_time_sec": 565.9501213440017,
  "p_gb": 0.00303,
  "p_bg": 0.6,
  "good_loss_rate": 0.0,
  "bad_loss_rate": 1.0
}