{
  "state": "good",
  "episode_index": 1386,
  "state_ordinal": 693,
  "start_time_wall": 1756998964.2142506,
  "end_time_wall": 1756998965.6267807,
  "wall_time_sec": 1.4125300380037515,
  "steps": 916,
  "packets": 12950384,
  "dropped": 2,
  "running_total_steps": 215002,
  "running_total_packets": 3052808806,
  "running_total_dropped": 17874297,
  "running_total_time_sec": 542.9782891760042,
  "p_gb": 0.00303,
  "p_bg": 0.6,
  "good_loss_rate": 0.0,
  "bad_loss_rate": 1.0
}