{
  "state": "good",
  "episode_index": 1710,
  "state_ordinal": 855,
  "start_time_wall": 1756999125.5189178,
  "end_time_wall": 1756999125.533108,
  "wall_time_sec": 0.014189968998834956,
  "steps": 110,
  "packets": 1489885,
  "dropped": 0,
  "running_total_steps": 276144,
  "running_total_packets": 3920917419,
  "running_total_dropped": 21098634,
  "running_total_time_sec": 702.8846165249997,
  "p_gb": 0.00303,
  "p_bg": 0.6,
  "good_loss_rate": 0.0,
  "bad_loss_rate": 1.0
}