{
  "state": "good",
  "episode_index": 676,
  "state_ordinal": 338,
  "start_time_wall": 1756998672.7071443,
  "end_time_wall": 1756998673.3237593,
  "wall_time_sec": 0.6166149979981128,
  "steps": 352,
  "packets": 5085832,
  "dropped": 0,
  "running_total_steps": 105149,
  "running_total_packets": 1493143883,
  "running_total_dropped": 8252214,
  "running_total_time_sec": 250.6752677789991,
  "p_gb": 0.00303,
  "p_bg": 0.6,
  "good_loss_rate": 0.0,
  "bad_loss_rate": 1.0
}