{
  "state": "good",
  "episode_index": 978,
  "state_ordinal": 489,
  "start_time_wall": 1756998805.2107384,
  "end_time_wall": 1756998805.2145333,
  "wall_time_sec": 0.0037950510013615713,
  "steps": 28,
  "packets": 365962,
  "dropped": 0,
  "running_total_steps": 153055,
  "running_total_packets": 2173241141,
  "running_total_dropped": 12606112,
  "running_total_time_sec": 382.5660419370033,
  "p_gb": 0.00303,
  "p_bg": 0.6,
  "good_loss_rate": 0.0,
  "bad_loss_rate": 1.0
}