{
  "state": "good",
  "episode_index": 300,
  "state_ordinal": 150,
  "start_time_wall": 1756998507.8626332,
  "end_time_wall": 1756998509.2126195,
  "wall_time_sec": 1.3499860740048462,
  "steps": 776,
  "packets": 11019334,
  "dropped": 0,
  "running_total_steps": 41310,
  "running_total_packets": 586628184,
  "running_total_dropped": 3635019,
  "running_total_time_sec": 86.56412809400354,
  "p_gb": 0.00303,
  "p_bg": 0.6,
  "good_loss_rate": 0.0,
  "bad_loss_rate": 1.0
}