{
  "state": "good",
  "episode_index": 84,
  "state_ordinal": 42,
  "start_time_wall": 1756998446.1648982,
  "end_time_wall": 1756998446.7703,
  "wall_time_sec": 0.6054016630005208,
  "steps": 370,
  "packets": 5236285,
  "dropped": 0,
  "running_total_steps": 10072,
  "running_total_packets": 143134114,
  "running_total_dropped": 1157154,
  "running_total_time_sec": 24.12180838000495,
  "p_gb": 0.00303,
  "p_bg": 0.6,
  "good_loss_rate": 0.0,
  "bad_loss_rate": 1.0
}