{
  "state": "good",
  "episode_index": 332,
  "state_ordinal": 166,
  "start_time_wall": 1756998515.813396,
  "end_time_wall": 1756998515.8160484,
  "wall_time_sec": 0.002652271003171336,
  "steps": 22,
  "packets": 306660,
  "dropped": 0,
  "running_total_steps": 44749,
  "running_total_packets": 635451433,
  "running_total_dropped": 3893960,
  "running_total_time_sec": 93.16755688300327,
  "p_gb": 0.00303,
  "p_bg": 0.6,
  "good_loss_rate": 0.0,
  "bad_loss_rate": 1.0
}