{
  "state": "good",
  "episode_index": 1068,
  "state_ordinal": 534,
  "start_time_wall": 1756998828.0744004,
  "end_time_wall": 1756998829.4602456,
  "wall_time_sec": 1.385844943994016,
  "steps": 755,
  "packets": 10712680,
  "dropped": 1,
  "running_total_steps": 165107,
  "running_total_packets": 2344366227,
  "running_total_dropped": 13594107,
  "running_total_time_sec": 406.8117541469983,
  "p_gb": 0.00303,
  "p_bg": 0.6,
  "good_loss_rate": 0.0,
  "bad_loss_rate": 1.0
}