{
  "state": "good",
  "episode_index": 1054,
  "state_ordinal": 527,
  "start_time_wall": 1756998823.267004,
  "end_time_wall": 1756998823.2777739,
  "wall_time_sec": 0.010769685002742335,
  "steps": 103,
  "packets": 1379957,
  "dropped": 0,
  "running_total_steps": 162134,
  "running_total_packets": 2302150532,
  "running_total_dropped": 13523209,
  "running_total_time_sec": 400.62928222100163,
  "p_gb": 0.00303,
  "p_bg": 0.6,
  "good_loss_rate": 0.0,
  "bad_loss_rate": 1.0
}