{
  "state": "good",
  "episode_index": 1940,
  "state_ordinal": 970,
  "start_time_wall": 1756999203.361252,
  "end_time_wall": 1756999203.958349,
  "wall_time_sec": 0.5970968760011601,
  "steps": 131,
  "packets": 1894895,
  "dropped": 1,
  "running_total_steps": 314186,
  "running_total_packets": 4461122106,
  "running_total_dropped": 24425525,
  "running_total_time_sec": 781.3098574329997,
  "p_gb": 0.00303,
  "p_bg": 0.6,
  "good_loss_rate": 0.0,
  "bad_loss_rate": 1.0
}