{
  "state": "good",
  "episode_index": 1150,
  "state_ordinal": 575,
  "start_time_wall": 1756998853.4382415,
  "end_time_wall": 1756998853.4429379,
  "wall_time_sec": 0.004696424002759159,
  "steps": 35,
  "packets": 473008,
  "dropped": 0,
  "running_total_steps": 176879,
  "running_total_packets": 2511446948,
  "running_total_dropped": 14924832,
  "running_total_time_sec": 430.7944465420005,
  "p_gb": 0.00303,
  "p_bg": 0.6,
  "good_loss_rate": 0.0,
  "bad_loss_rate": 1.0
}