{
  "state": "good",
  "episode_index": 1480,
  "state_ordinal": 740,
  "start_time_wall": 1756999002.0953217,
  "end_time_wall": 1756999002.6859922,
  "wall_time_sec": 0.5906704369990621,
  "steps": 70,
  "packets": 1107998,
  "dropped": 0,
  "running_total_steps": 232984,
  "running_total_packets": 3308203276,
  "running_total_dropped": 18736430,
  "running_total_time_sec": 580.0375006530012,
  "p_gb": 0.00303,
  "p_bg": 0.6,
  "good_loss_rate": 0.0,
  "bad_loss_rate": 1.0
}