{
  "state": "good",
  "episode_index": 1706,
  "state_ordinal": 853,
  "start_time_wall": 1756999123.202105,
  "end_time_wall": 1756999123.8087075,
  "wall_time_sec": 0.6066025250038365,
  "steps": 215,
  "packets": 3083897,
  "dropped": 0,
  "running_total_steps": 275321,
  "running_total_packets": 3909258735,
  "running_total_dropped": 21066809,
  "running_total_time_sec": 701.1602161120027,
  "p_gb": 0.00303,
  "p_bg": 0.6,
  "good_loss_rate": 0.0,
  "bad_loss_rate": 1.0
}