{
  "state": "good",
  "episode_index": 1074,
  "state_ordinal": 537,
  "start_time_wall": 1756998829.7236025,
  "end_time_wall": 1756998831.1153314,
  "wall_time_sec": 1.391728898997826,
  "steps": 722,
  "packets": 10141328,
  "dropped": 0,
  "running_total_steps": 165979,
  "running_total_packets": 2356727899,
  "running_total_dropped": 13735860,
  "running_total_time_sec": 408.4668399250004,
  "p_gb": 0.00303,
  "p_bg": 0.6,
  "good_loss_rate": 0.0,
  "bad_loss_rate": 1.0
}