{
  "state": "good",
  "episode_index": 1436,
  "state_ordinal": 718,
  "start_time_wall": 1756998988.7866187,
  "end_time_wall": 1756998988.796727,
  "wall_time_sec": 0.010108214999490883,
  "steps": 76,
  "packets": 1164418,
  "dropped": 0,
  "running_total_steps": 226373,
  "running_total_packets": 3214310427,
  "running_total_dropped": 18311165,
  "running_total_time_sec": 566.1482355280023,
  "p_gb": 0.00303,
  "p_bg": 0.6,
  "good_loss_rate": 0.0,
  "bad_loss_rate": 1.0
}