{
  "state": "good",
  "episode_index": 1238,
  "state_ordinal": 619,
  "start_time_wall": 1756998880.84569,
  "end_time_wall": 1756998882.1918957,
  "wall_time_sec": 1.3462057659999118,
  "steps": 511,
  "packets": 7333683,
  "dropped": 0,
  "running_total_steps": 191226,
  "running_total_packets": 2715240914,
  "running_total_dropped": 16232462,
  "running_total_time_sec": 459.5434044540016,
  "p_gb": 0.00303,
  "p_bg": 0.6,
  "good_loss_rate": 0.0,
  "bad_loss_rate": 1.0
}