{
  "state": "good",
  "episode_index": 1968,
  "state_ordinal": 984,
  "start_time_wall": 1756999211.612128,
  "end_time_wall": 1756999211.6244566,
  "wall_time_sec": 0.012328636003076099,
  "steps": 107,
  "packets": 1607030,
  "dropped": 0,
  "running_total_steps": 318088,
  "running_total_packets": 4516503712,
  "running_total_dropped": 24843561,
  "running_total_time_sec": 788.9759651560016,
  "p_gb": 0.00303,
  "p_bg": 0.6,
  "good_loss_rate": 0.0,
  "bad_loss_rate": 1.0
}