{
  "state": "good",
  "episode_index": 1730,
  "state_ordinal": 865,
  "start_time_wall": 1756999133.8445494,
  "end_time_wall": 1756999133.8633366,
  "wall_time_sec": 0.01878699299413711,
  "steps": 163,
  "packets": 2365003,
  "dropped": 0,
  "running_total_steps": 280331,
  "running_total_packets": 3980375233,
  "running_total_dropped": 21331534,
  "running_total_time_sec": 711.2148450399982,
  "p_gb": 0.00303,
  "p_bg": 0.6,
  "good_loss_rate": 0.0,
  "bad_loss_rate": 1.0
}