{
  "state": "good",
  "episode_index": 1634,
  "state_ordinal": 817,
  "start_time_wall": 1756999095.5071552,
  "end_time_wall": 1756999096.1364198,
  "wall_time_sec": 0.6292640739993658,
  "steps": 404,
  "packets": 5771472,
  "dropped": 0,
  "running_total_steps": 261536,
  "running_total_packets": 3713612814,
  "running_total_dropped": 20428825,
  "running_total_time_sec": 673.4879282260008,
  "p_gb": 0.00303,
  "p_bg": 0.6,
  "good_loss_rate": 0.0,
  "bad_loss_rate": 1.0
}