{
  "state": "good",
  "episode_index": 428,
  "state_ordinal": 214,
  "start_time_wall": 1756998549.6118898,
  "end_time_wall": 1756998550.4020295,
  "wall_time_sec": 0.7901395149965538,
  "steps": 527,
  "packets": 7407457,
  "dropped": 4,
  "running_total_steps": 61853,
  "running_total_packets": 878288959,
  "running_total_dropped": 5093127,
  "running_total_time_sec": 127.7535379760011,
  "p_gb": 0.00303,
  "p_bg": 0.6,
  "good_loss_rate": 0.0,
  "bad_loss_rate": 1.0
}