{
  "state": "good",
  "episode_index": 1180,
  "state_ordinal": 590,
  "start_time_wall": 1756998862.824249,
  "end_time_wall": 1756998862.8633716,
  "wall_time_sec": 0.039122204994782805,
  "steps": 331,
  "packets": 4650450,
  "dropped": 0,
  "running_total_steps": 181875,
  "running_total_packets": 2582430346,
  "running_total_dropped": 15442673,
  "running_total_time_sec": 440.2148799229981,
  "p_gb": 0.00303,
  "p_bg": 0.6,
  "good_loss_rate": 0.0,
  "bad_loss_rate": 1.0
}