{
  "state": "good",
  "episode_index": 1526,
  "state_ordinal": 763,
  "start_time_wall": 1756999020.919338,
  "end_time_wall": 1756999023.0685017,
  "wall_time_sec": 2.1491637930012075,
  "steps": 1089,
  "packets": 15543937,
  "dropped": 0,
  "running_total_steps": 243275,
  "running_total_packets": 3454282465,
  "running_total_dropped": 19262956,
  "running_total_time_sec": 600.4200103750045,
  "p_gb": 0.00303,
  "p_bg": 0.6,
  "good_loss_rate": 0.0,
  "bad_loss_rate": 1.0
}