{
  "state": "good",
  "episode_index": 1240,
  "state_ordinal": 620,
  "start_time_wall": 1756998882.3530505,
  "end_time_wall": 1756998882.3540921,
  "wall_time_sec": 0.0010416679942863993,
  "steps": 4,
  "packets": 107028,
  "dropped": 0,
  "running_total_steps": 191231,
  "running_total_packets": 2715349389,
  "running_total_dropped": 16233909,
  "running_total_time_sec": 459.70560059299896,
  "p_gb": 0.00303,
  "p_bg": 0.6,
  "good_loss_rate": 0.0,
  "bad_loss_rate": 1.0
}