{
  "state": "bad",
  "episode_index": 1653,
  "state_ordinal": 826,
  "start_time_wall": 1756997831.3626208,
  "end_time_wall": 1756997831.3831747,
  "wall_time_sec": 0.020553583999571856,
  "steps": 2,
  "packets": 31825,
  "dropped": 31825,
  "running_total_steps": 276555,
  "running_total_packets": 3926746758,
  "running_total_dropped": 19594419,
  "running_total_time_sec": 871.767968168002,
  "p_gb": 0.00303,
  "p_bg": 0.6,
  "good_loss_rate": 0.0,
  "bad_loss_rate": 1.0
}