{
  "state": "bad",
  "episode_index": 711,
  "state_ordinal": 355,
  "start_time_wall": 1756997305.986181,
  "end_time_wall": 1756997306.1506755,
  "wall_time_sec": 0.16449443899909966,
  "steps": 3,
  "packets": 14465,
  "dropped": 14465,
  "running_total_steps": 114575,
  "running_total_packets": 1626939515,
  "running_total_dropped": 9069498,
  "running_total_time_sec": 346.5354692039982,
  "p_gb": 0.00303,
  "p_bg": 0.6,
  "good_loss_rate": 0.0,
  "bad_loss_rate": 1.0
}