{
  "state": "bad",
  "episode_index": 1221,
  "state_ordinal": 610,
  "start_time_wall": 1756997613.2037354,
  "end_time_wall": 1756997613.3653877,
  "wall_time_sec": 0.1616525260033086,
  "steps": 1,
  "packets": 1447,
  "dropped": 1447,
  "running_total_steps": 204072,
  "running_total_packets": 2897648592,
  "running_total_dropped": 15040780,
  "running_total_time_sec": 653.7501814740026,
  "p_gb": 0.00303,
  "p_bg": 0.6,
  "good_loss_rate": 0.0,
  "bad_loss_rate": 1.0
}