{
  "state": "bad",
  "episode_index": 597,
  "state_ordinal": 298,
  "start_time_wall": 1756997270.7658777,
  "end_time_wall": 1756997270.804137,
  "wall_time_sec": 0.03825974199571647,
  "steps": 2,
  "packets": 63638,
  "dropped": 63638,
  "running_total_steps": 97882,
  "running_total_packets": 1389825730,
  "running_total_dropped": 7677976,
  "running_total_time_sec": 311.1889310609986,
  "p_gb": 0.00303,
  "p_bg": 0.6,
  "good_loss_rate": 0.0,
  "bad_loss_rate": 1.0
}