{
  "state": "bad",
  "episode_index": 115,
  "state_ordinal": 57,
  "start_time_wall": 1756996990.8772945,
  "end_time_wall": 1756996990.8849514,
  "wall_time_sec": 0.007656583999050781,
  "steps": 1,
  "packets": 11571,
  "dropped": 11571,
  "running_total_steps": 13250,
  "running_total_packets": 188141530,
  "running_total_dropped": 1485527,
  "running_total_time_sec": 31.269744842000364,
  "p_gb": 0.00303,
  "p_bg": 0.6,
  "good_loss_rate": 0.0,
  "bad_loss_rate": 1.0
}