{
  "state": "bad",
  "episode_index": 29,
  "state_ordinal": 14,
  "start_time_wall": 1756996973.0529149,
  "end_time_wall": 1756996973.071841,
  "wall_time_sec": 0.01892653999675531,
  "steps": 1,
  "packets": 31819,
  "dropped": 31819,
  "running_total_steps": 4800,
  "running_total_packets": 68187330,
  "running_total_dropped": 452751,
  "running_total_time_sec": 13.456635208996886,
  "p_gb": 0.00303,
  "p_bg": 0.6,
  "good_loss_rate": 0.0,
  "bad_loss_rate": 1.0
}