{
  "state": "bad",
  "episode_index": 2603,
  "state_ordinal": 1301,
  "start_time_wall": 1756998328.881255,
  "end_time_wall": 1756998328.8817945,
  "wall_time_sec": 0.0005396940032369457,
  "steps": 1,
  "packets": 6,
  "dropped": 6,
  "running_total_steps": 423908,
  "running_total_packets": 6018910941,
  "running_total_dropped": 30730956,
  "running_total_time_sec": 1369.266588147002,
  "p_gb": 0.00303,
  "p_bg": 0.6,
  "good_loss_rate": 0.0,
  "bad_loss_rate": 1.0
}