{
  "state": "bad",
  "episode_index": 2295,
  "state_ordinal": 1147,
  "start_time_wall": 1756998175.1497517,
  "end_time_wall": 1756998175.1546512,
  "wall_time_sec": 0.004899675004708115,
  "steps": 1,
  "packets": 6,
  "dropped": 6,
  "running_total_steps": 382749,
  "running_total_packets": 5434646276,
  "running_total_dropped": 27738137,
  "running_total_time_sec": 1215.5394447220024,
  "p_gb": 0.00303,
  "p_bg": 0.6,
  "good_loss_rate": 0.0,
  "bad_loss_rate": 1.0
}