{
  "state": "bad",
  "episode_index": 2739,
  "state_ordinal": 1369,
  "start_time_wall": 1756998377.2923574,
  "end_time_wall": 1756998377.3157117,
  "wall_time_sec": 0.023355026001809165,
  "steps": 1,
  "packets": 31819,
  "dropped": 31819,
  "running_total_steps": 447067,
  "running_total_packets": 6347867891,
  "running_total_dropped": 32644691,
  "running_total_time_sec": 1417.7005059209987,
  "p_gb": 0.00303,
  "p_bg": 0.6,
  "good_loss_rate": 0.0,
  "bad_loss_rate": 1.0
}