{
  "state": "bad",
  "episode_index": 263,
  "state_ordinal": 131,
  "start_time_wall": 1756997075.14022,
  "end_time_wall": 1756997075.3103306,
  "wall_time_sec": 0.17011062100209529,
  "steps": 3,
  "packets": 14465,
  "dropped": 14465,
  "running_total_steps": 37636,
  "running_total_packets": 534485258,
  "running_total_dropped": 3322518,
  "running_total_time_sec": 115.69512423100241,
  "p_gb": 0.00303,
  "p_bg": 0.6,
  "good_loss_rate": 0.0,
  "bad_loss_rate": 1.0
}