{
  "state": "bad",
  "episode_index": 2437,
  "state_ordinal": 1218,
  "start_time_wall": 1756998248.9215822,
  "end_time_wall": 1756998248.940934,
  "wall_time_sec": 0.019352053001057357,
  "steps": 1,
  "packets": 31819,
  "dropped": 31819,
  "running_total_steps": 401976,
  "running_total_packets": 5707527322,
  "running_total_dropped": 29178846,
  "running_total_time_sec": 1289.3257279789977,
  "p_gb": 0.00303,
  "p_bg": 0.6,
  "good_loss_rate": 0.0,
  "bad_loss_rate": 1.0
}