{
  "state": "bad",
  "episode_index": 1815,
  "state_ordinal": 907,
  "start_time_wall": 1756997917.7639124,
  "end_time_wall": 1756997917.9353192,
  "wall_time_sec": 0.17140683099569287,
  "steps": 1,
  "packets": 11571,
  "dropped": 11571,
  "running_total_steps": 301328,
  "running_total_packets": 4278578458,
  "running_total_dropped": 21541370,
  "running_total_time_sec": 958.3201129539957,
  "p_gb": 0.00303,
  "p_bg": 0.6,
  "good_loss_rate": 0.0,
  "bad_loss_rate": 1.0
}