{
  "state": "bad",
  "episode_index": 489,
  "state_ordinal": 244,
  "start_time_wall": 1756997199.5731146,
  "end_time_wall": 1756997199.740285,
  "wall_time_sec": 0.16717047199927038,
  "steps": 1,
  "packets": 11571,
  "dropped": 11571,
  "running_total_steps": 80750,
  "running_total_packets": 1146571622,
  "running_total_dropped": 6258962,
  "running_total_time_sec": 240.12507858299796,
  "p_gb": 0.00303,
  "p_bg": 0.6,
  "good_loss_rate": 0.0,
  "bad_loss_rate": 1.0
}