{
  "state": "bad",
  "episode_index": 2055,
  "state_ordinal": 1027,
  "start_time_wall": 1756998061.7036572,
  "end_time_wall": 1756998061.7112067,
  "wall_time_sec": 0.007549756999651436,
  "steps": 1,
  "packets": 11571,
  "dropped": 11571,
  "running_total_steps": 344891,
  "running_total_packets": 4896983075,
  "running_total_dropped": 24529839,
  "running_total_time_sec": 1102.0960004669978,
  "p_gb": 0.00303,
  "p_bg": 0.6,
  "good_loss_rate": 0.0,
  "bad_loss_rate": 1.0
}