{
  "state": "bad",
  "episode_index": 2175,
  "state_ordinal": 1087,
  "start_time_wall": 1756998135.36789,
  "end_time_wall": 1756998135.3692281,
  "wall_time_sec": 0.0013382049946812913,
  "steps": 1,
  "packets": 1447,
  "dropped": 1447,
  "running_total_steps": 363327,
  "running_total_packets": 5158801391,
  "running_total_dropped": 26077565,
  "running_total_time_sec": 1175.7540216619964,
  "p_gb": 0.00303,
  "p_bg": 0.6,
  "good_loss_rate": 0.0,
  "bad_loss_rate": 1.0
}