{
  "state": "bad",
  "episode_index": 653,
  "state_ordinal": 326,
  "start_time_wall": 1756997289.3333647,
  "end_time_wall": 1756997289.3427024,
  "wall_time_sec": 0.009337846997368615,
  "steps": 3,
  "packets": 13024,
  "dropped": 13024,
  "running_total_steps": 106485,
  "running_total_packets": 1511981485,
  "running_total_dropped": 8318796,
  "running_total_time_sec": 329.727496073996,
  "p_gb": 0.00303,
  "p_bg": 0.6,
  "good_loss_rate": 0.0,
  "bad_loss_rate": 1.0
}