{
  "state": "bad",
  "episode_index": 1433,
  "state_ordinal": 716,
  "start_time_wall": 1756997728.16086,
  "end_time_wall": 1756997728.1797547,
  "wall_time_sec": 0.018895189998147544,
  "steps": 1,
  "packets": 31819,
  "dropped": 31819,
  "running_total_steps": 242933,
  "running_total_packets": 3449413583,
  "running_total_dropped": 17436167,
  "running_total_time_sec": 768.5645489969975,
  "p_gb": 0.00303,
  "p_bg": 0.6,
  "good_loss_rate": 0.0,
  "bad_loss_rate": 1.0
}