{
  "state": "bad",
  "episode_index": 1135,
  "state_ordinal": 567,
  "start_time_wall": 1756997546.86738,
  "end_time_wall": 1756997546.8843493,
  "wall_time_sec": 0.016969562995654996,
  "steps": 5,
  "packets": 26042,
  "dropped": 26042,
  "running_total_steps": 188294,
  "running_total_packets": 2673538722,
  "running_total_dropped": 14271182,
  "running_total_time_sec": 587.2691430409977,
  "p_gb": 0.00303,
  "p_bg": 0.6,
  "good_loss_rate": 0.0,
  "bad_loss_rate": 1.0
}