{
  "state": "bad",
  "episode_index": 1759,
  "state_ordinal": 879,
  "start_time_wall": 1756997898.5790179,
  "end_time_wall": 1756997898.5978997,
  "wall_time_sec": 0.0188820429975749,
  "steps": 1,
  "packets": 31819,
  "dropped": 31819,
  "running_total_steps": 292325,
  "running_total_packets": 4150748135,
  "running_total_dropped": 21000367,
  "running_total_time_sec": 938.9826935449964,
  "p_gb": 0.00303,
  "p_bg": 0.6,
  "good_loss_rate": 0.0,
  "bad_loss_rate": 1.0
}