{
  "state": "bad",
  "episode_index": 1719,
  "state_ordinal": 859,
  "start_time_wall": 1756997855.3164852,
  "end_time_wall": 1756997855.5091176,
  "wall_time_sec": 0.19263310200039996,
  "steps": 2,
  "packets": 63638,
  "dropped": 63638,
  "running_total_steps": 288230,
  "running_total_packets": 4092516948,
  "running_total_dropped": 20482548,
  "running_total_time_sec": 895.8939117269983,
  "p_gb": 0.00303,
  "p_bg": 0.6,
  "good_loss_rate": 0.0,
  "bad_loss_rate": 1.0
}