{
  "state": "bad",
  "episode_index": 2559,
  "state_ordinal": 1279,
  "start_time_wall": 1756998279.3701382,
  "end_time_wall": 1756998279.3780932,
  "wall_time_sec": 0.007955207998747937,
  "steps": 1,
  "packets": 11571,
  "dropped": 11571,
  "running_total_steps": 416867,
  "running_total_packets": 5918928371,
  "running_total_dropped": 30388125,
  "running_total_time_sec": 1319.7628870059998,
  "p_gb": 0.00303,
  "p_bg": 0.6,
  "good_loss_rate": 0.0,
  "bad_loss_rate": 1.0
}