{
  "state": "bad",
  "episode_index": 2659,
  "state_ordinal": 1329,
  "start_time_wall": 1756998355.9909565,
  "end_time_wall": 1756998356.1657197,
  "wall_time_sec": 0.17476402500324184,
  "steps": 2,
  "packets": 13018,
  "dropped": 13018,
  "running_total_steps": 436778,
  "running_total_packets": 6201768466,
  "running_total_dropped": 31627790,
  "running_total_time_sec": 1396.5505141350004,
  "p_gb": 0.00303,
  "p_bg": 0.6,
  "good_loss_rate": 0.0,
  "bad_loss_rate": 1.0
}