{
  "state": "bad",
  "episode_index": 1325,
  "state_ordinal": 662,
  "start_time_wall": 1756997652.208058,
  "end_time_wall": 1756997652.2088675,
  "wall_time_sec": 0.0008093219948932528,
  "steps": 2,
  "packets": 12,
  "dropped": 12,
  "running_total_steps": 222991,
  "running_total_packets": 3166268287,
  "running_total_dropped": 16237072,
  "running_total_time_sec": 692.5936611739962,
  "p_gb": 0.00303,
  "p_bg": 0.6,
  "good_loss_rate": 0.0,
  "bad_loss_rate": 1.0
}