{
  "state": "bad",
  "episode_index": 343,
  "state_ordinal": 171,
  "start_time_wall": 1756997101.6815298,
  "end_time_wall": 1756997101.8430753,
  "wall_time_sec": 0.1615456819999963,
  "steps": 1,
  "packets": 1447,
  "dropped": 1447,
  "running_total_steps": 50518,
  "running_total_packets": 717378956,
  "running_total_dropped": 4502810,
  "running_total_time_sec": 142.22786911099683,
  "p_gb": 0.00303,
  "p_bg": 0.6,
  "good_loss_rate": 0.0,
  "bad_loss_rate": 1.0
}