{
  "state": "bad",
  "episode_index": 1107,
  "state_ordinal": 553,
  "start_time_wall": 1756997538.5795395,
  "end_time_wall": 1756997538.5982301,
  "wall_time_sec": 0.018690523000259418,
  "steps": 1,
  "packets": 31819,
  "dropped": 31819,
  "running_total_steps": 184140,
  "running_total_packets": 2614669626,
  "running_total_dropped": 14032497,
  "running_total_time_sec": 578.9830235690024,
  "p_gb": 0.00303,
  "p_bg": 0.6,
  "good_loss_rate": 0.0,
  "bad_loss_rate": 1.0
}