{
  "state": "bad",
  "episode_index": 1767,
  "state_ordinal": 883,
  "start_time_wall": 1756997901.0042102,
  "end_time_wall": 1756997901.1800773,
  "wall_time_sec": 0.17586735700024292,
  "steps": 3,
  "packets": 14465,
  "dropped": 14465,
  "running_total_steps": 293309,
  "running_total_packets": 4164679253,
  "running_total_dropped": 21110308,
  "running_total_time_sec": 941.5648712300026,
  "p_gb": 0.00303,
  "p_bg": 0.6,
  "good_loss_rate": 0.0,
  "bad_loss_rate": 1.0
}