{
  "state": "bad",
  "episode_index": 1817,
  "state_ordinal": 908,
  "start_time_wall": 1756997917.9361813,
  "end_time_wall": 1756997917.9552088,
  "wall_time_sec": 0.019028091999643948,
  "steps": 1,
  "packets": 31819,
  "dropped": 31819,
  "running_total_steps": 301333,
  "running_total_packets": 4278656561,
  "running_total_dropped": 21573189,
  "running_total_time_sec": 958.3400029569966,
  "p_gb": 0.00303,
  "p_bg": 0.6,
  "good_loss_rate": 0.0,
  "bad_loss_rate": 1.0
}