{
  "state": "bad",
  "episode_index": 2727,
  "state_ordinal": 1363,
  "start_time_wall": 1756998372.7318494,
  "end_time_wall": 1756998372.9319963,
  "wall_time_sec": 0.200147959003516,
  "steps": 2,
  "packets": 63638,
  "dropped": 63638,
  "running_total_steps": 444883,
  "running_total_packets": 6316839319,
  "running_total_dropped": 32375674,
  "running_total_time_sec": 1413.3167909059994,
  "p_gb": 0.00303,
  "p_bg": 0.6,
  "good_loss_rate": 0.0,
  "bad_loss_rate": 1.0
}