{
  "state": "bad",
  "episode_index": 2305,
  "state_ordinal": 1152,
  "start_time_wall": 1756998175.9419763,
  "end_time_wall": 1756998175.9433312,
  "wall_time_sec": 0.0013550500007113442,
  "steps": 1,
  "packets": 1447,
  "dropped": 1447,
  "running_total_steps": 383070,
  "running_total_packets": 5439092782,
  "running_total_dropped": 27795995,
  "running_total_time_sec": 1216.3281249810025,
  "p_gb": 0.00303,
  "p_bg": 0.6,
  "good_loss_rate": 0.0,
  "bad_loss_rate": 1.0
}