{
  "state": "bad",
  "episode_index": 2221,
  "state_ordinal": 1110,
  "start_time_wall": 1756998149.7250848,
  "end_time_wall": 1756998149.743926,
  "wall_time_sec": 0.01884173599682981,
  "steps": 1,
  "packets": 31819,
  "dropped": 31819,
  "running_total_steps": 370430,
  "running_total_packets": 5259647496,
  "running_total_dropped": 26818138,
  "running_total_time_sec": 1190.1287200369989,
  "p_gb": 0.00303,
  "p_bg": 0.6,
  "good_loss_rate": 0.0,
  "bad_loss_rate": 1.0
}