{
  "state": "bad",
  "episode_index": 2145,
  "state_ordinal": 1072,
  "start_time_wall": 1756998127.1155124,
  "end_time_wall": 1756998127.1349854,
  "wall_time_sec": 0.019473214000754524,
  "steps": 1,
  "packets": 31819,
  "dropped": 31819,
  "running_total_steps": 359450,
  "running_total_packets": 5103834908,
  "running_total_dropped": 25737634,
  "running_total_time_sec": 1167.5197792120016,
  "p_gb": 0.00303,
  "p_bg": 0.6,
  "good_loss_rate": 0.0,
  "bad_loss_rate": 1.0
}