{
  "state": "bad",
  "episode_index": 1755,
  "state_ordinal": 877,
  "start_time_wall": 1756997897.6090105,
  "end_time_wall": 1756997897.7661135,
  "wall_time_sec": 0.15710309000132838,
  "steps": 1,
  "packets": 1447,
  "dropped": 1447,
  "running_total_steps": 291762,
  "running_total_packets": 4142685434,
  "running_total_dropped": 20965653,
  "running_total_time_sec": 938.1509070780012,
  "p_gb": 0.00303,
  "p_bg": 0.6,
  "good_loss_rate": 0.0,
  "bad_loss_rate": 1.0
}