{
  "state": "bad",
  "episode_index": 539,
  "state_ordinal": 269,
  "start_time_wall": 1756997217.9232202,
  "end_time_wall": 1756997218.0801768,
  "wall_time_sec": 0.15695685100217815,
  "steps": 1,
  "packets": 31819,
  "dropped": 31819,
  "running_total_steps": 89724,
  "running_total_packets": 1274057666,
  "running_total_dropped": 6694379,
  "running_total_time_sec": 258.4649706920027,
  "p_gb": 0.00303,
  "p_bg": 0.6,
  "good_loss_rate": 0.0,
  "bad_loss_rate": 1.0
}