{
  "state": "bad",
  "episode_index": 573,
  "state_ordinal": 286,
  "start_time_wall": 1756997228.3403628,
  "end_time_wall": 1756997228.3483071,
  "wall_time_sec": 0.007944520999444649,
  "steps": 1,
  "packets": 11571,
  "dropped": 11571,
  "running_total_steps": 94646,
  "running_total_packets": 1343856410,
  "running_total_dropped": 7176076,
  "running_total_time_sec": 268.73310075399786,
  "p_gb": 0.00303,
  "p_bg": 0.6,
  "good_loss_rate": 0.0,
  "bad_loss_rate": 1.0
}