{
  "state": "bad",
  "episode_index": 2053,
  "state_ordinal": 1026,
  "start_time_wall": 1756998061.5242362,
  "end_time_wall": 1756998061.688701,
  "wall_time_sec": 0.16446482700121123,
  "steps": 1,
  "packets": 1447,
  "dropped": 1447,
  "running_total_steps": 344773,
  "running_total_packets": 4895391939,
  "running_total_dropped": 24518268,
  "running_total_time_sec": 1102.0734946099983,
  "p_gb": 0.00303,
  "p_bg": 0.6,
  "good_loss_rate": 0.0,
  "bad_loss_rate": 1.0
}