{
  "state": "bad",
  "episode_index": 415,
  "state_ordinal": 207,
  "start_time_wall": 1756997166.6228647,
  "end_time_wall": 1756997166.7965827,
  "wall_time_sec": 0.1737182680008118,
  "steps": 1,
  "packets": 31819,
  "dropped": 31819,
  "running_total_steps": 65093,
  "running_total_packets": 924304563,
  "running_total_dropped": 5496537,
  "running_total_time_sec": 207.18137641299836,
  "p_gb": 0.00303,
  "p_bg": 0.6,
  "good_loss_rate": 0.0,
  "bad_loss_rate": 1.0
}