{
  "state": "bad",
  "episode_index": 1327,
  "state_ordinal": 663,
  "start_time_wall": 1756997652.235539,
  "end_time_wall": 1756997652.2433906,
  "wall_time_sec": 0.00785183900006814,
  "steps": 1,
  "packets": 11571,
  "dropped": 11571,
  "running_total_steps": 223214,
  "running_total_packets": 3169391250,
  "running_total_dropped": 16248643,
  "running_total_time_sec": 692.628184301997,
  "p_gb": 0.00303,
  "p_bg": 0.6,
  "good_loss_rate": 0.0,
  "bad_loss_rate": 1.0
}