{
  "state": "bad",
  "episode_index": 291,
  "state_ordinal": 145,
  "start_time_wall": 1756997087.552177,
  "end_time_wall": 1756997087.761667,
  "wall_time_sec": 0.20949046600435395,
  "steps": 2,
  "packets": 63638,
  "dropped": 63638,
  "running_total_steps": 43652,
  "running_total_packets": 619966786,
  "running_total_dropped": 3867791,
  "running_total_time_sec": 128.1464608890019,
  "p_gb": 0.00303,
  "p_bg": 0.6,
  "good_loss_rate": 0.0,
  "bad_loss_rate": 1.0
}