{
  "state": "bad",
  "episode_index": 877,
  "state_ordinal": 438,
  "start_time_wall": 1756997409.2198582,
  "end_time_wall": 1756997409.4003148,
  "wall_time_sec": 0.18045671800064156,
  "steps": 1,
  "packets": 31819,
  "dropped": 31819,
  "running_total_steps": 147403,
  "running_total_packets": 2093042159,
  "running_total_dropped": 11026685,
  "running_total_time_sec": 449.7851084759968,
  "p_gb": 0.00303,
  "p_bg": 0.6,
  "good_loss_rate": 0.0,
  "bad_loss_rate": 1.0
}