{
  "state": "bad",
  "episode_index": 149,
  "state_ordinal": 74,
  "start_time_wall": 1756997008.811318,
  "end_time_wall": 1756997008.811815,
  "wall_time_sec": 0.0004967639979440719,
  "steps": 1,
  "packets": 6,
  "dropped": 6,
  "running_total_steps": 22245,
  "running_total_packets": 315934228,
  "running_total_dropped": 1886213,
  "running_total_time_sec": 49.196608423000725,
  "p_gb": 0.00303,
  "p_bg": 0.6,
  "good_loss_rate": 0.0,
  "bad_loss_rate": 1.0
}