{
  "state": "bad",
  "episode_index": 1111,
  "state_ordinal": 555,
  "start_time_wall": 1756997540.006173,
  "end_time_wall": 1756997540.1778042,
  "wall_time_sec": 0.17163153600267833,
  "steps": 1,
  "packets": 31819,
  "dropped": 31819,
  "running_total_steps": 184861,
  "running_total_packets": 2624842761,
  "running_total_dropped": 14127955,
  "running_total_time_sec": 580.5625979510005,
  "p_gb": 0.00303,
  "p_bg": 0.6,
  "good_loss_rate": 0.0,
  "bad_loss_rate": 1.0
}