{
  "state": "bad",
  "episode_index": 2077,
  "state_ordinal": 1038,
  "start_time_wall": 1756998065.0383155,
  "end_time_wall": 1756998065.2282016,
  "wall_time_sec": 0.18988666999939596,
  "steps": 2,
  "packets": 63638,
  "dropped": 63638,
  "running_total_steps": 346519,
  "running_total_packets": 4920121059,
  "running_total_dropped": 24852395,
  "running_total_time_sec": 1105.6129959530008,
  "p_gb": 0.00303,
  "p_bg": 0.6,
  "good_loss_rate": 0.0,
  "bad_loss_rate": 1.0
}