{
  "state": "bad",
  "episode_index": 563,
  "state_ordinal": 281,
  "start_time_wall": 1756997227.3393962,
  "end_time_wall": 1756997227.5025942,
  "wall_time_sec": 0.16319795400340809,
  "steps": 1,
  "packets": 6,
  "dropped": 6,
  "running_total_steps": 93939,
  "running_total_packets": 1333932062,
  "running_total_dropped": 7131209,
  "running_total_time_sec": 267.8873880079991,
  "p_gb": 0.00303,
  "p_bg": 0.6,
  "good_loss_rate": 0.0,
  "bad_loss_rate": 1.0
}