{
  "state": "good",
  "episode_index": 422,
  "state_ordinal": 211,
  "start_time_wall": 1756997169.3691185,
  "end_time_wall": 1756997170.7639375,
  "wall_time_sec": 1.3948189719958464,
  "steps": 640,
  "packets": 9049218,
  "dropped": 2,
  "running_total_steps": 67045,
  "running_total_packets": 952007675,
  "running_total_dropped": 5552961,
  "running_total_time_sec": 211.14873108299798,
  "p_gb": 0.00303,
  "p_bg": 0.6,
  "good_loss_rate": 0.0,
  "bad_loss_rate": 1.0
}