{
  "state": "good",
  "episode_index": 464,
  "state_ordinal": 232,
  "start_time_wall": 1756997188.7291763,
  "end_time_wall": 1756997189.714178,
  "wall_time_sec": 0.9850015939955483,
  "steps": 600,
  "packets": 8529920,
  "dropped": 2,
  "running_total_steps": 76147,
  "running_total_packets": 1081238179,
  "running_total_dropped": 6036166,
  "running_total_time_sec": 230.0989715159958,
  "p_gb": 0.00303,
  "p_bg": 0.6,
  "good_loss_rate": 0.0,
  "bad_loss_rate": 1.0
}