{
  "state": "good",
  "episode_index": 70,
  "state_ordinal": 35,
  "start_time_wall": 1756996981.6717203,
  "end_time_wall": 1756996981.673134,
  "wall_time_sec": 0.0014138679980533198,
  "steps": 10,
  "packets": 153324,
  "dropped": 0,
  "running_total_steps": 8877,
  "running_total_packets": 126175507,
  "running_total_dropped": 1002382,
  "running_total_time_sec": 22.057927625995944,
  "p_gb": 0.00303,
  "p_bg": 0.6,
  "good_loss_rate": 0.0,
  "bad_loss_rate": 1.0
}