{
  "state": "good",
  "episode_index": 1618,
  "state_ordinal": 809,
  "start_time_wall": 1756997819.8326783,
  "end_time_wall": 1756997820.4468973,
  "wall_time_sec": 0.6142181550021633,
  "steps": 344,
  "packets": 4871776,
  "dropped": 0,
  "running_total_steps": 271426,
  "running_total_packets": 3853955244,
  "running_total_dropped": 19180716,
  "running_total_time_sec": 860.8316906170003,
  "p_gb": 0.00303,
  "p_bg": 0.6,
  "good_loss_rate": 0.0,
  "bad_loss_rate": 1.0
}