{
  "state": "good",
  "episode_index": 2326,
  "state_ordinal": 1163,
  "start_time_wall": 1756998180.05833,
  "end_time_wall": 1756998180.6731682,
  "wall_time_sec": 0.6148378300058539,
  "steps": 366,
  "packets": 5221814,
  "dropped": 0,
  "running_total_steps": 385537,
  "running_total_packets": 5474236605,
  "running_total_dropped": 27971021,
  "running_total_time_sec": 1221.0579615660026,
  "p_gb": 0.00303,
  "p_bg": 0.6,
  "good_loss_rate": 0.0,
  "bad_loss_rate": 1.0
}