{
  "state": "good",
  "episode_index": 168,
  "state_ordinal": 84,
  "start_time_wall": 1756997013.147455,
  "end_time_wall": 1756997013.1533215,
  "wall_time_sec": 0.005866436003998388,
  "steps": 56,
  "packets": 742048,
  "dropped": 0,
  "running_total_steps": 24188,
  "running_total_packets": 343527400,
  "running_total_dropped": 2101729,
  "running_total_time_sec": 53.53811504400073,
  "p_gb": 0.00303,
  "p_bg": 0.6,
  "good_loss_rate": 0.0,
  "bad_loss_rate": 1.0
}