{
  "state": "good",
  "episode_index": 1286,
  "state_ordinal": 643,
  "start_time_wall": 1756997634.1102998,
  "end_time_wall": 1756997634.750213,
  "wall_time_sec": 0.6399129839992383,
  "steps": 533,
  "packets": 7515938,
  "dropped": 1,
  "running_total_steps": 214656,
  "running_total_packets": 3047861827,
  "running_total_dropped": 15680169,
  "running_total_time_sec": 675.1350064279977,
  "p_gb": 0.00303,
  "p_bg": 0.6,
  "good_loss_rate": 0.0,
  "bad_loss_rate": 1.0
}