{
  "state": "good",
  "episode_index": 1182,
  "state_ordinal": 591,
  "start_time_wall": 1756997597.160972,
  "end_time_wall": 1756997597.1777294,
  "wall_time_sec": 0.01675700899795629,
  "steps": 156,
  "packets": 2161042,
  "dropped": 0,
  "running_total_steps": 196364,
  "running_total_packets": 2788155374,
  "running_total_dropped": 14642949,
  "running_total_time_sec": 637.5625228709978,
  "p_gb": 0.00303,
  "p_bg": 0.6,
  "good_loss_rate": 0.0,
  "bad_loss_rate": 1.0
}