{
  "state": "good",
  "episode_index": 1656,
  "state_ordinal": 828,
  "start_time_wall": 1756997833.08659,
  "end_time_wall": 1756997833.0879216,
  "wall_time_sec": 0.0013315260002855211,
  "steps": 9,
  "packets": 121505,
  "dropped": 0,
  "running_total_steps": 277574,
  "running_total_packets": 3941163890,
  "running_total_dropped": 19620461,
  "running_total_time_sec": 873.4727151229963,
  "p_gb": 0.00303,
  "p_bg": 0.6,
  "good_loss_rate": 0.0,
  "bad_loss_rate": 1.0
}