{
  "state": "good",
  "episode_index": 2754,
  "state_ordinal": 1377,
  "start_time_wall": 1756998380.6256378,
  "end_time_wall": 1756998382.7366817,
  "wall_time_sec": 2.1110439379990567,
  "steps": 1055,
  "packets": 14934965,
  "dropped": 1,
  "running_total_steps": 449814,
  "running_total_packets": 6386759568,
  "running_total_dropped": 32799470,
  "running_total_time_sec": 1423.1214754920002,
  "p_gb": 0.00303,
  "p_bg": 0.6,
  "good_loss_rate": 0.0,
  "bad_loss_rate": 1.0
}