{
  "state": "good",
  "episode_index": 1298,
  "state_ordinal": 649,
  "start_time_wall": 1756997640.684365,
  "end_time_wall": 1756997641.2891533,
  "wall_time_sec": 0.6047881230042549,
  "steps": 311,
  "packets": 4491337,
  "dropped": 0,
  "running_total_steps": 217703,
  "running_total_packets": 3091227481,
  "running_total_dropped": 15808911,
  "running_total_time_sec": 681.673946916002,
  "p_gb": 0.00303,
  "p_bg": 0.6,
  "good_loss_rate": 0.0,
  "bad_loss_rate": 1.0
}