{
  "state": "good",
  "episode_index": 1956,
  "state_ordinal": 978,
  "start_time_wall": 1756998018.7792778,
  "end_time_wall": 1756998019.4231036,
  "wall_time_sec": 0.6438258249982027,
  "steps": 590,
  "packets": 8344783,
  "dropped": 0,
  "running_total_steps": 324473,
  "running_total_packets": 4607157893,
  "running_total_dropped": 23346597,
  "running_total_time_sec": 1059.8078971489958,
  "p_gb": 0.00303,
  "p_bg": 0.6,
  "good_loss_rate": 0.0,
  "bad_loss_rate": 1.0
}