{
  "state": "good",
  "episode_index": 2514,
  "state_ordinal": 1257,
  "start_time_wall": 1756998267.5451963,
  "end_time_wall": 1756998267.569689,
  "wall_time_sec": 0.02449224699375918,
  "steps": 193,
  "packets": 2764231,
  "dropped": 0,
  "running_total_steps": 411325,
  "running_total_packets": 5840356685,
  "running_total_dropped": 30052531,
  "running_total_time_sec": 1307.954482725996,
  "p_gb": 0.00303,
  "p_bg": 0.6,
  "good_loss_rate": 0.0,
  "bad_loss_rate": 1.0
}