{
  "state": "good",
  "episode_index": 816,
  "state_ordinal": 408,
  "start_time_wall": 1756997387.142704,
  "end_time_wall": 1756997387.1447237,
  "wall_time_sec": 0.0020194600001559593,
  "steps": 16,
  "packets": 229992,
  "dropped": 0,
  "running_total_steps": 136879,
  "running_total_packets": 1943517459,
  "running_total_dropped": 10476976,
  "running_total_time_sec": 427.5295173159975,
  "p_gb": 0.00303,
  "p_bg": 0.6,
  "good_loss_rate": 0.0,
  "bad_loss_rate": 1.0
}