{
  "state": "good",
  "episode_index": 1574,
  "state_ordinal": 787,
  "start_time_wall": 1756997809.1302354,
  "end_time_wall": 1756997809.1347187,
  "wall_time_sec": 0.004482790005567949,
  "steps": 31,
  "packets": 428165,
  "dropped": 0,
  "running_total_steps": 265666,
  "running_total_packets": 3772149226,
  "running_total_dropped": 18861040,
  "running_total_time_sec": 849.519512318002,
  "p_gb": 0.00303,
  "p_bg": 0.6,
  "good_loss_rate": 0.0,
  "bad_loss_rate": 1.0
}