{
  "state": "good",
  "episode_index": 2682,
  "state_ordinal": 1341,
  "start_time_wall": 1756998361.3614023,
  "end_time_wall": 1756998361.3697968,
  "wall_time_sec": 0.008394577002036385,
  "steps": 62,
  "packets": 850529,
  "dropped": 0,
  "running_total_steps": 439284,
  "running_total_packets": 6237325983,
  "running_total_dropped": 32040020,
  "running_total_time_sec": 1401.7545905200022,
  "p_gb": 0.00303,
  "p_bg": 0.6,
  "good_loss_rate": 0.0,
  "bad_loss_rate": 1.0
}