{
  "state": "good",
  "episode_index": 736,
  "state_ordinal": 368,
  "start_time_wall": 1756997314.4109218,
  "end_time_wall": 1756997315.0033262,
  "wall_time_sec": 0.5924045739957364,
  "steps": 200,
  "packets": 2822098,
  "dropped": 0,
  "running_total_steps": 118870,
  "running_total_packets": 1687907450,
  "running_total_dropped": 9386256,
  "running_total_time_sec": 355.38811991499824,
  "p_gb": 0.00303,
  "p_bg": 0.6,
  "good_loss_rate": 0.0,
  "bad_loss_rate": 1.0
}