{
  "state": "good",
  "episode_index": 1612,
  "state_ordinal": 806,
  "start_time_wall": 1756997815.853452,
  "end_time_wall": 1756997817.2190316,
  "wall_time_sec": 1.3655789230033406,
  "steps": 904,
  "packets": 12784042,
  "dropped": 0,
  "running_total_steps": 269866,
  "running_total_packets": 3831806642,
  "running_total_dropped": 19115629,
  "running_total_time_sec": 857.6038250400015,
  "p_gb": 0.00303,
  "p_bg": 0.6,
  "good_loss_rate": 0.0,
  "bad_loss_rate": 1.0
}