{
  "state": "good",
  "episode_index": 152,
  "state_ordinal": 76,
  "start_time_wall": 1756997008.8255498,
  "end_time_wall": 1756997009.790061,
  "wall_time_sec": 0.9645110490018851,
  "steps": 350,
  "packets": 5042442,
  "dropped": 1,
  "running_total_steps": 22654,
  "running_total_packets": 321731742,
  "running_total_dropped": 1897785,
  "running_total_time_sec": 50.174854625998705,
  "p_gb": 0.00303,
  "p_bg": 0.6,
  "good_loss_rate": 0.0,
  "bad_loss_rate": 1.0
}