{
  "state": "good",
  "episode_index": 22,
  "state_ordinal": 11,
  "start_time_wall": 1756996969.911438,
  "end_time_wall": 1756996970.4835393,
  "wall_time_sec": 0.5721007920001284,
  "steps": 114,
  "packets": 1670698,
  "dropped": 0,
  "running_total_steps": 3517,
  "running_total_packets": 50033933,
  "running_total_dropped": 331257,
  "running_total_time_sec": 10.86833313399984,
  "p_gb": 0.00303,
  "p_bg": 0.6,
  "good_loss_rate": 0.0,
  "bad_loss_rate": 1.0
}