{
  "state": "good",
  "episode_index": 578,
  "state_ordinal": 289,
  "start_time_wall": 1756997229.3413284,
  "end_time_wall": 1756997229.9485745,
  "wall_time_sec": 0.6072457880000002,
  "steps": 306,
  "packets": 4434923,
  "dropped": 0,
  "running_total_steps": 95301,
  "running_total_packets": 1353301956,
  "running_total_dropped": 7232485,
  "running_total_time_sec": 270.3333679599964,
  "p_gb": 0.00303,
  "p_bg": 0.6,
  "good_loss_rate": 0.0,
  "bad_loss_rate": 1.0
}