{
  "state": "good",
  "episode_index": 2316,
  "state_ordinal": 1158,
  "start_time_wall": 1756998178.4725876,
  "end_time_wall": 1756998179.038482,
  "wall_time_sec": 0.5658943640009966,
  "steps": 230,
  "packets": 3231450,
  "dropped": 0,
  "running_total_steps": 384642,
  "running_total_packets": 5461438098,
  "running_total_dropped": 27862534,
  "running_total_time_sec": 1219.4232755039993,
  "p_gb": 0.00303,
  "p_bg": 0.6,
  "good_loss_rate": 0.0,
  "bad_loss_rate": 1.0
}