{
  "state": "good",
  "episode_index": 1528,
  "state_ordinal": 764,
  "start_time_wall": 1756997756.1015956,
  "end_time_wall": 1756997756.1181726,
  "wall_time_sec": 0.01657699300267268,
  "steps": 144,
  "packets": 2061243,
  "dropped": 0,
  "running_total_steps": 256590,
  "running_total_packets": 3643294796,
  "running_total_dropped": 18370678,
  "running_total_time_sec": 796.5029662710003,
  "p_gb": 0.00303,
  "p_bg": 0.6,
  "good_loss_rate": 0.0,
  "bad_loss_rate": 1.0
}