{
  "state": "good",
  "episode_index": 1058,
  "state_ordinal": 529,
  "start_time_wall": 1756997521.129335,
  "end_time_wall": 1756997521.1359618,
  "wall_time_sec": 0.006626234004215803,
  "steps": 49,
  "packets": 620555,
  "dropped": 0,
  "running_total_steps": 175629,
  "running_total_packets": 2493728933,
  "running_total_dropped": 13388825,
  "running_total_time_sec": 561.5207553310029,
  "p_gb": 0.00303,
  "p_bg": 0.6,
  "good_loss_rate": 0.0,
  "bad_loss_rate": 1.0
}