{
  "state": "good",
  "episode_index": 2426,
  "state_ordinal": 1213,
  "start_time_wall": 1756998246.5459244,
  "end_time_wall": 1756998246.5481067,
  "wall_time_sec": 0.002182331998483278,
  "steps": 19,
  "packets": 254581,
  "dropped": 0,
  "running_total_steps": 400826,
  "running_total_packets": 5691281838,
  "running_total_dropped": 29050102,
  "running_total_time_sec": 1286.9329003719977,
  "p_gb": 0.00303,
  "p_bg": 0.6,
  "good_loss_rate": 0.0,
  "bad_loss_rate": 1.0
}