{
  "state": "good",
  "episode_index": 2002,
  "state_ordinal": 1001,
  "start_time_wall": 1756998043.3317158,
  "end_time_wall": 1756998043.5420268,
  "wall_time_sec": 0.2103108519950183,
  "steps": 308,
  "packets": 4310530,
  "dropped": 0,
  "running_total_steps": 336236,
  "running_total_packets": 4774128674,
  "running_total_dropped": 23965700,
  "running_total_time_sec": 1083.9268202609965,
  "p_gb": 0.00303,
  "p_bg": 0.6,
  "good_loss_rate": 0.0,
  "bad_loss_rate": 1.0
}