{
  "state": "good",
  "episode_index": 664,
  "state_ordinal": 332,
  "start_time_wall": 1756997292.7350585,
  "end_time_wall": 1756997292.7588308,
  "wall_time_sec": 0.023772294000082184,
  "steps": 198,
  "packets": 2778708,
  "dropped": 0,
  "running_total_steps": 108259,
  "running_total_packets": 1537182165,
  "running_total_dropped": 8553112,
  "running_total_time_sec": 333.1436243749995,
  "p_gb": 0.00303,
  "p_bg": 0.6,
  "good_loss_rate": 0.0,
  "bad_loss_rate": 1.0
}