{
  "state": "good",
  "episode_index": 702,
  "state_ordinal": 351,
  "start_time_wall": 1756997301.8919349,
  "end_time_wall": 1756997302.6694312,
  "wall_time_sec": 0.7774961760005681,
  "steps": 414,
  "packets": 5904548,
  "dropped": 0,
  "running_total_steps": 112885,
  "running_total_packets": 1602897465,
  "running_total_dropped": 9007296,
  "running_total_time_sec": 343.0542247789999,
  "p_gb": 0.00303,
  "p_bg": 0.6,
  "good_loss_rate": 0.0,
  "bad_loss_rate": 1.0
}