{
  "state": "good",
  "episode_index": 1722,
  "state_ordinal": 861,
  "start_time_wall": 1756997855.5298557,
  "end_time_wall": 1756997856.1017582,
  "wall_time_sec": 0.571902540003066,
  "steps": 36,
  "packets": 634996,
  "dropped": 0,
  "running_total_steps": 288451,
  "running_total_packets": 4095762863,
  "running_total_dropped": 20482554,
  "running_total_time_sec": 896.4865519680025,
  "p_gb": 0.00303,
  "p_bg": 0.6,
  "good_loss_rate": 0.0,
  "bad_loss_rate": 1.0
}