{
  "state": "good",
  "episode_index": 1752,
  "state_ordinal": 876,
  "start_time_wall": 1756997896.1949267,
  "end_time_wall": 1756997896.9708989,
  "wall_time_sec": 0.7759718810048071,
  "steps": 403,
  "packets": 5709281,
  "dropped": 1,
  "running_total_steps": 291499,
  "running_total_packets": 4138982429,
  "running_total_dropped": 20920816,
  "running_total_time_sec": 937.3556924250006,
  "p_gb": 0.00303,
  "p_bg": 0.6,
  "good_loss_rate": 0.0,
  "bad_loss_rate": 1.0
}