{
  "state": "good",
  "episode_index": 708,
  "state_ordinal": 354,
  "start_time_wall": 1756997304.419156,
  "end_time_wall": 1756997305.0147429,
  "wall_time_sec": 0.5955867189986748,
  "steps": 166,
  "packets": 2369344,
  "dropped": 0,
  "running_total_steps": 114016,
  "running_total_packets": 1618973718,
  "running_total_dropped": 9043462,
  "running_total_time_sec": 345.3995363549984,
  "p_gb": 0.00303,
  "p_bg": 0.6,
  "good_loss_rate": 0.0,
  "bad_loss_rate": 1.0
}