{
  "state": "good",
  "episode_index": 2076,
  "state_ordinal": 1038,
  "start_time_wall": 1756998064.418609,
  "end_time_wall": 1756998065.0383155,
  "wall_time_sec": 0.6197063760046149,
  "steps": 315,
  "packets": 4338025,
  "dropped": 0,
  "running_total_steps": 346517,
  "running_total_packets": 4920057421,
  "running_total_dropped": 24788757,
  "running_total_time_sec": 1105.4231092830014,
  "p_gb": 0.00303,
  "p_bg": 0.6,
  "good_loss_rate": 0.0,
  "bad_loss_rate": 1.0
}