{
  "state": "good",
  "episode_index": 2246,
  "state_ordinal": 1123,
  "start_time_wall": 1756998160.163445,
  "end_time_wall": 1756998160.1658037,
  "wall_time_sec": 0.0023585829985677265,
  "steps": 16,
  "packets": 179372,
  "dropped": 0,
  "running_total_steps": 375452,
  "running_total_packets": 5330899964,
  "running_total_dropped": 27088660,
  "running_total_time_sec": 1200.55059739,
  "p_gb": 0.00303,
  "p_bg": 0.6,
  "good_loss_rate": 0.0,
  "bad_loss_rate": 1.0
}