{
  "state": "good",
  "episode_index": 2232,
  "state_ordinal": 1116,
  "start_time_wall": 1756998152.8800743,
  "end_time_wall": 1756998152.887861,
  "wall_time_sec": 0.007786419002513867,
  "steps": 56,
  "packets": 792668,
  "dropped": 0,
  "running_total_steps": 371738,
  "running_total_packets": 5278288360,
  "running_total_dropped": 26968570,
  "running_total_time_sec": 1193.2726546580016,
  "p_gb": 0.00303,
  "p_bg": 0.6,
  "good_loss_rate": 0.0,
  "bad_loss_rate": 1.0
}