{
  "state": "good",
  "episode_index": 2156,
  "state_ordinal": 1078,
  "start_time_wall": 1756998131.2850986,
  "end_time_wall": 1756998131.8562577,
  "wall_time_sec": 0.571159165003337,
  "steps": 59,
  "packets": 921414,
  "dropped": 0,
  "running_total_steps": 361655,
  "running_total_packets": 5135118073,
  "running_total_dropped": 25983535,
  "running_total_time_sec": 1172.2410514000003,
  "p_gb": 0.00303,
  "p_bg": 0.6,
  "good_loss_rate": 0.0,
  "bad_loss_rate": 1.0
}