{
  "state": "good",
  "episode_index": 2436,
  "state_ordinal": 1218,
  "start_time_wall": 1756998248.917561,
  "end_time_wall": 1756998248.9215822,
  "wall_time_sec": 0.0040211269952123985,
  "steps": 31,
  "packets": 390551,
  "dropped": 0,
  "running_total_steps": 401975,
  "running_total_packets": 5707495503,
  "running_total_dropped": 29147027,
  "running_total_time_sec": 1289.3063759259967,
  "p_gb": 0.00303,
  "p_bg": 0.6,
  "good_loss_rate": 0.0,
  "bad_loss_rate": 1.0
}