{
  "state": "good",
  "episode_index": 1796,
  "state_ordinal": 898,
  "start_time_wall": 1756997913.7898064,
  "end_time_wall": 1756997913.8135934,
  "wall_time_sec": 0.023787122998328414,
  "steps": 179,
  "packets": 2597877,
  "dropped": 0,
  "running_total_steps": 299498,
  "running_total_packets": 4252638612,
  "running_total_dropped": 21392362,
  "running_total_time_sec": 954.198386985001,
  "p_gb": 0.00303,
  "p_bg": 0.6,
  "good_loss_rate": 0.0,
  "bad_loss_rate": 1.0
}