{
  "state": "good",
  "episode_index": 764,
  "state_ordinal": 382,
  "start_time_wall": 1756997322.8575048,
  "end_time_wall": 1756997322.8763618,
  "wall_time_sec": 0.01885665399458958,
  "steps": 117,
  "packets": 1748789,
  "dropped": 0,
  "running_total_steps": 122618,
  "running_total_packets": 1741191652,
  "running_total_dropped": 9755132,
  "running_total_time_sec": 363.2611552149974,
  "p_gb": 0.00303,
  "p_bg": 0.6,
  "good_loss_rate": 0.0,
  "bad_loss_rate": 1.0
}