{
  "state": "good",
  "episode_index": 346,
  "state_ordinal": 173,
  "start_time_wall": 1756997101.895544,
  "end_time_wall": 1756997103.2530115,
  "wall_time_sec": 1.3574672500035376,
  "steps": 633,
  "packets": 8958097,
  "dropped": 0,
  "running_total_steps": 51427,
  "running_total_packets": 730238219,
  "running_total_dropped": 4534629,
  "running_total_time_sec": 143.63780500199937,
  "p_gb": 0.00303,
  "p_bg": 0.6,
  "good_loss_rate": 0.0,
  "bad_loss_rate": 1.0
}