{
  "state": "good",
  "episode_index": 6,
  "state_ordinal": 3,
  "start_time_wall": 1756996964.6673756,
  "end_time_wall": 1756996965.48841,
  "wall_time_sec": 0.8210342590027722,
  "steps": 717,
  "packets": 10128292,
  "dropped": 1,
  "running_total_steps": 1386,
  "running_total_packets": 19734385,
  "running_total_dropped": 65098,
  "running_total_time_sec": 5.873203663002641,
  "p_gb": 0.00303,
  "p_bg": 0.6,
  "good_loss_rate": 0.0,
  "bad_loss_rate": 1.0
}