{
  "state": "good",
  "episode_index": 512,
  "state_ordinal": 256,
  "start_time_wall": 1756997209.0521755,
  "end_time_wall": 1756997209.675799,
  "wall_time_sec": 0.6236224219974247,
  "steps": 495,
  "packets": 6934467,
  "dropped": 0,
  "running_total_steps": 85799,
  "running_total_packets": 1218269597,
  "running_total_dropped": 6526563,
  "running_total_time_sec": 250.0605922649993,
  "p_gb": 0.00303,
  "p_bg": 0.6,
  "good_loss_rate": 0.0,
  "bad_loss_rate": 1.0
}