{
  "state": "good",
  "episode_index": 682,
  "state_ordinal": 341,
  "start_time_wall": 1756997297.6929717,
  "end_time_wall": 1756997297.724884,
  "wall_time_sec": 0.0319120079948334,
  "steps": 265,
  "packets": 3736271,
  "dropped": 0,
  "running_total_steps": 110691,
  "running_total_packets": 1571715569,
  "running_total_dropped": 8784545,
  "running_total_time_sec": 338.10967741999775,
  "p_gb": 0.00303,
  "p_bg": 0.6,
  "good_loss_rate": 0.0,
  "bad_loss_rate": 1.0
}