{
  "state": "good",
  "episode_index": 1660,
  "state_ordinal": 830,
  "start_time_wall": 1756997833.864801,
  "end_time_wall": 1756997833.8866427,
  "wall_time_sec": 0.02184157799638342,
  "steps": 166,
  "packets": 2369344,
  "dropped": 0,
  "running_total_steps": 277903,
  "running_total_packets": 3945888113,
  "running_total_dropped": 19665299,
  "running_total_time_sec": 874.271436363997,
  "p_gb": 0.00303,
  "p_bg": 0.6,
  "good_loss_rate": 0.0,
  "bad_loss_rate": 1.0
}