{
  "state": "good",
  "episode_index": 1508,
  "state_ordinal": 754,
  "start_time_wall": 1756997749.5521445,
  "end_time_wall": 1756997750.1338997,
  "wall_time_sec": 0.5817549630010035,
  "steps": 150,
  "packets": 2139352,
  "dropped": 0,
  "running_total_steps": 253483,
  "running_total_packets": 3599227601,
  "running_total_dropped": 18185520,
  "running_total_time_sec": 790.5186933209989,
  "p_gb": 0.00303,
  "p_bg": 0.6,
  "good_loss_rate": 0.0,
  "bad_loss_rate": 1.0
}