{
  "state": "good",
  "episode_index": 1406,
  "state_ordinal": 703,
  "start_time_wall": 1756997718.3279464,
  "end_time_wall": 1756997718.9521394,
  "wall_time_sec": 0.6241927180017228,
  "steps": 535,
  "packets": 7517391,
  "dropped": 1,
  "running_total_steps": 238578,
  "running_total_packets": 3387490974,
  "running_total_dropped": 17229327,
  "running_total_time_sec": 759.3369329400011,
  "p_gb": 0.00303,
  "p_bg": 0.6,
  "good_loss_rate": 0.0,
  "bad_loss_rate": 1.0
}