{
  "state": "good",
  "episode_index": 2312,
  "state_ordinal": 1156,
  "start_time_wall": 1756998178.2640455,
  "end_time_wall": 1756998178.4517014,
  "wall_time_sec": 0.18765600000187987,
  "steps": 110,
  "packets": 1637420,
  "dropped": 0,
  "running_total_steps": 384314,
  "running_total_packets": 5456881664,
  "running_total_dropped": 27861081,
  "running_total_time_sec": 1218.8364951490003,
  "p_gb": 0.00303,
  "p_bg": 0.6,
  "good_loss_rate": 0.0,
  "bad_loss_rate": 1.0
}