{
  "state": "good",
  "episode_index": 2202,
  "state_ordinal": 1101,
  "start_time_wall": 1756998143.8130026,
  "end_time_wall": 1756998144.3949392,
  "wall_time_sec": 0.5819365509960335,
  "steps": 52,
  "packets": 801362,
  "dropped": 0,
  "running_total_steps": 367668,
  "running_total_packets": 5220494020,
  "running_total_dropped": 26453644,
  "running_total_time_sec": 1184.779732805997,
  "p_gb": 0.00303,
  "p_bg": 0.6,
  "good_loss_rate": 0.0,
  "bad_loss_rate": 1.0
}