{
  "state": "good",
  "episode_index": 1030,
  "state_ordinal": 515,
  "start_time_wall": 1756997514.5173416,
  "end_time_wall": 1756997514.5239835,
  "wall_time_sec": 0.006641615000262391,
  "steps": 45,
  "packets": 776749,
  "dropped": 0,
  "running_total_steps": 172484,
  "running_total_packets": 2449206078,
  "running_total_dropped": 13103851,
  "running_total_time_sec": 554.9087768870013,
  "p_gb": 0.00303,
  "p_bg": 0.6,
  "good_loss_rate": 0.0,
  "bad_loss_rate": 1.0
}