{
  "state": "good",
  "episode_index": 2216,
  "state_ordinal": 1108,
  "start_time_wall": 1756998149.678905,
  "end_time_wall": 1756998149.6816306,
  "wall_time_sec": 0.002725133002968505,
  "steps": 22,
  "packets": 269046,
  "dropped": 0,
  "running_total_steps": 370265,
  "running_total_packets": 5257364949,
  "running_total_dropped": 26742929,
  "running_total_time_sec": 1190.0664243540014,
  "p_gb": 0.00303,
  "p_bg": 0.6,
  "good_loss_rate": 0.0,
  "bad_loss_rate": 1.0
}