{
  "state": "good",
  "episode_index": 2468,
  "state_ordinal": 1234,
  "start_time_wall": 1756998258.2638252,
  "end_time_wall": 1756998258.4397604,
  "wall_time_sec": 0.1759350970023661,
  "steps": 22,
  "packets": 423823,
  "dropped": 0,
  "running_total_steps": 406825,
  "running_total_packets": 5776508797,
  "running_total_dropped": 29527455,
  "running_total_time_sec": 1298.8245539409982,
  "p_gb": 0.00303,
  "p_bg": 0.6,
  "good_loss_rate": 0.0,
  "bad_loss_rate": 1.0
}