{
  "state": "good",
  "episode_index": 2400,
  "state_ordinal": 1200,
  "start_time_wall": 1756998236.6571422,
  "end_time_wall": 1756998236.673406,
  "wall_time_sec": 0.016263593999610748,
  "steps": 142,
  "packets": 1932503,
  "dropped": 0,
  "running_total_steps": 396159,
  "running_total_packets": 5624948878,
  "running_total_dropped": 28739124,
  "running_total_time_sec": 1277.0581993710002,
  "p_gb": 0.00303,
  "p_bg": 0.6,
  "good_loss_rate": 0.0,
  "bad_loss_rate": 1.0
}