{
  "state": "good",
  "episode_index": 1662,
  "state_ordinal": 831,
  "start_time_wall": 1756997833.9336898,
  "end_time_wall": 1756997834.8658502,
  "wall_time_sec": 0.9321599360046093,
  "steps": 322,
  "packets": 4646108,
  "dropped": 1,
  "running_total_steps": 278228,
  "running_total_packets": 3950609430,
  "running_total_dropped": 19740509,
  "running_total_time_sec": 875.2506436760013,
  "p_gb": 0.00303,
  "p_bg": 0.6,
  "good_loss_rate": 0.0,
  "bad_loss_rate": 1.0
}