{
  "state": "good",
  "episode_index": 1094,
  "state_ordinal": 547,
  "start_time_wall": 1756997535.2089198,
  "end_time_wall": 1756997535.2127755,
  "wall_time_sec": 0.0038553319973289035,
  "steps": 29,
  "packets": 377533,
  "dropped": 0,
  "running_total_steps": 182472,
  "running_total_packets": 2590883616,
  "running_total_dropped": 13866159,
  "running_total_time_sec": 575.5975690679988,
  "p_gb": 0.00303,
  "p_bg": 0.6,
  "good_loss_rate": 0.0,
  "bad_loss_rate": 1.0
}