{
  "state": "good",
  "episode_index": 2508,
  "state_ordinal": 1254,
  "start_time_wall": 1756998265.002851,
  "end_time_wall": 1756998265.2167234,
  "wall_time_sec": 0.21387218299787492,
  "steps": 342,
  "packets": 4786414,
  "dropped": 0,
  "running_total_steps": 410201,
  "running_total_packets": 5824358547,
  "running_total_dropped": 29957061,
  "running_total_time_sec": 1305.6015171249965,
  "p_gb": 0.00303,
  "p_bg": 0.6,
  "good_loss_rate": 0.0,
  "bad_loss_rate": 1.0
}