{
  "state": "good",
  "episode_index": 1846,
  "state_ordinal": 923,
  "start_time_wall": 1756997926.3754086,
  "end_time_wall": 1756997926.3902588,
  "wall_time_sec": 0.014850065999780782,
  "steps": 116,
  "packets": 1566553,
  "dropped": 0,
  "running_total_steps": 305519,
  "running_total_packets": 4337953828,
  "running_total_dropped": 22063520,
  "running_total_time_sec": 966.775052277997,
  "p_gb": 0.00303,
  "p_bg": 0.6,
  "good_loss_rate": 0.0,
  "bad_loss_rate": 1.0
}