{
  "state": "good",
  "episode_index": 2710,
  "state_ordinal": 1355,
  "start_time_wall": 1756998369.53097,
  "end_time_wall": 1756998370.1509285,
  "wall_time_sec": 0.6199582839981304,
  "steps": 365,
  "packets": 5084397,
  "dropped": 0,
  "running_total_steps": 443793,
  "running_total_packets": 6301263563,
  "running_total_dropped": 32170249,
  "running_total_time_sec": 1410.5357220119986,
  "p_gb": 0.00303,
  "p_bg": 0.6,
  "good_loss_rate": 0.0,
  "bad_loss_rate": 1.0
}