{
  "state": "good",
  "episode_index": 296,
  "state_ordinal": 148,
  "start_time_wall": 1756997088.5798805,
  "end_time_wall": 1756997089.1557598,
  "wall_time_sec": 0.5758794329958619,
  "steps": 86,
  "packets": 1337990,
  "dropped": 0,
  "running_total_steps": 44455,
  "running_total_packets": 631350635,
  "running_total_dropped": 3883703,
  "running_total_time_sec": 129.5405534829988,
  "p_gb": 0.00303,
  "p_bg": 0.6,
  "good_loss_rate": 0.0,
  "bad_loss_rate": 1.0
}