{
  "state": "good",
  "episode_index": 1800,
  "state_ordinal": 900,
  "start_time_wall": 1756997915.3648233,
  "end_time_wall": 1756997915.368156,
  "wall_time_sec": 0.003332694002892822,
  "steps": 23,
  "packets": 350044,
  "dropped": 0,
  "running_total_steps": 300264,
  "running_total_packets": 4263387459,
  "running_total_dropped": 21393816,
  "running_total_time_sec": 955.7529494920018,
  "p_gb": 0.00303,
  "p_bg": 0.6,
  "good_loss_rate": 0.0,
  "bad_loss_rate": 1.0
}