{
  "state": "good",
  "episode_index": 498,
  "state_ordinal": 249,
  "start_time_wall": 1756997200.6029596,
  "end_time_wall": 1756997203.7222104,
  "wall_time_sec": 3.1192508630047087,
  "steps": 1401,
  "packets": 19870379,
  "dropped": 1,
  "running_total_steps": 82750,
  "running_total_packets": 1174977716,
  "running_total_dropped": 6319719,
  "running_total_time_sec": 244.1070040170016,
  "p_gb": 0.00303,
  "p_bg": 0.6,
  "good_loss_rate": 0.0,
  "bad_loss_rate": 1.0
}