{
  "state": "good",
  "episode_index": 1248,
  "state_ordinal": 624,
  "start_time_wall": 1756997620.0522058,
  "end_time_wall": 1756997620.0552387,
  "wall_time_sec": 0.0030321010053739883,
  "steps": 19,
  "packets": 274829,
  "dropped": 0,
  "running_total_steps": 207310,
  "running_total_packets": 2943630930,
  "running_total_dropped": 15337324,
  "running_total_time_sec": 660.4400321790017,
  "p_gb": 0.00303,
  "p_bg": 0.6,
  "good_loss_rate": 0.0,
  "bad_loss_rate": 1.0
}