{
  "state": "good",
  "episode_index": 992,
  "state_ordinal": 496,
  "start_time_wall": 1756997503.6880574,
  "end_time_wall": 1756997504.260381,
  "wall_time_sec": 0.5723236569974688,
  "steps": 134,
  "packets": 1959980,
  "dropped": 0,
  "running_total_steps": 167530,
  "running_total_packets": 2378798374,
  "running_total_dropped": 12655411,
  "running_total_time_sec": 544.6451746129969,
  "p_gb": 0.00303,
  "p_bg": 0.6,
  "good_loss_rate": 0.0,
  "bad_loss_rate": 1.0
}