{
  "state": "bad",
  "episode_index": 391,
  "state_ordinal": 195,
  "start_time_wall": 1756963132.2492106,
  "end_time_wall": 1756963132.4430354,
  "wall_time_sec": 0.19382552599927294,
  "steps": 2,
  "packets": 63638,
  "dropped": 63638,
  "running_total_steps": 188032,
  "running_total_packets": 2669897908,
  "running_total_dropped": 14679100,
  "running_total_time_sec": 843.0399981439987,
  "p_gb": 0.001,
  "p_bg": 0.2,
  "good_loss_rate": 0.0,
  "bad_loss_rate": 1.0
}