{
  "state": "bad",
  "episode_index": 265,
  "state_ordinal": 132,
  "start_time_wall": 1756962835.5569577,
  "end_time_wall": 1756962835.8028839,
  "wall_time_sec": 0.24592639899856295,
  "steps": 11,
  "packets": 153330,
  "dropped": 153330,
  "running_total_steps": 125844,
  "running_total_packets": 1786975835,
  "running_total_dropped": 9891208,
  "running_total_time_sec": 546.3998461699994,
  "p_gb": 0.001,
  "p_bg": 0.2,
  "good_loss_rate": 0.0,
  "bad_loss_rate": 1.0
}