{
  "state": "bad",
  "episode_index": 377,
  "state_ordinal": 188,
  "start_time_wall": 1756963114.502443,
  "end_time_wall": 1756963114.5032046,
  "wall_time_sec": 0.0007617699993716087,
  "steps": 2,
  "packets": 12,
  "dropped": 12,
  "running_total_steps": 179812,
  "running_total_packets": 2553162152,
  "running_total_dropped": 14336277,
  "running_total_time_sec": 825.1001667960008,
  "p_gb": 0.001,
  "p_bg": 0.2,
  "good_loss_rate": 0.0,
  "bad_loss_rate": 1.0
}