{
  "state": "good",
  "episode_index": 150,
  "state_ordinal": 75,
  "start_time_wall": 1756962592.2268336,
  "end_time_wall": 1756962593.753257,
  "wall_time_sec": 1.5264229509994038,
  "steps": 514,
  "packets": 7378520,
  "dropped": 0,
  "running_total_steps": 72650,
  "running_total_packets": 1031659864,
  "running_total_dropped": 5064226,
  "running_total_time_sec": 304.3502189739993,
  "p_gb": 0.001,
  "p_bg": 0.2,
  "good_loss_rate": 0.0,
  "bad_loss_rate": 1.0
}