{
  "state": "good",
  "episode_index": 196,
  "state_ordinal": 98,
  "start_time_wall": 1756962690.8415153,
  "end_time_wall": 1756962693.5069118,
  "wall_time_sec": 2.6653961010015337,
  "steps": 1382,
  "packets": 19676542,
  "dropped": 2,
  "running_total_steps": 93434,
  "running_total_packets": 1326706860,
  "running_total_dropped": 7037244,
  "running_total_time_sec": 404.1038737000017,
  "p_gb": 0.001,
  "p_bg": 0.2,
  "good_loss_rate": 0.0,
  "bad_loss_rate": 1.0
}