{
  "state": "good",
  "episode_index": 52,
  "state_ordinal": 26,
  "start_time_wall": 1756962375.5436847,
  "end_time_wall": 1756962376.496795,
  "wall_time_sec": 0.9531100080021133,
  "steps": 529,
  "packets": 7526073,
  "dropped": 1,
  "running_total_steps": 21723,
  "running_total_packets": 308583185,
  "running_total_dropped": 2192819,
  "running_total_time_sec": 87.0937570620008,
  "p_gb": 0.001,
  "p_bg": 0.2,
  "good_loss_rate": 0.0,
  "bad_loss_rate": 1.0
}