{
  "state": "good",
  "episode_index": 302,
  "state_ordinal": 151,
  "start_time_wall": 1756962895.5404496,
  "end_time_wall": 1756962898.9443598,
  "wall_time_sec": 3.403909874999954,
  "steps": 1606,
  "packets": 22767698,
  "dropped": 3,
  "running_total_steps": 138402,
  "running_total_packets": 1965191600,
  "running_total_dropped": 12079728,
  "running_total_time_sec": 609.5413217390014,
  "p_gb": 0.001,
  "p_bg": 0.2,
  "good_loss_rate": 0.0,
  "bad_loss_rate": 1.0
}