{
  "state": "good",
  "episode_index": 222,
  "state_ordinal": 111,
  "start_time_wall": 1756962753.2497385,
  "end_time_wall": 1756962753.8661537,
  "wall_time_sec": 0.6164149950018327,
  "steps": 267,
  "packets": 3799909,
  "dropped": 0,
  "running_total_steps": 104426,
  "running_total_packets": 1482821760,
  "running_total_dropped": 7756168,
  "running_total_time_sec": 464.46311571000115,
  "p_gb": 0.001,
  "p_bg": 0.2,
  "good_loss_rate": 0.0,
  "bad_loss_rate": 1.0
}