{
  "state": "good",
  "episode_index": 144,
  "state_ordinal": 72,
  "start_time_wall": 1756962588.6419375,
  "end_time_wall": 1756962589.225224,
  "wall_time_sec": 0.5832865980009956,
  "steps": 105,
  "packets": 1562199,
  "dropped": 0,
  "running_total_steps": 70593,
  "running_total_packets": 1002449531,
  "running_total_dropped": 4806754,
  "running_total_time_sec": 299.82218609900156,
  "p_gb": 0.001,
  "p_bg": 0.2,
  "good_loss_rate": 0.0,
  "bad_loss_rate": 1.0
}