{
  "state": "good",
  "episode_index": 304,
  "state_ordinal": 152,
  "start_time_wall": 1756962898.9845576,
  "end_time_wall": 1756962899.5527146,
  "wall_time_sec": 0.5681568940017314,
  "steps": 153,
  "packets": 2214561,
  "dropped": 1,
  "running_total_steps": 138559,
  "running_total_packets": 1967469811,
  "running_total_dropped": 12143379,
  "running_total_time_sec": 610.1496767060016,
  "p_gb": 0.001,
  "p_bg": 0.2,
  "good_loss_rate": 0.0,
  "bad_loss_rate": 1.0
}