{
  "state": "good",
  "episode_index": 332,
  "state_ordinal": 166,
  "start_time_wall": 1756962968.397986,
  "end_time_wall": 1756962969.9668489,
  "wall_time_sec": 1.568862595999235,
  "steps": 799,
  "packets": 11370819,
  "dropped": 0,
  "running_total_steps": 154354,
  "running_total_packets": 2191654902,
  "running_total_dropped": 13021403,
  "running_total_time_sec": 680.5638108819985,
  "p_gb": 0.001,
  "p_bg": 0.2,
  "good_loss_rate": 0.0,
  "bad_loss_rate": 1.0
}