{
  "state": "good",
  "episode_index": 398,
  "state_ordinal": 199,
  "start_time_wall": 1756963134.225149,
  "end_time_wall": 1756963135.1635535,
  "wall_time_sec": 0.9384045599981619,
  "steps": 567,
  "packets": 8075731,
  "dropped": 1,
  "running_total_steps": 189482,
  "running_total_packets": 2690419214,
  "running_total_dropped": 14796258,
  "running_total_time_sec": 845.7605156499994,
  "p_gb": 0.001,
  "p_bg": 0.2,
  "good_loss_rate": 0.0,
  "bad_loss_rate": 1.0
}