{
  "state": "bad",
  "episode_index": 3447,
  "state_ordinal": 1723,
  "start_time_wall": 1756973879.528487,
  "end_time_wall": 1756973879.6365561,
  "wall_time_sec": 0.10806985299859662,
  "steps": 2,
  "packets": 180801,
  "dropped": 180801,
  "running_total_steps": 285823,
  "running_total_packets": 4058450763,
  "running_total_dropped": 41252759,
  "running_total_time_sec": 1300.0326432750007,
  "p_gb": 0.00606,
  "p_bg": 0.6,
  "good_loss_rate": 0.0,
  "bad_loss_rate": 1.0
}