{
  "state": "bad",
  "episode_index": 3943,
  "state_ordinal": 1971,
  "start_time_wall": 1756974089.024771,
  "end_time_wall": 1756974089.0844247,
  "wall_time_sec": 0.05965400299828616,
  "steps": 3,
  "packets": 95457,
  "dropped": 95457,
  "running_total_steps": 321881,
  "running_total_packets": 4570395439,
  "running_total_dropped": 47404741,
  "running_total_time_sec": 1509.4805114459996,
  "p_gb": 0.00606,
  "p_bg": 0.6,
  "good_loss_rate": 0.0,
  "bad_loss_rate": 1.0
}