{
  "state": "bad",
  "episode_index": 3073,
  "state_ordinal": 1536,
  "start_time_wall": 1756973783.3773494,
  "end_time_wall": 1756973783.3780363,
  "wall_time_sec": 0.0006869469980301801,
  "steps": 1,
  "packets": 6,
  "dropped": 6,
  "running_total_steps": 258072,
  "running_total_packets": 3664307899,
  "running_total_dropped": 37069320,
  "running_total_time_sec": 1203.7741226559992,
  "p_gb": 0.00606,
  "p_bg": 0.6,
  "good_loss_rate": 0.0,
  "bad_loss_rate": 1.0
}