{
  "state": "bad",
  "episode_index": 1779,
  "state_ordinal": 889,
  "start_time_wall": 1756973248.0413082,
  "end_time_wall": 1756973248.0439253,
  "wall_time_sec": 0.0026171450008405373,
  "steps": 2,
  "packets": 2894,
  "dropped": 2894,
  "running_total_steps": 145717,
  "running_total_packets": 2068982767,
  "running_total_dropped": 22433688,
  "running_total_time_sec": 668.4400116659999,
  "p_gb": 0.00606,
  "p_bg": 0.6,
  "good_loss_rate": 0.0,
  "bad_loss_rate": 1.0
}