{
  "state": "bad",
  "episode_index": 3923,
  "state_ordinal": 1961,
  "start_time_wall": 1756974030.6607716,
  "end_time_wall": 1756974030.661457,
  "wall_time_sec": 0.0006856569998490158,
  "steps": 2,
  "packets": 12,
  "dropped": 12,
  "running_total_steps": 320824,
  "running_total_packets": 4555396836,
  "running_total_dropped": 47111099,
  "running_total_time_sec": 1451.0575436180006,
  "p_gb": 0.00606,
  "p_bg": 0.6,
  "good_loss_rate": 0.0,
  "bad_loss_rate": 1.0
}