{
  "state": "bad",
  "episode_index": 2749,
  "state_ordinal": 1374,
  "start_time_wall": 1756973625.373681,
  "end_time_wall": 1756973625.3741546,
  "wall_time_sec": 0.0004735909969895147,
  "steps": 1,
  "packets": 6,
  "dropped": 6,
  "running_total_steps": 228708,
  "running_total_packets": 3247393007,
  "running_total_dropped": 33665642,
  "running_total_time_sec": 1045.7702409939993,
  "p_gb": 0.00606,
  "p_bg": 0.6,
  "good_loss_rate": 0.0,
  "bad_loss_rate": 1.0
}