{
  "state": "bad",
  "episode_index": 2133,
  "state_ordinal": 1066,
  "start_time_wall": 1756973364.7091036,
  "end_time_wall": 1756973364.8899572,
  "wall_time_sec": 0.18085402100041392,
  "steps": 2,
  "packets": 43390,
  "dropped": 43390,
  "running_total_steps": 174864,
  "running_total_packets": 2482844122,
  "running_total_dropped": 26423067,
  "running_total_time_sec": 785.2860439610013,
  "p_gb": 0.00606,
  "p_bg": 0.6,
  "good_loss_rate": 0.0,
  "bad_loss_rate": 1.0
}