{
  "state": "bad",
  "episode_index": 4037,
  "state_ordinal": 2018,
  "start_time_wall": 1756974104.5993245,
  "end_time_wall": 1756974104.7464309,
  "wall_time_sec": 0.14710687499973574,
  "steps": 1,
  "packets": 6,
  "dropped": 6,
  "running_total_steps": 329256,
  "running_total_packets": 4675139839,
  "running_total_dropped": 48386920,
  "running_total_time_sec": 1525.1425175010008,
  "p_gb": 0.00606,
  "p_bg": 0.6,
  "good_loss_rate": 0.0,
  "bad_loss_rate": 1.0
}