{
  "state": "bad",
  "episode_index": 2823,
  "state_ordinal": 1411,
  "start_time_wall": 1756973641.5475857,
  "end_time_wall": 1756973641.7111206,
  "wall_time_sec": 0.16353479199824505,
  "steps": 2,
  "packets": 2894,
  "dropped": 2894,
  "running_total_steps": 236197,
  "running_total_packets": 3353790739,
  "running_total_dropped": 34289130,
  "running_total_time_sec": 1062.1072070539994,
  "p_gb": 0.00606,
  "p_bg": 0.6,
  "good_loss_rate": 0.0,
  "bad_loss_rate": 1.0
}