{
  "state": "bad",
  "episode_index": 4239,
  "state_ordinal": 2119,
  "start_time_wall": 1756974178.9304912,
  "end_time_wall": 1756974178.9319186,
  "wall_time_sec": 0.0014274459972511977,
  "steps": 1,
  "packets": 1447,
  "dropped": 1447,
  "running_total_steps": 347301,
  "running_total_packets": 4931217061,
  "running_total_dropped": 50594335,
  "running_total_time_sec": 1599.3280050009998,
  "p_gb": 0.00606,
  "p_bg": 0.6,
  "good_loss_rate": 0.0,
  "bad_loss_rate": 1.0
}