{
  "state": "bad",
  "episode_index": 3437,
  "state_ordinal": 1718,
  "start_time_wall": 1756973878.3541195,
  "end_time_wall": 1756973878.5245547,
  "wall_time_sec": 0.17043539899896132,
  "steps": 3,
  "packets": 11583,
  "dropped": 11583,
  "running_total_steps": 285266,
  "running_total_packets": 4050508108,
  "running_total_dropped": 40993848,
  "running_total_time_sec": 1298.9206412589992,
  "p_gb": 0.00606,
  "p_bg": 0.6,
  "good_loss_rate": 0.0,
  "bad_loss_rate": 1.0
}