{
  "state": "bad",
  "episode_index": 139,
  "state_ordinal": 69,
  "start_time_wall": 1756972604.56376,
  "end_time_wall": 1756972604.5643406,
  "wall_time_sec": 0.0005804550019092858,
  "steps": 1,
  "packets": 6,
  "dropped": 6,
  "running_total_steps": 9702,
  "running_total_packets": 137897829,
  "running_total_dropped": 1754566,
  "running_total_time_sec": 24.96042688400121,
  "p_gb": 0.00606,
  "p_bg": 0.6,
  "good_loss_rate": 0.0,
  "bad_loss_rate": 1.0
}