{
  "state": "bad",
  "episode_index": 3947,
  "state_ordinal": 1973,
  "start_time_wall": 1756974089.0951226,
  "end_time_wall": 1756974089.103308,
  "wall_time_sec": 0.00818532000266714,
  "steps": 2,
  "packets": 11577,
  "dropped": 11577,
  "running_total_steps": 321902,
  "running_total_packets": 4570650032,
  "running_total_dropped": 47427889,
  "running_total_time_sec": 1509.4993944430025,
  "p_gb": 0.00606,
  "p_bg": 0.6,
  "good_loss_rate": 0.0,
  "bad_loss_rate": 1.0
}