{
  "state": "bad",
  "episode_index": 3301,
  "state_ordinal": 1650,
  "start_time_wall": 1756973854.7246883,
  "end_time_wall": 1756973854.9037497,
  "wall_time_sec": 0.1790615110003273,
  "steps": 2,
  "packets": 13018,
  "dropped": 13018,
  "running_total_steps": 274404,
  "running_total_packets": 3896276532,
  "running_total_dropped": 39441697,
  "running_total_time_sec": 1275.2998362710023,
  "p_gb": 0.00606,
  "p_bg": 0.6,
  "good_loss_rate": 0.0,
  "bad_loss_rate": 1.0
}