{
  "state": "bad",
  "episode_index": 3141,
  "state_ordinal": 1570,
  "start_time_wall": 1756973793.9584434,
  "end_time_wall": 1756973793.9969287,
  "wall_time_sec": 0.038485814999148715,
  "steps": 2,
  "packets": 63638,
  "dropped": 63638,
  "running_total_steps": 262832,
  "running_total_packets": 3731951366,
  "running_total_dropped": 37889499,
  "running_total_time_sec": 1214.3930156780007,
  "p_gb": 0.00606,
  "p_bg": 0.6,
  "good_loss_rate": 0.0,
  "bad_loss_rate": 1.0
}