{
  "state": "bad",
  "episode_index": 2223,
  "state_ordinal": 1111,
  "start_time_wall": 1756973418.5805163,
  "end_time_wall": 1756973418.6002305,
  "wall_time_sec": 0.019714207002834883,
  "steps": 1,
  "packets": 31819,
  "dropped": 31819,
  "running_total_steps": 182715,
  "running_total_packets": 2594449197,
  "running_total_dropped": 27451509,
  "running_total_time_sec": 838.9963168880022,
  "p_gb": 0.00606,
  "p_bg": 0.6,
  "good_loss_rate": 0.0,
  "bad_loss_rate": 1.0
}