{
  "state": "bad",
  "episode_index": 3011,
  "state_ordinal": 1505,
  "start_time_wall": 1756973735.254404,
  "end_time_wall": 1756973735.274377,
  "wall_time_sec": 0.019973450998804765,
  "steps": 1,
  "packets": 31819,
  "dropped": 31819,
  "running_total_steps": 252187,
  "running_total_packets": 3580783451,
  "running_total_dropped": 36535517,
  "running_total_time_sec": 1155.6704639540003,
  "p_gb": 0.00606,
  "p_bg": 0.6,
  "good_loss_rate": 0.0,
  "bad_loss_rate": 1.0
}