{
  "state": "bad",
  "episode_index": 927,
  "state_ordinal": 463,
  "start_time_wall": 1756972901.3070507,
  "end_time_wall": 1756972901.366323,
  "wall_time_sec": 0.05927222299942514,
  "steps": 4,
  "packets": 95463,
  "dropped": 95463,
  "running_total_steps": 77850,
  "running_total_packets": 1105497197,
  "running_total_dropped": 10517587,
  "running_total_time_sec": 321.76240941799915,
  "p_gb": 0.00606,
  "p_bg": 0.6,
  "good_loss_rate": 0.0,
  "bad_loss_rate": 1.0
}