{
  "state": "bad",
  "episode_index": 2703,
  "state_ordinal": 1351,
  "start_time_wall": 1756973581.6770244,
  "end_time_wall": 1756973581.6775217,
  "wall_time_sec": 0.0004972719980287366,
  "steps": 1,
  "packets": 6,
  "dropped": 6,
  "running_total_steps": 224608,
  "running_total_packets": 3189221128,
  "running_total_dropped": 33179589,
  "running_total_time_sec": 1002.0736079620001,
  "p_gb": 0.00606,
  "p_bg": 0.6,
  "good_loss_rate": 0.0,
  "bad_loss_rate": 1.0
}