{
  "state": "bad",
  "episode_index": 433,
  "state_ordinal": 216,
  "start_time_wall": 1756972729.166339,
  "end_time_wall": 1756972729.1709332,
  "wall_time_sec": 0.004594394999003271,
  "steps": 2,
  "packets": 12,
  "dropped": 12,
  "running_total_steps": 33019,
  "running_total_packets": 468952207,
  "running_total_dropped": 5247877,
  "running_total_time_sec": 149.56701956100005,
  "p_gb": 0.00606,
  "p_bg": 0.6,
  "good_loss_rate": 0.0,
  "bad_loss_rate": 1.0
}