{
  "state": "bad",
  "episode_index": 2221,
  "state_ordinal": 1110,
  "start_time_wall": 1756973417.8283727,
  "end_time_wall": 1756973417.8365233,
  "wall_time_sec": 0.008150625999405747,
  "steps": 1,
  "packets": 11571,
  "dropped": 11571,
  "running_total_steps": 182681,
  "running_total_packets": 2593857591,
  "running_total_dropped": 27419689,
  "running_total_time_sec": 838.2326096889992,
  "p_gb": 0.00606,
  "p_bg": 0.6,
  "good_loss_rate": 0.0,
  "bad_loss_rate": 1.0
}