{
  "state": "bad",
  "episode_index": 437,
  "state_ordinal": 218,
  "start_time_wall": 1756972729.8173015,
  "end_time_wall": 1756972729.9832,
  "wall_time_sec": 0.16589941500205896,
  "steps": 1,
  "packets": 31819,
  "dropped": 31819,
  "running_total_steps": 33463,
  "running_total_packets": 475235735,
  "running_total_dropped": 5311515,
  "running_total_time_sec": 150.3792871270016,
  "p_gb": 0.00606,
  "p_bg": 0.6,
  "good_loss_rate": 0.0,
  "bad_loss_rate": 1.0
}