{
  "state": "bad",
  "episode_index": 2575,
  "state_ordinal": 1287,
  "start_time_wall": 1756973557.5831742,
  "end_time_wall": 1756973557.7509232,
  "wall_time_sec": 0.16774965999866254,
  "steps": 1,
  "packets": 11571,
  "dropped": 11571,
  "running_total_steps": 213713,
  "running_total_packets": 3034528121,
  "running_total_dropped": 31433719,
  "running_total_time_sec": 978.147010181001,
  "p_gb": 0.00606,
  "p_bg": 0.6,
  "good_loss_rate": 0.0,
  "bad_loss_rate": 1.0
}