{
  "state": "bad",
  "episode_index": 2831,
  "state_ordinal": 1415,
  "start_time_wall": 1756973644.417105,
  "end_time_wall": 1756973644.4835076,
  "wall_time_sec": 0.06640319199868827,
  "steps": 5,
  "packets": 108475,
  "dropped": 108475,
  "running_total_steps": 237608,
  "running_total_packets": 3373875186,
  "running_total_dropped": 34485839,
  "running_total_time_sec": 1064.879594252001,
  "p_gb": 0.00606,
  "p_bg": 0.6,
  "good_loss_rate": 0.0,
  "bad_loss_rate": 1.0
}