{
  "state": "bad",
  "episode_index": 1459,
  "state_ordinal": 729,
  "start_time_wall": 1756973118.646552,
  "end_time_wall": 1756973118.656228,
  "wall_time_sec": 0.009675884000898805,
  "steps": 3,
  "packets": 14465,
  "dropped": 14465,
  "running_total_steps": 119863,
  "running_total_packets": 1701980321,
  "running_total_dropped": 18454403,
  "running_total_time_sec": 539.0523146080013,
  "p_gb": 0.00606,
  "p_bg": 0.6,
  "good_loss_rate": 0.0,
  "bad_loss_rate": 1.0
}