{
  "state": "bad",
  "episode_index": 3585,
  "state_ordinal": 1792,
  "start_time_wall": 1756973938.6517556,
  "end_time_wall": 1756973938.659664,
  "wall_time_sec": 0.007908691997727146,
  "steps": 1,
  "packets": 11571,
  "dropped": 11571,
  "running_total_steps": 296036,
  "running_total_packets": 4203345274,
  "running_total_dropped": 43079683,
  "running_total_time_sec": 1359.0557504499993,
  "p_gb": 0.00606,
  "p_bg": 0.6,
  "good_loss_rate": 0.0,
  "bad_loss_rate": 1.0
}