{
  "state": "bad",
  "episode_index": 875,
  "state_ordinal": 437,
  "start_time_wall": 1756972890.6073823,
  "end_time_wall": 1756972890.793015,
  "wall_time_sec": 0.18563328299933346,
  "steps": 2,
  "packets": 63638,
  "dropped": 63638,
  "running_total_steps": 73159,
  "running_total_packets": 1038793939,
  "running_total_dropped": 10027240,
  "running_total_time_sec": 311.1891019930008,
  "p_gb": 0.00606,
  "p_bg": 0.6,
  "good_loss_rate": 0.0,
  "bad_loss_rate": 1.0
}