{
  "state": "bad",
  "episode_index": 689,
  "state_ordinal": 344,
  "start_time_wall": 1756972816.7473257,
  "end_time_wall": 1756972816.7551713,
  "wall_time_sec": 0.00784583700078656,
  "steps": 1,
  "packets": 11571,
  "dropped": 11571,
  "running_total_steps": 55760,
  "running_total_packets": 791820914,
  "running_total_dropped": 8287016,
  "running_total_time_sec": 237.151257755002,
  "p_gb": 0.00606,
  "p_bg": 0.6,
  "good_loss_rate": 0.0,
  "bad_loss_rate": 1.0
}