{
  "state": "bad",
  "episode_index": 2283,
  "state_ordinal": 1141,
  "start_time_wall": 1756973427.661067,
  "end_time_wall": 1756973427.670194,
  "wall_time_sec": 0.009127370001806412,
  "steps": 3,
  "packets": 13024,
  "dropped": 13024,
  "running_total_steps": 187077,
  "running_total_packets": 2656280697,
  "running_total_dropped": 28180536,
  "running_total_time_sec": 848.0662807260014,
  "p_gb": 0.00606,
  "p_bg": 0.6,
  "good_loss_rate": 0.0,
  "bad_loss_rate": 1.0
}