{
  "state": "bad",
  "episode_index": 3853,
  "state_ordinal": 1926,
  "start_time_wall": 1756974015.9152644,
  "end_time_wall": 1756974016.0720065,
  "wall_time_sec": 0.15674222399684368,
  "steps": 1,
  "packets": 1447,
  "dropped": 1447,
  "running_total_steps": 314292,
  "running_total_packets": 4462567148,
  "running_total_dropped": 46332854,
  "running_total_time_sec": 1436.4680927619993,
  "p_gb": 0.00606,
  "p_bg": 0.6,
  "good_loss_rate": 0.0,
  "bad_loss_rate": 1.0
}