{
  "state": "bad",
  "episode_index": 1463,
  "state_ordinal": 731,
  "start_time_wall": 1756973120.0145361,
  "end_time_wall": 1756973120.1731577,
  "wall_time_sec": 0.15862136100258795,
  "steps": 1,
  "packets": 11571,
  "dropped": 11571,
  "running_total_steps": 120584,
  "running_total_packets": 1712133208,
  "running_total_dropped": 18477545,
  "running_total_time_sec": 540.5692440160019,
  "p_gb": 0.00606,
  "p_bg": 0.6,
  "good_loss_rate": 0.0,
  "bad_loss_rate": 1.0
}