{
  "state": "bad",
  "episode_index": 1687,
  "state_ordinal": 843,
  "start_time_wall": 1756973194.8175495,
  "end_time_wall": 1756973194.8584123,
  "wall_time_sec": 0.04086311500213924,
  "steps": 3,
  "packets": 63644,
  "dropped": 63644,
  "running_total_steps": 138405,
  "running_total_packets": 1965255244,
  "running_total_dropped": 21198397,
  "running_total_time_sec": 615.2544990390015,
  "p_gb": 0.00606,
  "p_bg": 0.6,
  "good_loss_rate": 0.0,
  "bad_loss_rate": 1.0
}