{
  "state": "bad",
  "episode_index": 1141,
  "state_ordinal": 570,
  "start_time_wall": 1756972990.1861532,
  "end_time_wall": 1756972990.3686802,
  "wall_time_sec": 0.18252763600321487,
  "steps": 1,
  "packets": 31819,
  "dropped": 31819,
  "running_total_steps": 94713,
  "running_total_packets": 1344919571,
  "running_total_dropped": 14023817,
  "running_total_time_sec": 410.7647672910025,
  "p_gb": 0.00606,
  "p_bg": 0.6,
  "good_loss_rate": 0.0,
  "bad_loss_rate": 1.0
}