{
  "state": "bad",
  "episode_index": 4233,
  "state_ordinal": 2116,
  "start_time_wall": 1756974178.1327357,
  "end_time_wall": 1756974178.1729116,
  "wall_time_sec": 0.04017608199865208,
  "steps": 2,
  "packets": 63638,
  "dropped": 63638,
  "running_total_steps": 347086,
  "running_total_packets": 4928196790,
  "running_total_dropped": 50579870,
  "running_total_time_sec": 1598.5689983060001,
  "p_gb": 0.00606,
  "p_bg": 0.6,
  "good_loss_rate": 0.0,
  "bad_loss_rate": 1.0
}