{
  "state": "bad",
  "episode_index": 3895,
  "state_ordinal": 1947,
  "start_time_wall": 1756974025.825077,
  "end_time_wall": 1756974026.032287,
  "wall_time_sec": 0.20721030500135385,
  "steps": 2,
  "packets": 43390,
  "dropped": 43390,
  "running_total_steps": 318600,
  "running_total_packets": 4523818594,
  "running_total_dropped": 46918702,
  "running_total_time_sec": 1446.4283737540027,
  "p_gb": 0.00606,
  "p_bg": 0.6,
  "good_loss_rate": 0.0,
  "bad_loss_rate": 1.0
}