{
  "state": "bad",
  "episode_index": 3053,
  "state_ordinal": 1526,
  "start_time_wall": 1756973743.9776952,
  "end_time_wall": 1756973743.978204,
  "wall_time_sec": 0.0005087129975436255,
  "steps": 1,
  "packets": 6,
  "dropped": 6,
  "running_total_steps": 256044,
  "running_total_packets": 3635525719,
  "running_total_dropped": 36901506,
  "running_total_time_sec": 1164.3742902779995,
  "p_gb": 0.00606,
  "p_bg": 0.6,
  "good_loss_rate": 0.0,
  "bad_loss_rate": 1.0
}