{
  "state": "bad",
  "episode_index": 2611,
  "state_ordinal": 1305,
  "start_time_wall": 1756973561.4116254,
  "end_time_wall": 1756973561.4216375,
  "wall_time_sec": 0.010012333001213847,
  "steps": 3,
  "packets": 14465,
  "dropped": 14465,
  "running_total_steps": 215446,
  "running_total_packets": 3059048956,
  "running_total_dropped": 31890792,
  "running_total_time_sec": 981.817724116001,
  "p_gb": 0.00606,
  "p_bg": 0.6,
  "good_loss_rate": 0.0,
  "bad_loss_rate": 1.0
}