{
  "state": "bad",
  "episode_index": 2231,
  "state_ordinal": 1115,
  "start_time_wall": 1756973418.6650589,
  "end_time_wall": 1756973418.7037976,
  "wall_time_sec": 0.038739076000638306,
  "steps": 2,
  "packets": 63638,
  "dropped": 63638,
  "running_total_steps": 183034,
  "running_total_packets": 2598914498,
  "running_total_dropped": 27552767,
  "running_total_time_sec": 839.0998842680019,
  "p_gb": 0.00606,
  "p_bg": 0.6,
  "good_loss_rate": 0.0,
  "bad_loss_rate": 1.0
}