{
  "state": "bad",
  "episode_index": 3255,
  "state_ordinal": 1627,
  "start_time_wall": 1756973811.5825977,
  "end_time_wall": 1756973811.6205413,
  "wall_time_sec": 0.03794394099895726,
  "steps": 2,
  "packets": 63638,
  "dropped": 63638,
  "running_total_steps": 270836,
  "running_total_packets": 3845622026,
  "running_total_dropped": 39087271,
  "running_total_time_sec": 1232.016628063,
  "p_gb": 0.00606,
  "p_bg": 0.6,
  "good_loss_rate": 0.0,
  "bad_loss_rate": 1.0
}