{
  "state": "bad",
  "episode_index": 91,
  "state_ordinal": 45,
  "start_time_wall": 1756972598.8756914,
  "end_time_wall": 1756972598.8838363,
  "wall_time_sec": 0.008144817998982035,
  "steps": 2,
  "packets": 13018,
  "dropped": 13018,
  "running_total_steps": 7130,
  "running_total_packets": 101308970,
  "running_total_dropped": 1123919,
  "running_total_time_sec": 19.27992262100088,
  "p_gb": 0.00606,
  "p_bg": 0.6,
  "good_loss_rate": 0.0,
  "bad_loss_rate": 1.0
}