{
  "state": "bad",
  "episode_index": 2981,
  "state_ordinal": 1490,
  "start_time_wall": 1756973729.7156386,
  "end_time_wall": 1756973729.868302,
  "wall_time_sec": 0.15266346300268197,
  "steps": 2,
  "packets": 2894,
  "dropped": 2894,
  "running_total_steps": 249664,
  "running_total_packets": 3545003178,
  "running_total_dropped": 36110275,
  "running_total_time_sec": 1150.2643883990022,
  "p_gb": 0.00606,
  "p_bg": 0.6,
  "good_loss_rate": 0.0,
  "bad_loss_rate": 1.0
}