{
  "state": "bad",
  "episode_index": 457,
  "state_ordinal": 228,
  "start_time_wall": 1756972733.6454456,
  "end_time_wall": 1756972733.6459577,
  "wall_time_sec": 0.0005119519992149435,
  "steps": 1,
  "packets": 6,
  "dropped": 6,
  "running_total_steps": 35064,
  "running_total_packets": 497977391,
  "running_total_dropped": 5602235,
  "running_total_time_sec": 154.04204402400137,
  "p_gb": 0.00606,
  "p_bg": 0.6,
  "good_loss_rate": 0.0,
  "bad_loss_rate": 1.0
}