{
  "state": "bad",
  "episode_index": 205,
  "state_ordinal": 102,
  "start_time_wall": 1756972615.9003778,
  "end_time_wall": 1756972615.9453568,
  "wall_time_sec": 0.04497904399977415,
  "steps": 4,
  "packets": 76656,
  "dropped": 76656,
  "running_total_steps": 14881,
  "running_total_packets": 211460321,
  "running_total_dropped": 2486492,
  "running_total_time_sec": 36.341443247001735,
  "p_gb": 0.00606,
  "p_bg": 0.6,
  "good_loss_rate": 0.0,
  "bad_loss_rate": 1.0
}