{
  "state": "bad",
  "episode_index": 3987,
  "state_ordinal": 1993,
  "start_time_wall": 1756974095.2664382,
  "end_time_wall": 1756974095.2680337,
  "wall_time_sec": 0.0015961889985192101,
  "steps": 1,
  "packets": 1447,
  "dropped": 1447,
  "running_total_steps": 324864,
  "running_total_packets": 4612731204,
  "running_total_dropped": 47775068,
  "running_total_time_sec": 1515.6641205230007,
  "p_gb": 0.00606,
  "p_bg": 0.6,
  "good_loss_rate": 0.0,
  "bad_loss_rate": 1.0
}