{
  "state": "bad",
  "episode_index": 233,
  "state_ordinal": 116,
  "start_time_wall": 1756972656.9453332,
  "end_time_wall": 1756972656.946725,
  "wall_time_sec": 0.0013917519972892478,
  "steps": 1,
  "packets": 1447,
  "dropped": 1447,
  "running_total_steps": 17040,
  "running_total_packets": 241988420,
  "running_total_dropped": 3004301,
  "running_total_time_sec": 77.3428112549991,
  "p_gb": 0.00606,
  "p_bg": 0.6,
  "good_loss_rate": 0.0,
  "bad_loss_rate": 1.0
}