{
  "state": "bad",
  "episode_index": 1503,
  "state_ordinal": 751,
  "start_time_wall": 1756973128.8968275,
  "end_time_wall": 1756973128.962491,
  "wall_time_sec": 0.06566368600033456,
  "steps": 5,
  "packets": 107034,
  "dropped": 107034,
  "running_total_steps": 124464,
  "running_total_packets": 1767362931,
  "running_total_dropped": 19025771,
  "running_total_time_sec": 549.3585775749998,
  "p_gb": 0.00606,
  "p_bg": 0.6,
  "good_loss_rate": 0.0,
  "bad_loss_rate": 1.0
}