{
  "state": "bad",
  "episode_index": 571,
  "state_ordinal": 285,
  "start_time_wall": 1756972756.7473044,
  "end_time_wall": 1756972756.9748588,
  "wall_time_sec": 0.2275551060010912,
  "steps": 3,
  "packets": 95457,
  "dropped": 95457,
  "running_total_steps": 45278,
  "running_total_packets": 643041132,
  "running_total_dropped": 7034297,
  "running_total_time_sec": 177.37094581700148,
  "p_gb": 0.00606,
  "p_bg": 0.6,
  "good_loss_rate": 0.0,
  "bad_loss_rate": 1.0
}