{
  "state": "bad",
  "episode_index": 2877,
  "state_ordinal": 1438,
  "start_time_wall": 1756973651.494905,
  "end_time_wall": 1756973651.6506717,
  "wall_time_sec": 0.15576707199943485,
  "steps": 1,
  "packets": 6,
  "dropped": 6,
  "running_total_steps": 240768,
  "running_total_packets": 3418628027,
  "running_total_dropped": 35141080,
  "running_total_time_sec": 1072.046758405002,
  "p_gb": 0.00606,
  "p_bg": 0.6,
  "good_loss_rate": 0.0,
  "bad_loss_rate": 1.0
}