{
  "state": "bad",
  "episode_index": 3593,
  "state_ordinal": 1796,
  "start_time_wall": 1756973940.063266,
  "end_time_wall": 1756973940.2261841,
  "wall_time_sec": 0.16291846800231724,
  "steps": 1,
  "packets": 6,
  "dropped": 6,
  "running_total_steps": 296502,
  "running_total_packets": 4210072873,
  "running_total_dropped": 43136104,
  "running_total_time_sec": 1360.6222708250025,
  "p_gb": 0.00606,
  "p_bg": 0.6,
  "good_loss_rate": 0.0,
  "bad_loss_rate": 1.0
}