{
  "state": "bad",
  "episode_index": 2321,
  "state_ordinal": 1160,
  "start_time_wall": 1756973436.6442657,
  "end_time_wall": 1756973436.6449053,
  "wall_time_sec": 0.0006397360011760611,
  "steps": 1,
  "packets": 6,
  "dropped": 6,
  "running_total_steps": 191150,
  "running_total_packets": 2714075055,
  "running_total_dropped": 28623134,
  "running_total_time_sec": 857.0409916730023,
  "p_gb": 0.00606,
  "p_bg": 0.6,
  "good_loss_rate": 0.0,
  "bad_loss_rate": 1.0
}