{
  "state": "bad",
  "episode_index": 2671,
  "state_ordinal": 1335,
  "start_time_wall": 1756973573.9761994,
  "end_time_wall": 1756973574.015972,
  "wall_time_sec": 0.0397732849996828,
  "steps": 2,
  "packets": 63638,
  "dropped": 63638,
  "running_total_steps": 221225,
  "running_total_packets": 3141190547,
  "running_total_dropped": 32807832,
  "running_total_time_sec": 994.4120589720005,
  "p_gb": 0.00606,
  "p_bg": 0.6,
  "good_loss_rate": 0.0,
  "bad_loss_rate": 1.0
}