{
  "state": "bad",
  "episode_index": 349,
  "state_ordinal": 174,
  "start_time_wall": 1756972679.128163,
  "end_time_wall": 1756972679.317037,
  "wall_time_sec": 0.18887462400016375,
  "steps": 2,
  "packets": 63638,
  "dropped": 63638,
  "running_total_steps": 26929,
  "running_total_packets": 382393029,
  "running_total_dropped": 4489858,
  "running_total_time_sec": 99.71312394300185,
  "p_gb": 0.00606,
  "p_bg": 0.6,
  "good_loss_rate": 0.0,
  "bad_loss_rate": 1.0
}