{
  "state": "bad",
  "episode_index": 2211,
  "state_ordinal": 1105,
  "start_time_wall": 1756973416.5872407,
  "end_time_wall": 1756973416.7548022,
  "wall_time_sec": 0.16756152300149552,
  "steps": 1,
  "packets": 6,
  "dropped": 6,
  "running_total_steps": 181986,
  "running_total_packets": 2584069213,
  "running_total_dropped": 27308313,
  "running_total_time_sec": 837.1508885440016,
  "p_gb": 0.00606,
  "p_bg": 0.6,
  "good_loss_rate": 0.0,
  "bad_loss_rate": 1.0
}