{
  "state": "bad",
  "episode_index": 1999,
  "state_ordinal": 999,
  "start_time_wall": 1756973338.432423,
  "end_time_wall": 1756973338.43399,
  "wall_time_sec": 0.0015666310027881991,
  "steps": 1,
  "packets": 1447,
  "dropped": 1447,
  "running_total_steps": 162975,
  "running_total_packets": 2314053667,
  "running_total_dropped": 24873898,
  "running_total_time_sec": 758.830076213002,
  "p_gb": 0.00606,
  "p_bg": 0.6,
  "good_loss_rate": 0.0,
  "bad_loss_rate": 1.0
}