{
  "state": "bad",
  "episode_index": 2655,
  "state_ordinal": 1327,
  "start_time_wall": 1756973571.0733836,
  "end_time_wall": 1756973571.244609,
  "wall_time_sec": 0.1712262239998381,
  "steps": 1,
  "packets": 31819,
  "dropped": 31819,
  "running_total_steps": 219872,
  "running_total_packets": 3121942158,
  "running_total_dropped": 32582187,
  "running_total_time_sec": 991.6406962389992,
  "p_gb": 0.00606,
  "p_bg": 0.6,
  "good_loss_rate": 0.0,
  "bad_loss_rate": 1.0
}