{
  "state": "bad",
  "episode_index": 3143,
  "state_ordinal": 1571,
  "start_time_wall": 1756973793.9981759,
  "end_time_wall": 1756973794.0174446,
  "wall_time_sec": 0.019268959000328323,
  "steps": 1,
  "packets": 31819,
  "dropped": 31819,
  "running_total_steps": 262840,
  "running_total_packets": 3732041052,
  "running_total_dropped": 37921318,
  "running_total_time_sec": 1214.413531090002,
  "p_gb": 0.00606,
  "p_bg": 0.6,
  "good_loss_rate": 0.0,
  "bad_loss_rate": 1.0
}