{
  "state": "bad",
  "episode_index": 3321,
  "state_ordinal": 1660,
  "start_time_wall": 1756973856.5436099,
  "end_time_wall": 1756973856.6897159,
  "wall_time_sec": 0.14610660700054723,
  "steps": 1,
  "packets": 1447,
  "dropped": 1447,
  "running_total_steps": 275428,
  "running_total_packets": 3910790574,
  "running_total_dropped": 39551657,
  "running_total_time_sec": 1277.0858027180002,
  "p_gb": 0.00606,
  "p_bg": 0.6,
  "good_loss_rate": 0.0,
  "bad_loss_rate": 1.0
}