{
  "state": "bad",
  "episode_index": 1285,
  "state_ordinal": 642,
  "start_time_wall": 1756973050.574901,
  "end_time_wall": 1756973050.5762563,
  "wall_time_sec": 0.001355364998744335,
  "steps": 1,
  "packets": 1447,
  "dropped": 1447,
  "running_total_steps": 105217,
  "running_total_packets": 1494008895,
  "running_total_dropped": 15807359,
  "running_total_time_sec": 470.97234276200106,
  "p_gb": 0.00606,
  "p_bg": 0.6,
  "good_loss_rate": 0.0,
  "bad_loss_rate": 1.0
}