{
  "state": "bad",
  "episode_index": 971,
  "state_ordinal": 485,
  "start_time_wall": 1756972958.8154974,
  "end_time_wall": 1756972958.8703368,
  "wall_time_sec": 0.054839526001160266,
  "steps": 4,
  "packets": 95463,
  "dropped": 95463,
  "running_total_steps": 80982,
  "running_total_packets": 1149885517,
  "running_total_dropped": 11227821,
  "running_total_time_sec": 379.26642325300054,
  "p_gb": 0.00606,
  "p_bg": 0.6,
  "good_loss_rate": 0.0,
  "bad_loss_rate": 1.0
}