{
  "state": "bad",
  "episode_index": 2975,
  "state_ordinal": 1487,
  "start_time_wall": 1756973728.153932,
  "end_time_wall": 1756973728.1626503,
  "wall_time_sec": 0.008718403998500435,
  "steps": 2,
  "packets": 13018,
  "dropped": 13018,
  "running_total_steps": 248915,
  "running_total_packets": 3534328111,
  "running_total_dropped": 36094362,
  "running_total_time_sec": 1148.558736769999,
  "p_gb": 0.00606,
  "p_bg": 0.6,
  "good_loss_rate": 0.0,
  "bad_loss_rate": 1.0
}