{
  "state": "bad",
  "episode_index": 2275,
  "state_ordinal": 1137,
  "start_time_wall": 1756973425.8643177,
  "end_time_wall": 1756973425.8722637,
  "wall_time_sec": 0.00794624000263866,
  "steps": 1,
  "packets": 11571,
  "dropped": 11571,
  "running_total_steps": 186092,
  "running_total_packets": 2642267140,
  "running_total_dropped": 28092297,
  "running_total_time_sec": 846.2683501890024,
  "p_gb": 0.00606,
  "p_bg": 0.6,
  "good_loss_rate": 0.0,
  "bad_loss_rate": 1.0
}