{
  "state": "bad",
  "episode_index": 2303,
  "state_ordinal": 1151,
  "start_time_wall": 1756973432.057882,
  "end_time_wall": 1756973432.0653765,
  "wall_time_sec": 0.007494588000554359,
  "steps": 1,
  "packets": 11571,
  "dropped": 11571,
  "running_total_steps": 188894,
  "running_total_packets": 2682086008,
  "running_total_dropped": 28416294,
  "running_total_time_sec": 852.4614629630014,
  "p_gb": 0.00606,
  "p_bg": 0.6,
  "good_loss_rate": 0.0,
  "bad_loss_rate": 1.0
}