{
  "state": "bad",
  "episode_index": 71,
  "state_ordinal": 35,
  "start_time_wall": 1756972595.174443,
  "end_time_wall": 1756972595.3348327,
  "wall_time_sec": 0.1603897999993933,
  "steps": 2,
  "packets": 13018,
  "dropped": 13018,
  "running_total_steps": 5565,
  "running_total_packets": 79072141,
  "running_total_dropped": 866467,
  "running_total_time_sec": 15.730919057001302,
  "p_gb": 0.00606,
  "p_bg": 0.6,
  "good_loss_rate": 0.0,
  "bad_loss_rate": 1.0
}