{
  "state": "bad",
  "episode_index": 3217,
  "state_ordinal": 1608,
  "start_time_wall": 1756973804.5009375,
  "end_time_wall": 1756973804.5014231,
  "wall_time_sec": 0.000485582000692375,
  "steps": 1,
  "packets": 6,
  "dropped": 6,
  "running_total_steps": 267685,
  "running_total_packets": 3800809901,
  "running_total_dropped": 38447924,
  "running_total_time_sec": 1224.897509407001,
  "p_gb": 0.00606,
  "p_bg": 0.6,
  "good_loss_rate": 0.0,
  "bad_loss_rate": 1.0
}