{
  "state": "bad",
  "episode_index": 817,
  "state_ordinal": 408,
  "start_time_wall": 1756972879.8452942,
  "end_time_wall": 1756972880.0002234,
  "wall_time_sec": 0.15492919200187316,
  "steps": 1,
  "packets": 1447,
  "dropped": 1447,
  "running_total_steps": 68295,
  "running_total_packets": 969737255,
  "running_total_dropped": 9234560,
  "running_total_time_sec": 300.3963099370012,
  "p_gb": 0.00606,
  "p_bg": 0.6,
  "good_loss_rate": 0.0,
  "bad_loss_rate": 1.0
}