{
  "state": "bad",
  "episode_index": 2699,
  "state_ordinal": 1349,
  "start_time_wall": 1756973580.5858436,
  "end_time_wall": 1756973580.7581105,
  "wall_time_sec": 0.1722670669987565,
  "steps": 1,
  "packets": 31819,
  "dropped": 31819,
  "running_total_steps": 224247,
  "running_total_packets": 3184057169,
  "running_total_dropped": 33179577,
  "running_total_time_sec": 1001.1541969200007,
  "p_gb": 0.00606,
  "p_bg": 0.6,
  "good_loss_rate": 0.0,
  "bad_loss_rate": 1.0
}