{
  "state": "bad",
  "episode_index": 3293,
  "state_ordinal": 1646,
  "start_time_wall": 1756973853.161563,
  "end_time_wall": 1756973853.1700785,
  "wall_time_sec": 0.008515795998391695,
  "steps": 2,
  "packets": 13018,
  "dropped": 13018,
  "running_total_steps": 273884,
  "running_total_packets": 3888821344,
  "running_total_dropped": 39330328,
  "running_total_time_sec": 1273.566164961001,
  "p_gb": 0.00606,
  "p_bg": 0.6,
  "good_loss_rate": 0.0,
  "bad_loss_rate": 1.0
}