{
  "state": "bad",
  "episode_index": 3761,
  "state_ordinal": 1880,
  "start_time_wall": 1756974002.3243766,
  "end_time_wall": 1756974002.4929228,
  "wall_time_sec": 0.16854640700330492,
  "steps": 2,
  "packets": 2894,
  "dropped": 2894,
  "running_total_steps": 308245,
  "running_total_packets": 4376708075,
  "running_total_dropped": 45363720,
  "running_total_time_sec": 1422.8890092380025,
  "p_gb": 0.00606,
  "p_bg": 0.6,
  "good_loss_rate": 0.0,
  "bad_loss_rate": 1.0
}