{
  "state": "bad",
  "episode_index": 981,
  "state_ordinal": 490,
  "start_time_wall": 1756972961.5735717,
  "end_time_wall": 1756972961.5813692,
  "wall_time_sec": 0.007797616999596357,
  "steps": 1,
  "packets": 11571,
  "dropped": 11571,
  "running_total_steps": 82136,
  "running_total_packets": 1166291566,
  "running_total_dropped": 11337745,
  "running_total_time_sec": 381.9774555340009,
  "p_gb": 0.00606,
  "p_bg": 0.6,
  "good_loss_rate": 0.0,
  "bad_loss_rate": 1.0
}