{
  "state": "bad",
  "episode_index": 613,
  "state_ordinal": 306,
  "start_time_wall": 1756972800.5836046,
  "end_time_wall": 1756972800.59141,
  "wall_time_sec": 0.007805695997376461,
  "steps": 1,
  "packets": 11571,
  "dropped": 11571,
  "running_total_steps": 48728,
  "running_total_packets": 691948284,
  "running_total_dropped": 7489983,
  "running_total_time_sec": 220.98749637999936,
  "p_gb": 0.00606,
  "p_bg": 0.6,
  "good_loss_rate": 0.0,
  "bad_loss_rate": 1.0
}