{
  "state": "bad",
  "episode_index": 2277,
  "state_ordinal": 1138,
  "start_time_wall": 1756973425.8829916,
  "end_time_wall": 1756973425.9028733,
  "wall_time_sec": 0.01988224099841318,
  "steps": 1,
  "packets": 31819,
  "dropped": 31819,
  "running_total_steps": 186177,
  "running_total_packets": 2643573311,
  "running_total_dropped": 28124116,
  "running_total_time_sec": 846.2989600910005,
  "p_gb": 0.00606,
  "p_bg": 0.6,
  "good_loss_rate": 0.0,
  "bad_loss_rate": 1.0
}