{
  "state": "bad",
  "episode_index": 1565,
  "state_ordinal": 782,
  "start_time_wall": 1756973135.9317083,
  "end_time_wall": 1756973136.0837595,
  "wall_time_sec": 0.1520513249997748,
  "steps": 1,
  "packets": 1447,
  "dropped": 1447,
  "running_total_steps": 127800,
  "running_total_packets": 1814618192,
  "running_total_dropped": 19591378,
  "running_total_time_sec": 556.4798460070015,
  "p_gb": 0.00606,
  "p_bg": 0.6,
  "good_loss_rate": 0.0,
  "bad_loss_rate": 1.0
}