{
  "state": "bad",
  "episode_index": 1189,
  "state_ordinal": 594,
  "start_time_wall": 1756973034.9925258,
  "end_time_wall": 1756973035.1520212,
  "wall_time_sec": 0.1594961869996041,
  "steps": 1,
  "packets": 11571,
  "dropped": 11571,
  "running_total_steps": 98510,
  "running_total_packets": 1398854700,
  "running_total_dropped": 14739798,
  "running_total_time_sec": 455.54810836199977,
  "p_gb": 0.00606,
  "p_bg": 0.6,
  "good_loss_rate": 0.0,
  "bad_loss_rate": 1.0
}