{
  "state": "bad",
  "episode_index": 3709,
  "state_ordinal": 1854,
  "start_time_wall": 1756973957.5469973,
  "end_time_wall": 1756973957.5850816,
  "wall_time_sec": 0.03808457499690121,
  "steps": 2,
  "packets": 63638,
  "dropped": 63638,
  "running_total_steps": 304283,
  "running_total_packets": 4320465793,
  "running_total_dropped": 44743149,
  "running_total_time_sec": 1377.9811681819992,
  "p_gb": 0.00606,
  "p_bg": 0.6,
  "good_loss_rate": 0.0,
  "bad_loss_rate": 1.0
}