{
  "state": "bad",
  "episode_index": 1761,
  "state_ordinal": 880,
  "start_time_wall": 1756973207.671545,
  "end_time_wall": 1756973207.6720243,
  "wall_time_sec": 0.00047939100113580935,
  "steps": 1,
  "packets": 6,
  "dropped": 6,
  "running_total_steps": 143980,
  "running_total_packets": 2044435896,
  "running_total_dropped": 22228285,
  "running_total_time_sec": 628.0681108070021,
  "p_gb": 0.00606,
  "p_bg": 0.6,
  "good_loss_rate": 0.0,
  "bad_loss_rate": 1.0
}