{
  "state": "bad",
  "episode_index": 3381,
  "state_ordinal": 1690,
  "start_time_wall": 1756973868.8880527,
  "end_time_wall": 1756973868.8894002,
  "wall_time_sec": 0.0013477220018103253,
  "steps": 1,
  "packets": 1447,
  "dropped": 1447,
  "running_total_steps": 281092,
  "running_total_packets": 3991186270,
  "running_total_dropped": 40253234,
  "running_total_time_sec": 1289.2854867230017,
  "p_gb": 0.00606,
  "p_bg": 0.6,
  "good_loss_rate": 0.0,
  "bad_loss_rate": 1.0
}