{
  "state": "bad",
  "episode_index": 2717,
  "state_ordinal": 1358,
  "start_time_wall": 1756973618.4580605,
  "end_time_wall": 1756973618.4587328,
  "wall_time_sec": 0.0006723949991283007,
  "steps": 1,
  "packets": 6,
  "dropped": 6,
  "running_total_steps": 225502,
  "running_total_packets": 3201851846,
  "running_total_dropped": 33428382,
  "running_total_time_sec": 1038.8548191650007,
  "p_gb": 0.00606,
  "p_bg": 0.6,
  "good_loss_rate": 0.0,
  "bad_loss_rate": 1.0
}