{
  "state": "bad",
  "episode_index": 2667,
  "state_ordinal": 1333,
  "start_time_wall": 1756973573.5618422,
  "end_time_wall": 1756973573.7616274,
  "wall_time_sec": 0.1997851999985869,
  "steps": 4,
  "packets": 63650,
  "dropped": 63650,
  "running_total_steps": 220909,
  "running_total_packets": 3136757077,
  "running_total_dropped": 32732623,
  "running_total_time_sec": 994.1577137929999,
  "p_gb": 0.00606,
  "p_bg": 0.6,
  "good_loss_rate": 0.0,
  "bad_loss_rate": 1.0
}