{
  "state": "bad",
  "episode_index": 2647,
  "state_ordinal": 1323,
  "start_time_wall": 1756973567.828666,
  "end_time_wall": 1756973567.8560905,
  "wall_time_sec": 0.027424918000178877,
  "steps": 4,
  "packets": 43402,
  "dropped": 43402,
  "running_total_steps": 218459,
  "running_total_packets": 3101854817,
  "running_total_dropped": 32482382,
  "running_total_time_sec": 988.2521770240019,
  "p_gb": 0.00606,
  "p_bg": 0.6,
  "good_loss_rate": 0.0,
  "bad_loss_rate": 1.0
}