{
  "state": "bad",
  "episode_index": 3323,
  "state_ordinal": 1661,
  "start_time_wall": 1756973857.3072731,
  "end_time_wall": 1756973857.5112975,
  "wall_time_sec": 0.20402429599926108,
  "steps": 5,
  "packets": 95469,
  "dropped": 95469,
  "running_total_steps": 275770,
  "running_total_packets": 3915574106,
  "running_total_dropped": 39647126,
  "running_total_time_sec": 1277.9073839480006,
  "p_gb": 0.00606,
  "p_bg": 0.6,
  "good_loss_rate": 0.0,
  "bad_loss_rate": 1.0
}