{
  "state": "bad",
  "episode_index": 2917,
  "state_ordinal": 1458,
  "start_time_wall": 1756973718.2696524,
  "end_time_wall": 1756973718.286436,
  "wall_time_sec": 0.016783776998636313,
  "steps": 4,
  "packets": 26036,
  "dropped": 26036,
  "running_total_steps": 244337,
  "running_total_packets": 3469295545,
  "running_total_dropped": 35515733,
  "running_total_time_sec": 1138.6825224589993,
  "p_gb": 0.00606,
  "p_bg": 0.6,
  "good_loss_rate": 0.0,
  "bad_loss_rate": 1.0
}