{
  "state": "bad",
  "episode_index": 1323,
  "state_ordinal": 661,
  "start_time_wall": 1756973055.2472994,
  "end_time_wall": 1756973055.305558,
  "wall_time_sec": 0.058258688000933034,
  "steps": 3,
  "packets": 95457,
  "dropped": 95457,
  "running_total_steps": 107276,
  "running_total_packets": 1523262618,
  "running_total_dropped": 16247102,
  "running_total_time_sec": 475.7016444410001,
  "p_gb": 0.00606,
  "p_bg": 0.6,
  "good_loss_rate": 0.0,
  "bad_loss_rate": 1.0
}