{
  "state": "bad",
  "episode_index": 1339,
  "state_ordinal": 669,
  "start_time_wall": 1756973058.9333618,
  "end_time_wall": 1756973058.9620795,
  "wall_time_sec": 0.02871803499874659,
  "steps": 4,
  "packets": 46284,
  "dropped": 46284,
  "running_total_steps": 109101,
  "running_total_packets": 1549127243,
  "running_total_dropped": 16523354,
  "running_total_time_sec": 479.3581659779993,
  "p_gb": 0.00606,
  "p_bg": 0.6,
  "good_loss_rate": 0.0,
  "bad_loss_rate": 1.0
}