{
  "state": "bad",
  "episode_index": 3957,
  "state_ordinal": 1978,
  "start_time_wall": 1756974090.85248,
  "end_time_wall": 1756974090.8720434,
  "wall_time_sec": 0.01956327500010957,
  "steps": 1,
  "packets": 31819,
  "dropped": 31819,
  "running_total_steps": 322683,
  "running_total_packets": 4581747469,
  "running_total_dropped": 47581201,
  "running_total_time_sec": 1511.2681297750023,
  "p_gb": 0.00606,
  "p_bg": 0.6,
  "good_loss_rate": 0.0,
  "bad_loss_rate": 1.0
}