{
  "state": "bad",
  "episode_index": 2987,
  "state_ordinal": 1493,
  "start_time_wall": 1756973730.6934028,
  "end_time_wall": 1756973730.6959882,
  "wall_time_sec": 0.002585244001238607,
  "steps": 2,
  "packets": 2894,
  "dropped": 2894,
  "running_total_steps": 250027,
  "running_total_packets": 3550044185,
  "running_total_dropped": 36210073,
  "running_total_time_sec": 1151.0920745660005,
  "p_gb": 0.00606,
  "p_bg": 0.6,
  "good_loss_rate": 0.0,
  "bad_loss_rate": 1.0
}