{
  "state": "bad",
  "episode_index": 2281,
  "state_ordinal": 1140,
  "start_time_wall": 1756973427.6057186,
  "end_time_wall": 1756973427.625953,
  "wall_time_sec": 0.02023492999796872,
  "steps": 2,
  "packets": 31825,
  "dropped": 31825,
  "running_total_steps": 186783,
  "running_total_packets": 2652198706,
  "running_total_dropped": 28167512,
  "running_total_time_sec": 848.0220398109996,
  "p_gb": 0.00606,
  "p_bg": 0.6,
  "good_loss_rate": 0.0,
  "bad_loss_rate": 1.0
}