{
  "state": "bad",
  "episode_index": 3405,
  "state_ordinal": 1702,
  "start_time_wall": 1756973871.6755168,
  "end_time_wall": 1756973871.7198405,
  "wall_time_sec": 0.044324162998236716,
  "steps": 3,
  "packets": 75209,
  "dropped": 75209,
  "running_total_steps": 282346,
  "running_total_packets": 4008992506,
  "running_total_dropped": 40684263,
  "running_total_time_sec": 1292.115927412,
  "p_gb": 0.00606,
  "p_bg": 0.6,
  "good_loss_rate": 0.0,
  "bad_loss_rate": 1.0
}