{
  "state": "bad",
  "episode_index": 1833,
  "state_ordinal": 916,
  "start_time_wall": 1756973257.9157586,
  "end_time_wall": 1756973257.9249716,
  "wall_time_sec": 0.009213106000970583,
  "steps": 3,
  "packets": 13024,
  "dropped": 13024,
  "running_total_steps": 150021,
  "running_total_packets": 2130187929,
  "running_total_dropped": 23148224,
  "running_total_time_sec": 678.3210580230007,
  "p_gb": 0.00606,
  "p_bg": 0.6,
  "good_loss_rate": 0.0,
  "bad_loss_rate": 1.0
}