{
  "state": "bad",
  "episode_index": 2679,
  "state_ordinal": 1339,
  "start_time_wall": 1756973576.2962139,
  "end_time_wall": 1756973576.4777677,
  "wall_time_sec": 0.1815540889983822,
  "steps": 1,
  "packets": 31819,
  "dropped": 31819,
  "running_total_steps": 222175,
  "running_total_packets": 3154699283,
  "running_total_dropped": 32935120,
  "running_total_time_sec": 996.8738542600004,
  "p_gb": 0.00606,
  "p_bg": 0.6,
  "good_loss_rate": 0.0,
  "bad_loss_rate": 1.0
}