{
  "state": "bad",
  "episode_index": 3367,
  "state_ordinal": 1683,
  "start_time_wall": 1756973867.8611646,
  "end_time_wall": 1756973867.869022,
  "wall_time_sec": 0.007857338001485914,
  "steps": 1,
  "packets": 11571,
  "dropped": 11571,
  "running_total_steps": 280532,
  "running_total_packets": 3983229150,
  "running_total_dropped": 40141841,
  "running_total_time_sec": 1288.265108265001,
  "p_gb": 0.00606,
  "p_bg": 0.6,
  "good_loss_rate": 0.0,
  "bad_loss_rate": 1.0
}