{
  "state": "bad",
  "episode_index": 1273,
  "state_ordinal": 636,
  "start_time_wall": 1756973049.6760285,
  "end_time_wall": 1756973049.684387,
  "wall_time_sec": 0.008358950002730126,
  "steps": 1,
  "packets": 11571,
  "dropped": 11571,
  "running_total_steps": 104771,
  "running_total_packets": 1487705107,
  "running_total_dropped": 15667047,
  "running_total_time_sec": 470.08047364900267,
  "p_gb": 0.00606,
  "p_bg": 0.6,
  "good_loss_rate": 0.0,
  "bad_loss_rate": 1.0
}