{
  "state": "bad",
  "episode_index": 3891,
  "state_ordinal": 1945,
  "start_time_wall": 1756974024.893247,
  "end_time_wall": 1756974025.0613935,
  "wall_time_sec": 0.16814748199976748,
  "steps": 1,
  "packets": 31819,
  "dropped": 31819,
  "running_total_steps": 318379,
  "running_total_packets": 4520572679,
  "running_total_dropped": 46875306,
  "running_total_time_sec": 1445.4574806980017,
  "p_gb": 0.00606,
  "p_bg": 0.6,
  "good_loss_rate": 0.0,
  "bad_loss_rate": 1.0
}