{
  "state": "bad",
  "episode_index": 2129,
  "state_ordinal": 1064,
  "start_time_wall": 1756973363.9014256,
  "end_time_wall": 1756973363.9204578,
  "wall_time_sec": 0.01903265899818507,
  "steps": 1,
  "packets": 31819,
  "dropped": 31819,
  "running_total_steps": 174347,
  "running_total_packets": 2475620361,
  "running_total_dropped": 26379671,
  "running_total_time_sec": 784.3165445539998,
  "p_gb": 0.00606,
  "p_bg": 0.6,
  "good_loss_rate": 0.0,
  "bad_loss_rate": 1.0
}