{
  "state": "bad",
  "episode_index": 2047,
  "state_ordinal": 1023,
  "start_time_wall": 1756973348.2651155,
  "end_time_wall": 1756973348.265607,
  "wall_time_sec": 0.0004919929997413419,
  "steps": 1,
  "packets": 6,
  "dropped": 6,
  "running_total_steps": 167432,
  "running_total_packets": 2377312849,
  "running_total_dropped": 25469834,
  "running_total_time_sec": 768.6616936050013,
  "p_gb": 0.00606,
  "p_bg": 0.6,
  "good_loss_rate": 0.0,
  "bad_loss_rate": 1.0
}