{
  "state": "bad",
  "episode_index": 1127,
  "state_ordinal": 563,
  "start_time_wall": 1756972988.444919,
  "end_time_wall": 1756972988.5032291,
  "wall_time_sec": 0.05831050600318122,
  "steps": 3,
  "packets": 95457,
  "dropped": 95457,
  "running_total_steps": 94028,
  "running_total_packets": 1335147106,
  "running_total_dropped": 13776489,
  "running_total_time_sec": 408.8993159260026,
  "p_gb": 0.00606,
  "p_bg": 0.6,
  "good_loss_rate": 0.0,
  "bad_loss_rate": 1.0
}