{
  "state": "bad",
  "episode_index": 3179,
  "state_ordinal": 1589,
  "start_time_wall": 1756973799.2472336,
  "end_time_wall": 1756973799.2477665,
  "wall_time_sec": 0.0005332949986041058,
  "steps": 1,
  "packets": 6,
  "dropped": 6,
  "running_total_steps": 265300,
  "running_total_packets": 3766927412,
  "running_total_dropped": 38171606,
  "running_total_time_sec": 1219.6438530369996,
  "p_gb": 0.00606,
  "p_bg": 0.6,
  "good_loss_rate": 0.0,
  "bad_loss_rate": 1.0
}