{
  "state": "bad",
  "episode_index": 2903,
  "state_ordinal": 1451,
  "start_time_wall": 1756973714.9689472,
  "end_time_wall": 1756973714.9694178,
  "wall_time_sec": 0.00047059200005605817,
  "steps": 1,
  "packets": 6,
  "dropped": 6,
  "running_total_steps": 242953,
  "running_total_packets": 3449656605,
  "running_total_dropped": 35334930,
  "running_total_time_sec": 1135.365504092002,
  "p_gb": 0.00606,
  "p_bg": 0.6,
  "good_loss_rate": 0.0,
  "bad_loss_rate": 1.0
}