{
  "state": "bad",
  "episode_index": 3319,
  "state_ordinal": 1659,
  "start_time_wall": 1756973855.9497344,
  "end_time_wall": 1756973855.9512322,
  "wall_time_sec": 0.0014979269981267862,
  "steps": 1,
  "packets": 1447,
  "dropped": 1447,
  "running_total_steps": 275026,
  "running_total_packets": 3905082740,
  "running_total_dropped": 39550210,
  "running_total_time_sec": 1276.3473187279997,
  "p_gb": 0.00606,
  "p_bg": 0.6,
  "good_loss_rate": 0.0,
  "bad_loss_rate": 1.0
}