{
  "state": "bad",
  "episode_index": 1057,
  "state_ordinal": 528,
  "start_time_wall": 1756972975.9357998,
  "end_time_wall": 1756972975.9729865,
  "wall_time_sec": 0.037186630001087906,
  "steps": 2,
  "packets": 63638,
  "dropped": 63638,
  "running_total_steps": 88466,
  "running_total_packets": 1256268772,
  "running_total_dropped": 12528192,
  "running_total_time_sec": 396.36907275400154,
  "p_gb": 0.00606,
  "p_bg": 0.6,
  "good_loss_rate": 0.0,
  "bad_loss_rate": 1.0
}