{
  "state": "bad",
  "episode_index": 1515,
  "state_ordinal": 757,
  "start_time_wall": 1756973130.0789192,
  "end_time_wall": 1756973130.079711,
  "wall_time_sec": 0.0007916200011095498,
  "steps": 2,
  "packets": 12,
  "dropped": 12,
  "running_total_steps": 124975,
  "running_total_packets": 1774528831,
  "running_total_dropped": 19316514,
  "running_total_time_sec": 550.4757972680018,
  "p_gb": 0.00606,
  "p_bg": 0.6,
  "good_loss_rate": 0.0,
  "bad_loss_rate": 1.0
}