{
  "state": "bad",
  "episode_index": 1851,
  "state_ordinal": 925,
  "start_time_wall": 1756973259.7567196,
  "end_time_wall": 1756973259.7950363,
  "wall_time_sec": 0.0383172369984095,
  "steps": 2,
  "packets": 63638,
  "dropped": 63638,
  "running_total_steps": 150745,
  "running_total_packets": 2140405901,
  "running_total_dropped": 23369528,
  "running_total_time_sec": 680.19112322,
  "p_gb": 0.00606,
  "p_bg": 0.6,
  "good_loss_rate": 0.0,
  "bad_loss_rate": 1.0
}