{
  "state": "bad",
  "episode_index": 4019,
  "state_ordinal": 2009,
  "start_time_wall": 1756974101.2638476,
  "end_time_wall": 1756974101.2836711,
  "wall_time_sec": 0.01982417899853317,
  "steps": 1,
  "packets": 31819,
  "dropped": 31819,
  "running_total_steps": 327726,
  "running_total_packets": 4653338404,
  "running_total_dropped": 48172840,
  "running_total_time_sec": 1521.6797581669998,
  "p_gb": 0.00606,
  "p_bg": 0.6,
  "good_loss_rate": 0.0,
  "bad_loss_rate": 1.0
}