{
  "state": "bad",
  "episode_index": 1847,
  "state_ordinal": 923,
  "start_time_wall": 1756973259.0017555,
  "end_time_wall": 1756973259.003149,
  "wall_time_sec": 0.0013938039992353879,
  "steps": 1,
  "packets": 1447,
  "dropped": 1447,
  "running_total_steps": 150505,
  "running_total_packets": 2136990755,
  "running_total_dropped": 23305884,
  "running_total_time_sec": 679.3992354740003,
  "p_gb": 0.00606,
  "p_bg": 0.6,
  "good_loss_rate": 0.0,
  "bad_loss_rate": 1.0
}