{
  "state": "bad",
  "episode_index": 2861,
  "state_ordinal": 1430,
  "start_time_wall": 1756973649.0049672,
  "end_time_wall": 1756973649.0244977,
  "wall_time_sec": 0.019530783996742684,
  "steps": 1,
  "packets": 31819,
  "dropped": 31819,
  "running_total_steps": 239770,
  "running_total_packets": 3404448122,
  "running_total_dropped": 34806959,
  "running_total_time_sec": 1069.4205841389994,
  "p_gb": 0.00606,
  "p_bg": 0.6,
  "good_loss_rate": 0.0,
  "bad_loss_rate": 1.0
}