{
  "state": "bad",
  "episode_index": 683,
  "state_ordinal": 341,
  "start_time_wall": 1756972814.9796467,
  "end_time_wall": 1756972814.981111,
  "wall_time_sec": 0.0014645769988419488,
  "steps": 1,
  "packets": 1447,
  "dropped": 1447,
  "running_total_steps": 55230,
  "running_total_packets": 784232650,
  "running_total_dropped": 8198788,
  "running_total_time_sec": 235.37719749100143,
  "p_gb": 0.00606,
  "p_bg": 0.6,
  "good_loss_rate": 0.0,
  "bad_loss_rate": 1.0
}