{
  "state": "bad",
  "episode_index": 865,
  "state_ordinal": 432,
  "start_time_wall": 1756972888.0238814,
  "end_time_wall": 1756972888.193901,
  "wall_time_sec": 0.17001965200324776,
  "steps": 1,
  "packets": 11571,
  "dropped": 11571,
  "running_total_steps": 71894,
  "running_total_packets": 1020863304,
  "running_total_dropped": 9856550,
  "running_total_time_sec": 308.5899875310024,
  "p_gb": 0.00606,
  "p_bg": 0.6,
  "good_loss_rate": 0.0,
  "bad_loss_rate": 1.0
}