{
  "state": "bad",
  "episode_index": 2985,
  "state_ordinal": 1492,
  "start_time_wall": 1756973730.4827352,
  "end_time_wall": 1756973730.6926816,
  "wall_time_sec": 0.20994674100074917,
  "steps": 3,
  "packets": 95457,
  "dropped": 95457,
  "running_total_steps": 250022,
  "running_total_packets": 3550029708,
  "running_total_dropped": 36207179,
  "running_total_time_sec": 1151.0887682350003,
  "p_gb": 0.00606,
  "p_bg": 0.6,
  "good_loss_rate": 0.0,
  "bad_loss_rate": 1.0
}