{
  "state": "bad",
  "episode_index": 2079,
  "state_ordinal": 1039,
  "start_time_wall": 1756973354.2580287,
  "end_time_wall": 1756973354.2763922,
  "wall_time_sec": 0.018363973002124112,
  "steps": 1,
  "packets": 31819,
  "dropped": 31819,
  "running_total_steps": 170160,
  "running_total_packets": 2416110486,
  "running_total_dropped": 25754795,
  "running_total_time_sec": 774.6724791660017,
  "p_gb": 0.00606,
  "p_bg": 0.6,
  "good_loss_rate": 0.0,
  "bad_loss_rate": 1.0
}