{
  "state": "good",
  "episode_index": 1744,
  "state_ordinal": 872,
  "start_time_wall": 1756973204.7514293,
  "end_time_wall": 1756973204.7628229,
  "wall_time_sec": 0.011392978998628678,
  "steps": 85,
  "packets": 1274358,
  "dropped": 0,
  "running_total_steps": 142773,
  "running_total_packets": 2027312388,
  "running_total_dropped": 21925983,
  "running_total_time_sec": 625.1589092040012,
  "p_gb": 0.00606,
  "p_bg": 0.6,
  "good_loss_rate": 0.0,
  "bad_loss_rate": 1.0
}