{
  "state": "good",
  "episode_index": 4100,
  "state_ordinal": 2050,
  "start_time_wall": 1756974119.473999,
  "end_time_wall": 1756974120.7603507,
  "wall_time_sec": 1.2863514919990848,
  "steps": 440,
  "packets": 6363090,
  "dropped": 0,
  "running_total_steps": 336688,
  "running_total_packets": 4780627734,
  "running_total_dropped": 48899022,
  "running_total_time_sec": 1541.1564371780005,
  "p_gb": 0.00606,
  "p_bg": 0.6,
  "good_loss_rate": 0.0,
  "bad_loss_rate": 1.0
}