{
  "state": "good",
  "episode_index": 2492,
  "state_ordinal": 1246,
  "start_time_wall": 1756973510.911525,
  "end_time_wall": 1756973511.464695,
  "wall_time_sec": 0.5531694789970061,
  "steps": 187,
  "packets": 2623937,
  "dropped": 0,
  "running_total_steps": 208440,
  "running_total_packets": 2959705736,
  "running_total_dropped": 30374879,
  "running_total_time_sec": 931.8607815079995,
  "p_gb": 0.00606,
  "p_bg": 0.6,
  "good_loss_rate": 0.0,
  "bad_loss_rate": 1.0
}