{
  "state": "good",
  "episode_index": 1544,
  "state_ordinal": 772,
  "start_time_wall": 1756973132.8669462,
  "end_time_wall": 1756973132.8728952,
  "wall_time_sec": 0.0059486900026968215,
  "steps": 54,
  "packets": 729030,
  "dropped": 0,
  "running_total_steps": 126311,
  "running_total_packets": 1793545781,
  "running_total_dropped": 19546505,
  "running_total_time_sec": 553.2689816160018,
  "p_gb": 0.00606,
  "p_bg": 0.6,
  "good_loss_rate": 0.0,
  "bad_loss_rate": 1.0
}