{
  "state": "good",
  "episode_index": 306,
  "state_ordinal": 153,
  "start_time_wall": 1756972672.1882663,
  "end_time_wall": 1756972672.7875552,
  "wall_time_sec": 0.5992887489992427,
  "steps": 156,
  "packets": 2246392,
  "dropped": 0,
  "running_total_steps": 23976,
  "running_total_packets": 340538960,
  "running_total_dropped": 4038532,
  "running_total_time_sec": 93.18364163200022,
  "p_gb": 0.00606,
  "p_bg": 0.6,
  "good_loss_rate": 0.0,
  "bad_loss_rate": 1.0
}