{
  "state": "good",
  "episode_index": 1390,
  "state_ordinal": 695,
  "start_time_wall": 1756973103.5161555,
  "end_time_wall": 1756973103.5195384,
  "wall_time_sec": 0.0033828650011855643,
  "steps": 23,
  "packets": 287859,
  "dropped": 0,
  "running_total_steps": 112818,
  "running_total_packets": 1601970274,
  "running_total_dropped": 17411461,
  "running_total_time_sec": 523.9156248470026,
  "p_gb": 0.00606,
  "p_bg": 0.6,
  "good_loss_rate": 0.0,
  "bad_loss_rate": 1.0
}