{
  "state": "good",
  "episode_index": 3906,
  "state_ordinal": 1953,
  "start_time_wall": 1756974028.8321667,
  "end_time_wall": 1756974028.8399282,
  "wall_time_sec": 0.007761050001136027,
  "steps": 70,
  "packets": 959022,
  "dropped": 0,
  "running_total_steps": 320112,
  "running_total_packets": 4545209236,
  "running_total_dropped": 47018500,
  "running_total_time_sec": 1449.236014260001,
  "p_gb": 0.00606,
  "p_bg": 0.6,
  "good_loss_rate": 0.0,
  "bad_loss_rate": 1.0
}