{
  "state": "good",
  "episode_index": 2108,
  "state_ordinal": 1054,
  "start_time_wall": 1756973360.5379932,
  "end_time_wall": 1756973360.5402863,
  "wall_time_sec": 0.0022929879996809177,
  "steps": 21,
  "packets": 257475,
  "dropped": 0,
  "running_total_steps": 172954,
  "running_total_packets": 2455778924,
  "running_total_dropped": 26101952,
  "running_total_time_sec": 780.9363724819996,
  "p_gb": 0.00606,
  "p_bg": 0.6,
  "good_loss_rate": 0.0,
  "bad_loss_rate": 1.0
}