{
  "state": "good",
  "episode_index": 1432,
  "state_ordinal": 716,
  "start_time_wall": 1756973112.345902,
  "end_time_wall": 1756973112.346404,
  "wall_time_sec": 0.0005017519979446661,
  "steps": 4,
  "packets": 14471,
  "dropped": 0,
  "running_total_steps": 117094,
  "running_total_packets": 1662633008,
  "running_total_dropped": 17985734,
  "running_total_time_sec": 532.7424903909996,
  "p_gb": 0.00606,
  "p_bg": 0.6,
  "good_loss_rate": 0.0,
  "bad_loss_rate": 1.0
}