{
  "state": "good",
  "episode_index": 858,
  "state_ordinal": 429,
  "start_time_wall": 1756972886.4662464,
  "end_time_wall": 1756972887.037312,
  "wall_time_sec": 0.5710653449968959,
  "steps": 39,
  "packets": 666827,
  "dropped": 0,
  "running_total_steps": 71363,
  "running_total_packets": 1013442817,
  "running_total_dropped": 9781323,
  "running_total_time_sec": 307.43339839799955,
  "p_gb": 0.00606,
  "p_bg": 0.6,
  "good_loss_rate": 0.0,
  "bad_loss_rate": 1.0
}