{
  "state": "good",
  "episode_index": 408,
  "state_ordinal": 204,
  "start_time_wall": 1756972688.9318926,
  "end_time_wall": 1756972688.9399757,
  "wall_time_sec": 0.008082911001110915,
  "steps": 62,
  "packets": 849088,
  "dropped": 0,
  "running_total_steps": 31256,
  "running_total_packets": 443886050,
  "running_total_dropped": 4986052,
  "running_total_time_sec": 109.33606199600035,
  "p_gb": 0.00606,
  "p_bg": 0.6,
  "good_loss_rate": 0.0,
  "bad_loss_rate": 1.0
}