{
  "state": "good",
  "episode_index": 3160,
  "state_ordinal": 1580,
  "start_time_wall": 1756973795.957722,
  "end_time_wall": 1756973796.5099218,
  "wall_time_sec": 0.5521999430020514,
  "steps": 105,
  "packets": 1562199,
  "dropped": 0,
  "running_total_steps": 263919,
  "running_total_packets": 3747431665,
  "running_total_dropped": 38003792,
  "running_total_time_sec": 1216.9060082630021,
  "p_gb": 0.00606,
  "p_bg": 0.6,
  "good_loss_rate": 0.0,
  "bad_loss_rate": 1.0
}