{
  "state": "good",
  "episode_index": 2272,
  "state_ordinal": 1136,
  "start_time_wall": 1756973425.84153,
  "end_time_wall": 1756973425.8495216,
  "wall_time_sec": 0.007990870999492472,
  "steps": 58,
  "packets": 792680,
  "dropped": 0,
  "running_total_steps": 186034,
  "running_total_packets": 2641512074,
  "running_total_dropped": 28069155,
  "running_total_time_sec": 846.2456081359996,
  "p_gb": 0.00606,
  "p_bg": 0.6,
  "good_loss_rate": 0.0,
  "bad_loss_rate": 1.0
}