{
  "state": "good",
  "episode_index": 732,
  "state_ordinal": 366,
  "start_time_wall": 1756972823.9627821,
  "end_time_wall": 1756972824.9045675,
  "wall_time_sec": 0.9417853250015469,
  "steps": 279,
  "packets": 4021229,
  "dropped": 0,
  "running_total_steps": 59536,
  "running_total_packets": 845440706,
  "running_total_dropped": 8550317,
  "running_total_time_sec": 245.30065393500263,
  "p_gb": 0.00606,
  "p_bg": 0.6,
  "good_loss_rate": 0.0,
  "bad_loss_rate": 1.0
}