{
  "state": "good",
  "episode_index": 2142,
  "state_ordinal": 1071,
  "start_time_wall": 1756973366.6126556,
  "end_time_wall": 1756973366.6228158,
  "wall_time_sec": 0.010159985002246685,
  "steps": 82,
  "packets": 1093551,
  "dropped": 0,
  "running_total_steps": 175654,
  "running_total_packets": 2494080430,
  "running_total_dropped": 26446228,
  "running_total_time_sec": 787.0189019790014,
  "p_gb": 0.00606,
  "p_bg": 0.6,
  "good_loss_rate": 0.0,
  "bad_loss_rate": 1.0
}