{
  "state": "good",
  "episode_index": 728,
  "state_ordinal": 364,
  "start_time_wall": 1756972823.9107125,
  "end_time_wall": 1756972823.9209201,
  "wall_time_sec": 0.010206487000687048,
  "steps": 71,
  "packets": 1045819,
  "dropped": 0,
  "running_total_steps": 59116,
  "running_total_packets": 839489862,
  "running_total_dropped": 8506915,
  "running_total_time_sec": 244.31700632900174,
  "p_gb": 0.00606,
  "p_bg": 0.6,
  "good_loss_rate": 0.0,
  "bad_loss_rate": 1.0
}