{
  "state": "good",
  "episode_index": 3126,
  "state_ordinal": 1563,
  "start_time_wall": 1756973792.1738377,
  "end_time_wall": 1756973792.366594,
  "wall_time_sec": 0.19275647299946286,
  "steps": 215,
  "packets": 3033277,
  "dropped": 0,
  "running_total_steps": 262254,
  "running_total_packets": 3723690492,
  "running_total_dropped": 37655170,
  "running_total_time_sec": 1212.7626804620013,
  "p_gb": 0.00606,
  "p_bg": 0.6,
  "good_loss_rate": 0.0,
  "bad_loss_rate": 1.0
}