{
  "state": "good",
  "episode_index": 1206,
  "state_ordinal": 603,
  "start_time_wall": 1756973038.8121738,
  "end_time_wall": 1756973039.8039367,
  "wall_time_sec": 0.9917625990019587,
  "steps": 503,
  "packets": 7193377,
  "dropped": 1,
  "running_total_steps": 100543,
  "running_total_packets": 1427714983,
  "running_total_dropped": 15082622,
  "running_total_time_sec": 460.2000230360027,
  "p_gb": 0.00606,
  "p_bg": 0.6,
  "good_loss_rate": 0.0,
  "bad_loss_rate": 1.0
}