{
  "state": "good",
  "episode_index": 4116,
  "state_ordinal": 2058,
  "start_time_wall": 1756974122.7986467,
  "end_time_wall": 1756974158.4984431,
  "wall_time_sec": 35.69979573100136,
  "steps": 461,
  "packets": 6451341,
  "dropped": 0,
  "running_total_steps": 338029,
  "running_total_packets": 4799573811,
  "running_total_dropped": 49159382,
  "running_total_time_sec": 1578.8945294270015,
  "p_gb": 0.00606,
  "p_bg": 0.6,
  "good_loss_rate": 0.0,
  "bad_loss_rate": 1.0
}