{
  "state": "good",
  "episode_index": 1088,
  "state_ordinal": 544,
  "start_time_wall": 1756972983.9302375,
  "end_time_wall": 1756972983.9365222,
  "wall_time_sec": 0.006284627997956704,
  "steps": 45,
  "packets": 607525,
  "dropped": 0,
  "running_total_steps": 92042,
  "running_total_packets": 1306876994,
  "running_total_dropped": 13232611,
  "running_total_time_sec": 404.332608531,
  "p_gb": 0.00606,
  "p_bg": 0.6,
  "good_loss_rate": 0.0,
  "bad_loss_rate": 1.0
}