{
  "state": "good",
  "episode_index": 3336,
  "state_ordinal": 1668,
  "start_time_wall": 1756973861.1361542,
  "end_time_wall": 1756973861.150367,
  "wall_time_sec": 0.014212251000571996,
  "steps": 133,
  "packets": 1779185,
  "dropped": 0,
  "running_total_steps": 277537,
  "running_total_packets": 3940666299,
  "running_total_dropped": 39749830,
  "running_total_time_sec": 1281.546453490002,
  "p_gb": 0.00606,
  "p_bg": 0.6,
  "good_loss_rate": 0.0,
  "bad_loss_rate": 1.0
}