{
  "state": "good",
  "episode_index": 3378,
  "state_ordinal": 1689,
  "start_time_wall": 1756973868.8471253,
  "end_time_wall": 1756973868.8494134,
  "wall_time_sec": 0.002287824998347787,
  "steps": 14,
  "packets": 199608,
  "dropped": 0,
  "running_total_steps": 280939,
  "running_total_packets": 3989015087,
  "running_total_dropped": 40219956,
  "running_total_time_sec": 1289.245499744,
  "p_gb": 0.00606,
  "p_bg": 0.6,
  "good_loss_rate": 0.0,
  "bad_loss_rate": 1.0
}