{
  "state": "good",
  "episode_index": 2726,
  "state_ordinal": 1363,
  "start_time_wall": 1756973619.2906446,
  "end_time_wall": 1756973620.0325763,
  "wall_time_sec": 0.7419314990002022,
  "steps": 289,
  "packets": 4171671,
  "dropped": 0,
  "running_total_steps": 226163,
  "running_total_packets": 3211335005,
  "running_total_dropped": 33526739,
  "running_total_time_sec": 1040.4286626440007,
  "p_gb": 0.00606,
  "p_bg": 0.6,
  "good_loss_rate": 0.0,
  "bad_loss_rate": 1.0
}