{
  "state": "good",
  "episode_index": 1596,
  "state_ordinal": 798,
  "start_time_wall": 1756973177.7209258,
  "end_time_wall": 1756973178.3338163,
  "wall_time_sec": 0.6128899469986209,
  "steps": 307,
  "packets": 4417563,
  "dropped": 1,
  "running_total_steps": 130902,
  "running_total_packets": 1858746136,
  "running_total_dropped": 20068695,
  "running_total_time_sec": 598.7299025850007,
  "p_gb": 0.00606,
  "p_bg": 0.6,
  "good_loss_rate": 0.0,
  "bad_loss_rate": 1.0
}