{
  "state": "good",
  "episode_index": 2824,
  "state_ordinal": 1412,
  "start_time_wall": 1756973641.7111206,
  "end_time_wall": 1756973643.2406652,
  "wall_time_sec": 1.5295444510011293,
  "steps": 864,
  "packets": 12251738,
  "dropped": 0,
  "running_total_steps": 237061,
  "running_total_packets": 3366042477,
  "running_total_dropped": 34289130,
  "running_total_time_sec": 1063.6367515050006,
  "p_gb": 0.00606,
  "p_bg": 0.6,
  "good_loss_rate": 0.0,
  "bad_loss_rate": 1.0
}