{
  "state": "good",
  "episode_index": 3296,
  "state_ordinal": 1648,
  "start_time_wall": 1756973853.2133937,
  "end_time_wall": 1756973853.7826664,
  "wall_time_sec": 0.5692723070023931,
  "steps": 83,
  "packets": 1242533,
  "dropped": 0,
  "running_total_steps": 274023,
  "running_total_packets": 3890856545,
  "running_total_dropped": 39393966,
  "running_total_time_sec": 1274.1787528230016,
  "p_gb": 0.00606,
  "p_bg": 0.6,
  "good_loss_rate": 0.0,
  "bad_loss_rate": 1.0
}