{
  "state": "good",
  "episode_index": 912,
  "state_ordinal": 456,
  "start_time_wall": 1756972897.7876875,
  "end_time_wall": 1756972897.791139,
  "wall_time_sec": 0.0034512170022935607,
  "steps": 23,
  "packets": 338479,
  "dropped": 0,
  "running_total_steps": 76216,
  "running_total_packets": 1082301352,
  "running_total_dropped": 10255793,
  "running_total_time_sec": 318.18722523900215,
  "p_gb": 0.00606,
  "p_bg": 0.6,
  "good_loss_rate": 0.0,
  "bad_loss_rate": 1.0
}