{
  "state": "good",
  "episode_index": 3988,
  "state_ordinal": 1994,
  "start_time_wall": 1756974095.2680337,
  "end_time_wall": 1756974095.2787554,
  "wall_time_sec": 0.010721195001679007,
  "steps": 99,
  "packets": 1336555,
  "dropped": 0,
  "running_total_steps": 324963,
  "running_total_packets": 4614067759,
  "running_total_dropped": 47775068,
  "running_total_time_sec": 1515.6748417180024,
  "p_gb": 0.00606,
  "p_bg": 0.6,
  "good_loss_rate": 0.0,
  "bad_loss_rate": 1.0
}