{
  "state": "good",
  "episode_index": 2666,
  "state_ordinal": 1333,
  "start_time_wall": 1756973572.9940884,
  "end_time_wall": 1756973573.5618422,
  "wall_time_sec": 0.5677533410016622,
  "steps": 67,
  "packets": 1063161,
  "dropped": 0,
  "running_total_steps": 220905,
  "running_total_packets": 3136693427,
  "running_total_dropped": 32668973,
  "running_total_time_sec": 993.9579285930013,
  "p_gb": 0.00606,
  "p_bg": 0.6,
  "good_loss_rate": 0.0,
  "bad_loss_rate": 1.0
}