{
  "state": "good",
  "episode_index": 4124,
  "state_ordinal": 2062,
  "start_time_wall": 1756974159.4853883,
  "end_time_wall": 1756974159.68082,
  "wall_time_sec": 0.19543146300202352,
  "steps": 240,
  "packets": 3354402,
  "dropped": 0,
  "running_total_steps": 338605,
  "running_total_packets": 4807771047,
  "running_total_dropped": 49267882,
  "running_total_time_sec": 1580.0769061730025,
  "p_gb": 0.00606,
  "p_bg": 0.6,
  "good_loss_rate": 0.0,
  "bad_loss_rate": 1.0
}