{
  "state": "good",
  "episode_index": 4240,
  "state_ordinal": 2120,
  "start_time_wall": 1756974178.9319186,
  "end_time_wall": 1756974179.1170263,
  "wall_time_sec": 0.18510761200013803,
  "steps": 156,
  "packets": 2246392,
  "dropped": 0,
  "running_total_steps": 347457,
  "running_total_packets": 4933463453,
  "running_total_dropped": 50594335,
  "running_total_time_sec": 1599.513112613,
  "p_gb": 0.00606,
  "p_bg": 0.6,
  "good_loss_rate": 0.0,
  "bad_loss_rate": 1.0
}