{
  "state": "good",
  "episode_index": 1670,
  "state_ordinal": 835,
  "start_time_wall": 1756973189.546642,
  "end_time_wall": 1756973190.1239161,
  "wall_time_sec": 0.5772737529987353,
  "steps": 191,
  "packets": 2730965,
  "dropped": 0,
  "running_total_steps": 136260,
  "running_total_packets": 1934725716,
  "running_total_dropped": 20896099,
  "running_total_time_sec": 610.5200024340011,
  "p_gb": 0.00606,
  "p_bg": 0.6,
  "good_loss_rate": 0.0,
  "bad_loss_rate": 1.0
}