{
  "state": "good",
  "episode_index": 1718,
  "state_ordinal": 859,
  "start_time_wall": 1756973199.281274,
  "end_time_wall": 1756973199.2961135,
  "wall_time_sec": 0.014839196999673732,
  "steps": 114,
  "packets": 1566541,
  "dropped": 0,
  "running_total_steps": 140286,
  "running_total_packets": 1991912537,
  "running_total_dropped": 21539789,
  "running_total_time_sec": 619.6921998020007,
  "p_gb": 0.00606,
  "p_bg": 0.6,
  "good_loss_rate": 0.0,
  "bad_loss_rate": 1.0
}