{
  "state": "good",
  "episode_index": 1424,
  "state_ordinal": 712,
  "start_time_wall": 1756973110.5651817,
  "end_time_wall": 1756973110.568389,
  "wall_time_sec": 0.0032072009998955764,
  "steps": 23,
  "packets": 269052,
  "dropped": 0,
  "running_total_steps": 116018,
  "running_total_packets": 1647402954,
  "running_total_dropped": 17907611,
  "running_total_time_sec": 530.9644752339991,
  "p_gb": 0.00606,
  "p_bg": 0.6,
  "good_loss_rate": 0.0,
  "bad_loss_rate": 1.0
}