{
  "state": "good",
  "episode_index": 284,
  "state_ordinal": 142,
  "start_time_wall": 1756972663.368643,
  "end_time_wall": 1756972664.9003105,
  "wall_time_sec": 1.531667450999521,
  "steps": 598,
  "packets": 8454717,
  "dropped": 0,
  "running_total_steps": 20494,
  "running_total_packets": 290992476,
  "running_total_dropped": 3721763,
  "running_total_time_sec": 85.29639694800062,
  "p_gb": 0.00606,
  "p_bg": 0.6,
  "good_loss_rate": 0.0,
  "bad_loss_rate": 1.0
}