{
  "state": "good",
  "episode_index": 1312,
  "state_ordinal": 656,
  "start_time_wall": 1756973052.7089164,
  "end_time_wall": 1756973052.7157228,
  "wall_time_sec": 0.0068062700011068955,
  "steps": 61,
  "packets": 837517,
  "dropped": 0,
  "running_total_steps": 106239,
  "running_total_packets": 1508520043,
  "running_total_dropped": 16114020,
  "running_total_time_sec": 473.1118091370008,
  "p_gb": 0.00606,
  "p_bg": 0.6,
  "good_loss_rate": 0.0,
  "bad_loss_rate": 1.0
}