{
  "state": "good",
  "episode_index": 4266,
  "state_ordinal": 2133,
  "start_time_wall": 1756974185.8148632,
  "end_time_wall": 1756974186.7459922,
  "wall_time_sec": 0.9311286260017368,
  "steps": 446,
  "packets": 6303788,
  "dropped": 1,
  "running_total_steps": 350917,
  "running_total_packets": 4982574549,
  "running_total_dropped": 50899538,
  "running_total_time_sec": 1607.1420785100017,
  "p_gb": 0.00606,
  "p_bg": 0.6,
  "good_loss_rate": 0.0,
  "bad_loss_rate": 1.0
}