{
  "state": "good",
  "episode_index": 1704,
  "state_ordinal": 852,
  "start_time_wall": 1756973196.5145023,
  "end_time_wall": 1756973196.517646,
  "wall_time_sec": 0.00314341999910539,
  "steps": 22,
  "packets": 269046,
  "dropped": 0,
  "running_total_steps": 139004,
  "running_total_packets": 1973721532,
  "running_total_dropped": 21386471,
  "running_total_time_sec": 616.9137323200011,
  "p_gb": 0.00606,
  "p_bg": 0.6,
  "good_loss_rate": 0.0,
  "bad_loss_rate": 1.0
}