{
  "state": "good",
  "episode_index": 3718,
  "state_ordinal": 1859,
  "start_time_wall": 1756973958.4192517,
  "end_time_wall": 1756973958.4254107,
  "wall_time_sec": 0.006158870000945171,
  "steps": 48,
  "packets": 620549,
  "dropped": 0,
  "running_total_steps": 304662,
  "running_total_packets": 4325822142,
  "running_total_dropped": 44850219,
  "running_total_time_sec": 1378.8214970920017,
  "p_gb": 0.00606,
  "p_bg": 0.6,
  "good_loss_rate": 0.0,
  "bad_loss_rate": 1.0
}