{
  "state": "good",
  "episode_index": 290,
  "state_ordinal": 145,
  "start_time_wall": 1756972665.9038067,
  "end_time_wall": 1756972666.6799986,
  "wall_time_sec": 0.7761917650022951,
  "steps": 418,
  "packets": 5937826,
  "dropped": 0,
  "running_total_steps": 21189,
  "running_total_packets": 300948637,
  "running_total_dropped": 3840368,
  "running_total_time_sec": 87.07608502100265,
  "p_gb": 0.00606,
  "p_bg": 0.6,
  "good_loss_rate": 0.0,
  "bad_loss_rate": 1.0
}