{
  "state": "good",
  "episode_index": 2864,
  "state_ordinal": 1432,
  "start_time_wall": 1756973649.8407102,
  "end_time_wall": 1756973649.8439286,
  "wall_time_sec": 0.0032178809997276403,
  "steps": 21,
  "packets": 257475,
  "dropped": 0,
  "running_total_steps": 239815,
  "running_total_packets": 3405161245,
  "running_total_dropped": 34987748,
  "running_total_time_sec": 1070.2400150100002,
  "p_gb": 0.00606,
  "p_bg": 0.6,
  "good_loss_rate": 0.0,
  "bad_loss_rate": 1.0
}