{
  "state": "good",
  "episode_index": 1702,
  "state_ordinal": 851,
  "start_time_wall": 1756973196.4455116,
  "end_time_wall": 1756973196.4469128,
  "wall_time_sec": 0.001401045999955386,
  "steps": 8,
  "packets": 120058,
  "dropped": 0,
  "running_total_steps": 138975,
  "running_total_packets": 1973343999,
  "running_total_dropped": 21277984,
  "running_total_time_sec": 616.8429990770019,
  "p_gb": 0.00606,
  "p_bg": 0.6,
  "good_loss_rate": 0.0,
  "bad_loss_rate": 1.0
}