{
  "state": "good",
  "episode_index": 1448,
  "state_ordinal": 724,
  "start_time_wall": 1756973116.6046429,
  "end_time_wall": 1756973116.791262,
  "wall_time_sec": 0.18661877600243315,
  "steps": 130,
  "packets": 1893448,
  "dropped": 1,
  "running_total_steps": 119111,
  "running_total_packets": 1691290789,
  "running_total_dropped": 18170903,
  "running_total_time_sec": 537.1873483020026,
  "p_gb": 0.00606,
  "p_bg": 0.6,
  "good_loss_rate": 0.0,
  "bad_loss_rate": 1.0
}