{
  "state": "good",
  "episode_index": 1172,
  "state_ordinal": 586,
  "start_time_wall": 1756973033.2501905,
  "end_time_wall": 1756973033.251056,
  "wall_time_sec": 0.0008651019998069387,
  "steps": 4,
  "packets": 43402,
  "dropped": 0,
  "running_total_steps": 97658,
  "running_total_packets": 1386650700,
  "running_total_dropped": 14485228,
  "running_total_time_sec": 453.64714221900067,
  "p_gb": 0.00606,
  "p_bg": 0.6,
  "good_loss_rate": 0.0,
  "bad_loss_rate": 1.0
}