{
  "state": "good",
  "episode_index": 3612,
  "state_ordinal": 1806,
  "start_time_wall": 1756973942.270641,
  "end_time_wall": 1756973942.2763658,
  "wall_time_sec": 0.005724557999201352,
  "steps": 51,
  "packets": 717447,
  "dropped": 0,
  "running_total_steps": 297551,
  "running_total_packets": 4224949977,
  "running_total_dropped": 43347295,
  "running_total_time_sec": 1362.672452232,
  "p_gb": 0.00606,
  "p_bg": 0.6,
  "good_loss_rate": 0.0,
  "bad_loss_rate": 1.0
}