{
  "state": "good",
  "episode_index": 1558,
  "state_ordinal": 779,
  "start_time_wall": 1756973135.319964,
  "end_time_wall": 1756973135.3256931,
  "wall_time_sec": 0.005729274998884648,
  "steps": 50,
  "packets": 716000,
  "dropped": 0,
  "running_total_steps": 127559,
  "running_total_packets": 1811265225,
  "running_total_dropped": 19563883,
  "running_total_time_sec": 555.7217795899996,
  "p_gb": 0.00606,
  "p_bg": 0.6,
  "good_loss_rate": 0.0,
  "bad_loss_rate": 1.0
}