{
  "state": "good",
  "episode_index": 1226,
  "state_ordinal": 613,
  "start_time_wall": 1756973041.6943362,
  "end_time_wall": 1756973042.2718184,
  "wall_time_sec": 0.577481689000706,
  "steps": 154,
  "packets": 2182754,
  "dropped": 0,
  "running_total_steps": 101637,
  "running_total_packets": 1443167799,
  "running_total_dropped": 15299609,
  "running_total_time_sec": 462.66790485300226,
  "p_gb": 0.00606,
  "p_bg": 0.6,
  "good_loss_rate": 0.0,
  "bad_loss_rate": 1.0
}