{
  "state": "good",
  "episode_index": 1186,
  "state_ordinal": 593,
  "start_time_wall": 1756973034.3895314,
  "end_time_wall": 1756973034.3941162,
  "wall_time_sec": 0.004583804999128915,
  "steps": 41,
  "packets": 530869,
  "dropped": 0,
  "running_total_steps": 98253,
  "running_total_packets": 1395092393,
  "running_total_dropped": 14726780,
  "running_total_time_sec": 454.7902023989991,
  "p_gb": 0.00606,
  "p_bg": 0.6,
  "good_loss_rate": 0.0,
  "bad_loss_rate": 1.0
}