{
  "state": "good",
  "episode_index": 2802,
  "state_ordinal": 1401,
  "start_time_wall": 1756973638.4304364,
  "end_time_wall": 1756973638.4337654,
  "wall_time_sec": 0.0033282539989158977,
  "steps": 29,
  "packets": 367409,
  "dropped": 0,
  "running_total_steps": 234853,
  "running_total_packets": 3334663855,
  "running_total_dropped": 34171953,
  "running_total_time_sec": 1058.8298516210016,
  "p_gb": 0.00606,
  "p_bg": 0.6,
  "good_loss_rate": 0.0,
  "bad_loss_rate": 1.0
}