{
  "state": "good",
  "episode_index": 1930,
  "state_ordinal": 965,
  "start_time_wall": 1756973272.484413,
  "end_time_wall": 1756973272.4938836,
  "wall_time_sec": 0.00947018200167804,
  "steps": 85,
  "packets": 1157195,
  "dropped": 0,
  "running_total_steps": 156541,
  "running_total_packets": 2222715305,
  "running_total_dropped": 24234528,
  "running_total_time_sec": 692.8899699480025,
  "p_gb": 0.00606,
  "p_bg": 0.6,
  "good_loss_rate": 0.0,
  "bad_loss_rate": 1.0
}