{
  "state": "good",
  "episode_index": 2874,
  "state_ordinal": 1437,
  "start_time_wall": 1756973650.9052372,
  "end_time_wall": 1756973650.9172633,
  "wall_time_sec": 0.012025506999634672,
  "steps": 109,
  "packets": 1458066,
  "dropped": 0,
  "running_total_steps": 240540,
  "running_total_packets": 3415409595,
  "running_total_dropped": 35141066,
  "running_total_time_sec": 1071.3133497599993,
  "p_gb": 0.00606,
  "p_bg": 0.6,
  "good_loss_rate": 0.0,
  "bad_loss_rate": 1.0
}