{
  "state": "good",
  "episode_index": 1136,
  "state_ordinal": 568,
  "start_time_wall": 1756972989.5476694,
  "end_time_wall": 1756972989.5571077,
  "wall_time_sec": 0.009437357002752833,
  "steps": 71,
  "packets": 940221,
  "dropped": 0,
  "running_total_steps": 94455,
  "running_total_packets": 1341155817,
  "running_total_dropped": 13958732,
  "running_total_time_sec": 409.9531939780027,
  "p_gb": 0.00606,
  "p_bg": 0.6,
  "good_loss_rate": 0.0,
  "bad_loss_rate": 1.0
}