{
  "state": "good",
  "episode_index": 866,
  "state_ordinal": 433,
  "start_time_wall": 1756972888.193901,
  "end_time_wall": 1756972888.2214239,
  "wall_time_sec": 0.027522737997060176,
  "steps": 235,
  "packets": 3328360,
  "dropped": 0,
  "running_total_steps": 72129,
  "running_total_packets": 1024191664,
  "running_total_dropped": 9856550,
  "running_total_time_sec": 308.61751026899947,
  "p_gb": 0.00606,
  "p_bg": 0.6,
  "good_loss_rate": 0.0,
  "bad_loss_rate": 1.0
}