{
  "state": "good",
  "episode_index": 2476,
  "state_ordinal": 1238,
  "start_time_wall": 1756973507.326604,
  "end_time_wall": 1756973507.525682,
  "wall_time_sec": 0.19907799599968712,
  "steps": 221,
  "packets": 3109945,
  "dropped": 1,
  "running_total_steps": 206811,
  "running_total_packets": 2936450583,
  "running_total_dropped": 30325675,
  "running_total_time_sec": 927.9217683120005,
  "p_gb": 0.00606,
  "p_bg": 0.6,
  "good_loss_rate": 0.0,
  "bad_loss_rate": 1.0
}