{
  "state": "good",
  "episode_index": 2282,
  "state_ordinal": 1141,
  "start_time_wall": 1756973427.625953,
  "end_time_wall": 1756973427.661067,
  "wall_time_sec": 0.035113545000058366,
  "steps": 291,
  "packets": 4068967,
  "dropped": 0,
  "running_total_steps": 187074,
  "running_total_packets": 2656267673,
  "running_total_dropped": 28167512,
  "running_total_time_sec": 848.0571533559996,
  "p_gb": 0.00606,
  "p_bg": 0.6,
  "good_loss_rate": 0.0,
  "bad_loss_rate": 1.0
}