{
  "state": "good",
  "episode_index": 4054,
  "state_ordinal": 2027,
  "start_time_wall": 1756974109.865054,
  "end_time_wall": 1756974110.63031,
  "wall_time_sec": 0.7652558439986024,
  "steps": 388,
  "packets": 5508226,
  "dropped": 2,
  "running_total_steps": 331880,
  "running_total_packets": 4712373842,
  "running_total_dropped": 48540255,
  "running_total_time_sec": 1531.0263965699996,
  "p_gb": 0.00606,
  "p_bg": 0.6,
  "good_loss_rate": 0.0,
  "bad_loss_rate": 1.0
}