{
  "state": "good",
  "episode_index": 1218,
  "state_ordinal": 609,
  "start_time_wall": 1756973040.676378,
  "end_time_wall": 1756973041.2784553,
  "wall_time_sec": 0.6020770680006535,
  "steps": 159,
  "packets": 2291229,
  "dropped": 0,
  "running_total_steps": 101172,
  "running_total_packets": 1436609430,
  "running_total_dropped": 15224382,
  "running_total_time_sec": 461.67454160499983,
  "p_gb": 0.00606,
  "p_bg": 0.6,
  "good_loss_rate": 0.0,
  "bad_loss_rate": 1.0
}