{
  "state": "good",
  "episode_index": 3776,
  "state_ordinal": 1888,
  "start_time_wall": 1756974005.1111922,
  "end_time_wall": 1756974005.2878406,
  "wall_time_sec": 0.17664735700236633,
  "steps": 60,
  "packets": 921420,
  "dropped": 0,
  "running_total_steps": 309569,
  "running_total_packets": 4395589055,
  "running_total_dropped": 45467878,
  "running_total_time_sec": 1425.6839268030017,
  "p_gb": 0.00606,
  "p_bg": 0.6,
  "good_loss_rate": 0.0,
  "bad_loss_rate": 1.0
}