{
  "state": "good",
  "episode_index": 3432,
  "state_ordinal": 1716,
  "start_time_wall": 1756973876.7891798,
  "end_time_wall": 1756973877.5544043,
  "wall_time_sec": 0.765224776998366,
  "steps": 410,
  "packets": 5829333,
  "dropped": 0,
  "running_total_steps": 284853,
  "running_total_packets": 4044667192,
  "running_total_dropped": 40970688,
  "running_total_time_sec": 1297.9504910169999,
  "p_gb": 0.00606,
  "p_bg": 0.6,
  "good_loss_rate": 0.0,
  "bad_loss_rate": 1.0
}