{
  "state": "good",
  "episode_index": 1070,
  "state_ordinal": 535,
  "start_time_wall": 1756972977.7300773,
  "end_time_wall": 1756972978.3138185,
  "wall_time_sec": 0.5837404409976443,
  "steps": 239,
  "packets": 3488925,
  "dropped": 0,
  "running_total_steps": 89651,
  "running_total_packets": 1273053807,
  "running_total_dropped": 12626573,
  "running_total_time_sec": 398.7099045819996,
  "p_gb": 0.00606,
  "p_bg": 0.6,
  "good_loss_rate": 0.0,
  "bad_loss_rate": 1.0
}