{
  "state": "good",
  "episode_index": 1198,
  "state_ordinal": 599,
  "start_time_wall": 1756973036.9350882,
  "end_time_wall": 1756973036.959779,
  "wall_time_sec": 0.024690660000487696,
  "steps": 214,
  "packets": 3001458,
  "dropped": 1,
  "running_total_steps": 99488,
  "running_total_packets": 1412593428,
  "running_total_dropped": 14848286,
  "running_total_time_sec": 457.3558653140026,
  "p_gb": 0.00606,
  "p_bg": 0.6,
  "good_loss_rate": 0.0,
  "bad_loss_rate": 1.0
}