{
  "state": "good",
  "episode_index": 2888,
  "state_ordinal": 1444,
  "start_time_wall": 1756973712.2306457,
  "end_time_wall": 1756973712.8080237,
  "wall_time_sec": 0.5773777959984727,
  "steps": 44,
  "packets": 775302,
  "dropped": 0,
  "running_total_steps": 241820,
  "running_total_packets": 3433685938,
  "running_total_dropped": 35211966,
  "running_total_time_sec": 1133.2041101159994,
  "p_gb": 0.00606,
  "p_bg": 0.6,
  "good_loss_rate": 0.0,
  "bad_loss_rate": 1.0
}