{
  "state": "good",
  "episode_index": 2448,
  "state_ordinal": 1224,
  "start_time_wall": 1756973502.905168,
  "end_time_wall": 1756973502.907413,
  "wall_time_sec": 0.0022449569987657014,
  "steps": 13,
  "packets": 185155,
  "dropped": 0,
  "running_total_steps": 204454,
  "running_total_packets": 2903100398,
  "running_total_dropped": 29953934,
  "running_total_time_sec": 923.30349948,
  "p_gb": 0.00606,
  "p_bg": 0.6,
  "good_loss_rate": 0.0,
  "bad_loss_rate": 1.0
}