{
  "state": "good",
  "episode_index": 1896,
  "state_ordinal": 948,
  "start_time_wall": 1756973266.3907857,
  "end_time_wall": 1756973266.9751544,
  "wall_time_sec": 0.5843683490020339,
  "steps": 217,
  "packets": 3169259,
  "dropped": 0,
  "running_total_steps": 153969,
  "running_total_packets": 2186294229,
  "running_total_dropped": 23995834,
  "running_total_time_sec": 687.3712406760023,
  "p_gb": 0.00606,
  "p_bg": 0.6,
  "good_loss_rate": 0.0,
  "bad_loss_rate": 1.0
}