{
  "state": "good",
  "episode_index": 1376,
  "state_ordinal": 688,
  "start_time_wall": 1756973065.4799135,
  "end_time_wall": 1756973066.0521579,
  "wall_time_sec": 0.5722442750011396,
  "steps": 148,
  "packets": 2136458,
  "dropped": 0,
  "running_total_steps": 112004,
  "running_total_packets": 1590431654,
  "running_total_dropped": 17194492,
  "running_total_time_sec": 486.4482442340013,
  "p_gb": 0.00606,
  "p_bg": 0.6,
  "good_loss_rate": 0.0,
  "bad_loss_rate": 1.0
}