{
  "state": "good",
  "episode_index": 2332,
  "state_ordinal": 1166,
  "start_time_wall": 1756973438.4616916,
  "end_time_wall": 1756973439.4218931,
  "wall_time_sec": 0.9602006380009698,
  "steps": 378,
  "packets": 5375150,
  "dropped": 0,
  "running_total_steps": 192274,
  "running_total_packets": 2730105006,
  "running_total_dropped": 28777917,
  "running_total_time_sec": 859.8179794160023,
  "p_gb": 0.00606,
  "p_bg": 0.6,
  "good_loss_rate": 0.0,
  "bad_loss_rate": 1.0
}