{
  "state": "good",
  "episode_index": 2634,
  "state_ordinal": 1317,
  "start_time_wall": 1756973565.9790907,
  "end_time_wall": 1756973566.0053387,
  "wall_time_sec": 0.026247620000503957,
  "steps": 207,
  "packets": 2960957,
  "dropped": 0,
  "running_total_steps": 217556,
  "running_total_packets": 3089102594,
  "running_total_dropped": 32252389,
  "running_total_time_sec": 986.4014248800013,
  "p_gb": 0.00606,
  "p_bg": 0.6,
  "good_loss_rate": 0.0,
  "bad_loss_rate": 1.0
}