{
  "state": "good",
  "episode_index": 2284,
  "state_ordinal": 1142,
  "start_time_wall": 1756973427.670194,
  "end_time_wall": 1756973428.6188748,
  "wall_time_sec": 0.9486803420004435,
  "steps": 357,
  "packets": 5100309,
  "dropped": 1,
  "running_total_steps": 187434,
  "running_total_packets": 2661381006,
  "running_total_dropped": 28180537,
  "running_total_time_sec": 849.0149610680019,
  "p_gb": 0.00606,
  "p_bg": 0.6,
  "good_loss_rate": 0.0,
  "bad_loss_rate": 1.0
}