{
  "state": "good",
  "episode_index": 3200,
  "state_ordinal": 1600,
  "start_time_wall": 1756973801.9664795,
  "end_time_wall": 1756973801.9672287,
  "wall_time_sec": 0.0007483389999833889,
  "steps": 4,
  "packets": 13030,
  "dropped": 0,
  "running_total_steps": 266637,
  "running_total_packets": 3785945809,
  "running_total_dropped": 38319175,
  "running_total_time_sec": 1222.3633150749993,
  "p_gb": 0.00606,
  "p_bg": 0.6,
  "good_loss_rate": 0.0,
  "bad_loss_rate": 1.0
}