{
  "state": "good",
  "episode_index": 2758,
  "state_ordinal": 1379,
  "start_time_wall": 1756973627.119998,
  "end_time_wall": 1756973627.7017884,
  "wall_time_sec": 0.5817901599984907,
  "steps": 200,
  "packets": 2853911,
  "dropped": 0,
  "running_total_steps": 229814,
  "running_total_packets": 3263179948,
  "running_total_dropped": 33723510,
  "running_total_time_sec": 1048.0978746799992,
  "p_gb": 0.00606,
  "p_bg": 0.6,
  "good_loss_rate": 0.0,
  "bad_loss_rate": 1.0
}