{
  "state": "good",
  "episode_index": 3288,
  "state_ordinal": 1644,
  "start_time_wall": 1756973852.4042127,
  "end_time_wall": 1756973852.4061406,
  "wall_time_sec": 0.0019275170016044285,
  "steps": 12,
  "packets": 216962,
  "dropped": 0,
  "running_total_steps": 273557,
  "running_total_packets": 3884181007,
  "running_total_dropped": 39305727,
  "running_total_time_sec": 1272.8022268910026,
  "p_gb": 0.00606,
  "p_bg": 0.6,
  "good_loss_rate": 0.0,
  "bad_loss_rate": 1.0
}