{
  "state": "good",
  "episode_index": 2172,
  "state_ordinal": 1086,
  "start_time_wall": 1756973410.3291154,
  "end_time_wall": 1756973410.5178676,
  "wall_time_sec": 0.18875103800019133,
  "steps": 147,
  "packets": 2124887,
  "dropped": 0,
  "running_total_steps": 179307,
  "running_total_packets": 2546054113,
  "running_total_dropped": 26819409,
  "running_total_time_sec": 830.9139539650023,
  "p_gb": 0.00606,
  "p_bg": 0.6,
  "good_loss_rate": 0.0,
  "bad_loss_rate": 1.0
}