{
  "state": "good",
  "episode_index": 4294,
  "state_ordinal": 2147,
  "start_time_wall": 1756974191.0997744,
  "end_time_wall": 1756974191.3096414,
  "wall_time_sec": 0.20986678799818037,
  "steps": 358,
  "packets": 4933973,
  "dropped": 0,
  "running_total_steps": 353149,
  "running_total_packets": 5014225111,
  "running_total_dropped": 51220672,
  "running_total_time_sec": 1611.705727687,
  "p_gb": 0.00606,
  "p_bg": 0.6,
  "good_loss_rate": 0.0,
  "bad_loss_rate": 1.0
}