{
  "state": "good",
  "episode_index": 3634,
  "state_ordinal": 1817,
  "start_time_wall": 1756973944.8787525,
  "end_time_wall": 1756973944.88368,
  "wall_time_sec": 0.004926689998683287,
  "steps": 35,
  "packets": 454201,
  "dropped": 0,
  "running_total_steps": 298555,
  "running_total_packets": 4239187743,
  "running_total_dropped": 43629366,
  "running_total_time_sec": 1365.2797662619996,
  "p_gb": 0.00606,
  "p_bg": 0.6,
  "good_loss_rate": 0.0,
  "bad_loss_rate": 1.0
}