{
  "state": "good",
  "episode_index": 1228,
  "state_ordinal": 614,
  "start_time_wall": 1756973042.456318,
  "end_time_wall": 1756973042.4591842,
  "wall_time_sec": 0.0028657320035563316,
  "steps": 18,
  "packets": 243010,
  "dropped": 0,
  "running_total_steps": 101656,
  "running_total_packets": 1443442628,
  "running_total_dropped": 15331428,
  "running_total_time_sec": 462.85527048100266,
  "p_gb": 0.00606,
  "p_bg": 0.6,
  "good_loss_rate": 0.0,
  "bad_loss_rate": 1.0
}