{
  "state": "good",
  "episode_index": 1496,
  "state_ordinal": 748,
  "start_time_wall": 1756973126.4195428,
  "end_time_wall": 1756973127.389,
  "wall_time_sec": 0.9694569980019878,
  "steps": 645,
  "packets": 9154811,
  "dropped": 2,
  "running_total_steps": 123907,
  "running_total_packets": 1759408711,
  "running_total_dropped": 18904271,
  "running_total_time_sec": 547.7850862650012,
  "p_gb": 0.00606,
  "p_bg": 0.6,
  "good_loss_rate": 0.0,
  "bad_loss_rate": 1.0
}