{
  "state": "good",
  "episode_index": 304,
  "state_ordinal": 152,
  "start_time_wall": 1756972672.154491,
  "end_time_wall": 1756972672.1868951,
  "wall_time_sec": 0.032404132001829566,
  "steps": 264,
  "packets": 3704452,
  "dropped": 0,
  "running_total_steps": 23819,
  "running_total_packets": 338291121,
  "running_total_dropped": 4037085,
  "running_total_time_sec": 92.58298138900136,
  "p_gb": 0.00606,
  "p_bg": 0.6,
  "good_loss_rate": 0.0,
  "bad_loss_rate": 1.0
}