{
  "state": "good",
  "episode_index": 2358,
  "state_ordinal": 1179,
  "start_time_wall": 1756973481.0785604,
  "end_time_wall": 1756973481.8292403,
  "wall_time_sec": 0.7506798889990023,
  "steps": 369,
  "packets": 5266651,
  "dropped": 0,
  "running_total_steps": 194775,
  "running_total_packets": 2765684217,
  "running_total_dropped": 29023834,
  "running_total_time_sec": 902.2253267630003,
  "p_gb": 0.00606,
  "p_bg": 0.6,
  "good_loss_rate": 0.0,
  "bad_loss_rate": 1.0
}