{
  "state": "good",
  "episode_index": 2438,
  "state_ordinal": 1219,
  "start_time_wall": 1756973500.4221067,
  "end_time_wall": 1756973500.423799,
  "wall_time_sec": 0.0016922229988267645,
  "steps": 11,
  "packets": 185143,
  "dropped": 0,
  "running_total_steps": 203428,
  "running_total_packets": 2888555972,
  "running_total_dropped": 29849777,
  "running_total_time_sec": 920.8198853569993,
  "p_gb": 0.00606,
  "p_bg": 0.6,
  "good_loss_rate": 0.0,
  "bad_loss_rate": 1.0
}