{
  "state": "good",
  "episode_index": 3834,
  "state_ordinal": 1917,
  "start_time_wall": 1756974012.4703767,
  "end_time_wall": 1756974012.4748507,
  "wall_time_sec": 0.004473811000934802,
  "steps": 30,
  "packets": 459972,
  "dropped": 0,
  "running_total_steps": 312626,
  "running_total_packets": 4438993752,
  "running_total_dropped": 46147703,
  "running_total_time_sec": 1432.8709369040007,
  "p_gb": 0.00606,
  "p_bg": 0.6,
  "good_loss_rate": 0.0,
  "bad_loss_rate": 1.0
}