{
  "state": "good",
  "episode_index": 2856,
  "state_ordinal": 1428,
  "start_time_wall": 1756973648.977382,
  "end_time_wall": 1756973648.979168,
  "wall_time_sec": 0.0017859599975054152,
  "steps": 12,
  "packets": 196714,
  "dropped": 0,
  "running_total_steps": 239716,
  "running_total_packets": 3403719092,
  "running_total_dropped": 34743315,
  "running_total_time_sec": 1069.375254303999,
  "p_gb": 0.00606,
  "p_bg": 0.6,
  "good_loss_rate": 0.0,
  "bad_loss_rate": 1.0
}