{
  "state": "good",
  "episode_index": 626,
  "state_ordinal": 313,
  "start_time_wall": 1756972804.1533024,
  "end_time_wall": 1756972804.1540704,
  "wall_time_sec": 0.00076754900146625,
  "steps": 2,
  "packets": 63638,
  "dropped": 0,
  "running_total_steps": 50339,
  "running_total_packets": 714875077,
  "running_total_dropped": 7594136,
  "running_total_time_sec": 224.55015661300058,
  "p_gb": 0.00606,
  "p_bg": 0.6,
  "good_loss_rate": 0.0,
  "bad_loss_rate": 1.0
}