{
  "state": "good",
  "episode_index": 2242,
  "state_ordinal": 1121,
  "start_time_wall": 1756973421.259133,
  "end_time_wall": 1756973421.2659585,
  "wall_time_sec": 0.006824822001362918,
  "steps": 48,
  "packets": 671169,
  "dropped": 0,
  "running_total_steps": 183969,
  "running_total_packets": 2612243868,
  "running_total_dropped": 27714762,
  "running_total_time_sec": 841.6620449180009,
  "p_gb": 0.00606,
  "p_bg": 0.6,
  "good_loss_rate": 0.0,
  "bad_loss_rate": 1.0
}