{
  "state": "good",
  "episode_index": 422,
  "state_ordinal": 211,
  "start_time_wall": 1756972690.7475593,
  "end_time_wall": 1756972727.3705034,
  "wall_time_sec": 36.622943248999945,
  "steps": 307,
  "packets": 4248339,
  "dropped": 0,
  "running_total_steps": 32327,
  "running_total_packets": 459020635,
  "running_total_dropped": 5149500,
  "running_total_time_sec": 147.7665898230007,
  "p_gb": 0.00606,
  "p_bg": 0.6,
  "good_loss_rate": 0.0,
  "bad_loss_rate": 1.0
}