{
  "state": "good",
  "episode_index": 3608,
  "state_ordinal": 1804,
  "start_time_wall": 1756973942.0653315,
  "end_time_wall": 1756973942.0721672,
  "wall_time_sec": 0.006835046002379386,
  "steps": 49,
  "packets": 650927,
  "dropped": 0,
  "running_total_steps": 297407,
  "running_total_packets": 4222836673,
  "running_total_dropped": 43332830,
  "running_total_time_sec": 1362.4682534640015,
  "p_gb": 0.00606,
  "p_bg": 0.6,
  "good_loss_rate": 0.0,
  "bad_loss_rate": 1.0
}