{
  "state": "good",
  "episode_index": 2018,
  "state_ordinal": 1009,
  "start_time_wall": 1756973343.0072901,
  "end_time_wall": 1756973343.582707,
  "wall_time_sec": 0.5754161860022577,
  "steps": 198,
  "packets": 2758460,
  "dropped": 1,
  "running_total_steps": 165071,
  "running_total_packets": 2343880207,
  "running_total_dropped": 25280327,
  "running_total_time_sec": 763.9787932060026,
  "p_gb": 0.00606,
  "p_bg": 0.6,
  "good_loss_rate": 0.0,
  "bad_loss_rate": 1.0
}