{
  "state": "bad",
  "episode_index": 12981,
  "state_ordinal": 6490,
  "start_time_wall": 1756957509.33476,
  "end_time_wall": 1756957509.5079577,
  "wall_time_sec": 0.1731977729996288,
  "steps": 2,
  "packets": 43390,
  "dropped": 28157,
  "running_total_steps": 1348605,
  "running_total_packets": 19148382847,
  "running_total_dropped": 204359188,
  "running_total_time_sec": 3571.457856944,
  "p_gb": 0.005,
  "p_bg": 0.3,
  "good_loss_rate": 0.0,
  "bad_loss_rate": 0.65
}