{
  "state": "bad",
  "episode_index": 7041,
  "state_ordinal": 3520,
  "start_time_wall": 1756955858.4877174,
  "end_time_wall": 1756955858.5007834,
  "wall_time_sec": 0.013066289000562392,
  "steps": 1,
  "packets": 31819,
  "dropped": 20786,
  "running_total_steps": 724884,
  "running_total_packets": 10292435386,
  "running_total_dropped": 109987837,
  "running_total_time_sec": 1920.4506827349996,
  "p_gb": 0.005,
  "p_bg": 0.3,
  "good_loss_rate": 0.0,
  "bad_loss_rate": 0.65
}