{
  "state": "bad",
  "episode_index": 5215,
  "state_ordinal": 2607,
  "start_time_wall": 1756955324.1568825,
  "end_time_wall": 1756955324.1697533,
  "wall_time_sec": 0.012870980999650783,
  "steps": 4,
  "packets": 26036,
  "dropped": 16887,
  "running_total_steps": 524240,
  "running_total_packets": 7443586876,
  "running_total_dropped": 82940543,
  "running_total_time_sec": 1386.1196527150005,
  "p_gb": 0.005,
  "p_bg": 0.3,
  "good_loss_rate": 0.0,
  "bad_loss_rate": 0.65
}