{
  "state": "bad",
  "episode_index": 1149,
  "state_ordinal": 574,
  "start_time_wall": 1756954213.244966,
  "end_time_wall": 1756954213.2657652,
  "wall_time_sec": 0.020799033000002964,
  "steps": 6,
  "packets": 57861,
  "dropped": 37422,
  "running_total_steps": 114675,
  "running_total_packets": 1628307889,
  "running_total_dropped": 17930999,
  "running_total_time_sec": 275.2156644530005,
  "p_gb": 0.005,
  "p_bg": 0.3,
  "good_loss_rate": 0.0,
  "bad_loss_rate": 0.65
}