{
  "state": "bad",
  "episode_index": 14055,
  "state_ordinal": 7027,
  "start_time_wall": 1756957828.9831197,
  "end_time_wall": 1756957829.1476002,
  "wall_time_sec": 0.16448069299985946,
  "steps": 2,
  "packets": 13018,
  "dropped": 8421,
  "running_total_steps": 1469150,
  "running_total_packets": 20859972198,
  "running_total_dropped": 220541011,
  "running_total_time_sec": 3891.097499644,
  "p_gb": 0.005,
  "p_bg": 0.3,
  "good_loss_rate": 0.0,
  "bad_loss_rate": 0.65
}