{
  "state": "bad",
  "episode_index": 10443,
  "state_ordinal": 5221,
  "start_time_wall": 1756956797.0809321,
  "end_time_wall": 1756956797.2381651,
  "wall_time_sec": 0.1572333450003498,
  "steps": 2,
  "packets": 2894,
  "dropped": 1899,
  "running_total_steps": 1081747,
  "running_total_packets": 15359309721,
  "running_total_dropped": 164851953,
  "running_total_time_sec": 2859.1880645559995,
  "p_gb": 0.005,
  "p_bg": 0.3,
  "good_loss_rate": 0.0,
  "bad_loss_rate": 0.65
}