{
  "state": "bad",
  "episode_index": 5737,
  "state_ordinal": 2868,
  "start_time_wall": 1756955478.7467995,
  "end_time_wall": 1756955478.9069982,
  "wall_time_sec": 0.1601991169991379,
  "steps": 2,
  "packets": 13018,
  "dropped": 8465,
  "running_total_steps": 582489,
  "running_total_packets": 8270542961,
  "running_total_dropped": 90327961,
  "running_total_time_sec": 1540.8568975519993,
  "p_gb": 0.005,
  "p_bg": 0.3,
  "good_loss_rate": 0.0,
  "bad_loss_rate": 0.65
}