{
  "state": "bad",
  "episode_index": 3973,
  "state_ordinal": 1986,
  "start_time_wall": 1756954996.2629821,
  "end_time_wall": 1756954996.4281325,
  "wall_time_sec": 0.16515074000017194,
  "steps": 1,
  "packets": 31819,
  "dropped": 20696,
  "running_total_steps": 398762,
  "running_total_packets": 5661928288,
  "running_total_dropped": 63371145,
  "running_total_time_sec": 1058.3780320250007,
  "p_gb": 0.005,
  "p_bg": 0.3,
  "good_loss_rate": 0.0,
  "bad_loss_rate": 0.65
}