{
  "state": "bad",
  "episode_index": 13739,
  "state_ordinal": 6869,
  "start_time_wall": 1756957755.6580875,
  "end_time_wall": 1756957755.8205369,
  "wall_time_sec": 0.1624494349998713,
  "steps": 1,
  "packets": 1447,
  "dropped": 945,
  "running_total_steps": 1433406,
  "running_total_packets": 20352447974,
  "running_total_dropped": 215899888,
  "running_total_time_sec": 3817.7704361199994,
  "p_gb": 0.005,
  "p_bg": 0.3,
  "good_loss_rate": 0.0,
  "bad_loss_rate": 0.65
}