{
  "state": "bad",
  "episode_index": 2639,
  "state_ordinal": 1319,
  "start_time_wall": 1756954644.4406767,
  "end_time_wall": 1756954644.4411223,
  "wall_time_sec": 0.0004457809991436079,
  "steps": 1,
  "packets": 6,
  "dropped": 2,
  "running_total_steps": 271203,
  "running_total_packets": 3850843846,
  "running_total_dropped": 42633142,
  "running_total_time_sec": 706.3910215279993,
  "p_gb": 0.005,
  "p_bg": 0.3,
  "good_loss_rate": 0.0,
  "bad_loss_rate": 0.65
}