{
  "state": "bad",
  "episode_index": 13423,
  "state_ordinal": 6711,
  "start_time_wall": 1756957646.6574438,
  "end_time_wall": 1756957646.8348513,
  "wall_time_sec": 0.17740745799892466,
  "steps": 6,
  "packets": 57861,
  "dropped": 37649,
  "running_total_steps": 1398462,
  "running_total_packets": 19856275768,
  "running_total_dropped": 210924914,
  "running_total_time_sec": 3708.784750645,
  "p_gb": 0.005,
  "p_bg": 0.3,
  "good_loss_rate": 0.0,
  "bad_loss_rate": 0.65
}