{
  "state": "bad",
  "episode_index": 12489,
  "state_ordinal": 6244,
  "start_time_wall": 1756957403.6489244,
  "end_time_wall": 1756957403.649365,
  "wall_time_sec": 0.0004406120006024139,
  "steps": 1,
  "packets": 6,
  "dropped": 4,
  "running_total_steps": 1298158,
  "running_total_packets": 18432113330,
  "running_total_dropped": 196640865,
  "running_total_time_sec": 3465.5992642359997,
  "p_gb": 0.005,
  "p_bg": 0.3,
  "good_loss_rate": 0.0,
  "bad_loss_rate": 0.65
}