{
  "state": "bad",
  "episode_index": 13577,
  "state_ordinal": 6788,
  "start_time_wall": 1756957678.9145434,
  "end_time_wall": 1756957679.0831137,
  "wall_time_sec": 0.16857059799986018,
  "steps": 2,
  "packets": 13018,
  "dropped": 8494,
  "running_total_steps": 1413681,
  "running_total_packets": 20072399593,
  "running_total_dropped": 213140657,
  "running_total_time_sec": 3741.033013106,
  "p_gb": 0.005,
  "p_bg": 0.3,
  "good_loss_rate": 0.0,
  "bad_loss_rate": 0.65
}