{
  "state": "bad",
  "episode_index": 14563,
  "state_ordinal": 7281,
  "start_time_wall": 1756957973.5361319,
  "end_time_wall": 1756957973.537338,
  "wall_time_sec": 0.0012063890007993905,
  "steps": 1,
  "packets": 1447,
  "dropped": 962,
  "running_total_steps": 1522758,
  "running_total_packets": 21621045182,
  "running_total_dropped": 228871404,
  "running_total_time_sec": 4035.487237419,
  "p_gb": 0.005,
  "p_bg": 0.3,
  "good_loss_rate": 0.0,
  "bad_loss_rate": 0.65
}