{
  "state": "bad",
  "episode_index": 6483,
  "state_ordinal": 3241,
  "start_time_wall": 1756955692.918575,
  "end_time_wall": 1756955692.919613,
  "wall_time_sec": 0.0010379970008216333,
  "steps": 1,
  "packets": 1447,
  "dropped": 977,
  "running_total_steps": 660478,
  "running_total_packets": 9377864204,
  "running_total_dropped": 101916009,
  "running_total_time_sec": 1754.8695123020007,
  "p_gb": 0.005,
  "p_bg": 0.3,
  "good_loss_rate": 0.0,
  "bad_loss_rate": 0.65
}