{
  "state": "bad",
  "episode_index": 2399,
  "state_ordinal": 1199,
  "start_time_wall": 1756954555.1941733,
  "end_time_wall": 1756954555.2021165,
  "wall_time_sec": 0.007943440999952145,
  "steps": 4,
  "packets": 26036,
  "dropped": 16942,
  "running_total_steps": 245123,
  "running_total_packets": 3480468203,
  "running_total_dropped": 39170353,
  "running_total_time_sec": 617.1520160149994,
  "p_gb": 0.005,
  "p_bg": 0.3,
  "good_loss_rate": 0.0,
  "bad_loss_rate": 0.65
}