{
  "state": "bad",
  "episode_index": 6745,
  "state_ordinal": 3372,
  "start_time_wall": 1756955751.7589235,
  "end_time_wall": 1756955751.9281018,
  "wall_time_sec": 0.169178563000969,
  "steps": 4,
  "packets": 14471,
  "dropped": 9393,
  "running_total_steps": 689242,
  "running_total_packets": 9786398152,
  "running_total_dropped": 105611239,
  "running_total_time_sec": 1813.8780012770003,
  "p_gb": 0.005,
  "p_bg": 0.3,
  "good_loss_rate": 0.0,
  "bad_loss_rate": 0.65
}