{
  "state": "bad",
  "episode_index": 2655,
  "state_ordinal": 1327,
  "start_time_wall": 1756954649.1372414,
  "end_time_wall": 1756954649.3311737,
  "wall_time_sec": 0.193932403000872,
  "steps": 2,
  "packets": 63638,
  "dropped": 41404,
  "running_total_steps": 273641,
  "running_total_packets": 3885455359,
  "running_total_dropped": 42805245,
  "running_total_time_sec": 711.281073057,
  "p_gb": 0.005,
  "p_bg": 0.3,
  "good_loss_rate": 0.0,
  "bad_loss_rate": 0.65
}