{
  "state": "bad",
  "episode_index": 6877,
  "state_ordinal": 3438,
  "start_time_wall": 1756955787.6347556,
  "end_time_wall": 1756955787.7738528,
  "wall_time_sec": 0.1390975909998815,
  "steps": 1,
  "packets": 11571,
  "dropped": 7504,
  "running_total_steps": 707219,
  "running_total_packets": 10041608921,
  "running_total_dropped": 107799370,
  "running_total_time_sec": 1849.7237522710002,
  "p_gb": 0.005,
  "p_bg": 0.3,
  "good_loss_rate": 0.0,
  "bad_loss_rate": 0.65
}