{
  "state": "bad",
  "episode_index": 10265,
  "state_ordinal": 5132,
  "start_time_wall": 1756956755.9479866,
  "end_time_wall": 1756956756.088165,
  "wall_time_sec": 0.14017843900001026,
  "steps": 1,
  "packets": 11571,
  "dropped": 7460,
  "running_total_steps": 1061828,
  "running_total_packets": 15076526034,
  "running_total_dropped": 161957563,
  "running_total_time_sec": 2818.038064278,
  "p_gb": 0.005,
  "p_bg": 0.3,
  "good_loss_rate": 0.0,
  "bad_loss_rate": 0.65
}