{
  "state": "bad",
  "episode_index": 8125,
  "state_ordinal": 4062,
  "start_time_wall": 1756956170.573681,
  "end_time_wall": 1756956170.5999193,
  "wall_time_sec": 0.026238550000925898,
  "steps": 2,
  "packets": 63638,
  "dropped": 41383,
  "running_total_steps": 842104,
  "running_total_packets": 11956786836,
  "running_total_dropped": 128182578,
  "running_total_time_sec": 2232.549818949001,
  "p_gb": 0.005,
  "p_bg": 0.3,
  "good_loss_rate": 0.0,
  "bad_loss_rate": 0.65
}