{
  "state": "bad",
  "episode_index": 6625,
  "state_ordinal": 3312,
  "start_time_wall": 1756955722.5860066,
  "end_time_wall": 1756955722.5942154,
  "wall_time_sec": 0.008209114999772282,
  "steps": 5,
  "packets": 26042,
  "dropped": 16972,
  "running_total_steps": 675071,
  "running_total_packets": 9585118171,
  "running_total_dropped": 103890891,
  "running_total_time_sec": 1784.544114843,
  "p_gb": 0.005,
  "p_bg": 0.3,
  "good_loss_rate": 0.0,
  "bad_loss_rate": 0.65
}