{
  "state": "bad",
  "episode_index": 9455,
  "state_ordinal": 4727,
  "start_time_wall": 1756956535.080717,
  "end_time_wall": 1756956535.253921,
  "wall_time_sec": 0.17320407300030638,
  "steps": 2,
  "packets": 31825,
  "dropped": 20585,
  "running_total_steps": 972756,
  "running_total_packets": 13811864711,
  "running_total_dropped": 149239484,
  "running_total_time_sec": 2597.203820232,
  "p_gb": 0.005,
  "p_bg": 0.3,
  "good_loss_rate": 0.0,
  "bad_loss_rate": 0.65
}