{
  "state": "bad",
  "episode_index": 2459,
  "state_ordinal": 1229,
  "start_time_wall": 1756954566.9830303,
  "end_time_wall": 1756954566.9834988,
  "wall_time_sec": 0.00046847200064803474,
  "steps": 1,
  "packets": 6,
  "dropped": 5,
  "running_total_steps": 251001,
  "running_total_packets": 3563934784,
  "running_total_dropped": 39957222,
  "running_total_time_sec": 628.933397928,
  "p_gb": 0.005,
  "p_bg": 0.3,
  "good_loss_rate": 0.0,
  "bad_loss_rate": 0.65
}