{
  "state": "bad",
  "episode_index": 12863,
  "state_ordinal": 6431,
  "start_time_wall": 1756957484.5127993,
  "end_time_wall": 1756957484.693061,
  "wall_time_sec": 0.18026195899983577,
  "steps": 3,
  "packets": 44837,
  "dropped": 29138,
  "running_total_steps": 1336518,
  "running_total_packets": 18976783312,
  "running_total_dropped": 202590837,
  "running_total_time_sec": 3546.6429604469995,
  "p_gb": 0.005,
  "p_bg": 0.3,
  "good_loss_rate": 0.0,
  "bad_loss_rate": 0.65
}