{
  "state": "bad",
  "episode_index": 9103,
  "state_ordinal": 4551,
  "start_time_wall": 1756956405.0134811,
  "end_time_wall": 1756956405.0267677,
  "wall_time_sec": 0.013286584999150364,
  "steps": 1,
  "packets": 31819,
  "dropped": 20692,
  "running_total_steps": 936137,
  "running_total_packets": 13291965791,
  "running_total_dropped": 144656750,
  "running_total_time_sec": 2466.976666904,
  "p_gb": 0.005,
  "p_bg": 0.3,
  "good_loss_rate": 0.0,
  "bad_loss_rate": 0.65
}