{
  "state": "bad",
  "episode_index": 4753,
  "state_ordinal": 2376,
  "start_time_wall": 1756955183.1042516,
  "end_time_wall": 1756955183.104729,
  "wall_time_sec": 0.0004774110002472298,
  "steps": 1,
  "packets": 6,
  "dropped": 4,
  "running_total_steps": 473326,
  "running_total_packets": 6720610002,
  "running_total_dropped": 75831965,
  "running_total_time_sec": 1245.054628197,
  "p_gb": 0.005,
  "p_bg": 0.3,
  "good_loss_rate": 0.0,
  "bad_loss_rate": 0.65
}