{
  "state": "bad",
  "episode_index": 9003,
  "state_ordinal": 4501,
  "start_time_wall": 1756956389.1112611,
  "end_time_wall": 1756956389.1124527,
  "wall_time_sec": 0.0011917499996343395,
  "steps": 1,
  "packets": 1447,
  "dropped": 951,
  "running_total_steps": 928960,
  "running_total_packets": 13189968286,
  "running_total_dropped": 142748075,
  "running_total_time_sec": 2451.062352151999,
  "p_gb": 0.005,
  "p_bg": 0.3,
  "good_loss_rate": 0.0,
  "bad_loss_rate": 0.65
}