{
  "state": "bad",
  "episode_index": 11099,
  "state_ordinal": 5549,
  "start_time_wall": 1756956974.2617328,
  "end_time_wall": 1756956974.421993,
  "wall_time_sec": 0.16026011800022388,
  "steps": 1,
  "packets": 6,
  "dropped": 6,
  "running_total_steps": 1150030,
  "running_total_packets": 16328898006,
  "running_total_dropped": 174971071,
  "running_total_time_sec": 3036.3718922919998,
  "p_gb": 0.005,
  "p_bg": 0.3,
  "good_loss_rate": 0.0,
  "bad_loss_rate": 0.65
}