{
  "state": "bad",
  "episode_index": 3563,
  "state_ordinal": 1781,
  "start_time_wall": 1756954884.5070233,
  "end_time_wall": 1756954884.5157783,
  "wall_time_sec": 0.008755048000239185,
  "steps": 6,
  "packets": 26048,
  "dropped": 16998,
  "running_total_steps": 361949,
  "running_total_packets": 5139201505,
  "running_total_dropped": 57147651,
  "running_total_time_sec": 946.4656775160001,
  "p_gb": 0.005,
  "p_bg": 0.3,
  "good_loss_rate": 0.0,
  "bad_loss_rate": 0.65
}