{
  "state": "bad",
  "episode_index": 137,
  "state_ordinal": 68,
  "start_time_wall": 1756953965.7536323,
  "end_time_wall": 1756953965.7661772,
  "wall_time_sec": 0.012545147001219448,
  "steps": 1,
  "packets": 31819,
  "dropped": 20670,
  "running_total_steps": 11544,
  "running_total_packets": 164005458,
  "running_total_dropped": 2598092,
  "running_total_time_sec": 27.716076582000824,
  "p_gb": 0.005,
  "p_bg": 0.3,
  "good_loss_rate": 0.0,
  "bad_loss_rate": 0.65
}