{
  "state": "bad",
  "episode_index": 13021,
  "state_ordinal": 6510,
  "start_time_wall": 1756957554.0918388,
  "end_time_wall": 1756957554.1350205,
  "wall_time_sec": 0.04318177900131559,
  "steps": 5,
  "packets": 107034,
  "dropped": 69473,
  "running_total_steps": 1353897,
  "running_total_packets": 19223498868,
  "running_total_dropped": 205160982,
  "running_total_time_sec": 3616.084919684001,
  "p_gb": 0.005,
  "p_bg": 0.3,
  "good_loss_rate": 0.0,
  "bad_loss_rate": 0.65
}