{
  "state": "bad",
  "episode_index": 5755,
  "state_ordinal": 2877,
  "start_time_wall": 1756955483.6681206,
  "end_time_wall": 1756955483.6720765,
  "wall_time_sec": 0.003955938000217429,
  "steps": 2,
  "packets": 11577,
  "dropped": 7527,
  "running_total_steps": 585011,
  "running_total_packets": 8306427385,
  "running_total_dropped": 90551080,
  "running_total_time_sec": 1545.6219757889994,
  "p_gb": 0.005,
  "p_bg": 0.3,
  "good_loss_rate": 0.0,
  "bad_loss_rate": 0.65
}