{
  "state": "bad",
  "episode_index": 8363,
  "state_ordinal": 4181,
  "start_time_wall": 1756956222.8514488,
  "end_time_wall": 1756956223.0790124,
  "wall_time_sec": 0.22756366099929437,
  "steps": 6,
  "packets": 192390,
  "dropped": 124769,
  "running_total_steps": 867116,
  "running_total_packets": 12311990298,
  "running_total_dropped": 132113046,
  "running_total_time_sec": 2285.028911738,
  "p_gb": 0.005,
  "p_bg": 0.3,
  "good_loss_rate": 0.0,
  "bad_loss_rate": 0.65
}