{
  "state": "bad",
  "episode_index": 12973,
  "state_ordinal": 6486,
  "start_time_wall": 1756957507.9363148,
  "end_time_wall": 1756957507.9630373,
  "wall_time_sec": 0.026722439999502967,
  "steps": 2,
  "packets": 63638,
  "dropped": 41368,
  "running_total_steps": 1348075,
  "running_total_packets": 19140824955,
  "running_total_dropped": 204301144,
  "running_total_time_sec": 3569.912936446999,
  "p_gb": 0.005,
  "p_bg": 0.3,
  "good_loss_rate": 0.0,
  "bad_loss_rate": 0.65
}