{
  "state": "bad",
  "episode_index": 11187,
  "state_ordinal": 5593,
  "start_time_wall": 1756957024.8801055,
  "end_time_wall": 1756957024.9068851,
  "wall_time_sec": 0.026779697998790652,
  "steps": 2,
  "packets": 63638,
  "dropped": 41620,
  "running_total_steps": 1158340,
  "running_total_packets": 16446848812,
  "running_total_dropped": 176249899,
  "running_total_time_sec": 3086.8567843719993,
  "p_gb": 0.005,
  "p_bg": 0.3,
  "good_loss_rate": 0.0,
  "bad_loss_rate": 0.65
}