{
  "state": "bad",
  "episode_index": 10973,
  "state_ordinal": 5486,
  "start_time_wall": 1756956947.336875,
  "end_time_wall": 1756956947.3500028,
  "wall_time_sec": 0.01312770399999863,
  "steps": 1,
  "packets": 31819,
  "dropped": 20684,
  "running_total_steps": 1137200,
  "running_total_packets": 16146733326,
  "running_total_dropped": 173202602,
  "running_total_time_sec": 3009.2999019769995,
  "p_gb": 0.005,
  "p_bg": 0.3,
  "good_loss_rate": 0.0,
  "bad_loss_rate": 0.65
}