{
  "state": "bad",
  "episode_index": 3111,
  "state_ordinal": 1555,
  "start_time_wall": 1756954744.193213,
  "end_time_wall": 1756954744.2351065,
  "wall_time_sec": 0.041894109001077595,
  "steps": 5,
  "packets": 108475,
  "dropped": 70409,
  "running_total_steps": 318830,
  "running_total_packets": 4527100664,
  "running_total_dropped": 50714393,
  "running_total_time_sec": 806.1850061990008,
  "p_gb": 0.005,
  "p_bg": 0.3,
  "good_loss_rate": 0.0,
  "bad_loss_rate": 0.65
}