{
  "state": "bad",
  "episode_index": 11129,
  "state_ordinal": 5564,
  "start_time_wall": 1756956979.510873,
  "end_time_wall": 1756956979.5117793,
  "wall_time_sec": 0.0009063230008905521,
  "steps": 1,
  "packets": 1447,
  "dropped": 944,
  "running_total_steps": 1152637,
  "running_total_packets": 16365891887,
  "running_total_dropped": 175335735,
  "running_total_time_sec": 3041.461678707001,
  "p_gb": 0.005,
  "p_bg": 0.3,
  "good_loss_rate": 0.0,
  "bad_loss_rate": 0.65
}