{
  "state": "bad",
  "episode_index": 13455,
  "state_ordinal": 6727,
  "start_time_wall": 1756957654.246679,
  "end_time_wall": 1756957654.4063115,
  "wall_time_sec": 0.1596324279998953,
  "steps": 1,
  "packets": 1447,
  "dropped": 950,
  "running_total_steps": 1402087,
  "running_total_packets": 19907724389,
  "running_total_dropped": 211464939,
  "running_total_time_sec": 3716.3562106169993,
  "p_gb": 0.005,
  "p_bg": 0.3,
  "good_loss_rate": 0.0,
  "bad_loss_rate": 0.65
}