{
  "state": "bad",
  "episode_index": 3887,
  "state_ordinal": 1943,
  "start_time_wall": 1756954977.2778795,
  "end_time_wall": 1756954977.4570026,
  "wall_time_sec": 0.17912336200060963,
  "steps": 2,
  "packets": 63638,
  "dropped": 41406,
  "running_total_steps": 389554,
  "running_total_packets": 5531283114,
  "running_total_dropped": 61745767,
  "running_total_time_sec": 1039.4069021169998,
  "p_gb": 0.005,
  "p_bg": 0.3,
  "good_loss_rate": 0.0,
  "bad_loss_rate": 0.65
}