{
  "state": "bad",
  "episode_index": 27,
  "state_ordinal": 13,
  "start_time_wall": 1756953946.2783258,
  "end_time_wall": 1756953946.4150977,
  "wall_time_sec": 0.1367720799989911,
  "steps": 3,
  "packets": 14465,
  "dropped": 9436,
  "running_total_steps": 2524,
  "running_total_packets": 35900318,
  "running_total_dropped": 549667,
  "running_total_time_sec": 8.36499700999957,
  "p_gb": 0.005,
  "p_bg": 0.3,
  "good_loss_rate": 0.0,
  "bad_loss_rate": 0.65
}