{
  "state": "bad",
  "episode_index": 14395,
  "state_ordinal": 7197,
  "start_time_wall": 1756957933.9455264,
  "end_time_wall": 1756957933.958686,
  "wall_time_sec": 0.013160245000108262,
  "steps": 1,
  "packets": 31819,
  "dropped": 20794,
  "running_total_steps": 1504034,
  "running_total_packets": 21355253356,
  "running_total_dropped": 225996661,
  "running_total_time_sec": 3995.9085856340007,
  "p_gb": 0.005,
  "p_bg": 0.3,
  "good_loss_rate": 0.0,
  "bad_loss_rate": 0.65
}