{
  "state": "bad",
  "episode_index": 3629,
  "state_ordinal": 1814,
  "start_time_wall": 1756954896.8023212,
  "end_time_wall": 1756954896.9598298,
  "wall_time_sec": 0.15750876200036146,
  "steps": 1,
  "packets": 1447,
  "dropped": 943,
  "running_total_steps": 367732,
  "running_total_packets": 5221346002,
  "running_total_dropped": 57929483,
  "running_total_time_sec": 958.9097291689995,
  "p_gb": 0.005,
  "p_bg": 0.3,
  "good_loss_rate": 0.0,
  "bad_loss_rate": 0.65
}