{
  "state": "bad",
  "episode_index": 5289,
  "state_ordinal": 2644,
  "start_time_wall": 1756955339.9039373,
  "end_time_wall": 1756955339.9048622,
  "wall_time_sec": 0.0009250869989045896,
  "steps": 1,
  "packets": 1447,
  "dropped": 908,
  "running_total_steps": 531940,
  "running_total_packets": 7552874686,
  "running_total_dropped": 84124764,
  "running_total_time_sec": 1401.8547614609997,
  "p_gb": 0.005,
  "p_bg": 0.3,
  "good_loss_rate": 0.0,
  "bad_loss_rate": 0.65
}