{
  "state": "bad",
  "episode_index": 2545,
  "state_ordinal": 1272,
  "start_time_wall": 1756954621.1009603,
  "end_time_wall": 1756954621.131392,
  "wall_time_sec": 0.030432527000812115,
  "steps": 4,
  "packets": 76656,
  "dropped": 49878,
  "running_total_steps": 260236,
  "running_total_packets": 3695061636,
  "running_total_dropped": 41191535,
  "running_total_time_sec": 683.081291904,
  "p_gb": 0.005,
  "p_bg": 0.3,
  "good_loss_rate": 0.0,
  "bad_loss_rate": 0.65
}