{
  "state": "bad",
  "episode_index": 6489,
  "state_ordinal": 3244,
  "start_time_wall": 1756955693.7746286,
  "end_time_wall": 1756955693.779378,
  "wall_time_sec": 0.004749301999254385,
  "steps": 2,
  "packets": 13018,
  "dropped": 8411,
  "running_total_steps": 660954,
  "running_total_packets": 9384723438,
  "running_total_dropped": 102043943,
  "running_total_time_sec": 1755.7292771579996,
  "p_gb": 0.005,
  "p_bg": 0.3,
  "good_loss_rate": 0.0,
  "bad_loss_rate": 0.65
}