{
  "state": "bad",
  "episode_index": 5777,
  "state_ordinal": 2888,
  "start_time_wall": 1756955490.1739168,
  "end_time_wall": 1756955490.2195952,
  "wall_time_sec": 0.045678204000068945,
  "steps": 7,
  "packets": 118611,
  "dropped": 76887,
  "running_total_steps": 588137,
  "running_total_packets": 8350875007,
  "running_total_dropped": 90840115,
  "running_total_time_sec": 1552.1694944339997,
  "p_gb": 0.005,
  "p_bg": 0.3,
  "good_loss_rate": 0.0,
  "bad_loss_rate": 0.65
}