{
  "state": "bad",
  "episode_index": 6099,
  "state_ordinal": 3049,
  "start_time_wall": 1756955559.7146196,
  "end_time_wall": 1756955559.7182353,
  "wall_time_sec": 0.003615722000176902,
  "steps": 1,
  "packets": 11571,
  "dropped": 7449,
  "running_total_steps": 621986,
  "running_total_packets": 8831426608,
  "running_total_dropped": 95993345,
  "running_total_time_sec": 1621.668134476,
  "p_gb": 0.005,
  "p_bg": 0.3,
  "good_loss_rate": 0.0,
  "bad_loss_rate": 0.65
}