{
  "state": "bad",
  "episode_index": 10831,
  "state_ordinal": 5415,
  "start_time_wall": 1756956916.980308,
  "end_time_wall": 1756956917.1487093,
  "wall_time_sec": 0.16840163300003042,
  "steps": 1,
  "packets": 1447,
  "dropped": 955,
  "running_total_steps": 1122642,
  "running_total_packets": 15940049282,
  "running_total_dropped": 171049462,
  "running_total_time_sec": 2979.098608742999,
  "p_gb": 0.005,
  "p_bg": 0.3,
  "good_loss_rate": 0.0,
  "bad_loss_rate": 0.65
}