{
  "state": "bad",
  "episode_index": 9081,
  "state_ordinal": 4540,
  "start_time_wall": 1756956399.7484953,
  "end_time_wall": 1756956399.7906406,
  "wall_time_sec": 0.04214528599914047,
  "steps": 4,
  "packets": 107028,
  "dropped": 69587,
  "running_total_steps": 933998,
  "running_total_packets": 13261544744,
  "running_total_dropped": 144090774,
  "running_total_time_sec": 2461.740539863,
  "p_gb": 0.005,
  "p_bg": 0.3,
  "good_loss_rate": 0.0,
  "bad_loss_rate": 0.65
}