{
  "state": "bad",
  "episode_index": 7083,
  "state_ordinal": 3541,
  "start_time_wall": 1756955870.0922217,
  "end_time_wall": 1756955870.2578995,
  "wall_time_sec": 0.16567775499970594,
  "steps": 1,
  "packets": 6,
  "dropped": 4,
  "running_total_steps": 730351,
  "running_total_packets": 10370040815,
  "running_total_dropped": 110733077,
  "running_total_time_sec": 1932.2077987529992,
  "p_gb": 0.005,
  "p_bg": 0.3,
  "good_loss_rate": 0.0,
  "bad_loss_rate": 0.65
}