{
  "state": "bad",
  "episode_index": 3481,
  "state_ordinal": 1740,
  "start_time_wall": 1756954870.4761264,
  "end_time_wall": 1756954870.481144,
  "wall_time_sec": 0.0050176599997939775,
  "steps": 3,
  "packets": 14465,
  "dropped": 9298,
  "running_total_steps": 354941,
  "running_total_packets": 5039678925,
  "running_total_dropped": 56021587,
  "running_total_time_sec": 932.4310434149993,
  "p_gb": 0.005,
  "p_bg": 0.3,
  "good_loss_rate": 0.0,
  "bad_loss_rate": 0.65
}