{
  "state": "bad",
  "episode_index": 3235,
  "state_ordinal": 1617,
  "start_time_wall": 1756954822.8302991,
  "end_time_wall": 1756954823.028144,
  "wall_time_sec": 0.19784483799958252,
  "steps": 5,
  "packets": 107034,
  "dropped": 69575,
  "running_total_steps": 331647,
  "running_total_packets": 4708963026,
  "running_total_dropped": 52829162,
  "running_total_time_sec": 884.9780431799991,
  "p_gb": 0.005,
  "p_bg": 0.3,
  "good_loss_rate": 0.0,
  "bad_loss_rate": 0.65
}