{
  "state": "bad",
  "episode_index": 13699,
  "state_ordinal": 6849,
  "start_time_wall": 1756957741.4908426,
  "end_time_wall": 1756957741.5050218,
  "wall_time_sec": 0.01417907799987006,
  "steps": 2,
  "packets": 31825,
  "dropped": 20783,
  "running_total_steps": 1426788,
  "running_total_packets": 20258498699,
  "running_total_dropped": 215101021,
  "running_total_time_sec": 3803.454920955999,
  "p_gb": 0.005,
  "p_bg": 0.3,
  "good_loss_rate": 0.0,
  "bad_loss_rate": 0.65
}