{
  "state": "bad",
  "episode_index": 1205,
  "state_ordinal": 602,
  "start_time_wall": 1756954225.8146572,
  "end_time_wall": 1756954225.9913774,
  "wall_time_sec": 0.17672032699920237,
  "steps": 1,
  "packets": 31819,
  "dropped": 20576,
  "running_total_steps": 120414,
  "running_total_packets": 1709856432,
  "running_total_dropped": 19128074,
  "running_total_time_sec": 287.94127680199927,
  "p_gb": 0.005,
  "p_bg": 0.3,
  "good_loss_rate": 0.0,
  "bad_loss_rate": 0.65
}