{
  "state": "bad",
  "episode_index": 10493,
  "state_ordinal": 5246,
  "start_time_wall": 1756956807.1606774,
  "end_time_wall": 1756956807.1611817,
  "wall_time_sec": 0.0005044720001023961,
  "steps": 1,
  "packets": 6,
  "dropped": 4,
  "running_total_steps": 1086796,
  "running_total_packets": 15431007696,
  "running_total_dropped": 165702114,
  "running_total_time_sec": 2869.111081063,
  "p_gb": 0.005,
  "p_bg": 0.3,
  "good_loss_rate": 0.0,
  "bad_loss_rate": 0.65
}