{
  "state": "bad",
  "episode_index": 11645,
  "state_ordinal": 5822,
  "start_time_wall": 1756957124.1529617,
  "end_time_wall": 1756957124.1534276,
  "wall_time_sec": 0.00046607100011897273,
  "steps": 1,
  "packets": 6,
  "dropped": 2,
  "running_total_steps": 1206949,
  "running_total_packets": 17137042537,
  "running_total_dropped": 183231858,
  "running_total_time_sec": 3186.103326957,
  "p_gb": 0.005,
  "p_bg": 0.3,
  "good_loss_rate": 0.0,
  "bad_loss_rate": 0.65
}