{
  "state": "bad",
  "episode_index": 5539,
  "state_ordinal": 2769,
  "start_time_wall": 1756955394.732561,
  "end_time_wall": 1756955394.9300244,
  "wall_time_sec": 0.197463713999241,
  "steps": 8,
  "packets": 89686,
  "dropped": 58224,
  "running_total_steps": 558594,
  "running_total_packets": 7931395492,
  "running_total_dropped": 87650796,
  "running_total_time_sec": 1456.8799241439992,
  "p_gb": 0.005,
  "p_bg": 0.3,
  "good_loss_rate": 0.0,
  "bad_loss_rate": 0.65
}