{
  "state": "bad",
  "episode_index": 10045,
  "state_ordinal": 5022,
  "start_time_wall": 1756956705.0833898,
  "end_time_wall": 1756956705.2665567,
  "wall_time_sec": 0.18316690100073174,
  "steps": 3,
  "packets": 63644,
  "dropped": 41257,
  "running_total_steps": 1036656,
  "running_total_packets": 14719167307,
  "running_total_dropped": 158853147,
  "running_total_time_sec": 2767.2164559030007,
  "p_gb": 0.005,
  "p_bg": 0.3,
  "good_loss_rate": 0.0,
  "bad_loss_rate": 0.65
}