{
  "state": "bad",
  "episode_index": 4469,
  "state_ordinal": 2234,
  "start_time_wall": 1756955093.0851026,
  "end_time_wall": 1756955093.0861602,
  "wall_time_sec": 0.0010575350006547524,
  "steps": 1,
  "packets": 1447,
  "dropped": 928,
  "running_total_steps": 446166,
  "running_total_packets": 6334979710,
  "running_total_dropped": 71027069,
  "running_total_time_sec": 1155.0360592910001,
  "p_gb": 0.005,
  "p_bg": 0.3,
  "good_loss_rate": 0.0,
  "bad_loss_rate": 0.65
}