{
  "state": "bad",
  "episode_index": 11843,
  "state_ordinal": 5921,
  "start_time_wall": 1756957202.5031033,
  "end_time_wall": 1756957202.5159104,
  "wall_time_sec": 0.012807806000637356,
  "steps": 1,
  "packets": 31819,
  "dropped": 20656,
  "running_total_steps": 1228261,
  "running_total_packets": 17439647413,
  "running_total_dropped": 187305750,
  "running_total_time_sec": 3264.465810240001,
  "p_gb": 0.005,
  "p_bg": 0.3,
  "good_loss_rate": 0.0,
  "bad_loss_rate": 0.65
}