{
  "state": "bad",
  "episode_index": 3997,
  "state_ordinal": 1998,
  "start_time_wall": 1756955000.7303443,
  "end_time_wall": 1756955000.772194,
  "wall_time_sec": 0.04184972999973979,
  "steps": 4,
  "packets": 107028,
  "dropped": 69315,
  "running_total_steps": 400946,
  "running_total_packets": 5692956860,
  "running_total_dropped": 63919593,
  "running_total_time_sec": 1062.7220932170003,
  "p_gb": 0.005,
  "p_bg": 0.3,
  "good_loss_rate": 0.0,
  "bad_loss_rate": 0.65
}