{
  "state": "bad",
  "episode_index": 12077,
  "state_ordinal": 6038,
  "start_time_wall": 1756957259.0584548,
  "end_time_wall": 1756957259.0617316,
  "wall_time_sec": 0.0032770010002423078,
  "steps": 1,
  "packets": 11571,
  "dropped": 7547,
  "running_total_steps": 1255163,
  "running_total_packets": 17821629673,
  "running_total_dropped": 190861857,
  "running_total_time_sec": 3321.011630985,
  "p_gb": 0.005,
  "p_bg": 0.3,
  "good_loss_rate": 0.0,
  "bad_loss_rate": 0.65
}