{
  "state": "bad",
  "episode_index": 8987,
  "state_ordinal": 4493,
  "start_time_wall": 1756956385.903503,
  "end_time_wall": 1756956385.9040062,
  "wall_time_sec": 0.0005035229987697676,
  "steps": 1,
  "packets": 6,
  "dropped": 3,
  "running_total_steps": 927331,
  "running_total_packets": 13166879475,
  "running_total_dropped": 142550790,
  "running_total_time_sec": 2447.8539055269994,
  "p_gb": 0.005,
  "p_bg": 0.3,
  "good_loss_rate": 0.0,
  "bad_loss_rate": 0.65
}