{
  "state": "bad",
  "episode_index": 2185,
  "state_ordinal": 1092,
  "start_time_wall": 1756954501.381802,
  "end_time_wall": 1756954501.5908034,
  "wall_time_sec": 0.20900152300055197,
  "steps": 9,
  "packets": 121505,
  "dropped": 79104,
  "running_total_steps": 219035,
  "running_total_packets": 3110052053,
  "running_total_dropped": 36077049,
  "running_total_time_sec": 563.5407027319998,
  "p_gb": 0.005,
  "p_bg": 0.3,
  "good_loss_rate": 0.0,
  "bad_loss_rate": 0.65
}