{
  "state": "bad",
  "episode_index": 1073,
  "state_ordinal": 536,
  "start_time_wall": 1756954200.3920076,
  "end_time_wall": 1756954200.5956445,
  "wall_time_sec": 0.20363682700008212,
  "steps": 7,
  "packets": 121493,
  "dropped": 78911,
  "running_total_steps": 108428,
  "running_total_packets": 1539657090,
  "running_total_dropped": 16860712,
  "running_total_time_sec": 262.54554379399997,
  "p_gb": 0.005,
  "p_bg": 0.3,
  "good_loss_rate": 0.0,
  "bad_loss_rate": 0.65
}