{
  "state": "bad",
  "episode_index": 1237,
  "state_ordinal": 618,
  "start_time_wall": 1756954231.1922271,
  "end_time_wall": 1756954231.2003675,
  "wall_time_sec": 0.008140380999975605,
  "steps": 4,
  "packets": 26036,
  "dropped": 17000,
  "running_total_steps": 123134,
  "running_total_packets": 1748383594,
  "running_total_dropped": 19654727,
  "running_total_time_sec": 293.1502665370008,
  "p_gb": 0.005,
  "p_bg": 0.3,
  "good_loss_rate": 0.0,
  "bad_loss_rate": 0.65
}