{
  "state": "bad",
  "episode_index": 4747,
  "state_ordinal": 2373,
  "start_time_wall": 1756955182.2874367,
  "end_time_wall": 1756955182.3094962,
  "wall_time_sec": 0.022059342998545617,
  "steps": 6,
  "packets": 46296,
  "dropped": 30071,
  "running_total_steps": 472810,
  "running_total_packets": 6713337068,
  "running_total_dropped": 75815047,
  "running_total_time_sec": 1244.2593954549993,
  "p_gb": 0.005,
  "p_bg": 0.3,
  "good_loss_rate": 0.0,
  "bad_loss_rate": 0.65
}