{
  "state": "bad",
  "episode_index": 6195,
  "state_ordinal": 3097,
  "start_time_wall": 1756955578.690878,
  "end_time_wall": 1756955578.6953804,
  "wall_time_sec": 0.004502462999880663,
  "steps": 2,
  "packets": 13018,
  "dropped": 8540,
  "running_total_steps": 631023,
  "running_total_packets": 8959732815,
  "running_total_dropped": 97442472,
  "running_total_time_sec": 1640.6452796869999,
  "p_gb": 0.005,
  "p_bg": 0.3,
  "good_loss_rate": 0.0,
  "bad_loss_rate": 0.65
}