{
  "state": "bad",
  "episode_index": 351,
  "state_ordinal": 175,
  "start_time_wall": 1756954006.6796045,
  "end_time_wall": 1756954006.8167727,
  "wall_time_sec": 0.13716847999967285,
  "steps": 1,
  "packets": 6,
  "dropped": 3,
  "running_total_steps": 31447,
  "running_total_packets": 446606891,
  "running_total_dropped": 6668075,
  "running_total_time_sec": 68.76667207500032,
  "p_gb": 0.005,
  "p_bg": 0.3,
  "good_loss_rate": 0.0,
  "bad_loss_rate": 0.65
}