{
  "state": "bad",
  "episode_index": 1107,
  "state_ordinal": 553,
  "start_time_wall": 1756954205.6965277,
  "end_time_wall": 1756954205.7100148,
  "wall_time_sec": 0.013487232999978005,
  "steps": 2,
  "packets": 31825,
  "dropped": 20674,
  "running_total_steps": 111105,
  "running_total_packets": 1577608552,
  "running_total_dropped": 17253008,
  "running_total_time_sec": 267.65991405100067,
  "p_gb": 0.005,
  "p_bg": 0.3,
  "good_loss_rate": 0.0,
  "bad_loss_rate": 0.65
}