{
  "state": "bad",
  "episode_index": 2807,
  "state_ordinal": 1403,
  "start_time_wall": 1756954677.2417305,
  "end_time_wall": 1756954677.2493882,
  "wall_time_sec": 0.007658042999537429,
  "steps": 4,
  "packets": 26036,
  "dropped": 16996,
  "running_total_steps": 287051,
  "running_total_packets": 4075843311,
  "running_total_dropped": 45405267,
  "running_total_time_sec": 739.1992877649991,
  "p_gb": 0.005,
  "p_bg": 0.3,
  "good_loss_rate": 0.0,
  "bad_loss_rate": 0.65
}