{
  "state": "bad",
  "episode_index": 14351,
  "state_ordinal": 7175,
  "start_time_wall": 1756957924.789643,
  "end_time_wall": 1756957924.8321984,
  "wall_time_sec": 0.04255583200028923,
  "steps": 5,
  "packets": 108475,
  "dropped": 70680,
  "running_total_steps": 1499540,
  "running_total_packets": 21291495142,
  "running_total_dropped": 225232304,
  "running_total_time_sec": 3986.782097984,
  "p_gb": 0.005,
  "p_bg": 0.3,
  "good_loss_rate": 0.0,
  "bad_loss_rate": 0.65
}