{
  "state": "bad",
  "episode_index": 9399,
  "state_ordinal": 4699,
  "start_time_wall": 1756956523.2580695,
  "end_time_wall": 1756956523.4593415,
  "wall_time_sec": 0.20127228499950434,
  "steps": 4,
  "packets": 95463,
  "dropped": 61915,
  "running_total_steps": 967074,
  "running_total_packets": 13731226005,
  "running_total_dropped": 148484201,
  "running_total_time_sec": 2585.4092409099994,
  "p_gb": 0.005,
  "p_bg": 0.3,
  "good_loss_rate": 0.0,
  "bad_loss_rate": 0.65
}