{
  "state": "bad",
  "episode_index": 14667,
  "state_ordinal": 7333,
  "start_time_wall": 1756957995.2048607,
  "end_time_wall": 1756957995.21253,
  "wall_time_sec": 0.007669197000723216,
  "steps": 2,
  "packets": 11577,
  "dropped": 7558,
  "running_total_steps": 1533110,
  "running_total_packets": 21768110864,
  "running_total_dropped": 230157427,
  "running_total_time_sec": 4057.1624291980006,
  "p_gb": 0.005,
  "p_bg": 0.3,
  "good_loss_rate": 0.0,
  "bad_loss_rate": 0.65
}