{
  "state": "bad",
  "episode_index": 11529,
  "state_ordinal": 5764,
  "start_time_wall": 1756957094.5095286,
  "end_time_wall": 1756957094.5482006,
  "wall_time_sec": 0.03867235699908633,
  "steps": 3,
  "packets": 95457,
  "dropped": 62043,
  "running_total_steps": 1192367,
  "running_total_packets": 16930102441,
  "running_total_dropped": 181362983,
  "running_total_time_sec": 3156.4981001819997,
  "p_gb": 0.005,
  "p_bg": 0.3,
  "good_loss_rate": 0.0,
  "bad_loss_rate": 0.65
}