{
  "state": "bad",
  "episode_index": 6299,
  "state_ordinal": 3149,
  "start_time_wall": 1756955594.4308977,
  "end_time_wall": 1756955594.5861917,
  "wall_time_sec": 0.15529425399836327,
  "steps": 2,
  "packets": 43390,
  "dropped": 28249,
  "running_total_steps": 638838,
  "running_total_packets": 9070715900,
  "running_total_dropped": 99015527,
  "running_total_time_sec": 1656.5360909859992,
  "p_gb": 0.005,
  "p_bg": 0.3,
  "good_loss_rate": 0.0,
  "bad_loss_rate": 0.65
}