{
  "state": "bad",
  "episode_index": 511,
  "state_ordinal": 255,
  "start_time_wall": 1756954034.9265425,
  "end_time_wall": 1756954034.9416718,
  "wall_time_sec": 0.015129392000744701,
  "steps": 3,
  "packets": 31831,
  "dropped": 20639,
  "running_total_steps": 45097,
  "running_total_packets": 640430237,
  "running_total_dropped": 8614980,
  "running_total_time_sec": 96.89157129500018,
  "p_gb": 0.005,
  "p_bg": 0.3,
  "good_loss_rate": 0.0,
  "bad_loss_rate": 0.65
}