{
  "state": "bad",
  "episode_index": 2311,
  "state_ordinal": 1155,
  "start_time_wall": 1756954530.3938634,
  "end_time_wall": 1756954530.3992002,
  "wall_time_sec": 0.005336975000318489,
  "steps": 4,
  "packets": 14471,
  "dropped": 9282,
  "running_total_steps": 233152,
  "running_total_packets": 3310436662,
  "running_total_dropped": 37802071,
  "running_total_time_sec": 592.3490995770007,
  "p_gb": 0.005,
  "p_bg": 0.3,
  "good_loss_rate": 0.0,
  "bad_loss_rate": 0.65
}