{
  "state": "bad",
  "episode_index": 4001,
  "state_ordinal": 2000,
  "start_time_wall": 1756955003.2181072,
  "end_time_wall": 1756955003.229043,
  "wall_time_sec": 0.010935715999949025,
  "steps": 2,
  "packets": 11577,
  "dropped": 7603,
  "running_total_steps": 402011,
  "running_total_packets": 5708147865,
  "running_total_dropped": 63947817,
  "running_total_time_sec": 1065.1789421699996,
  "p_gb": 0.005,
  "p_bg": 0.3,
  "good_loss_rate": 0.0,
  "bad_loss_rate": 0.65
}