{
  "state": "bad",
  "episode_index": 12801,
  "state_ordinal": 6400,
  "start_time_wall": 1756957471.241997,
  "end_time_wall": 1756957471.4149957,
  "wall_time_sec": 0.1729992399996263,
  "steps": 2,
  "packets": 43390,
  "dropped": 28207,
  "running_total_steps": 1330104,
  "running_total_packets": 18885700978,
  "running_total_dropped": 201733775,
  "running_total_time_sec": 3533.3648955440003,
  "p_gb": 0.005,
  "p_bg": 0.3,
  "good_loss_rate": 0.0,
  "bad_loss_rate": 0.65
}