{
  "state": "bad",
  "episode_index": 5095,
  "state_ordinal": 2547,
  "start_time_wall": 1756955266.41962,
  "end_time_wall": 1756955266.5946648,
  "wall_time_sec": 0.1750446109999757,
  "steps": 3,
  "packets": 31831,
  "dropped": 20785,
  "running_total_steps": 513619,
  "running_total_packets": 7292789259,
  "running_total_dropped": 80563564,
  "running_total_time_sec": 1328.544564022999,
  "p_gb": 0.005,
  "p_bg": 0.3,
  "good_loss_rate": 0.0,
  "bad_loss_rate": 0.65
}