{
  "state": "bad",
  "episode_index": 5297,
  "state_ordinal": 2648,
  "start_time_wall": 1756955341.5690458,
  "end_time_wall": 1756955341.5744069,
  "wall_time_sec": 0.005361145000279066,
  "steps": 5,
  "packets": 14477,
  "dropped": 9455,
  "running_total_steps": 532624,
  "running_total_packets": 7562529982,
  "running_total_dropped": 84329668,
  "running_total_time_sec": 1403.5243060720004,
  "p_gb": 0.005,
  "p_bg": 0.3,
  "good_loss_rate": 0.0,
  "bad_loss_rate": 0.65
}