{
  "state": "bad",
  "episode_index": 13887,
  "state_ordinal": 6943,
  "start_time_wall": 1756957788.9663393,
  "end_time_wall": 1756957788.9668295,
  "wall_time_sec": 0.0004903429999103537,
  "steps": 1,
  "packets": 6,
  "dropped": 6,
  "running_total_steps": 1449793,
  "running_total_packets": 20585060293,
  "running_total_dropped": 217875391,
  "running_total_time_sec": 3850.9167288480003,
  "p_gb": 0.005,
  "p_bg": 0.3,
  "good_loss_rate": 0.0,
  "bad_loss_rate": 0.65
}