{
  "state": "bad",
  "episode_index": 2359,
  "state_ordinal": 1179,
  "start_time_wall": 1756954544.9331112,
  "end_time_wall": 1756954545.0909727,
  "wall_time_sec": 0.15786159799972665,
  "steps": 1,
  "packets": 1447,
  "dropped": 954,
  "running_total_steps": 240324,
  "running_total_packets": 3412325692,
  "running_total_dropped": 38452527,
  "running_total_time_sec": 607.0408719799998,
  "p_gb": 0.005,
  "p_bg": 0.3,
  "good_loss_rate": 0.0,
  "bad_loss_rate": 0.65
}