{
  "state": "bad",
  "episode_index": 13133,
  "state_ordinal": 6566,
  "start_time_wall": 1756957577.489602,
  "end_time_wall": 1756957577.4908242,
  "wall_time_sec": 0.0012223009998706402,
  "steps": 1,
  "packets": 1447,
  "dropped": 944,
  "running_total_steps": 1365103,
  "running_total_packets": 19382603661,
  "running_total_dropped": 206630075,
  "running_total_time_sec": 3639.44072368,
  "p_gb": 0.005,
  "p_bg": 0.3,
  "good_loss_rate": 0.0,
  "bad_loss_rate": 0.65
}