{
  "state": "bad",
  "episode_index": 10191,
  "state_ordinal": 5095,
  "start_time_wall": 1756956740.235251,
  "end_time_wall": 1756956740.4016533,
  "wall_time_sec": 0.1664024959991366,
  "steps": 1,
  "packets": 31819,
  "dropped": 20592,
  "running_total_steps": 1053950,
  "running_total_packets": 14964725668,
  "running_total_dropped": 160887369,
  "running_total_time_sec": 2802.351552757,
  "p_gb": 0.005,
  "p_bg": 0.3,
  "good_loss_rate": 0.0,
  "bad_loss_rate": 0.65
}