{
  "state": "bad",
  "episode_index": 3761,
  "state_ordinal": 1880,
  "start_time_wall": 1756954921.7649288,
  "end_time_wall": 1756954921.7661977,
  "wall_time_sec": 0.0012689920004049782,
  "steps": 1,
  "packets": 1447,
  "dropped": 967,
  "running_total_steps": 379738,
  "running_total_packets": 5391851992,
  "running_total_dropped": 59668908,
  "running_total_time_sec": 983.7160970540008,
  "p_gb": 0.005,
  "p_bg": 0.3,
  "good_loss_rate": 0.0,
  "bad_loss_rate": 0.65
}