{
  "state": "bad",
  "episode_index": 13613,
  "state_ordinal": 6806,
  "start_time_wall": 1756957721.0561635,
  "end_time_wall": 1756957721.2222164,
  "wall_time_sec": 0.16605315299966605,
  "steps": 1,
  "packets": 6,
  "dropped": 3,
  "running_total_steps": 1416859,
  "running_total_packets": 20117563227,
  "running_total_dropped": 213768013,
  "running_total_time_sec": 3783.1721158990003,
  "p_gb": 0.005,
  "p_bg": 0.3,
  "good_loss_rate": 0.0,
  "bad_loss_rate": 0.65
}