{
  "state": "bad",
  "episode_index": 4829,
  "state_ordinal": 2414,
  "start_time_wall": 1756955202.3109946,
  "end_time_wall": 1756955202.3149061,
  "wall_time_sec": 0.0039116649986681296,
  "steps": 2,
  "packets": 13018,
  "dropped": 8500,
  "running_total_steps": 482448,
  "running_total_packets": 6850202132,
  "running_total_dropped": 76783011,
  "running_total_time_sec": 1264.2648054429992,
  "p_gb": 0.005,
  "p_bg": 0.3,
  "good_loss_rate": 0.0,
  "bad_loss_rate": 0.65
}