{
  "state": "bad",
  "episode_index": 14169,
  "state_ordinal": 7084,
  "start_time_wall": 1756957887.3042731,
  "end_time_wall": 1756957887.469951,
  "wall_time_sec": 0.16567798100004438,
  "steps": 1,
  "packets": 11571,
  "dropped": 7455,
  "running_total_steps": 1481228,
  "running_total_packets": 21031450228,
  "running_total_dropped": 222204420,
  "running_total_time_sec": 3949.4198503240004,
  "p_gb": 0.005,
  "p_bg": 0.3,
  "good_loss_rate": 0.0,
  "bad_loss_rate": 0.65
}