{
  "state": "bad",
  "episode_index": 479,
  "state_ordinal": 239,
  "start_time_wall": 1756954028.3507824,
  "end_time_wall": 1756954028.3550894,
  "wall_time_sec": 0.004306896000343841,
  "steps": 2,
  "packets": 13018,
  "dropped": 8403,
  "running_total_steps": 41919,
  "running_total_packets": 595266603,
  "running_total_dropped": 8082658,
  "running_total_time_sec": 90.30498859,
  "p_gb": 0.005,
  "p_bg": 0.3,
  "good_loss_rate": 0.0,
  "bad_loss_rate": 0.65
}