{
  "state": "bad",
  "episode_index": 921,
  "state_ordinal": 460,
  "start_time_wall": 1756954166.884173,
  "end_time_wall": 1756954166.9103198,
  "wall_time_sec": 0.02614720399833459,
  "steps": 2,
  "packets": 63638,
  "dropped": 41216,
  "running_total_steps": 92539,
  "running_total_packets": 1314044323,
  "running_total_dropped": 14494565,
  "running_total_time_sec": 228.86021930899915,
  "p_gb": 0.005,
  "p_bg": 0.3,
  "good_loss_rate": 0.0,
  "bad_loss_rate": 0.65
}