{
  "state": "bad",
  "episode_index": 14053,
  "state_ordinal": 7026,
  "start_time_wall": 1756957828.2317343,
  "end_time_wall": 1756957828.4109797,
  "wall_time_sec": 0.1792456269995455,
  "steps": 9,
  "packets": 121505,
  "dropped": 78907,
  "running_total_steps": 1469036,
  "running_total_packets": 20858318866,
  "running_total_dropped": 220532590,
  "running_total_time_sec": 3890.3608790569997,
  "p_gb": 0.005,
  "p_bg": 0.3,
  "good_loss_rate": 0.0,
  "bad_loss_rate": 0.65
}