{
  "state": "bad",
  "episode_index": 12571,
  "state_ordinal": 6285,
  "start_time_wall": 1756957424.2898984,
  "end_time_wall": 1756957424.3160193,
  "wall_time_sec": 0.02612129199951596,
  "steps": 2,
  "packets": 63638,
  "dropped": 41210,
  "running_total_steps": 1308031,
  "running_total_packets": 18572287947,
  "running_total_dropped": 197761998,
  "running_total_time_sec": 3486.265918977,
  "p_gb": 0.005,
  "p_bg": 0.3,
  "good_loss_rate": 0.0,
  "bad_loss_rate": 0.65
}