{
  "state": "bad",
  "episode_index": 5507,
  "state_ordinal": 2753,
  "start_time_wall": 1756955386.5696297,
  "end_time_wall": 1756955386.7410302,
  "wall_time_sec": 0.17140038199977425,
  "steps": 3,
  "packets": 31831,
  "dropped": 20659,
  "running_total_steps": 554632,
  "running_total_packets": 7875109832,
  "running_total_dropped": 87149533,
  "running_total_time_sec": 1448.6909293209992,
  "p_gb": 0.005,
  "p_bg": 0.3,
  "good_loss_rate": 0.0,
  "bad_loss_rate": 0.65
}