{
  "state": "bad",
  "episode_index": 13041,
  "state_ordinal": 6520,
  "start_time_wall": 1756957559.0336103,
  "end_time_wall": 1756957559.0358186,
  "wall_time_sec": 0.002208465999501641,
  "steps": 2,
  "packets": 2894,
  "dropped": 1924,
  "running_total_steps": 1356424,
  "running_total_packets": 19259399210,
  "running_total_dropped": 205298024,
  "running_total_time_sec": 3620.9857178330003,
  "p_gb": 0.005,
  "p_bg": 0.3,
  "good_loss_rate": 0.0,
  "bad_loss_rate": 0.65
}