{
  "state": "bad",
  "episode_index": 4591,
  "state_ordinal": 2295,
  "start_time_wall": 1756955150.127487,
  "end_time_wall": 1756955150.29184,
  "wall_time_sec": 0.16435331600041536,
  "steps": 1,
  "packets": 31819,
  "dropped": 20738,
  "running_total_steps": 457463,
  "running_total_packets": 6495393557,
  "running_total_dropped": 73110435,
  "running_total_time_sec": 1212.2417394200002,
  "p_gb": 0.005,
  "p_bg": 0.3,
  "good_loss_rate": 0.0,
  "bad_loss_rate": 0.65
}