{
  "state": "bad",
  "episode_index": 11015,
  "state_ordinal": 5507,
  "start_time_wall": 1756956955.558696,
  "end_time_wall": 1756956955.7673137,
  "wall_time_sec": 0.20861825599968142,
  "steps": 6,
  "packets": 109922,
  "dropped": 71434,
  "running_total_steps": 1141139,
  "running_total_packets": 16202718121,
  "running_total_dropped": 173699137,
  "running_total_time_sec": 3017.7172134190005,
  "p_gb": 0.005,
  "p_bg": 0.3,
  "good_loss_rate": 0.0,
  "bad_loss_rate": 0.65
}