{
  "state": "bad",
  "episode_index": 7597,
  "state_ordinal": 3798,
  "start_time_wall": 1756956015.267733,
  "end_time_wall": 1756956015.2747,
  "wall_time_sec": 0.006967153000005055,
  "steps": 2,
  "packets": 13018,
  "dropped": 8465,
  "running_total_steps": 782733,
  "running_total_packets": 11113832625,
  "running_total_dropped": 118967267,
  "running_total_time_sec": 2077.224599313,
  "p_gb": 0.005,
  "p_bg": 0.3,
  "good_loss_rate": 0.0,
  "bad_loss_rate": 0.65
}