{
  "state": "bad",
  "episode_index": 8211,
  "state_ordinal": 4105,
  "start_time_wall": 1756956189.2271137,
  "end_time_wall": 1756956189.2282674,
  "wall_time_sec": 0.0011538480011950014,
  "steps": 1,
  "packets": 1447,
  "dropped": 925,
  "running_total_steps": 851164,
  "running_total_packets": 12085380902,
  "running_total_dropped": 129634962,
  "running_total_time_sec": 2251.178166666001,
  "p_gb": 0.005,
  "p_bg": 0.3,
  "good_loss_rate": 0.0,
  "bad_loss_rate": 0.65
}