{
  "state": "bad",
  "episode_index": 13063,
  "state_ordinal": 6531,
  "start_time_wall": 1756957564.8623219,
  "end_time_wall": 1756957564.8919783,
  "wall_time_sec": 0.02965685100025439,
  "steps": 3,
  "packets": 75209,
  "dropped": 48805,
  "running_total_steps": 1359241,
  "running_total_packets": 19299429257,
  "running_total_dropped": 205707733,
  "running_total_time_sec": 3626.841878059,
  "p_gb": 0.005,
  "p_bg": 0.3,
  "good_loss_rate": 0.0,
  "bad_loss_rate": 0.65
}