{
  "state": "bad",
  "episode_index": 5227,
  "state_ordinal": 2613,
  "start_time_wall": 1756955326.4072633,
  "end_time_wall": 1756955326.5912006,
  "wall_time_sec": 0.18393711499993515,
  "steps": 4,
  "packets": 95463,
  "dropped": 61981,
  "running_total_steps": 525423,
  "running_total_packets": 7460441326,
  "running_total_dropped": 83147304,
  "running_total_time_sec": 1388.5410996320006,
  "p_gb": 0.005,
  "p_bg": 0.3,
  "good_loss_rate": 0.0,
  "bad_loss_rate": 0.65
}