{
  "state": "bad",
  "episode_index": 1925,
  "state_ordinal": 962,
  "start_time_wall": 1756954447.7830992,
  "end_time_wall": 1756954447.9642587,
  "wall_time_sec": 0.18115971099905437,
  "steps": 1,
  "packets": 11571,
  "dropped": 7532,
  "running_total_steps": 193166,
  "running_total_packets": 2742821062,
  "running_total_dropped": 31657382,
  "running_total_time_sec": 509.91415817599955,
  "p_gb": 0.005,
  "p_bg": 0.3,
  "good_loss_rate": 0.0,
  "bad_loss_rate": 0.65
}