{
  "state": "bad",
  "episode_index": 4339,
  "state_ordinal": 2169,
  "start_time_wall": 1756955070.5693336,
  "end_time_wall": 1756955070.743725,
  "wall_time_sec": 0.17439160299909418,
  "steps": 3,
  "packets": 31831,
  "dropped": 20708,
  "running_total_steps": 435202,
  "running_total_packets": 6179397114,
  "running_total_dropped": 69039650,
  "running_total_time_sec": 1132.693624301999,
  "p_gb": 0.005,
  "p_bg": 0.3,
  "good_loss_rate": 0.0,
  "bad_loss_rate": 0.65
}