{
  "state": "bad",
  "episode_index": 115,
  "state_ordinal": 57,
  "start_time_wall": 1756953961.5881574,
  "end_time_wall": 1756953961.5911465,
  "wall_time_sec": 0.0029891079993831227,
  "steps": 1,
  "packets": 11571,
  "dropped": 7502,
  "running_total_steps": 9515,
  "running_total_packets": 135191459,
  "running_total_dropped": 2240640,
  "running_total_time_sec": 23.541045743999348,
  "p_gb": 0.005,
  "p_bg": 0.3,
  "good_loss_rate": 0.0,
  "bad_loss_rate": 0.65
}