{
  "state": "bad",
  "episode_index": 9139,
  "state_ordinal": 4569,
  "start_time_wall": 1756956412.7295544,
  "end_time_wall": 1756956412.7332926,
  "wall_time_sec": 0.0037381040001491783,
  "steps": 1,
  "packets": 11571,
  "dropped": 7545,
  "running_total_steps": 939860,
  "running_total_packets": 13344698900,
  "running_total_dropped": 145201263,
  "running_total_time_sec": 2474.6831917630007,
  "p_gb": 0.005,
  "p_bg": 0.3,
  "good_loss_rate": 0.0,
  "bad_loss_rate": 0.65
}