{
  "state": "bad",
  "episode_index": 2593,
  "state_ordinal": 1296,
  "start_time_wall": 1756954631.9426875,
  "end_time_wall": 1756954631.945956,
  "wall_time_sec": 0.003268522999860579,
  "steps": 1,
  "packets": 11571,
  "dropped": 7469,
  "running_total_steps": 265379,
  "running_total_packets": 3768106295,
  "running_total_dropped": 41797301,
  "running_total_time_sec": 693.8958552999993,
  "p_gb": 0.005,
  "p_bg": 0.3,
  "good_loss_rate": 0.0,
  "bad_loss_rate": 0.65
}