{
  "state": "bad",
  "episode_index": 3927,
  "state_ordinal": 1963,
  "start_time_wall": 1756954984.1858022,
  "end_time_wall": 1756954984.2019305,
  "wall_time_sec": 0.01612828100041952,
  "steps": 2,
  "packets": 43390,
  "dropped": 28171,
  "running_total_steps": 392922,
  "running_total_packets": 5578979552,
  "running_total_dropped": 62410619,
  "running_total_time_sec": 1046.151829724,
  "p_gb": 0.005,
  "p_bg": 0.3,
  "good_loss_rate": 0.0,
  "bad_loss_rate": 0.65
}