{
  "state": "bad",
  "episode_index": 10675,
  "state_ordinal": 5337,
  "start_time_wall": 1756956887.3974535,
  "end_time_wall": 1756956887.5761802,
  "wall_time_sec": 0.17872675500075275,
  "steps": 2,
  "packets": 43390,
  "dropped": 28160,
  "running_total_steps": 1108539,
  "running_total_packets": 15739833909,
  "running_total_dropped": 168775963,
  "running_total_time_sec": 2949.526079632,
  "p_gb": 0.005,
  "p_bg": 0.3,
  "good_loss_rate": 0.0,
  "bad_loss_rate": 0.65
}