{
  "state": "bad",
  "episode_index": 8763,
  "state_ordinal": 4381,
  "start_time_wall": 1756956337.46109,
  "end_time_wall": 1756956337.4790685,
  "wall_time_sec": 0.017978781999772764,
  "steps": 4,
  "packets": 46284,
  "dropped": 29980,
  "running_total_steps": 904632,
  "running_total_packets": 12844566214,
  "running_total_dropped": 138738501,
  "running_total_time_sec": 2399.4289679859994,
  "p_gb": 0.005,
  "p_bg": 0.3,
  "good_loss_rate": 0.0,
  "bad_loss_rate": 0.65
}