{
  "state": "bad",
  "episode_index": 863,
  "state_ordinal": 431,
  "start_time_wall": 1756954152.759622,
  "end_time_wall": 1756954152.7735965,
  "wall_time_sec": 0.01397420800094551,
  "steps": 2,
  "packets": 31825,
  "dropped": 20567,
  "running_total_steps": 85752,
  "running_total_packets": 1217650495,
  "running_total_dropped": 13846717,
  "running_total_time_sec": 214.72349562300042,
  "p_gb": 0.005,
  "p_bg": 0.3,
  "good_loss_rate": 0.0,
  "bad_loss_rate": 0.65
}