{
  "state": "bad",
  "episode_index": 1317,
  "state_ordinal": 658,
  "start_time_wall": 1756954283.0006552,
  "end_time_wall": 1756954283.040395,
  "wall_time_sec": 0.03973997499997495,
  "steps": 3,
  "packets": 95457,
  "dropped": 62187,
  "running_total_steps": 131507,
  "running_total_packets": 1867371525,
  "running_total_dropped": 20782073,
  "running_total_time_sec": 344.9902942989993,
  "p_gb": 0.005,
  "p_bg": 0.3,
  "good_loss_rate": 0.0,
  "bad_loss_rate": 0.65
}