{
  "state": "bad",
  "episode_index": 3867,
  "state_ordinal": 1933,
  "start_time_wall": 1756954972.5164025,
  "end_time_wall": 1756954972.559334,
  "wall_time_sec": 0.042931728001349256,
  "steps": 6,
  "packets": 107040,
  "dropped": 69621,
  "running_total_steps": 387154,
  "running_total_packets": 5497189446,
  "running_total_dropped": 61521047,
  "running_total_time_sec": 1034.5092333150005,
  "p_gb": 0.005,
  "p_bg": 0.3,
  "good_loss_rate": 0.0,
  "bad_loss_rate": 0.65
}