{
  "state": "bad",
  "episode_index": 6421,
  "state_ordinal": 3210,
  "start_time_wall": 1756955675.6286502,
  "end_time_wall": 1756955675.6299999,
  "wall_time_sec": 0.0013496439987648046,
  "steps": 1,
  "packets": 1447,
  "dropped": 918,
  "running_total_steps": 652237,
  "running_total_packets": 9260853607,
  "running_total_dropped": 100893607,
  "running_total_time_sec": 1737.5798992309992,
  "p_gb": 0.005,
  "p_bg": 0.3,
  "good_loss_rate": 0.0,
  "bad_loss_rate": 0.65
}