{
  "state": "bad",
  "episode_index": 1629,
  "state_ordinal": 814,
  "start_time_wall": 1756954348.753955,
  "end_time_wall": 1756954348.7928836,
  "wall_time_sec": 0.038929111000470584,
  "steps": 5,
  "packets": 95469,
  "dropped": 61996,
  "running_total_steps": 162928,
  "running_total_packets": 2313433124,
  "running_total_dropped": 26303997,
  "running_total_time_sec": 410.74278303400024,
  "p_gb": 0.005,
  "p_bg": 0.3,
  "good_loss_rate": 0.0,
  "bad_loss_rate": 0.65
}