{
  "state": "bad",
  "episode_index": 1843,
  "state_ordinal": 921,
  "start_time_wall": 1756954398.6912117,
  "end_time_wall": 1756954398.8768575,
  "wall_time_sec": 0.1856457430003502,
  "steps": 2,
  "packets": 31825,
  "dropped": 20624,
  "running_total_steps": 186765,
  "running_total_packets": 2651955696,
  "running_total_dropped": 30380156,
  "running_total_time_sec": 460.82675685899994,
  "p_gb": 0.005,
  "p_bg": 0.3,
  "good_loss_rate": 0.0,
  "bad_loss_rate": 0.65
}