{
  "state": "bad",
  "episode_index": 11127,
  "state_ordinal": 5563,
  "start_time_wall": 1756956979.3679333,
  "end_time_wall": 1756956979.508676,
  "wall_time_sec": 0.14074286399954872,
  "steps": 1,
  "packets": 11571,
  "dropped": 7533,
  "running_total_steps": 1152617,
  "running_total_packets": 16365645983,
  "running_total_dropped": 175334791,
  "running_total_time_sec": 3041.458575289,
  "p_gb": 0.005,
  "p_bg": 0.3,
  "good_loss_rate": 0.0,
  "bad_loss_rate": 0.65
}