{
  "state": "bad",
  "episode_index": 10435,
  "state_ordinal": 5217,
  "start_time_wall": 1756956796.390987,
  "end_time_wall": 1756956796.4395108,
  "wall_time_sec": 0.04852384200057713,
  "steps": 10,
  "packets": 121511,
  "dropped": 79194,
  "running_total_steps": 1081261,
  "running_total_packets": 15352493877,
  "running_total_dropped": 164832078,
  "running_total_time_sec": 2858.389410001,
  "p_gb": 0.005,
  "p_bg": 0.3,
  "good_loss_rate": 0.0,
  "bad_loss_rate": 0.65
}