{
  "state": "bad",
  "episode_index": 7555,
  "state_ordinal": 3777,
  "start_time_wall": 1756956005.0429683,
  "end_time_wall": 1756956005.1928566,
  "wall_time_sec": 0.14988824099964404,
  "steps": 2,
  "packets": 13018,
  "dropped": 8462,
  "running_total_steps": 777875,
  "running_total_packets": 11044865615,
  "running_total_dropped": 118272119,
  "running_total_time_sec": 2067.14275583,
  "p_gb": 0.005,
  "p_bg": 0.3,
  "good_loss_rate": 0.0,
  "bad_loss_rate": 0.65
}