{
  "state": "bad",
  "episode_index": 6627,
  "state_ordinal": 3313,
  "start_time_wall": 1756955723.5401986,
  "end_time_wall": 1756955723.5761292,
  "wall_time_sec": 0.03593096599979617,
  "steps": 7,
  "packets": 89680,
  "dropped": 58188,
  "running_total_steps": 675448,
  "running_total_packets": 9590525128,
  "running_total_dropped": 103949080,
  "running_total_time_sec": 1785.5260288289992,
  "p_gb": 0.005,
  "p_bg": 0.3,
  "good_loss_rate": 0.0,
  "bad_loss_rate": 0.65
}