{
  "state": "bad",
  "episode_index": 11109,
  "state_ordinal": 5554,
  "start_time_wall": 1756956976.064615,
  "end_time_wall": 1756956976.0650954,
  "wall_time_sec": 0.0004806020006071776,
  "steps": 1,
  "packets": 6,
  "dropped": 5,
  "running_total_steps": 1150981,
  "running_total_packets": 16342438561,
  "running_total_dropped": 175089460,
  "running_total_time_sec": 3038.0149947709997,
  "p_gb": 0.005,
  "p_bg": 0.3,
  "good_loss_rate": 0.0,
  "bad_loss_rate": 0.65
}