{
  "state": "bad",
  "episode_index": 7887,
  "state_ordinal": 3943,
  "start_time_wall": 1756956082.157967,
  "end_time_wall": 1756956082.1715863,
  "wall_time_sec": 0.013619022000057157,
  "steps": 1,
  "packets": 31819,
  "dropped": 20764,
  "running_total_steps": 815774,
  "running_total_packets": 11582955528,
  "running_total_dropped": 124232627,
  "running_total_time_sec": 2144.121485490001,
  "p_gb": 0.005,
  "p_bg": 0.3,
  "good_loss_rate": 0.0,
  "bad_loss_rate": 0.65
}