{
  "state": "bad",
  "episode_index": 7375,
  "state_ordinal": 3687,
  "start_time_wall": 1756955929.6987767,
  "end_time_wall": 1756955929.7122664,
  "wall_time_sec": 0.013490129998899647,
  "steps": 1,
  "packets": 31819,
  "dropped": 20602,
  "running_total_steps": 758970,
  "running_total_packets": 10776326924,
  "running_total_dropped": 115121071,
  "running_total_time_sec": 1991.6621662519992,
  "p_gb": 0.005,
  "p_bg": 0.3,
  "good_loss_rate": 0.0,
  "bad_loss_rate": 0.65
}