{
  "state": "bad",
  "episode_index": 7349,
  "state_ordinal": 3674,
  "start_time_wall": 1756955924.8853571,
  "end_time_wall": 1756955924.889593,
  "wall_time_sec": 0.004235938999045175,
  "steps": 2,
  "packets": 13018,
  "dropped": 8443,
  "running_total_steps": 756677,
  "running_total_packets": 10743808473,
  "running_total_dropped": 114864288,
  "running_total_time_sec": 1986.8394922499992,
  "p_gb": 0.005,
  "p_bg": 0.3,
  "good_loss_rate": 0.0,
  "bad_loss_rate": 0.65
}