{
  "state": "bad",
  "episode_index": 7187,
  "state_ordinal": 3593,
  "start_time_wall": 1756955893.5647693,
  "end_time_wall": 1756955893.569401,
  "wall_time_sec": 0.004632104000847903,
  "steps": 4,
  "packets": 13030,
  "dropped": 8515,
  "running_total_steps": 741672,
  "running_total_packets": 10530723720,
  "running_total_dropped": 112252612,
  "running_total_time_sec": 1955.5193004640005,
  "p_gb": 0.005,
  "p_bg": 0.3,
  "good_loss_rate": 0.0,
  "bad_loss_rate": 0.65
}