{
  "state": "bad",
  "episode_index": 7109,
  "state_ordinal": 3554,
  "start_time_wall": 1756955877.641217,
  "end_time_wall": 1756955877.6543372,
  "wall_time_sec": 0.013120739999067155,
  "steps": 1,
  "packets": 31819,
  "dropped": 20738,
  "running_total_steps": 734076,
  "running_total_packets": 10422986538,
  "running_total_dropped": 111060843,
  "running_total_time_sec": 1939.6042368979997,
  "p_gb": 0.005,
  "p_bg": 0.3,
  "good_loss_rate": 0.0,
  "bad_loss_rate": 0.65
}