{
  "state": "bad",
  "episode_index": 14713,
  "state_ordinal": 7356,
  "start_time_wall": 1756958004.9911592,
  "end_time_wall": 1756958005.15518,
  "wall_time_sec": 0.16402102900065074,
  "steps": 1,
  "packets": 1447,
  "dropped": 989,
  "running_total_steps": 1537900,
  "running_total_packets": 21836121746,
  "running_total_dropped": 230614320,
  "running_total_time_sec": 4067.10507944,
  "p_gb": 0.005,
  "p_bg": 0.3,
  "good_loss_rate": 0.0,
  "bad_loss_rate": 0.65
}