{
  "state": "bad",
  "episode_index": 5269,
  "state_ordinal": 2634,
  "start_time_wall": 1756955334.8327396,
  "end_time_wall": 1756955334.8615184,
  "wall_time_sec": 0.028778783000234398,
  "steps": 3,
  "packets": 75209,
  "dropped": 48854,
  "running_total_steps": 529576,
  "running_total_packets": 7519310416,
  "running_total_dropped": 83747844,
  "running_total_time_sec": 1396.811417637,
  "p_gb": 0.005,
  "p_bg": 0.3,
  "good_loss_rate": 0.0,
  "bad_loss_rate": 0.65
}