{
  "state": "bad",
  "episode_index": 13811,
  "state_ordinal": 6905,
  "start_time_wall": 1756957769.8926516,
  "end_time_wall": 1756957769.9911017,
  "wall_time_sec": 0.09845038000094064,
  "steps": 21,
  "packets": 254593,
  "dropped": 165431,
  "running_total_steps": 1440413,
  "running_total_packets": 20451969107,
  "running_total_dropped": 216757193,
  "running_total_time_sec": 3831.9410010190004,
  "p_gb": 0.005,
  "p_bg": 0.3,
  "good_loss_rate": 0.0,
  "bad_loss_rate": 0.65
}