{
  "state": "bad",
  "episode_index": 5969,
  "state_ordinal": 2984,
  "start_time_wall": 1756955531.1214292,
  "end_time_wall": 1756955531.1345093,
  "wall_time_sec": 0.01308010100001411,
  "steps": 2,
  "packets": 31825,
  "dropped": 20715,
  "running_total_steps": 607941,
  "running_total_packets": 8632005356,
  "running_total_dropped": 94266512,
  "running_total_time_sec": 1593.0844085400004,
  "p_gb": 0.005,
  "p_bg": 0.3,
  "good_loss_rate": 0.0,
  "bad_loss_rate": 0.65
}