{
  "state": "bad",
  "episode_index": 6101,
  "state_ordinal": 3050,
  "start_time_wall": 1756955560.313304,
  "end_time_wall": 1756955560.4698043,
  "wall_time_sec": 0.15650028100026248,
  "steps": 2,
  "packets": 12,
  "dropped": 9,
  "running_total_steps": 622204,
  "running_total_packets": 8834511964,
  "running_total_dropped": 95993354,
  "running_total_time_sec": 1622.4197035960005,
  "p_gb": 0.005,
  "p_bg": 0.3,
  "good_loss_rate": 0.0,
  "bad_loss_rate": 0.65
}