{
  "state": "bad",
  "episode_index": 11321,
  "state_ordinal": 5660,
  "start_time_wall": 1756957054.1401036,
  "end_time_wall": 1756957054.1827037,
  "wall_time_sec": 0.04260035699917353,
  "steps": 5,
  "packets": 108475,
  "dropped": 70451,
  "running_total_steps": 1172714,
  "running_total_packets": 16651026100,
  "running_total_dropped": 178212880,
  "running_total_time_sec": 3116.132603128999,
  "p_gb": 0.005,
  "p_bg": 0.3,
  "good_loss_rate": 0.0,
  "bad_loss_rate": 0.65
}