{
  "state": "bad",
  "episode_index": 6233,
  "state_ordinal": 3116,
  "start_time_wall": 1756955583.7998068,
  "end_time_wall": 1756955583.8207803,
  "wall_time_sec": 0.020973949000108405,
  "steps": 5,
  "packets": 57855,
  "dropped": 37862,
  "running_total_steps": 633657,
  "running_total_packets": 8997121583,
  "running_total_dropped": 98002477,
  "running_total_time_sec": 1645.77067987,
  "p_gb": 0.005,
  "p_bg": 0.3,
  "good_loss_rate": 0.0,
  "bad_loss_rate": 0.65
}