{
  "state": "bad",
  "episode_index": 6827,
  "state_ordinal": 3413,
  "start_time_wall": 1756955775.218371,
  "end_time_wall": 1756955775.398177,
  "wall_time_sec": 0.17980615099986608,
  "steps": 2,
  "packets": 63638,
  "dropped": 41572,
  "running_total_steps": 701029,
  "running_total_packets": 9953701617,
  "running_total_dropped": 106934782,
  "running_total_time_sec": 1837.3480762199997,
  "p_gb": 0.005,
  "p_bg": 0.3,
  "good_loss_rate": 0.0,
  "bad_loss_rate": 0.65
}