{
  "state": "bad",
  "episode_index": 11511,
  "state_ordinal": 5755,
  "start_time_wall": 1756957090.4320226,
  "end_time_wall": 1756957090.603603,
  "wall_time_sec": 0.17158032800034562,
  "steps": 5,
  "packets": 26042,
  "dropped": 17013,
  "running_total_steps": 1190261,
  "running_total_packets": 16900071957,
  "running_total_dropped": 181191995,
  "running_total_time_sec": 3152.553502097,
  "p_gb": 0.005,
  "p_bg": 0.3,
  "good_loss_rate": 0.0,
  "bad_loss_rate": 0.65
}