{
  "state": "bad",
  "episode_index": 12483,
  "state_ordinal": 6241,
  "start_time_wall": 1756957403.4547515,
  "end_time_wall": 1756957403.6280751,
  "wall_time_sec": 0.17332352500125126,
  "steps": 4,
  "packets": 46284,
  "dropped": 29973,
  "running_total_steps": 1298025,
  "running_total_packets": 18430167803,
  "running_total_dropped": 196631402,
  "running_total_time_sec": 3465.5779742600007,
  "p_gb": 0.005,
  "p_bg": 0.3,
  "good_loss_rate": 0.0,
  "bad_loss_rate": 0.65
}