{
  "state": "bad",
  "episode_index": 5609,
  "state_ordinal": 2804,
  "start_time_wall": 1756955412.205937,
  "end_time_wall": 1756955412.20643,
  "wall_time_sec": 0.0004931930016027763,
  "steps": 1,
  "packets": 6,
  "dropped": 3,
  "running_total_steps": 567294,
  "running_total_packets": 8054906597,
  "running_total_dropped": 88548514,
  "running_total_time_sec": 1474.1563291790007,
  "p_gb": 0.005,
  "p_bg": 0.3,
  "good_loss_rate": 0.0,
  "bad_loss_rate": 0.65
}