{
  "state": "bad",
  "episode_index": 13017,
  "state_ordinal": 6508,
  "start_time_wall": 1756957553.273394,
  "end_time_wall": 1756957553.2868946,
  "wall_time_sec": 0.013500295999619993,
  "steps": 2,
  "packets": 31825,
  "dropped": 20688,
  "running_total_steps": 1353615,
  "running_total_packets": 19219551406,
  "running_total_dropped": 205022232,
  "running_total_time_sec": 3615.2367937609997,
  "p_gb": 0.005,
  "p_bg": 0.3,
  "good_loss_rate": 0.0,
  "bad_loss_rate": 0.65
}