{
  "state": "bad",
  "episode_index": 14309,
  "state_ordinal": 7154,
  "start_time_wall": 1756957917.2369564,
  "end_time_wall": 1756957917.435094,
  "wall_time_sec": 0.19813829700069618,
  "steps": 7,
  "packets": 57867,
  "dropped": 37934,
  "running_total_steps": 1495656,
  "running_total_packets": 21236356546,
  "running_total_dropped": 224826940,
  "running_total_time_sec": 3979.3849938460007,
  "p_gb": 0.005,
  "p_bg": 0.3,
  "good_loss_rate": 0.0,
  "bad_loss_rate": 0.65
}