{
  "state": "bad",
  "episode_index": 975,
  "state_ordinal": 487,
  "start_time_wall": 1756954179.3558939,
  "end_time_wall": 1756954179.5269468,
  "wall_time_sec": 0.17105353999977524,
  "steps": 1,
  "packets": 31819,
  "dropped": 20691,
  "running_total_steps": 98396,
  "running_total_packets": 1397204250,
  "running_total_dropped": 15410324,
  "running_total_time_sec": 241.47684660800041,
  "p_gb": 0.005,
  "p_bg": 0.3,
  "good_loss_rate": 0.0,
  "bad_loss_rate": 0.65
}