{
  "state": "good",
  "episode_index": 868,
  "state_ordinal": 434,
  "start_time_wall": 1756954153.5608602,
  "end_time_wall": 1756954154.159071,
  "wall_time_sec": 0.5982106650008063,
  "steps": 164,
  "packets": 2367891,
  "dropped": 1,
  "running_total_steps": 86265,
  "running_total_packets": 1224997196,
  "running_total_dropped": 13856121,
  "running_total_time_sec": 216.10897010900044,
  "p_gb": 0.005,
  "p_bg": 0.3,
  "good_loss_rate": 0.0,
  "bad_loss_rate": 0.65
}