{
  "state": "good",
  "episode_index": 6416,
  "state_ordinal": 3208,
  "start_time_wall": 1756955675.5195897,
  "end_time_wall": 1756955675.5414946,
  "wall_time_sec": 0.021904704000917263,
  "steps": 173,
  "packets": 2477831,
  "dropped": 0,
  "running_total_steps": 652099,
  "running_total_packets": 9259016567,
  "running_total_dropped": 100772184,
  "running_total_time_sec": 1737.4913936390003,
  "p_gb": 0.005,
  "p_bg": 0.3,
  "good_loss_rate": 0.0,
  "bad_loss_rate": 0.65
}