{
  "state": "good",
  "episode_index": 13740,
  "state_ordinal": 6870,
  "start_time_wall": 1756957755.8205369,
  "end_time_wall": 1756957755.8506956,
  "wall_time_sec": 0.030158902000039234,
  "steps": 254,
  "packets": 3581500,
  "dropped": 0,
  "running_total_steps": 1433660,
  "running_total_packets": 20356029474,
  "running_total_dropped": 215899888,
  "running_total_time_sec": 3817.8005950219995,
  "p_gb": 0.005,
  "p_bg": 0.3,
  "good_loss_rate": 0.0,
  "bad_loss_rate": 0.65
}