{
  "state": "good",
  "episode_index": 3538,
  "state_ordinal": 1769,
  "start_time_wall": 1756954881.9980469,
  "end_time_wall": 1756954882.0100348,
  "wall_time_sec": 0.011987489999228274,
  "steps": 93,
  "packets": 1278694,
  "dropped": 0,
  "running_total_steps": 360537,
  "running_total_packets": 5119198044,
  "running_total_dropped": 56840552,
  "running_total_time_sec": 943.9599339289998,
  "p_gb": 0.005,
  "p_bg": 0.3,
  "good_loss_rate": 0.0,
  "bad_loss_rate": 0.65
}