{
  "state": "good",
  "episode_index": 8968,
  "state_ordinal": 4484,
  "start_time_wall": 1756956381.5675461,
  "end_time_wall": 1756956382.2057178,
  "wall_time_sec": 0.638171598999179,
  "steps": 449,
  "packets": 6358749,
  "dropped": 0,
  "running_total_steps": 925983,
  "running_total_packets": 13147688941,
  "running_total_dropped": 142174729,
  "running_total_time_sec": 2444.1556168629995,
  "p_gb": 0.005,
  "p_bg": 0.3,
  "good_loss_rate": 0.0,
  "bad_loss_rate": 0.65
}