{
  "state": "good",
  "episode_index": 3802,
  "state_ordinal": 1901,
  "start_time_wall": 1756954927.7108903,
  "end_time_wall": 1756954927.910071,
  "wall_time_sec": 0.19917993300077796,
  "steps": 100,
  "packets": 1453724,
  "dropped": 0,
  "running_total_steps": 382728,
  "running_total_packets": 5434339622,
  "running_total_dropped": 60542550,
  "running_total_time_sec": 989.8599698580001,
  "p_gb": 0.005,
  "p_bg": 0.3,
  "good_loss_rate": 0.0,
  "bad_loss_rate": 0.65
}