{
  "state": "good",
  "episode_index": 14056,
  "state_ordinal": 7028,
  "start_time_wall": 1756957829.1476002,
  "end_time_wall": 1756957829.1900194,
  "wall_time_sec": 0.042418855999130756,
  "steps": 358,
  "packets": 5014965,
  "dropped": 0,
  "running_total_steps": 1469508,
  "running_total_packets": 20864987163,
  "running_total_dropped": 220541011,
  "running_total_time_sec": 3891.139918499999,
  "p_gb": 0.005,
  "p_bg": 0.3,
  "good_loss_rate": 0.0,
  "bad_loss_rate": 0.65
}