{
  "state": "good",
  "episode_index": 8932,
  "state_ordinal": 4466,
  "start_time_wall": 1756956372.5056577,
  "end_time_wall": 1756956372.5113337,
  "wall_time_sec": 0.0056760839997878065,
  "steps": 53,
  "packets": 717459,
  "dropped": 0,
  "running_total_steps": 921082,
  "running_total_packets": 13078165038,
  "running_total_dropped": 141822599,
  "running_total_time_sec": 2434.4612329030006,
  "p_gb": 0.005,
  "p_bg": 0.3,
  "good_loss_rate": 0.0,
  "bad_loss_rate": 0.65
}