{
  "state": "good",
  "episode_index": 1808,
  "state_ordinal": 904,
  "start_time_wall": 1756954388.1053936,
  "end_time_wall": 1756954388.1400352,
  "wall_time_sec": 0.03464136399998097,
  "steps": 297,
  "packets": 4177448,
  "dropped": 0,
  "running_total_steps": 181875,
  "running_total_packets": 2582430346,
  "running_total_dropped": 29820550,
  "running_total_time_sec": 450.0899343740002,
  "p_gb": 0.005,
  "p_bg": 0.3,
  "good_loss_rate": 0.0,
  "bad_loss_rate": 0.65
}