{
  "state": "good",
  "episode_index": 3514,
  "state_ordinal": 1757,
  "start_time_wall": 1756954874.7266932,
  "end_time_wall": 1756954875.312564,
  "wall_time_sec": 0.5858706119997805,
  "steps": 304,
  "packets": 4372726,
  "dropped": 0,
  "running_total_steps": 357453,
  "running_total_packets": 5075430273,
  "running_total_dropped": 56421826,
  "running_total_time_sec": 937.2624630619994,
  "p_gb": 0.005,
  "p_bg": 0.3,
  "good_loss_rate": 0.0,
  "bad_loss_rate": 0.65
}