{
  "state": "good",
  "episode_index": 6764,
  "state_ordinal": 3382,
  "start_time_wall": 1756955757.6672087,
  "end_time_wall": 1756955758.2429104,
  "wall_time_sec": 0.5757015149993094,
  "steps": 125,
  "packets": 1786414,
  "dropped": 0,
  "running_total_steps": 692477,
  "running_total_packets": 9832315405,
  "running_total_dropped": 105930551,
  "running_total_time_sec": 1820.192809573,
  "p_gb": 0.005,
  "p_bg": 0.3,
  "good_loss_rate": 0.0,
  "bad_loss_rate": 0.65
}