{
  "state": "good",
  "episode_index": 12958,
  "state_ordinal": 6479,
  "start_time_wall": 1756957503.80927,
  "end_time_wall": 1756957504.3798208,
  "wall_time_sec": 0.5705508050014032,
  "steps": 149,
  "packets": 2127781,
  "dropped": 0,
  "running_total_steps": 1346137,
  "running_total_packets": 19113363423,
  "running_total_dropped": 204011504,
  "running_total_time_sec": 3566.329720027001,
  "p_gb": 0.005,
  "p_bg": 0.3,
  "good_loss_rate": 0.0,
  "bad_loss_rate": 0.65
}