{
  "state": "good",
  "episode_index": 11552,
  "state_ordinal": 5776,
  "start_time_wall": 1756957101.666551,
  "end_time_wall": 1756957101.678153,
  "wall_time_sec": 0.011600859999816748,
  "steps": 70,
  "packets": 1120998,
  "dropped": 0,
  "running_total_steps": 1195819,
  "running_total_packets": 16979073231,
  "running_total_dropped": 181814323,
  "running_total_time_sec": 3163.628052225,
  "p_gb": 0.005,
  "p_bg": 0.3,
  "good_loss_rate": 0.0,
  "bad_loss_rate": 0.65
}