{
  "state": "good",
  "episode_index": 5482,
  "state_ordinal": 2741,
  "start_time_wall": 1756955380.251443,
  "end_time_wall": 1756955380.879492,
  "wall_time_sec": 0.6280489989985654,
  "steps": 481,
  "packets": 6788361,
  "dropped": 0,
  "running_total_steps": 552145,
  "running_total_packets": 7839709981,
  "running_total_dropped": 86757311,
  "running_total_time_sec": 1442.8293912209992,
  "p_gb": 0.005,
  "p_bg": 0.3,
  "good_loss_rate": 0.0,
  "bad_loss_rate": 0.65
}