{
  "state": "good",
  "episode_index": 8856,
  "state_ordinal": 4428,
  "start_time_wall": 1756956357.1760266,
  "end_time_wall": 1756956357.1794574,
  "wall_time_sec": 0.0034308869999222225,
  "steps": 24,
  "packets": 352932,
  "dropped": 0,
  "running_total_steps": 913580,
  "running_total_packets": 12971719562,
  "running_total_dropped": 140627380,
  "running_total_time_sec": 2419.1293567739995,
  "p_gb": 0.005,
  "p_bg": 0.3,
  "good_loss_rate": 0.0,
  "bad_loss_rate": 0.65
}