{
  "state": "good",
  "episode_index": 7108,
  "state_ordinal": 3554,
  "start_time_wall": 1756955876.8351831,
  "end_time_wall": 1756955877.641217,
  "wall_time_sec": 0.8060338989998854,
  "steps": 508,
  "packets": 7251232,
  "dropped": 1,
  "running_total_steps": 734075,
  "running_total_packets": 10422954719,
  "running_total_dropped": 111040105,
  "running_total_time_sec": 1939.5911161580007,
  "p_gb": 0.005,
  "p_bg": 0.3,
  "good_loss_rate": 0.0,
  "bad_loss_rate": 0.65
}