{
  "state": "good",
  "episode_index": 10454,
  "state_ordinal": 5227,
  "start_time_wall": 1756956798.8165247,
  "end_time_wall": 1756956800.161116,
  "wall_time_sec": 1.344591021999804,
  "steps": 633,
  "packets": 9001475,
  "dropped": 0,
  "running_total_steps": 1083358,
  "running_total_packets": 15382216266,
  "running_total_dropped": 164911962,
  "running_total_time_sec": 2862.111015175,
  "p_gb": 0.005,
  "p_bg": 0.3,
  "good_loss_rate": 0.0,
  "bad_loss_rate": 0.65
}