{
  "state": "good",
  "episode_index": 11138,
  "state_ordinal": 5569,
  "start_time_wall": 1756956981.1260214,
  "end_time_wall": 1756956982.4720068,
  "wall_time_sec": 1.345985109999674,
  "steps": 560,
  "packets": 8017864,
  "dropped": 1,
  "running_total_steps": 1153994,
  "running_total_packets": 16385247304,
  "running_total_dropped": 175406190,
  "running_total_time_sec": 3044.4219060319992,
  "p_gb": 0.005,
  "p_bg": 0.3,
  "good_loss_rate": 0.0,
  "bad_loss_rate": 0.65
}