{
  "state": "good",
  "episode_index": 8046,
  "state_ordinal": 4023,
  "start_time_wall": 1756956122.4639714,
  "end_time_wall": 1756956122.4647007,
  "wall_time_sec": 0.0007293790004041512,
  "steps": 4,
  "packets": 46284,
  "dropped": 0,
  "running_total_steps": 835296,
  "running_total_packets": 11860086354,
  "running_total_dropped": 127119054,
  "running_total_time_sec": 2184.4145999249995,
  "p_gb": 0.005,
  "p_bg": 0.3,
  "good_loss_rate": 0.0,
  "bad_loss_rate": 0.65
}