{
  "state": "good",
  "episode_index": 14382,
  "state_ordinal": 7191,
  "start_time_wall": 1756957931.5063896,
  "end_time_wall": 1756957931.5174506,
  "wall_time_sec": 0.011060623999583186,
  "steps": 86,
  "packets": 1337990,
  "dropped": 0,
  "running_total_steps": 1502756,
  "running_total_packets": 21337157814,
  "running_total_dropped": 225814377,
  "running_total_time_sec": 3993.467349593,
  "p_gb": 0.005,
  "p_bg": 0.3,
  "good_loss_rate": 0.0,
  "bad_loss_rate": 0.65
}