{
  "state": "good",
  "episode_index": 9754,
  "state_ordinal": 4877,
  "start_time_wall": 1756956605.8179886,
  "end_time_wall": 1756956606.4380753,
  "wall_time_sec": 0.6200865449991397,
  "steps": 274,
  "packets": 3857776,
  "dropped": 0,
  "running_total_steps": 1006496,
  "running_total_packets": 14290958246,
  "running_total_dropped": 154053980,
  "running_total_time_sec": 2668.3879746759994,
  "p_gb": 0.005,
  "p_bg": 0.3,
  "good_loss_rate": 0.0,
  "bad_loss_rate": 0.65
}