{
  "state": "good",
  "episode_index": 1684,
  "state_ordinal": 842,
  "start_time_wall": 1756954361.2354846,
  "end_time_wall": 1756954361.238114,
  "wall_time_sec": 0.002629397000418976,
  "steps": 19,
  "packets": 254581,
  "dropped": 0,
  "running_total_steps": 168788,
  "running_total_packets": 2396587268,
  "running_total_dropped": 27099927,
  "running_total_time_sec": 423.1880133049999,
  "p_gb": 0.005,
  "p_bg": 0.3,
  "good_loss_rate": 0.0,
  "bad_loss_rate": 0.65
}