{
  "state": "good",
  "episode_index": 2524,
  "state_ordinal": 1262,
  "start_time_wall": 1756954579.2769387,
  "end_time_wall": 1756954615.4232376,
  "wall_time_sec": 36.14629879600034,
  "steps": 242,
  "packets": 3564134,
  "dropped": 0,
  "running_total_steps": 257304,
  "running_total_packets": 3653495414,
  "running_total_dropped": 40783351,
  "running_total_time_sec": 677.373136876,
  "p_gb": 0.005,
  "p_bg": 0.3,
  "good_loss_rate": 0.0,
  "bad_loss_rate": 0.65
}