{
  "state": "good",
  "episode_index": 11720,
  "state_ordinal": 5860,
  "start_time_wall": 1756957138.1312778,
  "end_time_wall": 1756957138.1405668,
  "wall_time_sec": 0.00928877200021816,
  "steps": 71,
  "packets": 970593,
  "dropped": 0,
  "running_total_steps": 1213628,
  "running_total_packets": 17231840894,
  "running_total_dropped": 184612714,
  "running_total_time_sec": 3200.0904660279994,
  "p_gb": 0.005,
  "p_bg": 0.3,
  "good_loss_rate": 0.0,
  "bad_loss_rate": 0.65
}