{
  "state": "good",
  "episode_index": 2152,
  "state_ordinal": 1076,
  "start_time_wall": 1756954492.4065685,
  "end_time_wall": 1756954492.4211023,
  "wall_time_sec": 0.014533728000969859,
  "steps": 113,
  "packets": 1553529,
  "dropped": 0,
  "running_total_steps": 214648,
  "running_total_packets": 3047740328,
  "running_total_dropped": 35516260,
  "running_total_time_sec": 554.3710015420002,
  "p_gb": 0.005,
  "p_bg": 0.3,
  "good_loss_rate": 0.0,
  "bad_loss_rate": 0.65
}