{
  "state": "good",
  "episode_index": 14130,
  "state_ordinal": 7065,
  "start_time_wall": 1756957842.4191933,
  "end_time_wall": 1756957843.005916,
  "wall_time_sec": 0.5867226179998397,
  "steps": 168,
  "packets": 2412734,
  "dropped": 0,
  "running_total_steps": 1476066,
  "running_total_packets": 20958130740,
  "running_total_dropped": 221643300,
  "running_total_time_sec": 3904.9558152299996,
  "p_gb": 0.005,
  "p_bg": 0.3,
  "good_loss_rate": 0.0,
  "bad_loss_rate": 0.65
}