{
  "state": "good",
  "episode_index": 4972,
  "state_ordinal": 2486,
  "start_time_wall": 1756955240.1329324,
  "end_time_wall": 1756955240.1341064,
  "wall_time_sec": 0.0011737989989342168,
  "steps": 9,
  "packets": 121505,
  "dropped": 0,
  "running_total_steps": 500937,
  "running_total_packets": 7112749472,
  "running_total_dropped": 78838020,
  "running_total_time_sec": 1302.0840054599994,
  "p_gb": 0.005,
  "p_bg": 0.3,
  "good_loss_rate": 0.0,
  "bad_loss_rate": 0.65
}