{
  "state": "good",
  "episode_index": 4948,
  "state_ordinal": 2474,
  "start_time_wall": 1756955234.3872616,
  "end_time_wall": 1756955234.3987293,
  "wall_time_sec": 0.011467491000075825,
  "steps": 86,
  "packets": 1200579,
  "dropped": 0,
  "running_total_steps": 498066,
  "running_total_packets": 7071884797,
  "running_total_dropped": 78617832,
  "running_total_time_sec": 1296.348628525,
  "p_gb": 0.005,
  "p_bg": 0.3,
  "good_loss_rate": 0.0,
  "bad_loss_rate": 0.65
}