{
  "state": "good",
  "episode_index": 13274,
  "state_ordinal": 6637,
  "start_time_wall": 1756957609.7630854,
  "end_time_wall": 1756957610.4078588,
  "wall_time_sec": 0.6447735179990559,
  "steps": 493,
  "packets": 6924331,
  "dropped": 0,
  "running_total_steps": 1380790,
  "running_total_packets": 19605330692,
  "running_total_dropped": 208971179,
  "running_total_time_sec": 3672.357758245,
  "p_gb": 0.005,
  "p_bg": 0.3,
  "good_loss_rate": 0.0,
  "bad_loss_rate": 0.65
}