{
  "state": "good",
  "episode_index": 1334,
  "state_ordinal": 667,
  "start_time_wall": 1756954287.297853,
  "end_time_wall": 1756954287.3048093,
  "wall_time_sec": 0.006956354000067222,
  "steps": 50,
  "packets": 716000,
  "dropped": 0,
  "running_total_steps": 133316,
  "running_total_packets": 1893056778,
  "running_total_dropped": 21052775,
  "running_total_time_sec": 349.2547084939997,
  "p_gb": 0.005,
  "p_bg": 0.3,
  "good_loss_rate": 0.0,
  "bad_loss_rate": 0.65
}