{
  "state": "good",
  "episode_index": 3252,
  "state_ordinal": 1626,
  "start_time_wall": 1756954826.1843684,
  "end_time_wall": 1756954826.2263312,
  "wall_time_sec": 0.041962032999435905,
  "steps": 322,
  "packets": 4476884,
  "dropped": 3,
  "running_total_steps": 333440,
  "running_total_packets": 4734416846,
  "running_total_dropped": 52995447,
  "running_total_time_sec": 888.1762302419993,
  "p_gb": 0.005,
  "p_bg": 0.3,
  "good_loss_rate": 0.0,
  "bad_loss_rate": 0.65
}