{
  "state": "good",
  "episode_index": 8082,
  "state_ordinal": 4041,
  "start_time_wall": 1756956162.3197274,
  "end_time_wall": 1756956162.3363135,
  "wall_time_sec": 0.016586027999437647,
  "steps": 157,
  "packets": 2172613,
  "dropped": 0,
  "running_total_steps": 838331,
  "running_total_packets": 11903201757,
  "running_total_dropped": 127566751,
  "running_total_time_sec": 2224.286212666,
  "p_gb": 0.005,
  "p_bg": 0.3,
  "good_loss_rate": 0.0,
  "bad_loss_rate": 0.65
}