{
  "state": "good",
  "episode_index": 8054,
  "state_ordinal": 4027,
  "start_time_wall": 1756956122.5425467,
  "end_time_wall": 1756956122.5447888,
  "wall_time_sec": 0.002241827000034391,
  "steps": 21,
  "packets": 257475,
  "dropped": 0,
  "running_total_steps": 835469,
  "running_total_packets": 11862543937,
  "running_total_dropped": 127217951,
  "running_total_time_sec": 2184.4946878379997,
  "p_gb": 0.005,
  "p_bg": 0.3,
  "good_loss_rate": 0.0,
  "bad_loss_rate": 0.65
}