{
  "state": "good",
  "episode_index": 6936,
  "state_ordinal": 3468,
  "start_time_wall": 1756955831.0715675,
  "end_time_wall": 1756955831.6547456,
  "wall_time_sec": 0.5831779529999039,
  "steps": 101,
  "packets": 1517356,
  "dropped": 0,
  "running_total_steps": 711822,
  "running_total_packets": 10106994425,
  "running_total_dropped": 108534302,
  "running_total_time_sec": 1893.6046449450005,
  "p_gb": 0.005,
  "p_bg": 0.3,
  "good_loss_rate": 0.0,
  "bad_loss_rate": 0.65
}