{
  "state": "good",
  "episode_index": 7250,
  "state_ordinal": 3625,
  "start_time_wall": 1756955906.205289,
  "end_time_wall": 1756955906.232281,
  "wall_time_sec": 0.02699208700141753,
  "steps": 224,
  "packets": 3141776,
  "dropped": 0,
  "running_total_steps": 747849,
  "running_total_packets": 10618466117,
  "running_total_dropped": 113280511,
  "running_total_time_sec": 1968.1821803090006,
  "p_gb": 0.005,
  "p_bg": 0.3,
  "good_loss_rate": 0.0,
  "bad_loss_rate": 0.65
}