{
  "state": "good",
  "episode_index": 2384,
  "state_ordinal": 1192,
  "start_time_wall": 1756954550.1516376,
  "end_time_wall": 1756954550.176033,
  "wall_time_sec": 0.024395136000748607,
  "steps": 206,
  "packets": 2898766,
  "dropped": 0,
  "running_total_steps": 242937,
  "running_total_packets": 3449426613,
  "running_total_dropped": 38814702,
  "running_total_time_sec": 612.1259320970003,
  "p_gb": 0.005,
  "p_bg": 0.3,
  "good_loss_rate": 0.0,
  "bad_loss_rate": 0.65
}