{
  "state": "good",
  "episode_index": 11134,
  "state_ordinal": 5567,
  "start_time_wall": 1756956981.0774362,
  "end_time_wall": 1756956981.0824156,
  "wall_time_sec": 0.004979236000508536,
  "steps": 38,
  "packets": 499038,
  "dropped": 0,
  "running_total_steps": 1153320,
  "running_total_packets": 16375545736,
  "running_total_dropped": 175356504,
  "running_total_time_sec": 3043.0323147510007,
  "p_gb": 0.005,
  "p_bg": 0.3,
  "good_loss_rate": 0.0,
  "bad_loss_rate": 0.65
}