{
  "state": "good",
  "episode_index": 14736,
  "state_ordinal": 7368,
  "start_time_wall": 1756958009.2321014,
  "end_time_wall": 1756958009.2400742,
  "wall_time_sec": 0.007972805000463268,
  "steps": 54,
  "packets": 834628,
  "dropped": 0,
  "running_total_steps": 1540066,
  "running_total_packets": 21866907308,
  "running_total_dropped": 230982734,
  "running_total_time_sec": 4071.1899734470007,
  "p_gb": 0.005,
  "p_bg": 0.3,
  "good_loss_rate": 0.0,
  "bad_loss_rate": 0.65
}