{
  "state": "good",
  "episode_index": 10534,
  "state_ordinal": 5267,
  "start_time_wall": 1756956816.5104582,
  "end_time_wall": 1756956816.515236,
  "wall_time_sec": 0.00477756500004034,
  "steps": 42,
  "packets": 593060,
  "dropped": 0,
  "running_total_steps": 1091164,
  "running_total_packets": 15493064840,
  "running_total_dropped": 166555116,
  "running_total_time_sec": 2878.4651349270007,
  "p_gb": 0.005,
  "p_bg": 0.3,
  "good_loss_rate": 0.0,
  "bad_loss_rate": 0.65
}