{
  "state": "good",
  "episode_index": 1682,
  "state_ordinal": 841,
  "start_time_wall": 1756954361.2148848,
  "end_time_wall": 1756954361.2301059,
  "wall_time_sec": 0.015220971001326689,
  "steps": 117,
  "packets": 1579565,
  "dropped": 0,
  "running_total_steps": 168765,
  "running_total_packets": 2396318216,
  "running_total_dropped": 27090571,
  "running_total_time_sec": 423.1800051200007,
  "p_gb": 0.005,
  "p_bg": 0.3,
  "good_loss_rate": 0.0,
  "bad_loss_rate": 0.65
}