{
  "state": "good",
  "episode_index": 1442,
  "state_ordinal": 721,
  "start_time_wall": 1756954311.267262,
  "end_time_wall": 1756954311.8275187,
  "wall_time_sec": 0.5602565179997328,
  "steps": 138,
  "packets": 2003382,
  "dropped": 0,
  "running_total_steps": 144937,
  "running_total_packets": 2058066125,
  "running_total_dropped": 23127653,
  "running_total_time_sec": 373.7774179480002,
  "p_gb": 0.005,
  "p_bg": 0.3,
  "good_loss_rate": 0.0,
  "bad_loss_rate": 0.65
}