{
  "state": "good",
  "episode_index": 12764,
  "state_ordinal": 6382,
  "start_time_wall": 1756957461.5243225,
  "end_time_wall": 1756957461.5291562,
  "wall_time_sec": 0.004833021999729681,
  "steps": 43,
  "packets": 564135,
  "dropped": 0,
  "running_total_steps": 1325479,
  "running_total_packets": 18820017497,
  "running_total_dropped": 201093528,
  "running_total_time_sec": 3523.4790553929997,
  "p_gb": 0.005,
  "p_bg": 0.3,
  "good_loss_rate": 0.0,
  "bad_loss_rate": 0.65
}