{
  "state": "good",
  "episode_index": 2316,
  "state_ordinal": 1158,
  "start_time_wall": 1756954533.7471752,
  "end_time_wall": 1756954534.3483121,
  "wall_time_sec": 0.6011369119987648,
  "steps": 348,
  "packets": 4978804,
  "dropped": 0,
  "running_total_steps": 235280,
  "running_total_packets": 3340733310,
  "running_total_dropped": 37871806,
  "running_total_time_sec": 596.2982112989994,
  "p_gb": 0.005,
  "p_bg": 0.3,
  "good_loss_rate": 0.0,
  "bad_loss_rate": 0.65
}