{
  "state": "good",
  "episode_index": 3934,
  "state_ordinal": 1967,
  "start_time_wall": 1756954985.057188,
  "end_time_wall": 1756954985.0600657,
  "wall_time_sec": 0.002877880000596633,
  "steps": 23,
  "packets": 350044,
  "dropped": 0,
  "running_total_steps": 393318,
  "running_total_packets": 5584629525,
  "running_total_dropped": 62552132,
  "running_total_time_sec": 1047.0099652860008,
  "p_gb": 0.005,
  "p_bg": 0.3,
  "good_loss_rate": 0.0,
  "bad_loss_rate": 0.65
}