{
  "state": "good",
  "episode_index": 2390,
  "state_ordinal": 1195,
  "start_time_wall": 1756954552.5615363,
  "end_time_wall": 1756954553.5533545,
  "wall_time_sec": 0.9918180949989619,
  "steps": 503,
  "packets": 7223749,
  "dropped": 1,
  "running_total_steps": 244464,
  "running_total_packets": 3471164404,
  "running_total_dropped": 38945636,
  "running_total_time_sec": 615.5032536239996,
  "p_gb": 0.005,
  "p_bg": 0.3,
  "good_loss_rate": 0.0,
  "bad_loss_rate": 0.65
}