{
  "state": "good",
  "episode_index": 14610,
  "state_ordinal": 7305,
  "start_time_wall": 1756957982.0009253,
  "end_time_wall": 1756957982.0065715,
  "wall_time_sec": 0.005646156001603231,
  "steps": 51,
  "packets": 714565,
  "dropped": 0,
  "running_total_steps": 1526923,
  "running_total_packets": 21680235391,
  "running_total_dropped": 229518105,
  "running_total_time_sec": 4043.956470614001,
  "p_gb": 0.005,
  "p_bg": 0.3,
  "good_loss_rate": 0.0,
  "bad_loss_rate": 0.65
}