{
  "state": "good",
  "episode_index": 6882,
  "state_ordinal": 3441,
  "start_time_wall": 1756955823.4665604,
  "end_time_wall": 1756955823.4777842,
  "wall_time_sec": 0.011223673000131384,
  "steps": 85,
  "packets": 1136947,
  "dropped": 0,
  "running_total_steps": 707849,
  "running_total_packets": 10050535187,
  "running_total_dropped": 107849878,
  "running_total_time_sec": 1885.4276833620006,
  "p_gb": 0.005,
  "p_bg": 0.3,
  "good_loss_rate": 0.0,
  "bad_loss_rate": 0.65
}