{
  "state": "good",
  "episode_index": 788,
  "state_ordinal": 394,
  "start_time_wall": 1756954130.291147,
  "end_time_wall": 1756954130.8776543,
  "wall_time_sec": 0.5865070840009139,
  "steps": 78,
  "packets": 1167312,
  "dropped": 0,
  "running_total_steps": 75032,
  "running_total_packets": 1065446896,
  "running_total_dropped": 12834454,
  "running_total_time_sec": 192.82755347400052,
  "p_gb": 0.005,
  "p_bg": 0.3,
  "good_loss_rate": 0.0,
  "bad_loss_rate": 0.65
}