{
  "state": "good",
  "episode_index": 2502,
  "state_ordinal": 1251,
  "start_time_wall": 1756954576.0239406,
  "end_time_wall": 1756954576.0326736,
  "wall_time_sec": 0.008732553000299959,
  "steps": 84,
  "packets": 1108010,
  "dropped": 0,
  "running_total_steps": 255410,
  "running_total_packets": 3626503990,
  "running_total_dropped": 40602673,
  "running_total_time_sec": 637.9825726079998,
  "p_gb": 0.005,
  "p_bg": 0.3,
  "good_loss_rate": 0.0,
  "bad_loss_rate": 0.65
}