{
  "state": "good",
  "episode_index": 4748,
  "state_ordinal": 2374,
  "start_time_wall": 1756955182.3094962,
  "end_time_wall": 1756955182.3160617,
  "wall_time_sec": 0.006565392000993597,
  "steps": 60,
  "packets": 836070,
  "dropped": 0,
  "running_total_steps": 472870,
  "running_total_packets": 6714173138,
  "running_total_dropped": 75815047,
  "running_total_time_sec": 1244.2659608470003,
  "p_gb": 0.005,
  "p_bg": 0.3,
  "good_loss_rate": 0.0,
  "bad_loss_rate": 0.65
}