{
  "state": "good",
  "episode_index": 2834,
  "state_ordinal": 1417,
  "start_time_wall": 1756954682.1280932,
  "end_time_wall": 1756954682.9095454,
  "wall_time_sec": 0.7814523020006163,
  "steps": 375,
  "packets": 5343319,
  "dropped": 1,
  "running_total_steps": 289698,
  "running_total_packets": 4113417234,
  "running_total_dropped": 45834925,
  "running_total_time_sec": 744.8594446410007,
  "p_gb": 0.005,
  "p_bg": 0.3,
  "good_loss_rate": 0.0,
  "bad_loss_rate": 0.65
}