{
  "state": "good",
  "episode_index": 2218,
  "state_ordinal": 1109,
  "start_time_wall": 1756954510.4773436,
  "end_time_wall": 1756954511.8752067,
  "wall_time_sec": 1.39786286799972,
  "steps": 884,
  "packets": 12497642,
  "dropped": 0,
  "running_total_steps": 224299,
  "running_total_packets": 3184742809,
  "running_total_dropped": 36452950,
  "running_total_time_sec": 573.8251057500001,
  "p_gb": 0.005,
  "p_bg": 0.3,
  "good_loss_rate": 0.0,
  "bad_loss_rate": 0.65
}