{
  "state": "good",
  "episode_index": 11384,
  "state_ordinal": 5692,
  "start_time_wall": 1756957065.02118,
  "end_time_wall": 1756957065.6211512,
  "wall_time_sec": 0.5999712170014391,
  "steps": 232,
  "packets": 3325460,
  "dropped": 0,
  "running_total_steps": 1178231,
  "running_total_packets": 16729296909,
  "running_total_dropped": 179165760,
  "running_total_time_sec": 3127.571050312001,
  "p_gb": 0.005,
  "p_bg": 0.3,
  "good_loss_rate": 0.0,
  "bad_loss_rate": 0.65
}