{
  "state": "good",
  "episode_index": 11704,
  "state_ordinal": 5852,
  "start_time_wall": 1756957135.771415,
  "end_time_wall": 1756957136.45903,
  "wall_time_sec": 0.6876149439995061,
  "steps": 351,
  "packets": 5074261,
  "dropped": 0,
  "running_total_steps": 1212695,
  "running_total_packets": 17218712573,
  "running_total_dropped": 184401644,
  "running_total_time_sec": 3198.4089292259996,
  "p_gb": 0.005,
  "p_bg": 0.3,
  "good_loss_rate": 0.0,
  "bad_loss_rate": 0.65
}