{
  "state": "good",
  "episode_index": 1882,
  "state_ordinal": 941,
  "start_time_wall": 1756954405.601393,
  "end_time_wall": 1756954405.6289377,
  "wall_time_sec": 0.027544742000827682,
  "steps": 227,
  "packets": 3206861,
  "dropped": 0,
  "running_total_steps": 190258,
  "running_total_packets": 2701458796,
  "running_total_dropped": 30839956,
  "running_total_time_sec": 467.57883702300023,
  "p_gb": 0.005,
  "p_bg": 0.3,
  "good_loss_rate": 0.0,
  "bad_loss_rate": 0.65
}