{
  "state": "good",
  "episode_index": 8138,
  "state_ordinal": 4069,
  "start_time_wall": 1756956173.2816818,
  "end_time_wall": 1756956173.297228,
  "wall_time_sec": 0.015545823000138626,
  "steps": 103,
  "packets": 1400205,
  "dropped": 1,
  "running_total_steps": 843322,
  "running_total_packets": 11974063674,
  "running_total_dropped": 128465510,
  "running_total_time_sec": 2235.247127343,
  "p_gb": 0.005,
  "p_bg": 0.3,
  "good_loss_rate": 0.0,
  "bad_loss_rate": 0.65
}