{
  "state": "good",
  "episode_index": 2406,
  "state_ordinal": 1203,
  "start_time_wall": 1756954556.0207353,
  "end_time_wall": 1756954556.0228992,
  "wall_time_sec": 0.002163895000194316,
  "steps": 16,
  "packets": 179372,
  "dropped": 0,
  "running_total_steps": 245616,
  "running_total_packets": 3487422906,
  "running_total_dropped": 39219351,
  "running_total_time_sec": 617.9727984349993,
  "p_gb": 0.005,
  "p_bg": 0.3,
  "good_loss_rate": 0.0,
  "bad_loss_rate": 0.65
}