{
  "state": "good",
  "episode_index": 7102,
  "state_ordinal": 3551,
  "start_time_wall": 1756955876.0392015,
  "end_time_wall": 1756955876.6055624,
  "wall_time_sec": 0.5663609769999312,
  "steps": 195,
  "packets": 2807621,
  "dropped": 0,
  "running_total_steps": 733474,
  "running_total_packets": 10414456606,
  "running_total_dropped": 110978166,
  "running_total_time_sec": 1938.5554616490008,
  "p_gb": 0.005,
  "p_bg": 0.3,
  "good_loss_rate": 0.0,
  "bad_loss_rate": 0.65
}