{
  "state": "good",
  "episode_index": 9602,
  "state_ordinal": 4801,
  "start_time_wall": 1756956567.6911094,
  "end_time_wall": 1756956568.2787976,
  "wall_time_sec": 0.5876879719999124,
  "steps": 44,
  "packets": 692869,
  "dropped": 0,
  "running_total_steps": 988358,
  "running_total_packets": 14033402734,
  "running_total_dropped": 151711494,
  "running_total_time_sec": 2630.2286967109994,
  "p_gb": 0.005,
  "p_bg": 0.3,
  "good_loss_rate": 0.0,
  "bad_loss_rate": 0.65
}