{
  "state": "good",
  "episode_index": 14624,
  "state_ordinal": 7312,
  "start_time_wall": 1756957985.3696306,
  "end_time_wall": 1756957985.377212,
  "wall_time_sec": 0.007581723999464884,
  "steps": 72,
  "packets": 972040,
  "dropped": 0,
  "running_total_steps": 1528503,
  "running_total_packets": 21702702206,
  "running_total_dropped": 229664934,
  "running_total_time_sec": 4047.3271113619994,
  "p_gb": 0.005,
  "p_bg": 0.3,
  "good_loss_rate": 0.0,
  "bad_loss_rate": 0.65
}