{
  "state": "good",
  "episode_index": 4922,
  "state_ordinal": 2461,
  "start_time_wall": 1756955226.9855459,
  "end_time_wall": 1756955226.9932942,
  "wall_time_sec": 0.0077482100004999666,
  "steps": 58,
  "packets": 805686,
  "dropped": 0,
  "running_total_steps": 494392,
  "running_total_packets": 7019753436,
  "running_total_dropped": 78195121,
  "running_total_time_sec": 1288.9431934530003,
  "p_gb": 0.005,
  "p_bg": 0.3,
  "good_loss_rate": 0.0,
  "bad_loss_rate": 0.65
}