{
  "state": "good",
  "episode_index": 9820,
  "state_ordinal": 4910,
  "start_time_wall": 1756956615.3741062,
  "end_time_wall": 1756956616.0150795,
  "wall_time_sec": 0.6409732379997877,
  "steps": 501,
  "packets": 7044389,
  "dropped": 0,
  "running_total_steps": 1011192,
  "running_total_packets": 14357570383,
  "running_total_dropped": 154990891,
  "running_total_time_sec": 2677.9649785620004,
  "p_gb": 0.005,
  "p_bg": 0.3,
  "good_loss_rate": 0.0,
  "bad_loss_rate": 0.65
}