{
  "state": "good",
  "episode_index": 13872,
  "state_ordinal": 6936,
  "start_time_wall": 1756957786.4964488,
  "end_time_wall": 1756957786.498748,
  "wall_time_sec": 0.0022992280009930255,
  "steps": 21,
  "packets": 257475,
  "dropped": 0,
  "running_total_steps": 1448536,
  "running_total_packets": 20567222226,
  "running_total_dropped": 217640462,
  "running_total_time_sec": 3848.4486474330006,
  "p_gb": 0.005,
  "p_bg": 0.3,
  "good_loss_rate": 0.0,
  "bad_loss_rate": 0.65
}