{
  "state": "good",
  "episode_index": 10326,
  "state_ordinal": 5163,
  "start_time_wall": 1756956769.2277956,
  "end_time_wall": 1756956769.8297408,
  "wall_time_sec": 0.6019450000003417,
  "steps": 316,
  "packets": 4599812,
  "dropped": 0,
  "running_total_steps": 1068341,
  "running_total_packets": 15169114147,
  "running_total_dropped": 162766005,
  "running_total_time_sec": 2831.779639925,
  "p_gb": 0.005,
  "p_bg": 0.3,
  "good_loss_rate": 0.0,
  "bad_loss_rate": 0.65
}