{
  "state": "good",
  "episode_index": 10230,
  "state_ordinal": 5115,
  "start_time_wall": 1756956746.277555,
  "end_time_wall": 1756956746.3037715,
  "wall_time_sec": 0.026216218000627123,
  "steps": 225,
  "packets": 3205408,
  "dropped": 0,
  "running_total_steps": 1057020,
  "running_total_packets": 15008263459,
  "running_total_dropped": 161436973,
  "running_total_time_sec": 2808.253670653001,
  "p_gb": 0.005,
  "p_bg": 0.3,
  "good_loss_rate": 0.0,
  "bad_loss_rate": 0.65
}