{
  "state": "good",
  "episode_index": 6010,
  "state_ordinal": 3005,
  "start_time_wall": 1756955543.0357852,
  "end_time_wall": 1756955543.8049738,
  "wall_time_sec": 0.7691883770003187,
  "steps": 376,
  "packets": 5354890,
  "dropped": 1,
  "running_total_steps": 614111,
  "running_total_packets": 8719637825,
  "running_total_dropped": 94715621,
  "running_total_time_sec": 1605.7548729490009,
  "p_gb": 0.005,
  "p_bg": 0.3,
  "good_loss_rate": 0.0,
  "bad_loss_rate": 0.65
}