{
  "state": "good",
  "episode_index": 13922,
  "state_ordinal": 6961,
  "start_time_wall": 1756957799.4807527,
  "end_time_wall": 1756957799.485576,
  "wall_time_sec": 0.004822822000278393,
  "steps": 35,
  "packets": 454201,
  "dropped": 0,
  "running_total_steps": 1454786,
  "running_total_packets": 20655948234,
  "running_total_dropped": 218309543,
  "running_total_time_sec": 3861.435475163,
  "p_gb": 0.005,
  "p_bg": 0.3,
  "good_loss_rate": 0.0,
  "bad_loss_rate": 0.65
}