{
  "state": "good",
  "episode_index": 9206,
  "state_ordinal": 4603,
  "start_time_wall": 1756956425.509369,
  "end_time_wall": 1756956425.5412374,
  "wall_time_sec": 0.031868086000031326,
  "steps": 254,
  "packets": 3551128,
  "dropped": 0,
  "running_total_steps": 945974,
  "running_total_packets": 13431590762,
  "running_total_dropped": 146022307,
  "running_total_time_sec": 2487.4911363539995,
  "p_gb": 0.005,
  "p_bg": 0.3,
  "good_loss_rate": 0.0,
  "bad_loss_rate": 0.65
}