{
  "state": "good",
  "episode_index": 10676,
  "state_ordinal": 5338,
  "start_time_wall": 1756956887.5761802,
  "end_time_wall": 1756956887.5897768,
  "wall_time_sec": 0.01359629299986409,
  "steps": 102,
  "packets": 1400199,
  "dropped": 0,
  "running_total_steps": 1108641,
  "running_total_packets": 15741234108,
  "running_total_dropped": 168775963,
  "running_total_time_sec": 2949.5396759249998,
  "p_gb": 0.005,
  "p_bg": 0.3,
  "good_loss_rate": 0.0,
  "bad_loss_rate": 0.65
}