{
  "state": "good",
  "episode_index": 9936,
  "state_ordinal": 4968,
  "start_time_wall": 1756956646.0275884,
  "end_time_wall": 1756956646.0595467,
  "wall_time_sec": 0.03195789399978821,
  "steps": 271,
  "packets": 3794132,
  "dropped": 0,
  "running_total_steps": 1025662,
  "running_total_packets": 14563020582,
  "running_total_dropped": 156983133,
  "running_total_time_sec": 2708.0094458549993,
  "p_gb": 0.005,
  "p_bg": 0.3,
  "good_loss_rate": 0.0,
  "bad_loss_rate": 0.65
}