{
  "state": "good",
  "episode_index": 8414,
  "state_ordinal": 4207,
  "start_time_wall": 1756956236.4069655,
  "end_time_wall": 1756956236.4294114,
  "wall_time_sec": 0.02244516999962798,
  "steps": 174,
  "packets": 2323060,
  "dropped": 0,
  "running_total_steps": 873520,
  "running_total_packets": 12402773214,
  "running_total_dropped": 132918452,
  "running_total_time_sec": 2298.379310536,
  "p_gb": 0.005,
  "p_bg": 0.3,
  "good_loss_rate": 0.0,
  "bad_loss_rate": 0.65
}