{
  "state": "good",
  "episode_index": 5584,
  "state_ordinal": 2792,
  "start_time_wall": 1756955406.4505577,
  "end_time_wall": 1756955406.4509766,
  "wall_time_sec": 0.00041837000026134774,
  "steps": 1,
  "packets": 1447,
  "dropped": 0,
  "running_total_steps": 564210,
  "running_total_packets": 8011138826,
  "running_total_dropped": 88234851,
  "running_total_time_sec": 1468.4008756849998,
  "p_gb": 0.005,
  "p_bg": 0.3,
  "good_loss_rate": 0.0,
  "bad_loss_rate": 0.65
}