{
  "state": "good",
  "episode_index": 1188,
  "state_ordinal": 594,
  "start_time_wall": 1756954221.7599983,
  "end_time_wall": 1756954222.3707266,
  "wall_time_sec": 0.6107284490008169,
  "steps": 181,
  "packets": 2597889,
  "dropped": 0,
  "running_total_steps": 118909,
  "running_total_packets": 1688425301,
  "running_total_dropped": 18840148,
  "running_total_time_sec": 284.3206258930004,
  "p_gb": 0.005,
  "p_bg": 0.3,
  "good_loss_rate": 0.0,
  "bad_loss_rate": 0.65
}