{
  "state": "good",
  "episode_index": 11076,
  "state_ordinal": 5538,
  "start_time_wall": 1756956965.4221256,
  "end_time_wall": 1756956965.4275577,
  "wall_time_sec": 0.005432003999885637,
  "steps": 32,
  "packets": 556899,
  "dropped": 0,
  "running_total_steps": 1145702,
  "running_total_packets": 16267519260,
  "running_total_dropped": 174611132,
  "running_total_time_sec": 3027.37745695,
  "p_gb": 0.005,
  "p_bg": 0.3,
  "good_loss_rate": 0.0,
  "bad_loss_rate": 0.65
}