{
  "state": "good",
  "episode_index": 3420,
  "state_ordinal": 1710,
  "start_time_wall": 1756954856.611384,
  "end_time_wall": 1756954856.6135006,
  "wall_time_sec": 0.002116996000040672,
  "steps": 18,
  "packets": 243010,
  "dropped": 0,
  "running_total_steps": 348261,
  "running_total_packets": 4944879121,
  "running_total_dropped": 55094744,
  "running_total_time_sec": 918.5633999940001,
  "p_gb": 0.005,
  "p_bg": 0.3,
  "good_loss_rate": 0.0,
  "bad_loss_rate": 0.65
}