{
  "state": "good",
  "episode_index": 10498,
  "state_ordinal": 5249,
  "start_time_wall": 1756956807.9199238,
  "end_time_wall": 1756956808.1360135,
  "wall_time_sec": 0.21608987500076182,
  "steps": 273,
  "packets": 3825957,
  "dropped": 0,
  "running_total_steps": 1087202,
  "running_total_packets": 15436741566,
  "running_total_dropped": 165719961,
  "running_total_time_sec": 2870.0859128640004,
  "p_gb": 0.005,
  "p_bg": 0.3,
  "good_loss_rate": 0.0,
  "bad_loss_rate": 0.65
}