{
  "state": "good",
  "episode_index": 8402,
  "state_ordinal": 4201,
  "start_time_wall": 1756956234.6798165,
  "end_time_wall": 1756956235.3204544,
  "wall_time_sec": 0.6406381540000439,
  "steps": 448,
  "packets": 6347178,
  "dropped": 0,
  "running_total_steps": 873122,
  "running_total_packets": 12397172408,
  "running_total_dropped": 132652453,
  "running_total_time_sec": 2297.2703538059995,
  "p_gb": 0.005,
  "p_bg": 0.3,
  "good_loss_rate": 0.0,
  "bad_loss_rate": 0.65
}