{
  "state": "good",
  "episode_index": 9054,
  "state_ordinal": 4527,
  "start_time_wall": 1756956396.055652,
  "end_time_wall": 1756956396.090558,
  "wall_time_sec": 0.03490597299969522,
  "steps": 279,
  "packets": 3932997,
  "dropped": 0,
  "running_total_steps": 932321,
  "running_total_packets": 13237752951,
  "running_total_dropped": 143526222,
  "running_total_time_sec": 2458.040457134999,
  "p_gb": 0.005,
  "p_bg": 0.3,
  "good_loss_rate": 0.0,
  "bad_loss_rate": 0.65
}