{
  "state": "good",
  "episode_index": 1780,
  "state_ordinal": 890,
  "start_time_wall": 1756954379.7701967,
  "end_time_wall": 1756954380.393833,
  "wall_time_sec": 0.623635928001022,
  "steps": 486,
  "packets": 6812962,
  "dropped": 0,
  "running_total_steps": 178250,
  "running_total_packets": 2530949912,
  "running_total_dropped": 29012472,
  "running_total_time_sec": 442.3437320430003,
  "p_gb": 0.005,
  "p_bg": 0.3,
  "good_loss_rate": 0.0,
  "bad_loss_rate": 0.65
}