{
  "state": "good",
  "episode_index": 12834,
  "state_ordinal": 6417,
  "start_time_wall": 1756957476.603567,
  "end_time_wall": 1756957476.6242201,
  "wall_time_sec": 0.020653051999033778,
  "steps": 156,
  "packets": 2246392,
  "dropped": 0,
  "running_total_steps": 1332648,
  "running_total_packets": 18921893503,
  "running_total_dropped": 202307197,
  "running_total_time_sec": 3538.5741192799996,
  "p_gb": 0.005,
  "p_bg": 0.3,
  "good_loss_rate": 0.0,
  "bad_loss_rate": 0.65
}