{
  "state": "good",
  "episode_index": 14064,
  "state_ordinal": 7032,
  "start_time_wall": 1756957830.1452343,
  "end_time_wall": 1756957830.1481352,
  "wall_time_sec": 0.0029007739994995063,
  "steps": 24,
  "packets": 350050,
  "dropped": 0,
  "running_total_steps": 1469876,
  "running_total_packets": 20870220554,
  "running_total_dropped": 220570051,
  "running_total_time_sec": 3892.098034466,
  "p_gb": 0.005,
  "p_bg": 0.3,
  "good_loss_rate": 0.0,
  "bad_loss_rate": 0.65
}