{
  "state": "good",
  "episode_index": 14292,
  "state_ordinal": 7146,
  "start_time_wall": 1756957910.9667387,
  "end_time_wall": 1756957911.5517673,
  "wall_time_sec": 0.5850285540000186,
  "steps": 139,
  "packets": 2004829,
  "dropped": 0,
  "running_total_steps": 1492947,
  "running_total_packets": 21197814931,
  "running_total_dropped": 224477098,
  "running_total_time_sec": 3973.5016664970008,
  "p_gb": 0.005,
  "p_bg": 0.3,
  "good_loss_rate": 0.0,
  "bad_loss_rate": 0.65
}