{
  "state": "good",
  "episode_index": 6564,
  "state_ordinal": 3282,
  "start_time_wall": 1756955708.660988,
  "end_time_wall": 1756955708.6666317,
  "wall_time_sec": 0.005643397000312689,
  "steps": 52,
  "packets": 716012,
  "dropped": 0,
  "running_total_steps": 668287,
  "running_total_packets": 9488787987,
  "running_total_dropped": 102997749,
  "running_total_time_sec": 1770.6165308439995,
  "p_gb": 0.005,
  "p_bg": 0.3,
  "good_loss_rate": 0.0,
  "bad_loss_rate": 0.65
}