{
  "state": "good",
  "episode_index": 12882,
  "state_ordinal": 6441,
  "start_time_wall": 1756957488.9029377,
  "end_time_wall": 1756957488.911635,
  "wall_time_sec": 0.008697250001205248,
  "steps": 68,
  "packets": 928638,
  "dropped": 0,
  "running_total_steps": 1338574,
  "running_total_packets": 19005961826,
  "running_total_dropped": 202841784,
  "running_total_time_sec": 3550.861534187001,
  "p_gb": 0.005,
  "p_bg": 0.3,
  "good_loss_rate": 0.0,
  "bad_loss_rate": 0.65
}