{
  "state": "good",
  "episode_index": 2894,
  "state_ordinal": 1447,
  "start_time_wall": 1756954694.8342996,
  "end_time_wall": 1756954697.1622863,
  "wall_time_sec": 2.3279866430002585,
  "steps": 838,
  "packets": 12024640,
  "dropped": 1,
  "running_total_steps": 296494,
  "running_total_packets": 4209951374,
  "running_total_dropped": 46872064,
  "running_total_time_sec": 759.112185508,
  "p_gb": 0.005,
  "p_bg": 0.3,
  "good_loss_rate": 0.0,
  "bad_loss_rate": 0.65
}