{
  "state": "good",
  "episode_index": 8240,
  "state_ordinal": 4120,
  "start_time_wall": 1756956197.481714,
  "end_time_wall": 1756956197.4842794,
  "wall_time_sec": 0.0025650819989095908,
  "steps": 17,
  "packets": 211191,
  "dropped": 0,
  "running_total_steps": 854878,
  "running_total_packets": 12138222474,
  "running_total_dropped": 129960220,
  "running_total_time_sec": 2259.4341786179994,
  "p_gb": 0.005,
  "p_bg": 0.3,
  "good_loss_rate": 0.0,
  "bad_loss_rate": 0.65
}