{
  "state": "good",
  "episode_index": 12902,
  "state_ordinal": 6451,
  "start_time_wall": 1756957491.4142928,
  "end_time_wall": 1756957491.4251869,
  "wall_time_sec": 0.010894095999901765,
  "steps": 85,
  "packets": 1170201,
  "dropped": 0,
  "running_total_steps": 1339798,
  "running_total_packets": 19023328338,
  "running_total_dropped": 203127624,
  "running_total_time_sec": 3553.3750861200006,
  "p_gb": 0.005,
  "p_bg": 0.3,
  "good_loss_rate": 0.0,
  "bad_loss_rate": 0.65
}