{
  "state": "good",
  "episode_index": 1256,
  "state_ordinal": 628,
  "start_time_wall": 1756954236.9019885,
  "end_time_wall": 1756954236.9121513,
  "wall_time_sec": 0.010162775999560836,
  "steps": 78,
  "packets": 1048708,
  "dropped": 0,
  "running_total_steps": 125790,
  "running_total_packets": 1786079022,
  "running_total_dropped": 19867464,
  "running_total_time_sec": 298.8620505889994,
  "p_gb": 0.005,
  "p_bg": 0.3,
  "good_loss_rate": 0.0,
  "bad_loss_rate": 0.65
}