{
  "state": "good",
  "episode_index": 1390,
  "state_ordinal": 695,
  "start_time_wall": 1756954298.6490893,
  "end_time_wall": 1756954300.034068,
  "wall_time_sec": 1.3849789949999831,
  "steps": 650,
  "packets": 9361636,
  "dropped": 0,
  "running_total_steps": 139340,
  "running_total_packets": 1978564366,
  "running_total_dropped": 22123498,
  "running_total_time_sec": 361.98396751200016,
  "p_gb": 0.005,
  "p_bg": 0.3,
  "good_loss_rate": 0.0,
  "bad_loss_rate": 0.65
}