{
  "state": "good",
  "episode_index": 13406,
  "state_ordinal": 6703,
  "start_time_wall": 1756957641.9919362,
  "end_time_wall": 1756957642.0095756,
  "wall_time_sec": 0.017639042000155314,
  "steps": 142,
  "packets": 2067032,
  "dropped": 1,
  "running_total_steps": 1396273,
  "running_total_packets": 19825189341,
  "running_total_dropped": 210597268,
  "running_total_time_sec": 3703.959474776,
  "p_gb": 0.005,
  "p_bg": 0.3,
  "good_loss_rate": 0.0,
  "bad_loss_rate": 0.65
}