{
  "state": "good",
  "episode_index": 4978,
  "state_ordinal": 2489,
  "start_time_wall": 1756955240.9407554,
  "end_time_wall": 1756955240.9468234,
  "wall_time_sec": 0.006067798998628859,
  "steps": 46,
  "packets": 607531,
  "dropped": 1,
  "running_total_steps": 501465,
  "running_total_packets": 7120158376,
  "running_total_dropped": 78874779,
  "running_total_time_sec": 1302.8967226789991,
  "p_gb": 0.005,
  "p_bg": 0.3,
  "good_loss_rate": 0.0,
  "bad_loss_rate": 0.65
}