{
  "state": "good",
  "episode_index": 8066,
  "state_ordinal": 4033,
  "start_time_wall": 1756956159.0959122,
  "end_time_wall": 1756956159.099589,
  "wall_time_sec": 0.003676667998661287,
  "steps": 33,
  "packets": 422376,
  "dropped": 0,
  "running_total_steps": 836604,
  "running_total_packets": 11878727218,
  "running_total_dropped": 127404226,
  "running_total_time_sec": 2221.049488221999,
  "p_gb": 0.005,
  "p_bg": 0.3,
  "good_loss_rate": 0.0,
  "bad_loss_rate": 0.65
}