{
  "state": "good",
  "episode_index": 11830,
  "state_ordinal": 5915,
  "start_time_wall": 1756957198.472397,
  "end_time_wall": 1756957199.098965,
  "wall_time_sec": 0.62656789599896,
  "steps": 384,
  "packets": 5464824,
  "dropped": 0,
  "running_total_steps": 1226576,
  "running_total_packets": 17415765934,
  "running_total_dropped": 187020514,
  "running_total_time_sec": 3261.048864261,
  "p_gb": 0.005,
  "p_bg": 0.3,
  "good_loss_rate": 0.0,
  "bad_loss_rate": 0.65
}