{
  "state": "good",
  "episode_index": 12534,
  "state_ordinal": 6267,
  "start_time_wall": 1756957415.255615,
  "end_time_wall": 1756957415.8707101,
  "wall_time_sec": 0.6150947430014639,
  "steps": 253,
  "packets": 3655279,
  "dropped": 0,
  "running_total_steps": 1304109,
  "running_total_packets": 18516650313,
  "running_total_dropped": 197299469,
  "running_total_time_sec": 3477.8206090950007,
  "p_gb": 0.005,
  "p_bg": 0.3,
  "good_loss_rate": 0.0,
  "bad_loss_rate": 0.65
}