{
  "state": "good",
  "episode_index": 952,
  "state_ordinal": 476,
  "start_time_wall": 1756954172.152404,
  "end_time_wall": 1756954172.162859,
  "wall_time_sec": 0.010454813000251306,
  "steps": 97,
  "packets": 1323537,
  "dropped": 0,
  "running_total_steps": 94983,
  "running_total_packets": 1348700691,
  "running_total_dropped": 15105006,
  "running_total_time_sec": 234.1127581010005,
  "p_gb": 0.005,
  "p_bg": 0.3,
  "good_loss_rate": 0.0,
  "bad_loss_rate": 0.65
}