{
  "state": "good",
  "episode_index": 9246,
  "state_ordinal": 4623,
  "start_time_wall": 1756956435.969476,
  "end_time_wall": 1756956436.6060095,
  "wall_time_sec": 0.6365334559995972,
  "steps": 442,
  "packets": 6376108,
  "dropped": 0,
  "running_total_steps": 951537,
  "running_total_packets": 13510636885,
  "running_total_dropped": 146434504,
  "running_total_time_sec": 2498.555908773,
  "p_gb": 0.005,
  "p_bg": 0.3,
  "good_loss_rate": 0.0,
  "bad_loss_rate": 0.65
}