{
  "state": "good",
  "episode_index": 6172,
  "state_ordinal": 3086,
  "start_time_wall": 1756955573.0081894,
  "end_time_wall": 1756955573.7739735,
  "wall_time_sec": 0.7657840729989402,
  "steps": 330,
  "packets": 4735794,
  "dropped": 2,
  "running_total_steps": 628653,
  "running_total_packets": 8926080312,
  "running_total_dropped": 97151013,
  "running_total_time_sec": 1635.7238728209995,
  "p_gb": 0.005,
  "p_bg": 0.3,
  "good_loss_rate": 0.0,
  "bad_loss_rate": 0.65
}