{
  "state": "good",
  "episode_index": 13744,
  "state_ordinal": 6872,
  "start_time_wall": 1756957756.6468334,
  "end_time_wall": 1756957756.653722,
  "wall_time_sec": 0.006888874000651413,
  "steps": 52,
  "packets": 717453,
  "dropped": 0,
  "running_total_steps": 1433913,
  "running_total_packets": 20359600844,
  "running_total_dropped": 215929949,
  "running_total_time_sec": 3818.60362147,
  "p_gb": 0.005,
  "p_bg": 0.3,
  "good_loss_rate": 0.0,
  "bad_loss_rate": 0.65
}