{
  "state": "good",
  "episode_index": 13680,
  "state_ordinal": 6840,
  "start_time_wall": 1756957737.1020195,
  "end_time_wall": 1756957737.308387,
  "wall_time_sec": 0.20636731000013242,
  "steps": 160,
  "packets": 2353420,
  "dropped": 0,
  "running_total_steps": 1424732,
  "running_total_packets": 20229351998,
  "running_total_dropped": 214689576,
  "running_total_time_sec": 3799.2582862500003,
  "p_gb": 0.005,
  "p_bg": 0.3,
  "good_loss_rate": 0.0,
  "bad_loss_rate": 0.65
}