{
  "state": "good",
  "episode_index": 2964,
  "state_ordinal": 1482,
  "start_time_wall": 1756954712.5278761,
  "end_time_wall": 1756954712.5282657,
  "wall_time_sec": 0.00038951999886194244,
  "steps": 3,
  "packets": 14465,
  "dropped": 0,
  "running_total_steps": 303961,
  "running_total_packets": 4315925283,
  "running_total_dropped": 48048720,
  "running_total_time_sec": 774.4781649569995,
  "p_gb": 0.005,
  "p_bg": 0.3,
  "good_loss_rate": 0.0,
  "bad_loss_rate": 0.65
}