{
  "state": "good",
  "episode_index": 2166,
  "state_ordinal": 1083,
  "start_time_wall": 1756954495.818141,
  "end_time_wall": 1756954496.4090028,
  "wall_time_sec": 0.5908618240009673,
  "steps": 202,
  "packets": 2865488,
  "dropped": 0,
  "running_total_steps": 216518,
  "running_total_packets": 3074361454,
  "running_total_dropped": 35696116,
  "running_total_time_sec": 558.358902033,
  "p_gb": 0.005,
  "p_bg": 0.3,
  "good_loss_rate": 0.0,
  "bad_loss_rate": 0.65
}