{
  "state": "good",
  "episode_index": 12886,
  "state_ordinal": 6443,
  "start_time_wall": 1756957488.955784,
  "end_time_wall": 1756957488.972794,
  "wall_time_sec": 0.017009871000482235,
  "steps": 168,
  "packets": 2233386,
  "dropped": 0,
  "running_total_steps": 1338835,
  "running_total_packets": 19009591069,
  "running_total_dropped": 202891563,
  "running_total_time_sec": 3550.922693347,
  "p_gb": 0.005,
  "p_bg": 0.3,
  "good_loss_rate": 0.0,
  "bad_loss_rate": 0.65
}