{
  "state": "good",
  "episode_index": 5136,
  "state_ordinal": 2568,
  "start_time_wall": 1756955307.3158019,
  "end_time_wall": 1756955307.3253536,
  "wall_time_sec": 0.009551619001285871,
  "steps": 79,
  "packets": 1093533,
  "dropped": 1,
  "running_total_steps": 516266,
  "running_total_packets": 7330376188,
  "running_total_dropped": 81511830,
  "running_total_time_sec": 1369.2752528170004,
  "p_gb": 0.005,
  "p_bg": 0.3,
  "good_loss_rate": 0.0,
  "bad_loss_rate": 0.65
}