{
  "state": "good",
  "episode_index": 5238,
  "state_ordinal": 2619,
  "start_time_wall": 1756955328.9676456,
  "end_time_wall": 1756955329.564266,
  "wall_time_sec": 0.5966201139999612,
  "steps": 278,
  "packets": 3932991,
  "dropped": 1,
  "running_total_steps": 526911,
  "running_total_packets": 7481512290,
  "running_total_dropped": 83236430,
  "running_total_time_sec": 1391.5141650719997,
  "p_gb": 0.005,
  "p_bg": 0.3,
  "good_loss_rate": 0.0,
  "bad_loss_rate": 0.65
}