{
  "state": "good",
  "episode_index": 12860,
  "state_ordinal": 6430,
  "start_time_wall": 1756957483.8903713,
  "end_time_wall": 1756957483.9221604,
  "wall_time_sec": 0.031788873000550666,
  "steps": 258,
  "packets": 3678404,
  "dropped": 0,
  "running_total_steps": 1336337,
  "running_total_packets": 18974236043,
  "running_total_dropped": 202561694,
  "running_total_time_sec": 3545.8720595470004,
  "p_gb": 0.005,
  "p_bg": 0.3,
  "good_loss_rate": 0.0,
  "bad_loss_rate": 0.65
}