{
  "state": "good",
  "episode_index": 970,
  "state_ordinal": 485,
  "start_time_wall": 1756954177.1609242,
  "end_time_wall": 1756954177.1654546,
  "wall_time_sec": 0.004530440000962699,
  "steps": 39,
  "packets": 561229,
  "dropped": 0,
  "running_total_steps": 97471,
  "running_total_packets": 1383996391,
  "running_total_dropped": 15359597,
  "running_total_time_sec": 239.11535387000004,
  "p_gb": 0.005,
  "p_bg": 0.3,
  "good_loss_rate": 0.0,
  "bad_loss_rate": 0.65
}