{
  "state": "good",
  "episode_index": 13160,
  "state_ordinal": 6580,
  "start_time_wall": 1756957585.1189337,
  "end_time_wall": 1756957585.7244904,
  "wall_time_sec": 0.6055566730010469,
  "steps": 170,
  "packets": 2393939,
  "dropped": 0,
  "running_total_steps": 1369160,
  "running_total_packets": 19440179592,
  "running_total_dropped": 207172101,
  "running_total_time_sec": 3647.6743897750002,
  "p_gb": 0.005,
  "p_bg": 0.3,
  "good_loss_rate": 0.0,
  "bad_loss_rate": 0.65
}