{
  "state": "good",
  "episode_index": 14042,
  "state_ordinal": 7021,
  "start_time_wall": 1756957826.713753,
  "end_time_wall": 1756957826.719317,
  "wall_time_sec": 0.005563877000895445,
  "steps": 41,
  "packets": 594495,
  "dropped": 0,
  "running_total_steps": 1468037,
  "running_total_packets": 20844159203,
  "running_total_dropped": 220249942,
  "running_total_time_sec": 3888.6692161770006,
  "p_gb": 0.005,
  "p_bg": 0.3,
  "good_loss_rate": 0.0,
  "bad_loss_rate": 0.65
}