{
  "state": "good",
  "episode_index": 6060,
  "state_ordinal": 3030,
  "start_time_wall": 1756955553.9667652,
  "end_time_wall": 1756955555.2903972,
  "wall_time_sec": 1.3236319669995282,
  "steps": 482,
  "packets": 6905530,
  "dropped": 0,
  "running_total_steps": 619713,
  "running_total_packets": 8799184433,
  "running_total_dropped": 95654772,
  "running_total_time_sec": 1617.2402962899996,
  "p_gb": 0.005,
  "p_bg": 0.3,
  "good_loss_rate": 0.0,
  "bad_loss_rate": 0.65
}