{
  "state": "good",
  "episode_index": 14058,
  "state_ordinal": 7029,
  "start_time_wall": 1756957829.743216,
  "end_time_wall": 1756957829.7627096,
  "wall_time_sec": 0.019492913999783923,
  "steps": 113,
  "packets": 1664885,
  "dropped": 0,
  "running_total_steps": 1469624,
  "running_total_packets": 20866652072,
  "running_total_dropped": 220541026,
  "running_total_time_sec": 3891.7126088080004,
  "p_gb": 0.005,
  "p_bg": 0.3,
  "good_loss_rate": 0.0,
  "bad_loss_rate": 0.65
}