{
  "state": "good",
  "episode_index": 5064,
  "state_ordinal": 2532,
  "start_time_wall": 1756955257.612901,
  "end_time_wall": 1756955258.1891592,
  "wall_time_sec": 0.5762582930001372,
  "steps": 83,
  "packets": 1262781,
  "dropped": 0,
  "running_total_steps": 509539,
  "running_total_packets": 7234874849,
  "running_total_dropped": 79984361,
  "running_total_time_sec": 1320.1390583899993,
  "p_gb": 0.005,
  "p_bg": 0.3,
  "good_loss_rate": 0.0,
  "bad_loss_rate": 0.65
}