{
  "state": "good",
  "episode_index": 1366,
  "state_ordinal": 683,
  "start_time_wall": 1756954293.3978443,
  "end_time_wall": 1756954294.0574567,
  "wall_time_sec": 0.659612379000464,
  "steps": 530,
  "packets": 7557892,
  "dropped": 0,
  "running_total_steps": 136712,
  "running_total_packets": 1941234900,
  "running_total_dropped": 21623033,
  "running_total_time_sec": 356.00735578999956,
  "p_gb": 0.005,
  "p_bg": 0.3,
  "good_loss_rate": 0.0,
  "bad_loss_rate": 0.65
}