{
  "state": "good",
  "episode_index": 7756,
  "state_ordinal": 3878,
  "start_time_wall": 1756956053.8834457,
  "end_time_wall": 1756956054.482408,
  "wall_time_sec": 0.5989620149994153,
  "steps": 270,
  "packets": 3899724,
  "dropped": 0,
  "running_total_steps": 802031,
  "running_total_packets": 11387821675,
  "running_total_dropped": 121506251,
  "running_total_time_sec": 2116.4323070579994,
  "p_gb": 0.005,
  "p_bg": 0.3,
  "good_loss_rate": 0.0,
  "bad_loss_rate": 0.65
}