{
  "state": "good",
  "episode_index": 10508,
  "state_ordinal": 5254,
  "start_time_wall": 1756956809.7555294,
  "end_time_wall": 1756956810.367754,
  "wall_time_sec": 0.6122243000008893,
  "steps": 334,
  "packets": 4663474,
  "dropped": 0,
  "running_total_steps": 1088185,
  "running_total_packets": 15450742105,
  "running_total_dropped": 165873410,
  "running_total_time_sec": 2872.3176531810004,
  "p_gb": 0.005,
  "p_bg": 0.3,
  "good_loss_rate": 0.0,
  "bad_loss_rate": 0.65
}