{
  "state": "good",
  "episode_index": 9276,
  "state_ordinal": 4638,
  "start_time_wall": 1756956444.3772025,
  "end_time_wall": 1756956444.9629335,
  "wall_time_sec": 0.5857308269987698,
  "steps": 194,
  "packets": 2796050,
  "dropped": 0,
  "running_total_steps": 955514,
  "running_total_packets": 13567035368,
  "running_total_dropped": 146910848,
  "running_total_time_sec": 2506.9128325799993,
  "p_gb": 0.005,
  "p_bg": 0.3,
  "good_loss_rate": 0.0,
  "bad_loss_rate": 0.65
}