{
  "state": "good",
  "episode_index": 1632,
  "state_ordinal": 816,
  "start_time_wall": 1756954349.5643654,
  "end_time_wall": 1756954349.565403,
  "wall_time_sec": 0.0010371759999543428,
  "steps": 5,
  "packets": 44849,
  "dropped": 0,
  "running_total_steps": 163032,
  "running_total_packets": 2314963504,
  "running_total_dropped": 26345420,
  "running_total_time_sec": 411.51530205900053,
  "p_gb": 0.005,
  "p_bg": 0.3,
  "good_loss_rate": 0.0,
  "bad_loss_rate": 0.65
}