{
  "state": "good",
  "episode_index": 1254,
  "state_ordinal": 627,
  "start_time_wall": 1756954236.1687953,
  "end_time_wall": 1756954236.7250369,
  "wall_time_sec": 0.5562413280003966,
  "steps": 103,
  "packets": 1528933,
  "dropped": 0,
  "running_total_steps": 125711,
  "running_total_packets": 1784998495,
  "running_total_dropped": 19846624,
  "running_total_time_sec": 298.6749359250007,
  "p_gb": 0.005,
  "p_bg": 0.3,
  "good_loss_rate": 0.0,
  "bad_loss_rate": 0.65
}