{
  "state": "good",
  "episode_index": 2208,
  "state_ordinal": 1104,
  "start_time_wall": 1756954508.0761812,
  "end_time_wall": 1756954508.7112145,
  "wall_time_sec": 0.6350327809996088,
  "steps": 493,
  "packets": 6954703,
  "dropped": 0,
  "running_total_steps": 222685,
  "running_total_packets": 3161865177,
  "running_total_dropped": 36325313,
  "running_total_time_sec": 570.6611139079996,
  "p_gb": 0.005,
  "p_bg": 0.3,
  "good_loss_rate": 0.0,
  "bad_loss_rate": 0.65
}