{
  "state": "good",
  "episode_index": 11110,
  "state_ordinal": 5555,
  "start_time_wall": 1756956976.0650954,
  "end_time_wall": 1756956976.0660083,
  "wall_time_sec": 0.0009127850007644156,
  "steps": 6,
  "packets": 89674,
  "dropped": 0,
  "running_total_steps": 1150987,
  "running_total_packets": 16342528235,
  "running_total_dropped": 175089460,
  "running_total_time_sec": 3038.0159075560005,
  "p_gb": 0.005,
  "p_bg": 0.3,
  "good_loss_rate": 0.0,
  "bad_loss_rate": 0.65
}