{
  "state": "good",
  "episode_index": 11388,
  "state_ordinal": 5694,
  "start_time_wall": 1756957065.7821658,
  "end_time_wall": 1756957065.7896059,
  "wall_time_sec": 0.0074399300010554725,
  "steps": 70,
  "packets": 959022,
  "dropped": 0,
  "running_total_steps": 1178335,
  "running_total_packets": 16730814283,
  "running_total_dropped": 179166704,
  "running_total_time_sec": 3127.7395050630003,
  "p_gb": 0.005,
  "p_bg": 0.3,
  "good_loss_rate": 0.0,
  "bad_loss_rate": 0.65
}