{
  "state": "good",
  "episode_index": 10426,
  "state_ordinal": 5213,
  "start_time_wall": 1756956794.8612347,
  "end_time_wall": 1756956794.8642545,
  "wall_time_sec": 0.0030196860006981296,
  "steps": 27,
  "packets": 364515,
  "dropped": 0,
  "running_total_steps": 1080712,
  "running_total_packets": 15344661156,
  "running_total_dropped": 164677850,
  "running_total_time_sec": 2856.814153681,
  "p_gb": 0.005,
  "p_bg": 0.3,
  "good_loss_rate": 0.0,
  "bad_loss_rate": 0.65
}