{
  "state": "good",
  "episode_index": 2352,
  "state_ordinal": 1176,
  "start_time_wall": 1756954541.2475712,
  "end_time_wall": 1756954541.8847494,
  "wall_time_sec": 0.6371778459997586,
  "steps": 442,
  "packets": 6206884,
  "dropped": 0,
  "running_total_steps": 238971,
  "running_total_packets": 3393077303,
  "running_total_dropped": 38425327,
  "running_total_time_sec": 603.8346483959995,
  "p_gb": 0.005,
  "p_bg": 0.3,
  "good_loss_rate": 0.0,
  "bad_loss_rate": 0.65
}