{
  "state": "good",
  "episode_index": 1014,
  "state_ordinal": 507,
  "start_time_wall": 1756954187.911345,
  "end_time_wall": 1756954188.5143816,
  "wall_time_sec": 0.6030367120001756,
  "steps": 246,
  "packets": 3461442,
  "dropped": 0,
  "running_total_steps": 102892,
  "running_total_packets": 1460962476,
  "running_total_dropped": 15943321,
  "running_total_time_sec": 250.46428082999955,
  "p_gb": 0.005,
  "p_bg": 0.3,
  "good_loss_rate": 0.0,
  "bad_loss_rate": 0.65
}