{
  "state": "good",
  "episode_index": 14460,
  "state_ordinal": 7230,
  "start_time_wall": 1756957947.314523,
  "end_time_wall": 1756957947.9134297,
  "wall_time_sec": 0.5989069120005297,
  "steps": 169,
  "packets": 2414181,
  "dropped": 0,
  "running_total_steps": 1510602,
  "running_total_packets": 21448518444,
  "running_total_dropped": 226988351,
  "running_total_time_sec": 4009.863328996,
  "p_gb": 0.005,
  "p_bg": 0.3,
  "good_loss_rate": 0.0,
  "bad_loss_rate": 0.65
}