{
  "state": "good",
  "episode_index": 9604,
  "state_ordinal": 4802,
  "start_time_wall": 1756956568.4874153,
  "end_time_wall": 1756956568.5144556,
  "wall_time_sec": 0.027040121000027284,
  "steps": 212,
  "packets": 3018812,
  "dropped": 0,
  "running_total_steps": 988578,
  "running_total_packets": 14036531480,
  "running_total_dropped": 151783081,
  "running_total_time_sec": 2630.464354752001,
  "p_gb": 0.005,
  "p_bg": 0.3,
  "good_loss_rate": 0.0,
  "bad_loss_rate": 0.65
}