{
  "state": "good",
  "episode_index": 4490,
  "state_ordinal": 2245,
  "start_time_wall": 1756955096.4600327,
  "end_time_wall": 1756955096.4614315,
  "wall_time_sec": 0.0013983030003146268,
  "steps": 13,
  "packets": 134535,
  "dropped": 0,
  "running_total_steps": 447939,
  "running_total_packets": 6360178943,
  "running_total_dropped": 71206887,
  "running_total_time_sec": 1158.4113307410007,
  "p_gb": 0.005,
  "p_bg": 0.3,
  "good_loss_rate": 0.0,
  "bad_loss_rate": 0.65
}