{
  "state": "good",
  "episode_index": 9072,
  "state_ordinal": 4536,
  "start_time_wall": 1756956398.8672535,
  "end_time_wall": 1756956399.481661,
  "wall_time_sec": 0.6144076669988863,
  "steps": 196,
  "packets": 2827875,
  "dropped": 1,
  "running_total_steps": 933735,
  "running_total_packets": 13257840298,
  "running_total_dropped": 143893555,
  "running_total_time_sec": 2461.4315604189997,
  "p_gb": 0.005,
  "p_bg": 0.3,
  "good_loss_rate": 0.0,
  "bad_loss_rate": 0.65
}