{
  "state": "good",
  "episode_index": 406,
  "state_ordinal": 203,
  "start_time_wall": 1756954015.9214935,
  "end_time_wall": 1756954015.9448366,
  "wall_time_sec": 0.023342982000031043,
  "steps": 194,
  "packets": 2796050,
  "dropped": 1,
  "running_total_steps": 35921,
  "running_total_packets": 510122083,
  "running_total_dropped": 7187518,
  "running_total_time_sec": 77.89473584199914,
  "p_gb": 0.005,
  "p_bg": 0.3,
  "good_loss_rate": 0.0,
  "bad_loss_rate": 0.65
}