{
  "state": "good",
  "episode_index": 4054,
  "state_ordinal": 2027,
  "start_time_wall": 1756955012.3479273,
  "end_time_wall": 1756955012.3504944,
  "wall_time_sec": 0.00256707599874062,
  "steps": 16,
  "packets": 231433,
  "dropped": 0,
  "running_total_steps": 406731,
  "running_total_packets": 5775112934,
  "running_total_dropped": 64737457,
  "running_total_time_sec": 1074.3003937369995,
  "p_gb": 0.005,
  "p_bg": 0.3,
  "good_loss_rate": 0.0,
  "bad_loss_rate": 0.65
}