{
  "state": "good",
  "episode_index": 9558,
  "state_ordinal": 4779,
  "start_time_wall": 1756956558.8660386,
  "end_time_wall": 1756956559.0749457,
  "wall_time_sec": 0.2089073469996947,
  "steps": 195,
  "packets": 2746877,
  "dropped": 0,
  "running_total_steps": 984127,
  "running_total_packets": 13973337401,
  "running_total_dropped": 150822504,
  "running_total_time_sec": 2621.0248450769996,
  "p_gb": 0.005,
  "p_bg": 0.3,
  "good_loss_rate": 0.0,
  "bad_loss_rate": 0.65
}