{
  "state": "good",
  "episode_index": 12566,
  "state_ordinal": 6283,
  "start_time_wall": 1756957422.727366,
  "end_time_wall": 1756957423.3408356,
  "wall_time_sec": 0.6134696379995148,
  "steps": 283,
  "packets": 3947468,
  "dropped": 0,
  "running_total_steps": 1307695,
  "running_total_packets": 18567462479,
  "running_total_dropped": 197703901,
  "running_total_time_sec": 3485.290734847,
  "p_gb": 0.005,
  "p_bg": 0.3,
  "good_loss_rate": 0.0,
  "bad_loss_rate": 0.65
}