{
  "state": "good",
  "episode_index": 11362,
  "state_ordinal": 5681,
  "start_time_wall": 1756957060.917573,
  "end_time_wall": 1756957061.4702787,
  "wall_time_sec": 0.5527056539995101,
  "steps": 27,
  "packets": 513491,
  "dropped": 0,
  "running_total_steps": 1176076,
  "running_total_packets": 16698781840,
  "running_total_dropped": 178930141,
  "running_total_time_sec": 3123.4201778669994,
  "p_gb": 0.005,
  "p_bg": 0.3,
  "good_loss_rate": 0.0,
  "bad_loss_rate": 0.65
}