{
  "state": "good",
  "episode_index": 10792,
  "state_ordinal": 5396,
  "start_time_wall": 1756956907.9686646,
  "end_time_wall": 1756956908.5650864,
  "wall_time_sec": 0.5964216489992396,
  "steps": 185,
  "packets": 2674545,
  "dropped": 0,
  "running_total_steps": 1118690,
  "running_total_packets": 15883929952,
  "running_total_dropped": 170587532,
  "running_total_time_sec": 2970.5149855849995,
  "p_gb": 0.005,
  "p_bg": 0.3,
  "good_loss_rate": 0.0,
  "bad_loss_rate": 0.65
}