{
  "state": "good",
  "episode_index": 2754,
  "state_ordinal": 1377,
  "start_time_wall": 1756954667.6860888,
  "end_time_wall": 1756954667.6878886,
  "wall_time_sec": 0.0017999149986280827,
  "steps": 14,
  "packets": 199608,
  "dropped": 0,
  "running_total_steps": 282676,
  "running_total_packets": 4013728300,
  "running_total_dropped": 44356620,
  "running_total_time_sec": 729.6377879249994,
  "p_gb": 0.005,
  "p_bg": 0.3,
  "good_loss_rate": 0.0,
  "bad_loss_rate": 0.65
}