{
  "state": "good",
  "episode_index": 6576,
  "state_ordinal": 3288,
  "start_time_wall": 1756955711.2407215,
  "end_time_wall": 1756955711.2457857,
  "wall_time_sec": 0.0050640220015338855,
  "steps": 48,
  "packets": 620549,
  "dropped": 0,
  "running_total_steps": 669450,
  "running_total_packets": 9505316982,
  "running_total_dropped": 103156633,
  "running_total_time_sec": 1773.1956848200007,
  "p_gb": 0.005,
  "p_bg": 0.3,
  "good_loss_rate": 0.0,
  "bad_loss_rate": 0.65
}