{
  "state": "good",
  "episode_index": 2136,
  "state_ordinal": 1068,
  "start_time_wall": 1756954489.2114508,
  "end_time_wall": 1756954489.2444391,
  "wall_time_sec": 0.03298794600050314,
  "steps": 252,
  "packets": 3519303,
  "dropped": 1,
  "running_total_steps": 213129,
  "running_total_packets": 3026241199,
  "running_total_dropped": 35345174,
  "running_total_time_sec": 551.194338198,
  "p_gb": 0.005,
  "p_bg": 0.3,
  "good_loss_rate": 0.0,
  "bad_loss_rate": 0.65
}