{
  "state": "good",
  "episode_index": 13174,
  "state_ordinal": 6587,
  "start_time_wall": 1756957588.5200405,
  "end_time_wall": 1756957589.1262114,
  "wall_time_sec": 0.6061708279994491,
  "steps": 184,
  "packets": 2622478,
  "dropped": 1,
  "running_total_steps": 1370648,
  "running_total_packets": 19461416898,
  "running_total_dropped": 207320672,
  "running_total_time_sec": 3651.0761104390003,
  "p_gb": 0.005,
  "p_bg": 0.3,
  "good_loss_rate": 0.0,
  "bad_loss_rate": 0.65
}