{
  "state": "good",
  "episode_index": 728,
  "state_ordinal": 364,
  "start_time_wall": 1756954115.8543854,
  "end_time_wall": 1756954116.451175,
  "wall_time_sec": 0.5967892950011446,
  "steps": 160,
  "packets": 2353420,
  "dropped": 0,
  "running_total_steps": 68282,
  "running_total_packets": 969602720,
  "running_total_dropped": 11682030,
  "running_total_time_sec": 178.4010740470003,
  "p_gb": 0.005,
  "p_bg": 0.3,
  "good_loss_rate": 0.0,
  "bad_loss_rate": 0.65
}