{
  "state": "good",
  "episode_index": 14756,
  "state_ordinal": 7378,
  "start_time_wall": 1756958011.8295953,
  "end_time_wall": 1756958011.831195,
  "wall_time_sec": 0.0015994699988368666,
  "steps": 11,
  "packets": 185143,
  "dropped": 0,
  "running_total_steps": 1541348,
  "running_total_packets": 21885109878,
  "running_total_dropped": 231119705,
  "running_total_time_sec": 4073.781094284999,
  "p_gb": 0.005,
  "p_bg": 0.3,
  "good_loss_rate": 0.0,
  "bad_loss_rate": 0.65
}