{
  "state": "good",
  "episode_index": 6546,
  "state_ordinal": 3273,
  "start_time_wall": 1756955707.7821033,
  "end_time_wall": 1756955707.7853014,
  "wall_time_sec": 0.0031978939987311605,
  "steps": 20,
  "packets": 306648,
  "dropped": 0,
  "running_total_steps": 667637,
  "running_total_packets": 9479618699,
  "running_total_dropped": 102884484,
  "running_total_time_sec": 1769.7352006229994,
  "p_gb": 0.005,
  "p_bg": 0.3,
  "good_loss_rate": 0.0,
  "bad_loss_rate": 0.65
}