{
  "state": "good",
  "episode_index": 10302,
  "state_ordinal": 5151,
  "start_time_wall": 1756956764.3334785,
  "end_time_wall": 1756956764.339237,
  "wall_time_sec": 0.005758118999438011,
  "steps": 53,
  "packets": 717459,
  "dropped": 0,
  "running_total_steps": 1065769,
  "running_total_packets": 15132513723,
  "running_total_dropped": 162548905,
  "running_total_time_sec": 2826.289136046,
  "p_gb": 0.005,
  "p_bg": 0.3,
  "good_loss_rate": 0.0,
  "bad_loss_rate": 0.65
}