{
  "state": "good",
  "episode_index": 1028,
  "state_ordinal": 514,
  "start_time_wall": 1756954190.551573,
  "end_time_wall": 1756954190.5682514,
  "wall_time_sec": 0.016678075999152497,
  "steps": 138,
  "packets": 2003382,
  "dropped": 0,
  "running_total_steps": 103825,
  "running_total_packets": 1474260021,
  "running_total_dropped": 16133252,
  "running_total_time_sec": 252.5181504609991,
  "p_gb": 0.005,
  "p_bg": 0.3,
  "good_loss_rate": 0.0,
  "bad_loss_rate": 0.65
}