{
  "state": "good",
  "episode_index": 9366,
  "state_ordinal": 4683,
  "start_time_wall": 1756956463.1691883,
  "end_time_wall": 1756956463.1780956,
  "wall_time_sec": 0.00890728299964394,
  "steps": 68,
  "packets": 946004,
  "dropped": 0,
  "running_total_steps": 964387,
  "running_total_packets": 13692972243,
  "running_total_dropped": 147946041,
  "running_total_time_sec": 2525.1279947719995,
  "p_gb": 0.005,
  "p_bg": 0.3,
  "good_loss_rate": 0.0,
  "bad_loss_rate": 0.65
}