{
  "state": "good",
  "episode_index": 5208,
  "state_ordinal": 2604,
  "start_time_wall": 1756955323.141583,
  "end_time_wall": 1756955323.153601,
  "wall_time_sec": 0.012017909000860527,
  "steps": 92,
  "packets": 1278688,
  "dropped": 0,
  "running_total_steps": 523775,
  "running_total_packets": 7436943157,
  "running_total_dropped": 82844980,
  "running_total_time_sec": 1385.1035001910004,
  "p_gb": 0.005,
  "p_bg": 0.3,
  "good_loss_rate": 0.0,
  "bad_loss_rate": 0.65
}