{
  "state": "good",
  "episode_index": 11278,
  "state_ordinal": 5639,
  "start_time_wall": 1756957044.5272734,
  "end_time_wall": 1756957044.5452936,
  "wall_time_sec": 0.018019868999544997,
  "steps": 137,
  "packets": 2001935,
  "dropped": 1,
  "running_total_steps": 1167903,
  "running_total_packets": 16582666627,
  "running_total_dropped": 177663746,
  "running_total_time_sec": 3106.495192642,
  "p_gb": 0.005,
  "p_bg": 0.3,
  "good_loss_rate": 0.0,
  "bad_loss_rate": 0.65
}