{
  "state": "good",
  "episode_index": 5890,
  "state_ordinal": 2945,
  "start_time_wall": 1756955512.7362602,
  "end_time_wall": 1756955512.7479024,
  "wall_time_sec": 0.011642287001450313,
  "steps": 91,
  "packets": 1215056,
  "dropped": 0,
  "running_total_steps": 598923,
  "running_total_packets": 8503943606,
  "running_total_dropped": 92631621,
  "running_total_time_sec": 1574.6978017300007,
  "p_gb": 0.005,
  "p_bg": 0.3,
  "good_loss_rate": 0.0,
  "bad_loss_rate": 0.65
}