{
  "state": "good",
  "episode_index": 11524,
  "state_ordinal": 5762,
  "start_time_wall": 1756957094.456064,
  "end_time_wall": 1756957094.474683,
  "wall_time_sec": 0.018618965999849024,
  "steps": 146,
  "packets": 1987470,
  "dropped": 0,
  "running_total_steps": 1192326,
  "running_total_packets": 16929371976,
  "running_total_dropped": 181251991,
  "running_total_time_sec": 3156.4245824650006,
  "p_gb": 0.005,
  "p_bg": 0.3,
  "good_loss_rate": 0.0,
  "bad_loss_rate": 0.65
}