{
  "state": "good",
  "episode_index": 14502,
  "state_ordinal": 7251,
  "start_time_wall": 1756957957.6088233,
  "end_time_wall": 1756957959.1570573,
  "wall_time_sec": 1.5482338539986813,
  "steps": 699,
  "packets": 9972073,
  "dropped": 1,
  "running_total_steps": 1515965,
  "running_total_packets": 21524691849,
  "running_total_dropped": 227857587,
  "running_total_time_sec": 4021.1069563349993,
  "p_gb": 0.005,
  "p_bg": 0.3,
  "good_loss_rate": 0.0,
  "bad_loss_rate": 0.65
}