{
  "state": "good",
  "episode_index": 3758,
  "state_ordinal": 1879,
  "start_time_wall": 1756954920.9841142,
  "end_time_wall": 1756954921.5392134,
  "wall_time_sec": 0.5550990240008105,
  "steps": 163,
  "packets": 2365003,
  "dropped": 0,
  "running_total_steps": 379700,
  "running_total_packets": 5391363078,
  "running_total_dropped": 59596307,
  "running_total_time_sec": 983.4891124660007,
  "p_gb": 0.005,
  "p_bg": 0.3,
  "good_loss_rate": 0.0,
  "bad_loss_rate": 0.65
}