{
  "state": "good",
  "episode_index": 9876,
  "state_ordinal": 4938,
  "start_time_wall": 1756956630.9455442,
  "end_time_wall": 1756956631.556579,
  "wall_time_sec": 0.6110347839985479,
  "steps": 313,
  "packets": 4504355,
  "dropped": 0,
  "running_total_steps": 1018478,
  "running_total_packets": 14461111304,
  "running_total_dropped": 155800793,
  "running_total_time_sec": 2693.506478228999,
  "p_gb": 0.005,
  "p_bg": 0.3,
  "good_loss_rate": 0.0,
  "bad_loss_rate": 0.65
}