{
  "state": "good",
  "episode_index": 1614,
  "state_ordinal": 807,
  "start_time_wall": 1756954346.329746,
  "end_time_wall": 1756954346.3333323,
  "wall_time_sec": 0.0035857500006386545,
  "steps": 24,
  "packets": 319678,
  "dropped": 0,
  "running_total_steps": 161442,
  "running_total_packets": 2292375178,
  "running_total_dropped": 26121567,
  "running_total_time_sec": 408.2832313409999,
  "p_gb": 0.005,
  "p_bg": 0.3,
  "good_loss_rate": 0.0,
  "bad_loss_rate": 0.65
}