{
  "state": "good",
  "episode_index": 5476,
  "state_ordinal": 2738,
  "start_time_wall": 1756955378.6774263,
  "end_time_wall": 1756955378.6796854,
  "wall_time_sec": 0.0022590879998460878,
  "steps": 19,
  "packets": 254581,
  "dropped": 0,
  "running_total_steps": 550805,
  "running_total_packets": 7820775475,
  "running_total_dropped": 86730938,
  "running_total_time_sec": 1440.6295846939993,
  "p_gb": 0.005,
  "p_bg": 0.3,
  "good_loss_rate": 0.0,
  "bad_loss_rate": 0.65
}