{
  "state": "good",
  "episode_index": 12460,
  "state_ordinal": 6230,
  "start_time_wall": 1756957395.4127991,
  "end_time_wall": 1756957396.012002,
  "wall_time_sec": 0.5992021890015167,
  "steps": 172,
  "packets": 2425764,
  "dropped": 0,
  "running_total_steps": 1294344,
  "running_total_packets": 18377946762,
  "running_total_dropped": 196168276,
  "running_total_time_sec": 3457.961901316001,
  "p_gb": 0.005,
  "p_bg": 0.3,
  "good_loss_rate": 0.0,
  "bad_loss_rate": 0.65
}