{
  "state": "good",
  "episode_index": 1102,
  "state_ordinal": 551,
  "start_time_wall": 1756954205.5867832,
  "end_time_wall": 1756954205.5920794,
  "wall_time_sec": 0.005296211000313633,
  "steps": 39,
  "packets": 497603,
  "dropped": 0,
  "running_total_steps": 110816,
  "running_total_packets": 1573551162,
  "running_total_dropped": 17119586,
  "running_total_time_sec": 267.5419786900002,
  "p_gb": 0.005,
  "p_bg": 0.3,
  "good_loss_rate": 0.0,
  "bad_loss_rate": 0.65
}