{
  "state": "good",
  "episode_index": 8176,
  "state_ordinal": 4088,
  "start_time_wall": 1756956182.4681756,
  "end_time_wall": 1756956183.8508732,
  "wall_time_sec": 1.3826978589986538,
  "steps": 487,
  "packets": 6993757,
  "dropped": 1,
  "running_total_steps": 848498,
  "running_total_packets": 12047562522,
  "running_total_dropped": 129174196,
  "running_total_time_sec": 2245.800772692999,
  "p_gb": 0.005,
  "p_bg": 0.3,
  "good_loss_rate": 0.0,
  "bad_loss_rate": 0.65
}