{
  "state": "good",
  "episode_index": 2818,
  "state_ordinal": 1409,
  "start_time_wall": 1756954678.1492784,
  "end_time_wall": 1756954678.1692884,
  "wall_time_sec": 0.02000957299969741,
  "steps": 159,
  "packets": 2257975,
  "dropped": 0,
  "running_total_steps": 287495,
  "running_total_packets": 4082144205,
  "running_total_dropped": 45641248,
  "running_total_time_sec": 740.1191875259992,
  "p_gb": 0.005,
  "p_bg": 0.3,
  "good_loss_rate": 0.0,
  "bad_loss_rate": 0.65
}