{
  "state": "good",
  "episode_index": 562,
  "state_ordinal": 281,
  "start_time_wall": 1756954047.9970067,
  "end_time_wall": 1756954047.999119,
  "wall_time_sec": 0.00211257199953252,
  "steps": 18,
  "packets": 243010,
  "dropped": 0,
  "running_total_steps": 51549,
  "running_total_packets": 732011609,
  "running_total_dropped": 9382693,
  "running_total_time_sec": 109.9490184059996,
  "p_gb": 0.005,
  "p_bg": 0.3,
  "good_loss_rate": 0.0,
  "bad_loss_rate": 0.65
}