{
  "state": "good",
  "episode_index": 2694,
  "state_ordinal": 1347,
  "start_time_wall": 1756954655.3475451,
  "end_time_wall": 1756954655.3612356,
  "wall_time_sec": 0.013690531999600353,
  "steps": 127,
  "packets": 1712641,
  "dropped": 0,
  "running_total_steps": 276761,
  "running_total_packets": 3929626717,
  "running_total_dropped": 43394395,
  "running_total_time_sec": 717.3111347710001,
  "p_gb": 0.005,
  "p_bg": 0.3,
  "good_loss_rate": 0.0,
  "bad_loss_rate": 0.65
}