{
  "state": "good",
  "episode_index": 6450,
  "state_ordinal": 3225,
  "start_time_wall": 1756955684.668396,
  "end_time_wall": 1756955685.2819383,
  "wall_time_sec": 0.6135417200002848,
  "steps": 279,
  "packets": 4038595,
  "dropped": 0,
  "running_total_steps": 656923,
  "running_total_packets": 9327510575,
  "running_total_dropped": 101255307,
  "running_total_time_sec": 1747.2318374839997,
  "p_gb": 0.005,
  "p_bg": 0.3,
  "good_loss_rate": 0.0,
  "bad_loss_rate": 0.65
}