{
  "state": "good",
  "episode_index": 1396,
  "state_ordinal": 698,
  "start_time_wall": 1756954300.2665915,
  "end_time_wall": 1756954300.8940804,
  "wall_time_sec": 0.6274887299987313,
  "steps": 355,
  "packets": 4919508,
  "dropped": 0,
  "running_total_steps": 139857,
  "running_total_packets": 1985840188,
  "running_total_dropped": 22195966,
  "running_total_time_sec": 362.8439797529991,
  "p_gb": 0.005,
  "p_bg": 0.3,
  "good_loss_rate": 0.0,
  "bad_loss_rate": 0.65
}