{
  "state": "good",
  "episode_index": 9182,
  "state_ordinal": 4591,
  "start_time_wall": 1756956421.110575,
  "end_time_wall": 1756956421.1438992,
  "wall_time_sec": 0.03332426300039515,
  "steps": 256,
  "packets": 3614766,
  "dropped": 0,
  "running_total_steps": 944038,
  "running_total_packets": 13404087270,
  "running_total_dropped": 145629676,
  "running_total_time_sec": 2483.093798352,
  "p_gb": 0.005,
  "p_bg": 0.3,
  "good_loss_rate": 0.0,
  "bad_loss_rate": 0.65
}