{
  "state": "good",
  "episode_index": 10368,
  "state_ordinal": 5184,
  "start_time_wall": 1756956780.5382323,
  "end_time_wall": 1756956780.5520394,
  "wall_time_sec": 0.013806947999910335,
  "steps": 133,
  "packets": 1758937,
  "dropped": 0,
  "running_total_steps": 1073918,
  "running_total_packets": 15248140034,
  "running_total_dropped": 163483221,
  "running_total_time_sec": 2842.501938711999,
  "p_gb": 0.005,
  "p_bg": 0.3,
  "good_loss_rate": 0.0,
  "bad_loss_rate": 0.65
}