{
  "state": "good",
  "episode_index": 13210,
  "state_ordinal": 6605,
  "start_time_wall": 1756957596.0958047,
  "end_time_wall": 1756957596.1363,
  "wall_time_sec": 0.04049513800055138,
  "steps": 344,
  "packets": 4766178,
  "dropped": 0,
  "running_total_steps": 1374187,
  "running_total_packets": 19511591155,
  "running_total_dropped": 207835427,
  "running_total_time_sec": 3658.086199292,
  "p_gb": 0.005,
  "p_bg": 0.3,
  "good_loss_rate": 0.0,
  "bad_loss_rate": 0.65
}