{
  "state": "good",
  "episode_index": 7356,
  "state_ordinal": 3678,
  "start_time_wall": 1756955926.4630988,
  "end_time_wall": 1756955926.4695623,
  "wall_time_sec": 0.0064634080008545425,
  "steps": 59,
  "packets": 807133,
  "dropped": 0,
  "running_total_steps": 757492,
  "running_total_packets": 10755409284,
  "running_total_dropped": 114908535,
  "running_total_time_sec": 1988.4194615680008,
  "p_gb": 0.005,
  "p_bg": 0.3,
  "good_loss_rate": 0.0,
  "bad_loss_rate": 0.65
}