{
  "state": "good",
  "episode_index": 7322,
  "state_ordinal": 3661,
  "start_time_wall": 1756955921.1843102,
  "end_time_wall": 1756955921.1939917,
  "wall_time_sec": 0.009681317000286072,
  "steps": 66,
  "packets": 1031342,
  "dropped": 0,
  "running_total_steps": 754965,
  "running_total_packets": 10719614540,
  "running_total_dropped": 114241362,
  "running_total_time_sec": 1983.1438909299995,
  "p_gb": 0.005,
  "p_bg": 0.3,
  "good_loss_rate": 0.0,
  "bad_loss_rate": 0.65
}