{
  "state": "good",
  "episode_index": 11502,
  "state_ordinal": 5751,
  "start_time_wall": 1756957088.8634038,
  "end_time_wall": 1756957088.8644392,
  "wall_time_sec": 0.0010352959998272127,
  "steps": 6,
  "packets": 89674,
  "dropped": 0,
  "running_total_steps": 1189660,
  "running_total_packets": 16891573844,
  "running_total_dropped": 181083062,
  "running_total_time_sec": 3150.814338421,
  "p_gb": 0.005,
  "p_bg": 0.3,
  "good_loss_rate": 0.0,
  "bad_loss_rate": 0.65
}