{
  "state": "good",
  "episode_index": 13290,
  "state_ordinal": 6645,
  "start_time_wall": 1756957613.0713642,
  "end_time_wall": 1756957614.4568253,
  "wall_time_sec": 1.3854609629997867,
  "steps": 724,
  "packets": 10248344,
  "dropped": 1,
  "running_total_steps": 1382858,
  "running_total_packets": 19634705920,
  "running_total_dropped": 209202383,
  "running_total_time_sec": 3676.4067244300004,
  "p_gb": 0.005,
  "p_bg": 0.3,
  "good_loss_rate": 0.0,
  "bad_loss_rate": 0.65
}