{
  "state": "good",
  "episode_index": 2966,
  "state_ordinal": 1483,
  "start_time_wall": 1756954712.5317743,
  "end_time_wall": 1756954713.1221325,
  "wall_time_sec": 0.5903578200013726,
  "steps": 156,
  "packets": 2246392,
  "dropped": 0,
  "running_total_steps": 304118,
  "running_total_packets": 4318183246,
  "running_total_dropped": 48056134,
  "running_total_time_sec": 775.0720315960007,
  "p_gb": 0.005,
  "p_bg": 0.3,
  "good_loss_rate": 0.0,
  "bad_loss_rate": 0.65
}