{
  "state": "good",
  "episode_index": 10550,
  "state_ordinal": 5275,
  "start_time_wall": 1756956819.77366,
  "end_time_wall": 1756956819.793136,
  "wall_time_sec": 0.019475972001600894,
  "steps": 158,
  "packets": 2249286,
  "dropped": 0,
  "running_total_steps": 1092712,
  "running_total_packets": 15515060106,
  "running_total_dropped": 166885779,
  "running_total_time_sec": 2881.7430351460007,
  "p_gb": 0.005,
  "p_bg": 0.3,
  "good_loss_rate": 0.0,
  "bad_loss_rate": 0.65
}