{
  "state": "good",
  "episode_index": 13882,
  "state_ordinal": 6941,
  "start_time_wall": 1756957788.1892898,
  "end_time_wall": 1756957788.7958224,
  "wall_time_sec": 0.6065323459988576,
  "steps": 227,
  "packets": 3292211,
  "dropped": 0,
  "running_total_steps": 1449616,
  "running_total_packets": 20582644658,
  "running_total_dropped": 217858375,
  "running_total_time_sec": 3850.7457214059996,
  "p_gb": 0.005,
  "p_bg": 0.3,
  "good_loss_rate": 0.0,
  "bad_loss_rate": 0.65
}