{
  "state": "good",
  "episode_index": 10630,
  "state_ordinal": 5315,
  "start_time_wall": 1756956877.6877446,
  "end_time_wall": 1756956879.2149234,
  "wall_time_sec": 1.5271784590004245,
  "steps": 701,
  "packets": 9866487,
  "dropped": 1,
  "running_total_steps": 1104617,
  "running_total_packets": 15684060305,
  "running_total_dropped": 168070273,
  "running_total_time_sec": 2941.1648223890006,
  "p_gb": 0.005,
  "p_bg": 0.3,
  "good_loss_rate": 0.0,
  "bad_loss_rate": 0.65
}