{
  "state": "good",
  "episode_index": 11428,
  "state_ordinal": 5714,
  "start_time_wall": 1756957072.5381134,
  "end_time_wall": 1756957072.5471675,
  "wall_time_sec": 0.00905419099944993,
  "steps": 86,
  "packets": 1171648,
  "dropped": 0,
  "running_total_steps": 1181602,
  "running_total_packets": 16777174154,
  "running_total_dropped": 179941537,
  "running_total_time_sec": 3134.497066721,
  "p_gb": 0.005,
  "p_bg": 0.3,
  "good_loss_rate": 0.0,
  "bad_loss_rate": 0.65
}