{
  "state": "good",
  "episode_index": 12436,
  "state_ordinal": 6218,
  "start_time_wall": 1756957391.1547961,
  "end_time_wall": 1756957391.16933,
  "wall_time_sec": 0.014533196001139004,
  "steps": 112,
  "packets": 1501462,
  "dropped": 0,
  "running_total_steps": 1291982,
  "running_total_packets": 18344382504,
  "running_total_dropped": 195890757,
  "running_total_time_sec": 3453.1192289890005,
  "p_gb": 0.005,
  "p_bg": 0.3,
  "good_loss_rate": 0.0,
  "bad_loss_rate": 0.65
}