{
  "state": "good",
  "episode_index": 9586,
  "state_ordinal": 4793,
  "start_time_wall": 1756956564.8841226,
  "end_time_wall": 1756956564.8919296,
  "wall_time_sec": 0.007806974001141498,
  "steps": 71,
  "packets": 970593,
  "dropped": 0,
  "running_total_steps": 987038,
  "running_total_packets": 14014625900,
  "running_total_dropped": 151296870,
  "running_total_time_sec": 2626.8418287580007,
  "p_gb": 0.005,
  "p_bg": 0.3,
  "good_loss_rate": 0.0,
  "bad_loss_rate": 0.65
}