{
  "state": "good",
  "episode_index": 12502,
  "state_ordinal": 6251,
  "start_time_wall": 1756957407.1010728,
  "end_time_wall": 1756957407.1038487,
  "wall_time_sec": 0.0027757400002883514,
  "steps": 25,
  "packets": 300877,
  "dropped": 0,
  "running_total_steps": 1299725,
  "running_total_packets": 18454363177,
  "running_total_dropped": 196964084,
  "running_total_time_sec": 3469.0537479190007,
  "p_gb": 0.005,
  "p_bg": 0.3,
  "good_loss_rate": 0.0,
  "bad_loss_rate": 0.65
}