{
  "state": "good",
  "episode_index": 12924,
  "state_ordinal": 6462,
  "start_time_wall": 1756957495.5685546,
  "end_time_wall": 1756957496.1757212,
  "wall_time_sec": 0.6071665800009214,
  "steps": 228,
  "packets": 3354402,
  "dropped": 0,
  "running_total_steps": 1342281,
  "running_total_packets": 19058651533,
  "running_total_dropped": 203314855,
  "running_total_time_sec": 3558.1256205240006,
  "p_gb": 0.005,
  "p_bg": 0.3,
  "good_loss_rate": 0.0,
  "bad_loss_rate": 0.65
}