{
  "state": "good",
  "episode_index": 1724,
  "state_ordinal": 862,
  "start_time_wall": 1756954369.4830563,
  "end_time_wall": 1756954369.4920747,
  "wall_time_sec": 0.009018212000228232,
  "steps": 59,
  "packets": 973475,
  "dropped": 0,
  "running_total_steps": 172868,
  "running_total_packets": 2454670902,
  "running_total_dropped": 27820224,
  "running_total_time_sec": 431.4419740760004,
  "p_gb": 0.005,
  "p_bg": 0.3,
  "good_loss_rate": 0.0,
  "bad_loss_rate": 0.65
}