{
  "state": "good",
  "episode_index": 12782,
  "state_ordinal": 6391,
  "start_time_wall": 1756957466.3831604,
  "end_time_wall": 1756957466.980853,
  "wall_time_sec": 0.5976925880004273,
  "steps": 218,
  "packets": 3095480,
  "dropped": 0,
  "running_total_steps": 1328180,
  "running_total_packets": 18858330574,
  "running_total_dropped": 201417967,
  "running_total_time_sec": 3528.93075211,
  "p_gb": 0.005,
  "p_bg": 0.3,
  "good_loss_rate": 0.0,
  "bad_loss_rate": 0.65
}