{
  "state": "good",
  "episode_index": 6888,
  "state_ordinal": 3444,
  "start_time_wall": 1756955824.296382,
  "end_time_wall": 1756955824.29928,
  "wall_time_sec": 0.0028978760001336923,
  "steps": 25,
  "packets": 351497,
  "dropped": 0,
  "running_total_steps": 708507,
  "running_total_packets": 10059827415,
  "running_total_dropped": 107868614,
  "running_total_time_sec": 1886.2491791060002,
  "p_gb": 0.005,
  "p_bg": 0.3,
  "good_loss_rate": 0.0,
  "bad_loss_rate": 0.65
}