{
  "state": "good",
  "episode_index": 3312,
  "state_ordinal": 1656,
  "start_time_wall": 1756954836.1983135,
  "end_time_wall": 1756954836.8131816,
  "wall_time_sec": 0.614868075999766,
  "steps": 343,
  "packets": 4871770,
  "dropped": 0,
  "running_total_steps": 338587,
  "running_total_packets": 4807528037,
  "running_total_dropped": 53772413,
  "running_total_time_sec": 898.7630807610003,
  "p_gb": 0.005,
  "p_bg": 0.3,
  "good_loss_rate": 0.0,
  "bad_loss_rate": 0.65
}