{
  "state": "good",
  "episode_index": 1492,
  "state_ordinal": 746,
  "start_time_wall": 1756954319.7892747,
  "end_time_wall": 1756954324.5463421,
  "wall_time_sec": 4.757067459999234,
  "steps": 2294,
  "packets": 32665992,
  "dropped": 3,
  "running_total_steps": 151209,
  "running_total_packets": 2147068421,
  "running_total_dropped": 24092432,
  "running_total_time_sec": 386.4962413129997,
  "p_gb": 0.005,
  "p_bg": 0.3,
  "good_loss_rate": 0.0,
  "bad_loss_rate": 0.65
}