{
  "state": "good",
  "episode_index": 6218,
  "state_ordinal": 3109,
  "start_time_wall": 1756955581.9597611,
  "end_time_wall": 1756955581.9646537,
  "wall_time_sec": 0.004892693999863695,
  "steps": 38,
  "packets": 488914,
  "dropped": 0,
  "running_total_steps": 632614,
  "running_total_packets": 8982322588,
  "running_total_dropped": 97807716,
  "running_total_time_sec": 1643.9145531270005,
  "p_gb": 0.005,
  "p_bg": 0.3,
  "good_loss_rate": 0.0,
  "bad_loss_rate": 0.65
}