{
  "state": "good",
  "episode_index": 11582,
  "state_ordinal": 5791,
  "start_time_wall": 1756957106.9661987,
  "end_time_wall": 1756957107.5692015,
  "wall_time_sec": 0.6030026339994947,
  "steps": 282,
  "packets": 4115245,
  "dropped": 0,
  "running_total_steps": 1198836,
  "running_total_packets": 17021913811,
  "running_total_dropped": 182247228,
  "running_total_time_sec": 3169.519100714,
  "p_gb": 0.005,
  "p_bg": 0.3,
  "good_loss_rate": 0.0,
  "bad_loss_rate": 0.65
}