{
  "state": "good",
  "episode_index": 7998,
  "state_ordinal": 3999,
  "start_time_wall": 1756956109.404699,
  "end_time_wall": 1756956110.0131466,
  "wall_time_sec": 0.6084474169983878,
  "steps": 399,
  "packets": 5644190,
  "dropped": 0,
  "running_total_steps": 829320,
  "running_total_packets": 11775197874,
  "running_total_dropped": 126389583,
  "running_total_time_sec": 2171.9630457999992,
  "p_gb": 0.005,
  "p_bg": 0.3,
  "good_loss_rate": 0.0,
  "bad_loss_rate": 0.65
}