{
  "state": "good",
  "episode_index": 6138,
  "state_ordinal": 3069,
  "start_time_wall": 1756955568.6687992,
  "end_time_wall": 1756955568.6770198,
  "wall_time_sec": 0.008220658999562147,
  "steps": 39,
  "packets": 499044,
  "dropped": 0,
  "running_total_steps": 626217,
  "running_total_packets": 8891481817,
  "running_total_dropped": 96621086,
  "running_total_time_sec": 1630.6269192250002,
  "p_gb": 0.005,
  "p_bg": 0.3,
  "good_loss_rate": 0.0,
  "bad_loss_rate": 0.65
}