{
  "state": "good",
  "episode_index": 6950,
  "state_ordinal": 3475,
  "start_time_wall": 1756955834.2805908,
  "end_time_wall": 1756955834.2822583,
  "wall_time_sec": 0.0016667410000081873,
  "steps": 12,
  "packets": 133088,
  "dropped": 0,
  "running_total_steps": 713312,
  "running_total_packets": 10128076966,
  "running_total_dropped": 108766368,
  "running_total_time_sec": 1896.2321575309998,
  "p_gb": 0.005,
  "p_bg": 0.3,
  "good_loss_rate": 0.0,
  "bad_loss_rate": 0.65
}