{
  "state": "good",
  "episode_index": 11942,
  "state_ordinal": 5971,
  "start_time_wall": 1756957226.9945128,
  "end_time_wall": 1756957227.012926,
  "wall_time_sec": 0.018412736999380286,
  "steps": 139,
  "packets": 2035201,
  "dropped": 0,
  "running_total_steps": 1239812,
  "running_total_packets": 17603748358,
  "running_total_dropped": 188948437,
  "running_total_time_sec": 3288.962825482,
  "p_gb": 0.005,
  "p_bg": 0.3,
  "good_loss_rate": 0.0,
  "bad_loss_rate": 0.65
}