{
  "state": "good",
  "episode_index": 2002,
  "state_ordinal": 1001,
  "start_time_wall": 1756954461.5314002,
  "end_time_wall": 1756954461.5499275,
  "wall_time_sec": 0.01852719299859018,
  "steps": 144,
  "packets": 1944080,
  "dropped": 0,
  "running_total_steps": 199766,
  "running_total_packets": 2836440536,
  "running_total_dropped": 32881833,
  "running_total_time_sec": 523.4998267329993,
  "p_gb": 0.005,
  "p_bg": 0.3,
  "good_loss_rate": 0.0,
  "bad_loss_rate": 0.65
}