{
  "state": "good",
  "episode_index": 4596,
  "state_ordinal": 2298,
  "start_time_wall": 1756955151.1286833,
  "end_time_wall": 1756955151.8871496,
  "wall_time_sec": 0.7584662080007547,
  "steps": 150,
  "packets": 2188531,
  "dropped": 1,
  "running_total_steps": 458187,
  "running_total_packets": 6505715686,
  "running_total_dropped": 73160281,
  "running_total_time_sec": 1213.8370486780004,
  "p_gb": 0.005,
  "p_bg": 0.3,
  "good_loss_rate": 0.0,
  "bad_loss_rate": 0.65
}