{
  "state": "good",
  "episode_index": 4236,
  "state_ordinal": 2118,
  "start_time_wall": 1756955048.4338999,
  "end_time_wall": 1756955048.6370811,
  "wall_time_sec": 0.2031813070007047,
  "steps": 165,
  "packets": 2379462,
  "dropped": 0,
  "running_total_steps": 424676,
  "running_total_packets": 6029852154,
  "running_total_dropped": 67410512,
  "running_total_time_sec": 1110.5869803700007,
  "p_gb": 0.005,
  "p_bg": 0.3,
  "good_loss_rate": 0.0,
  "bad_loss_rate": 0.65
}