{
  "state": "good",
  "episode_index": 12410,
  "state_ordinal": 6205,
  "start_time_wall": 1756957384.383513,
  "end_time_wall": 1756957384.4011183,
  "wall_time_sec": 0.01760497299983399,
  "steps": 171,
  "packets": 2308595,
  "dropped": 0,
  "running_total_steps": 1289002,
  "running_total_packets": 18302048198,
  "running_total_dropped": 195293463,
  "running_total_time_sec": 3446.351017367,
  "p_gb": 0.005,
  "p_bg": 0.3,
  "good_loss_rate": 0.0,
  "bad_loss_rate": 0.65
}