{
  "state": "good",
  "episode_index": 13826,
  "state_ordinal": 6913,
  "start_time_wall": 1756957772.6444988,
  "end_time_wall": 1756957772.6501205,
  "wall_time_sec": 0.005621421998512233,
  "steps": 52,
  "packets": 665392,
  "dropped": 0,
  "running_total_steps": 1441731,
  "running_total_packets": 20470596953,
  "running_total_dropped": 217016306,
  "running_total_time_sec": 3834.6000196999994,
  "p_gb": 0.005,
  "p_bg": 0.3,
  "good_loss_rate": 0.0,
  "bad_loss_rate": 0.65
}