{
  "state": "good",
  "episode_index": 2414,
  "state_ordinal": 1207,
  "start_time_wall": 1756954557.6234221,
  "end_time_wall": 1756954557.6415832,
  "wall_time_sec": 0.018160960000386694,
  "steps": 142,
  "packets": 2080038,
  "dropped": 0,
  "running_total_steps": 246514,
  "running_total_packets": 3500266250,
  "running_total_dropped": 39312475,
  "running_total_time_sec": 619.5914823660005,
  "p_gb": 0.005,
  "p_bg": 0.3,
  "good_loss_rate": 0.0,
  "bad_loss_rate": 0.65
}