{
  "state": "good",
  "episode_index": 4436,
  "state_ordinal": 2218,
  "start_time_wall": 1756955087.2045364,
  "end_time_wall": 1756955088.9184206,
  "wall_time_sec": 1.7138841129999491,
  "steps": 673,
  "packets": 9669749,
  "dropped": 2,
  "running_total_steps": 444043,
  "running_total_packets": 6304937631,
  "running_total_dropped": 70515100,
  "running_total_time_sec": 1150.8683196040001,
  "p_gb": 0.005,
  "p_bg": 0.3,
  "good_loss_rate": 0.0,
  "bad_loss_rate": 0.65
}