{
  "state": "good",
  "episode_index": 5340,
  "state_ordinal": 2670,
  "start_time_wall": 1756955348.9421804,
  "end_time_wall": 1756955348.9511313,
  "wall_time_sec": 0.008950876999733737,
  "steps": 58,
  "packets": 941656,
  "dropped": 0,
  "running_total_steps": 536283,
  "running_total_packets": 7614610705,
  "running_total_dropped": 84817186,
  "running_total_time_sec": 1410.9010305880001,
  "p_gb": 0.005,
  "p_bg": 0.3,
  "good_loss_rate": 0.0,
  "bad_loss_rate": 0.65
}