{
  "state": "good",
  "episode_index": 7828,
  "state_ordinal": 3914,
  "start_time_wall": 1756956071.4723895,
  "end_time_wall": 1756956072.0344846,
  "wall_time_sec": 0.5620953050001845,
  "steps": 180,
  "packets": 2579076,
  "dropped": 1,
  "running_total_steps": 810676,
  "running_total_packets": 11510603744,
  "running_total_dropped": 123285432,
  "running_total_time_sec": 2133.9843840270005,
  "p_gb": 0.005,
  "p_bg": 0.3,
  "good_loss_rate": 0.0,
  "bad_loss_rate": 0.65
}