{
  "state": "good",
  "episode_index": 62,
  "state_ordinal": 31,
  "start_time_wall": 1756953953.2029412,
  "end_time_wall": 1756953953.2308462,
  "wall_time_sec": 0.027904900000066846,
  "steps": 244,
  "packets": 3448424,
  "dropped": 0,
  "running_total_steps": 5809,
  "running_total_packets": 82520565,
  "running_total_dropped": 1340496,
  "running_total_time_sec": 15.180745322999428,
  "p_gb": 0.005,
  "p_bg": 0.3,
  "good_loss_rate": 0.0,
  "bad_loss_rate": 0.65
}