{
  "state": "good",
  "episode_index": 6366,
  "state_ordinal": 3183,
  "start_time_wall": 1756955664.7205002,
  "end_time_wall": 1756955664.7358327,
  "wall_time_sec": 0.015332611001213081,
  "steps": 122,
  "packets": 1773390,
  "dropped": 0,
  "running_total_steps": 646875,
  "running_total_packets": 9184827743,
  "running_total_dropped": 99948656,
  "running_total_time_sec": 1726.6857321570005,
  "p_gb": 0.005,
  "p_bg": 0.3,
  "good_loss_rate": 0.0,
  "bad_loss_rate": 0.65
}