{
  "state": "good",
  "episode_index": 13800,
  "state_ordinal": 6900,
  "start_time_wall": 1756957767.532429,
  "end_time_wall": 1756957767.5349085,
  "wall_time_sec": 0.002478922999216593,
  "steps": 20,
  "packets": 254587,
  "dropped": 0,
  "running_total_steps": 1439234,
  "running_total_packets": 20435210120,
  "running_total_dropped": 216531677,
  "running_total_time_sec": 3829.4848075089994,
  "p_gb": 0.005,
  "p_bg": 0.3,
  "good_loss_rate": 0.0,
  "bad_loss_rate": 0.65
}