{
  "state": "good",
  "episode_index": 2238,
  "state_ordinal": 1119,
  "start_time_wall": 1756954516.2679691,
  "end_time_wall": 1756954516.2741296,
  "wall_time_sec": 0.0061605259998032125,
  "steps": 46,
  "packets": 607531,
  "dropped": 0,
  "running_total_steps": 226296,
  "running_total_packets": 3213146003,
  "running_total_dropped": 36752863,
  "running_total_time_sec": 578.2240289250003,
  "p_gb": 0.005,
  "p_bg": 0.3,
  "good_loss_rate": 0.0,
  "bad_loss_rate": 0.65
}