{
  "state": "good",
  "episode_index": 8758,
  "state_ordinal": 4379,
  "start_time_wall": 1756956336.6341877,
  "end_time_wall": 1756956337.2447305,
  "wall_time_sec": 0.6105425440000545,
  "steps": 210,
  "packets": 2975422,
  "dropped": 0,
  "running_total_steps": 904413,
  "running_total_packets": 12841469287,
  "running_total_dropped": 138652048,
  "running_total_time_sec": 2399.194629623,
  "p_gb": 0.005,
  "p_bg": 0.3,
  "good_loss_rate": 0.0,
  "bad_loss_rate": 0.65
}