{
  "state": "good",
  "episode_index": 5410,
  "state_ordinal": 2705,
  "start_time_wall": 1756955363.6521823,
  "end_time_wall": 1756955363.850021,
  "wall_time_sec": 0.19783866999932798,
  "steps": 104,
  "packets": 1528939,
  "dropped": 0,
  "running_total_steps": 543551,
  "running_total_packets": 7717791453,
  "running_total_dropped": 85758441,
  "running_total_time_sec": 1425.799920169,
  "p_gb": 0.005,
  "p_bg": 0.3,
  "good_loss_rate": 0.0,
  "bad_loss_rate": 0.65
}