{
  "state": "good",
  "episode_index": 11416,
  "state_ordinal": 5708,
  "start_time_wall": 1756957071.6511002,
  "end_time_wall": 1756957072.229036,
  "wall_time_sec": 0.5779359850002947,
  "steps": 81,
  "packets": 1210708,
  "dropped": 0,
  "running_total_steps": 1181355,
  "running_total_packets": 16773680893,
  "running_total_dropped": 179723815,
  "running_total_time_sec": 3134.1789353500008,
  "p_gb": 0.005,
  "p_bg": 0.3,
  "good_loss_rate": 0.0,
  "bad_loss_rate": 0.65
}