{
  "state": "good",
  "episode_index": 4628,
  "state_ordinal": 2314,
  "start_time_wall": 1756955159.320551,
  "end_time_wall": 1756955159.9151125,
  "wall_time_sec": 0.5945616419994622,
  "steps": 127,
  "packets": 1878983,
  "dropped": 0,
  "running_total_steps": 462209,
  "running_total_packets": 6562805603,
  "running_total_dropped": 73539547,
  "running_total_time_sec": 1221.8650116909994,
  "p_gb": 0.005,
  "p_bg": 0.3,
  "good_loss_rate": 0.0,
  "bad_loss_rate": 0.65
}