{
  "state": "good",
  "episode_index": 13446,
  "state_ordinal": 6723,
  "start_time_wall": 1756957651.1806047,
  "end_time_wall": 1756957651.2141252,
  "wall_time_sec": 0.03352018599980511,
  "steps": 283,
  "packets": 3947468,
  "dropped": 0,
  "running_total_steps": 1400713,
  "running_total_packets": 19888218525,
  "running_total_dropped": 211289194,
  "running_total_time_sec": 3713.1640241860005,
  "p_gb": 0.005,
  "p_bg": 0.3,
  "good_loss_rate": 0.0,
  "bad_loss_rate": 0.65
}