{
  "state": "good",
  "episode_index": 8288,
  "state_ordinal": 4144,
  "start_time_wall": 1756956206.9945424,
  "end_time_wall": 1756956207.5844412,
  "wall_time_sec": 0.5898986680003873,
  "steps": 117,
  "packets": 1745907,
  "dropped": 0,
  "running_total_steps": 859787,
  "running_total_packets": 12207853429,
  "running_total_dropped": 130652746,
  "running_total_time_sec": 2269.5343403839997,
  "p_gb": 0.005,
  "p_bg": 0.3,
  "good_loss_rate": 0.0,
  "bad_loss_rate": 0.65
}