{
  "state": "good",
  "episode_index": 14252,
  "state_ordinal": 7126,
  "start_time_wall": 1756957904.099722,
  "end_time_wall": 1756957904.101407,
  "wall_time_sec": 0.0016845420013851253,
  "steps": 12,
  "packets": 153336,
  "dropped": 0,
  "running_total_steps": 1489564,
  "running_total_packets": 21149771344,
  "running_total_dropped": 223609668,
  "running_total_time_sec": 3966.0513061500005,
  "p_gb": 0.005,
  "p_bg": 0.3,
  "good_loss_rate": 0.0,
  "bad_loss_rate": 0.65
}