{
  "state": "good",
  "episode_index": 2022,
  "state_ordinal": 1011,
  "start_time_wall": 1756954464.1110528,
  "end_time_wall": 1756954464.683167,
  "wall_time_sec": 0.5721140839996224,
  "steps": 89,
  "packets": 1349573,
  "dropped": 0,
  "running_total_steps": 201212,
  "running_total_packets": 2857084782,
  "running_total_dropped": 33224697,
  "running_total_time_sec": 526.6330662460005,
  "p_gb": 0.005,
  "p_bg": 0.3,
  "good_loss_rate": 0.0,
  "bad_loss_rate": 0.65
}