{
  "state": "good",
  "episode_index": 12194,
  "state_ordinal": 6097,
  "start_time_wall": 1756957282.4103925,
  "end_time_wall": 1756957282.4161465,
  "wall_time_sec": 0.005753362998802913,
  "steps": 52,
  "packets": 716012,
  "dropped": 0,
  "running_total_steps": 1266391,
  "running_total_packets": 17981072939,
  "running_total_dropped": 192351276,
  "running_total_time_sec": 3344.366045528999,
  "p_gb": 0.005,
  "p_bg": 0.3,
  "good_loss_rate": 0.0,
  "bad_loss_rate": 0.65
}