{
  "state": "good",
  "episode_index": 10344,
  "state_ordinal": 5172,
  "start_time_wall": 1756956773.9635336,
  "end_time_wall": 1756956773.965864,
  "wall_time_sec": 0.002330323999558459,
  "steps": 16,
  "packets": 229992,
  "dropped": 0,
  "running_total_steps": 1070461,
  "running_total_packets": 15199111389,
  "running_total_dropped": 162982527,
  "running_total_time_sec": 2835.9157630949994,
  "p_gb": 0.005,
  "p_bg": 0.3,
  "good_loss_rate": 0.0,
  "bad_loss_rate": 0.65
}