{
  "state": "good",
  "episode_index": 4552,
  "state_ordinal": 2276,
  "start_time_wall": 1756955139.479931,
  "end_time_wall": 1756955140.0511947,
  "wall_time_sec": 0.5712632779996056,
  "steps": 33,
  "packets": 640779,
  "dropped": 0,
  "running_total_steps": 452459,
  "running_total_packets": 6424469449,
  "running_total_dropped": 72389959,
  "running_total_time_sec": 1202.0010938319992,
  "p_gb": 0.005,
  "p_bg": 0.3,
  "good_loss_rate": 0.0,
  "bad_loss_rate": 0.65
}