{
  "state": "good",
  "episode_index": 2982,
  "state_ordinal": 1491,
  "start_time_wall": 1756954714.9980593,
  "end_time_wall": 1756954715.0007815,
  "wall_time_sec": 0.00272191899966856,
  "steps": 22,
  "packets": 306660,
  "dropped": 0,
  "running_total_steps": 305299,
  "running_total_packets": 4334856895,
  "running_total_dropped": 48249109,
  "running_total_time_sec": 776.9506807899998,
  "p_gb": 0.005,
  "p_bg": 0.3,
  "good_loss_rate": 0.0,
  "bad_loss_rate": 0.65
}