{
  "state": "good",
  "episode_index": 2542,
  "state_ordinal": 1271,
  "start_time_wall": 1756954619.5545971,
  "end_time_wall": 1756954620.8993378,
  "wall_time_sec": 1.3447397620002448,
  "steps": 463,
  "packets": 6661073,
  "dropped": 0,
  "running_total_steps": 259940,
  "running_total_packets": 3690914566,
  "running_total_dropped": 41139773,
  "running_total_time_sec": 682.8492368469997,
  "p_gb": 0.005,
  "p_bg": 0.3,
  "good_loss_rate": 0.0,
  "bad_loss_rate": 0.65
}