{
  "state": "good",
  "episode_index": 10992,
  "state_ordinal": 5496,
  "start_time_wall": 1756956951.6187298,
  "end_time_wall": 1756956951.6413994,
  "wall_time_sec": 0.022669269999823882,
  "steps": 191,
  "packets": 2720841,
  "dropped": 0,
  "running_total_steps": 1139407,
  "running_total_packets": 16178019385,
  "running_total_dropped": 173417747,
  "running_total_time_sec": 3013.5912984730003,
  "p_gb": 0.005,
  "p_bg": 0.3,
  "good_loss_rate": 0.0,
  "bad_loss_rate": 0.65
}