{
  "state": "good",
  "episode_index": 11732,
  "state_ordinal": 5866,
  "start_time_wall": 1756957141.6962962,
  "end_time_wall": 1756957141.6996918,
  "wall_time_sec": 0.0033955250000872184,
  "steps": 24,
  "packets": 300871,
  "dropped": 0,
  "running_total_steps": 1215516,
  "running_total_packets": 17258725278,
  "running_total_dropped": 184811254,
  "running_total_time_sec": 3203.649591112,
  "p_gb": 0.005,
  "p_bg": 0.3,
  "good_loss_rate": 0.0,
  "bad_loss_rate": 0.65
}