{
  "state": "good",
  "episode_index": 7016,
  "state_ordinal": 3508,
  "start_time_wall": 1756955851.7299647,
  "end_time_wall": 1756955853.1836376,
  "wall_time_sec": 1.453672732999621,
  "steps": 966,
  "packets": 13769100,
  "dropped": 1,
  "running_total_steps": 722522,
  "running_total_packets": 10258871128,
  "running_total_dropped": 109655658,
  "running_total_time_sec": 1915.133536747,
  "p_gb": 0.005,
  "p_bg": 0.3,
  "good_loss_rate": 0.0,
  "bad_loss_rate": 0.65
}