{
  "state": "good",
  "episode_index": 11228,
  "state_ordinal": 5614,
  "start_time_wall": 1756957035.3979113,
  "end_time_wall": 1756957035.4031215,
  "wall_time_sec": 0.005210071998590138,
  "steps": 46,
  "packets": 607531,
  "dropped": 0,
  "running_total_steps": 1163487,
  "running_total_packets": 16519988934,
  "running_total_dropped": 176952383,
  "running_total_time_sec": 3097.3530206279993,
  "p_gb": 0.005,
  "p_bg": 0.3,
  "good_loss_rate": 0.0,
  "bad_loss_rate": 0.65
}