{
  "state": "good",
  "episode_index": 11318,
  "state_ordinal": 5659,
  "start_time_wall": 1756957054.1170385,
  "end_time_wall": 1756957054.1180468,
  "wall_time_sec": 0.0010078160012199078,
  "steps": 5,
  "packets": 78103,
  "dropped": 0,
  "running_total_steps": 1172629,
  "running_total_packets": 16649719929,
  "running_total_dropped": 178121724,
  "running_total_time_sec": 3116.067946065001,
  "p_gb": 0.005,
  "p_bg": 0.3,
  "good_loss_rate": 0.0,
  "bad_loss_rate": 0.65
}