{
  "state": "good",
  "episode_index": 10750,
  "state_ordinal": 5375,
  "start_time_wall": 1756956902.0721347,
  "end_time_wall": 1756956902.0781903,
  "wall_time_sec": 0.00605562800046755,
  "steps": 43,
  "packets": 594507,
  "dropped": 1,
  "running_total_steps": 1115740,
  "running_total_packets": 15841971744,
  "running_total_dropped": 170143588,
  "running_total_time_sec": 2964.0280894429998,
  "p_gb": 0.005,
  "p_bg": 0.3,
  "good_loss_rate": 0.0,
  "bad_loss_rate": 0.65
}