{
  "state": "good",
  "episode_index": 1708,
  "state_ordinal": 854,
  "start_time_wall": 1756954366.345234,
  "end_time_wall": 1756954366.3508363,
  "wall_time_sec": 0.005602242999884766,
  "steps": 52,
  "packets": 717453,
  "dropped": 0,
  "running_total_steps": 171396,
  "running_total_packets": 2433662147,
  "running_total_dropped": 27671796,
  "running_total_time_sec": 428.30073544900006,
  "p_gb": 0.005,
  "p_bg": 0.3,
  "good_loss_rate": 0.0,
  "bad_loss_rate": 0.65
}