{
  "state": "good",
  "episode_index": 13594,
  "state_ordinal": 6797,
  "start_time_wall": 1756957717.1456554,
  "end_time_wall": 1756957717.1472592,
  "wall_time_sec": 0.0016033709998737322,
  "steps": 12,
  "packets": 135970,
  "dropped": 0,
  "running_total_steps": 1415054,
  "running_total_packets": 20091904010,
  "running_total_dropped": 213498930,
  "running_total_time_sec": 3779.097158265,
  "p_gb": 0.005,
  "p_bg": 0.3,
  "good_loss_rate": 0.0,
  "bad_loss_rate": 0.65
}