{
  "state": "good",
  "episode_index": 6270,
  "state_ordinal": 3135,
  "start_time_wall": 1756955587.9046528,
  "end_time_wall": 1756955588.5078797,
  "wall_time_sec": 0.6032269659990561,
  "steps": 252,
  "packets": 3653832,
  "dropped": 0,
  "running_total_steps": 635975,
  "running_total_packets": 9030107253,
  "running_total_dropped": 98419184,
  "running_total_time_sec": 1650.457778995,
  "p_gb": 0.005,
  "p_bg": 0.3,
  "good_loss_rate": 0.0,
  "bad_loss_rate": 0.65
}