{
  "state": "good",
  "episode_index": 9014,
  "state_ordinal": 4507,
  "start_time_wall": 1756956390.1249697,
  "end_time_wall": 1756956390.6903672,
  "wall_time_sec": 0.5653976579997106,
  "steps": 129,
  "packets": 1881877,
  "dropped": 0,
  "running_total_steps": 929628,
  "running_total_packets": 13199559932,
  "running_total_dropped": 142803298,
  "running_total_time_sec": 2452.6402666550002,
  "p_gb": 0.005,
  "p_bg": 0.3,
  "good_loss_rate": 0.0,
  "bad_loss_rate": 0.65
}