{
  "state": "good",
  "episode_index": 9250,
  "state_ordinal": 4625,
  "start_time_wall": 1756956437.55929,
  "end_time_wall": 1756956437.766065,
  "wall_time_sec": 0.20677489099944069,
  "steps": 177,
  "packets": 2502426,
  "dropped": 0,
  "running_total_steps": 952038,
  "running_total_packets": 13517681274,
  "running_total_dropped": 146497519,
  "running_total_time_sec": 2499.715964167999,
  "p_gb": 0.005,
  "p_bg": 0.3,
  "good_loss_rate": 0.0,
  "bad_loss_rate": 0.65
}