{
  "state": "good",
  "episode_index": 1042,
  "state_ordinal": 521,
  "start_time_wall": 1756954192.9884121,
  "end_time_wall": 1756954193.5980363,
  "wall_time_sec": 0.6096239119997335,
  "steps": 283,
  "packets": 4128257,
  "dropped": 0,
  "running_total_steps": 105149,
  "running_total_packets": 1493143883,
  "running_total_dropped": 16271536,
  "running_total_time_sec": 255.54793533699922,
  "p_gb": 0.005,
  "p_bg": 0.3,
  "good_loss_rate": 0.0,
  "bad_loss_rate": 0.65
}