{
  "state": "good",
  "episode_index": 5466,
  "state_ordinal": 2733,
  "start_time_wall": 1756955376.8030052,
  "end_time_wall": 1756955377.6020408,
  "wall_time_sec": 0.7990356659993267,
  "steps": 521,
  "packets": 7351037,
  "dropped": 0,
  "running_total_steps": 550280,
  "running_total_packets": 7813295686,
  "running_total_dropped": 86535385,
  "running_total_time_sec": 1439.551940165,
  "p_gb": 0.005,
  "p_bg": 0.3,
  "good_loss_rate": 0.0,
  "bad_loss_rate": 0.65
}