{
  "state": "good",
  "episode_index": 11300,
  "state_ordinal": 5650,
  "start_time_wall": 1756957051.7183354,
  "end_time_wall": 1756957052.2895315,
  "wall_time_sec": 0.5711957099993015,
  "steps": 44,
  "packets": 775302,
  "dropped": 0,
  "running_total_steps": 1171664,
  "running_total_packets": 16636148990,
  "running_total_dropped": 177905344,
  "running_total_time_sec": 3114.2394305069993,
  "p_gb": 0.005,
  "p_bg": 0.3,
  "good_loss_rate": 0.0,
  "bad_loss_rate": 0.65
}