{
  "state": "good",
  "episode_index": 5862,
  "state_ordinal": 2931,
  "start_time_wall": 1756955506.8897934,
  "end_time_wall": 1756955506.9061453,
  "wall_time_sec": 0.0163511999999173,
  "steps": 125,
  "packets": 1835593,
  "dropped": 0,
  "running_total_steps": 596213,
  "running_total_packets": 8465517707,
  "running_total_dropped": 92194341,
  "running_total_time_sec": 1568.8560443829992,
  "p_gb": 0.005,
  "p_bg": 0.3,
  "good_loss_rate": 0.0,
  "bad_loss_rate": 0.65
}