{
  "state": "good",
  "episode_index": 5326,
  "state_ordinal": 2663,
  "start_time_wall": 1756955345.801295,
  "end_time_wall": 1756955346.410617,
  "wall_time_sec": 0.6093218909991265,
  "steps": 322,
  "packets": 4614295,
  "dropped": 0,
  "running_total_steps": 535080,
  "running_total_packets": 7597550847,
  "running_total_dropped": 84707971,
  "running_total_time_sec": 1408.360516232,
  "p_gb": 0.005,
  "p_bg": 0.3,
  "good_loss_rate": 0.0,
  "bad_loss_rate": 0.65
}