{
  "state": "good",
  "episode_index": 148,
  "state_ordinal": 74,
  "start_time_wall": 1756953967.383168,
  "end_time_wall": 1756953967.3936033,
  "wall_time_sec": 0.01043526200010092,
  "steps": 101,
  "packets": 1339449,
  "dropped": 0,
  "running_total_steps": 12610,
  "running_total_packets": 179082188,
  "running_total_dropped": 2735062,
  "running_total_time_sec": 29.343502611000076,
  "p_gb": 0.005,
  "p_bg": 0.3,
  "good_loss_rate": 0.0,
  "bad_loss_rate": 0.65
}