{
  "state": "good",
  "episode_index": 9374,
  "state_ordinal": 4687,
  "start_time_wall": 1756956518.6003747,
  "end_time_wall": 1756956518.610609,
  "wall_time_sec": 0.010234160999971209,
  "steps": 81,
  "packets": 1093545,
  "dropped": 0,
  "running_total_steps": 964893,
  "running_total_packets": 13700210457,
  "running_total_dropped": 148119799,
  "running_total_time_sec": 2580.5605083070004,
  "p_gb": 0.005,
  "p_bg": 0.3,
  "good_loss_rate": 0.0,
  "bad_loss_rate": 0.65
}