{
  "state": "good",
  "episode_index": 14472,
  "state_ordinal": 7236,
  "start_time_wall": 1756957951.5805392,
  "end_time_wall": 1756957951.6092393,
  "wall_time_sec": 0.028699835998850176,
  "steps": 240,
  "packets": 3354402,
  "dropped": 0,
  "running_total_steps": 1512437,
  "running_total_packets": 21474536393,
  "running_total_dropped": 227309459,
  "running_total_time_sec": 4013.5591384359996,
  "p_gb": 0.005,
  "p_bg": 0.3,
  "good_loss_rate": 0.0,
  "bad_loss_rate": 0.65
}