{
  "state": "good",
  "episode_index": 13148,
  "state_ordinal": 6574,
  "start_time_wall": 1756957582.5376759,
  "end_time_wall": 1756957582.5475957,
  "wall_time_sec": 0.009919990001435508,
  "steps": 72,
  "packets": 1057390,
  "dropped": 0,
  "running_total_steps": 1367627,
  "running_total_packets": 19418501103,
  "running_total_dropped": 206867526,
  "running_total_time_sec": 3644.4974950430005,
  "p_gb": 0.005,
  "p_bg": 0.3,
  "good_loss_rate": 0.0,
  "bad_loss_rate": 0.65
}