{
  "state": "good",
  "episode_index": 2772,
  "state_ordinal": 1386,
  "start_time_wall": 1756954672.666833,
  "end_time_wall": 1756954672.7105615,
  "wall_time_sec": 0.04372865900040779,
  "steps": 336,
  "packets": 4676492,
  "dropped": 0,
  "running_total_steps": 285190,
  "running_total_packets": 4049343690,
  "running_total_dropped": 44599226,
  "running_total_time_sec": 734.6604607429999,
  "p_gb": 0.005,
  "p_bg": 0.3,
  "good_loss_rate": 0.0,
  "bad_loss_rate": 0.65
}