{
  "state": "good",
  "episode_index": 7234,
  "state_ordinal": 3617,
  "start_time_wall": 1756955902.039477,
  "end_time_wall": 1756955902.0633616,
  "wall_time_sec": 0.023884252001153072,
  "steps": 174,
  "packets": 2489402,
  "dropped": 1,
  "running_total_steps": 745725,
  "running_total_packets": 10588392219,
  "running_total_dropped": 113131014,
  "running_total_time_sec": 1964.0132607640007,
  "p_gb": 0.005,
  "p_bg": 0.3,
  "good_loss_rate": 0.0,
  "bad_loss_rate": 0.65
}