{
  "state": "good",
  "episode_index": 13040,
  "state_ordinal": 6520,
  "start_time_wall": 1756957558.2398236,
  "end_time_wall": 1756957559.0336103,
  "wall_time_sec": 0.7937864880004781,
  "steps": 646,
  "packets": 9166382,
  "dropped": 1,
  "running_total_steps": 1356422,
  "running_total_packets": 19259396316,
  "running_total_dropped": 205296100,
  "running_total_time_sec": 3620.983509367001,
  "p_gb": 0.005,
  "p_bg": 0.3,
  "good_loss_rate": 0.0,
  "bad_loss_rate": 0.65
}