{
  "state": "good",
  "episode_index": 12246,
  "state_ordinal": 6123,
  "start_time_wall": 1756957292.596116,
  "end_time_wall": 1756957293.2141442,
  "wall_time_sec": 0.6180284120000579,
  "steps": 301,
  "packets": 4190478,
  "dropped": 0,
  "running_total_steps": 1271479,
  "running_total_packets": 18053271399,
  "running_total_dropped": 193092871,
  "running_total_time_sec": 3355.164043528999,
  "p_gb": 0.005,
  "p_bg": 0.3,
  "good_loss_rate": 0.0,
  "bad_loss_rate": 0.65
}