{
  "state": "good",
  "episode_index": 7028,
  "state_ordinal": 3514,
  "start_time_wall": 1756955857.6070507,
  "end_time_wall": 1756955857.608729,
  "wall_time_sec": 0.0016780610003479524,
  "steps": 12,
  "packets": 196714,
  "dropped": 0,
  "running_total_steps": 724546,
  "running_total_packets": 10287609906,
  "running_total_dropped": 109836336,
  "running_total_time_sec": 1919.5586280700009,
  "p_gb": 0.005,
  "p_bg": 0.3,
  "good_loss_rate": 0.0,
  "bad_loss_rate": 0.65
}