{
  "state": "good",
  "episode_index": 7092,
  "state_ordinal": 3546,
  "start_time_wall": 1756955874.2504098,
  "end_time_wall": 1756955874.8249145,
  "wall_time_sec": 0.5745046779993572,
  "steps": 23,
  "packets": 435394,
  "dropped": 0,
  "running_total_steps": 732665,
  "running_total_packets": 10402962835,
  "running_total_dropped": 110888828,
  "running_total_time_sec": 1936.7748135879992,
  "p_gb": 0.005,
  "p_bg": 0.3,
  "good_loss_rate": 0.0,
  "bad_loss_rate": 0.65
}