{
  "state": "good",
  "episode_index": 10042,
  "state_ordinal": 5021,
  "start_time_wall": 1756956703.6985898,
  "end_time_wall": 1756956704.3043294,
  "wall_time_sec": 0.6057396779997362,
  "steps": 264,
  "packets": 3704452,
  "dropped": 0,
  "running_total_steps": 1036341,
  "running_total_packets": 14714610879,
  "running_total_dropped": 158791120,
  "running_total_time_sec": 2766.254228627,
  "p_gb": 0.005,
  "p_bg": 0.3,
  "good_loss_rate": 0.0,
  "bad_loss_rate": 0.65
}