{
  "state": "good",
  "episode_index": 10542,
  "state_ordinal": 5271,
  "start_time_wall": 1756956818.2071,
  "end_time_wall": 1756956818.8349774,
  "wall_time_sec": 0.6278772599998774,
  "steps": 410,
  "packets": 5817768,
  "dropped": 0,
  "running_total_steps": 1092301,
  "running_total_packets": 15509230767,
  "running_total_dropped": 166800349,
  "running_total_time_sec": 2880.7848765510007,
  "p_gb": 0.005,
  "p_bg": 0.3,
  "good_loss_rate": 0.0,
  "bad_loss_rate": 0.65
}