{
  "state": "good",
  "episode_index": 4482,
  "state_ordinal": 2241,
  "start_time_wall": 1756955094.909703,
  "end_time_wall": 1756955095.4906602,
  "wall_time_sec": 0.5809570940000413,
  "steps": 227,
  "packets": 3218426,
  "dropped": 0,
  "running_total_steps": 447404,
  "running_total_packets": 6352576202,
  "running_total_dropped": 71177625,
  "running_total_time_sec": 1157.4405593259999,
  "p_gb": 0.005,
  "p_bg": 0.3,
  "good_loss_rate": 0.0,
  "bad_loss_rate": 0.65
}