{
  "state": "good",
  "episode_index": 7202,
  "state_ordinal": 3601,
  "start_time_wall": 1756955895.29357,
  "end_time_wall": 1756955896.2430272,
  "wall_time_sec": 0.9494568610007263,
  "steps": 388,
  "packets": 5528474,
  "dropped": 0,
  "running_total_steps": 743068,
  "running_total_packets": 10550566616,
  "running_total_dropped": 112473126,
  "running_total_time_sec": 1958.19292632,
  "p_gb": 0.005,
  "p_bg": 0.3,
  "good_loss_rate": 0.0,
  "bad_loss_rate": 0.65
}