{
  "state": "good",
  "episode_index": 1588,
  "state_ordinal": 794,
  "start_time_wall": 1756954340.5238225,
  "end_time_wall": 1756954340.5363967,
  "wall_time_sec": 0.012574076999953832,
  "steps": 87,
  "packets": 1203467,
  "dropped": 1,
  "running_total_steps": 158750,
  "running_total_packets": 2254108380,
  "running_total_dropped": 25670597,
  "running_total_time_sec": 402.48629606400027,
  "p_gb": 0.005,
  "p_bg": 0.3,
  "good_loss_rate": 0.0,
  "bad_loss_rate": 0.65
}