{
  "state": "good",
  "episode_index": 14548,
  "state_ordinal": 7274,
  "start_time_wall": 1756957970.2888453,
  "end_time_wall": 1756957970.2895024,
  "wall_time_sec": 0.0006570460009243106,
  "steps": 4,
  "packets": 26036,
  "dropped": 0,
  "running_total_steps": 1521290,
  "running_total_packets": 21600230246,
  "running_total_dropped": 228630507,
  "running_total_time_sec": 4032.2394016420003,
  "p_gb": 0.005,
  "p_bg": 0.3,
  "good_loss_rate": 0.0,
  "bad_loss_rate": 0.65
}