{
  "state": "good",
  "episode_index": 7580,
  "state_ordinal": 3790,
  "start_time_wall": 1756956010.2613237,
  "end_time_wall": 1756956010.277249,
  "wall_time_sec": 0.015925069999866537,
  "steps": 125,
  "packets": 1699623,
  "dropped": 0,
  "running_total_steps": 780428,
  "running_total_packets": 11081042234,
  "running_total_dropped": 118650768,
  "running_total_time_sec": 2072.2271481469998,
  "p_gb": 0.005,
  "p_bg": 0.3,
  "good_loss_rate": 0.0,
  "bad_loss_rate": 0.65
}