{
  "state": "good",
  "episode_index": 4408,
  "state_ordinal": 2204,
  "start_time_wall": 1756955083.217523,
  "end_time_wall": 1756955083.8099573,
  "wall_time_sec": 0.5924340969995683,
  "steps": 217,
  "packets": 3094033,
  "dropped": 0,
  "running_total_steps": 441725,
  "running_total_packets": 6271949079,
  "running_total_dropped": 70196140,
  "running_total_time_sec": 1145.759856655999,
  "p_gb": 0.005,
  "p_bg": 0.3,
  "good_loss_rate": 0.0,
  "bad_loss_rate": 0.65
}