{
  "state": "good",
  "episode_index": 3786,
  "state_ordinal": 1893,
  "start_time_wall": 1756954924.4083953,
  "end_time_wall": 1756954924.4089825,
  "wall_time_sec": 0.000587295000514132,
  "steps": 3,
  "packets": 13024,
  "dropped": 0,
  "running_total_steps": 381126,
  "running_total_packets": 5411584954,
  "running_total_dropped": 60136577,
  "running_total_time_sec": 986.3588817569998,
  "p_gb": 0.005,
  "p_bg": 0.3,
  "good_loss_rate": 0.0,
  "bad_loss_rate": 0.65
}