{
  "state": "good",
  "episode_index": 7280,
  "state_ordinal": 3640,
  "start_time_wall": 1756955911.3035595,
  "end_time_wall": 1756955911.3098278,
  "wall_time_sec": 0.006267933000344783,
  "steps": 47,
  "packets": 607537,
  "dropped": 0,
  "running_total_steps": 750031,
  "running_total_packets": 10649481671,
  "running_total_dropped": 113696186,
  "running_total_time_sec": 1973.2597269159996,
  "p_gb": 0.005,
  "p_bg": 0.3,
  "good_loss_rate": 0.0,
  "bad_loss_rate": 0.65
}