{
  "state": "good",
  "episode_index": 1812,
  "state_ordinal": 906,
  "start_time_wall": 1756954388.9043572,
  "end_time_wall": 1756954388.9078996,
  "wall_time_sec": 0.003542379999998957,
  "steps": 30,
  "packets": 439724,
  "dropped": 0,
  "running_total_steps": 182176,
  "running_total_packets": 2586769800,
  "running_total_dropped": 29837295,
  "running_total_time_sec": 450.8577988800007,
  "p_gb": 0.005,
  "p_bg": 0.3,
  "good_loss_rate": 0.0,
  "bad_loss_rate": 0.65
}