{
  "state": "good",
  "episode_index": 8270,
  "state_ordinal": 4135,
  "start_time_wall": 1756956202.6505902,
  "end_time_wall": 1756956202.6538885,
  "wall_time_sec": 0.0032981099993776297,
  "steps": 15,
  "packets": 397769,
  "dropped": 0,
  "running_total_steps": 857474,
  "running_total_packets": 12175112204,
  "running_total_dropped": 130321111,
  "running_total_time_sec": 2264.6037876989994,
  "p_gb": 0.005,
  "p_bg": 0.3,
  "good_loss_rate": 0.0,
  "bad_loss_rate": 0.65
}