{
  "state": "good",
  "episode_index": 1096,
  "state_ordinal": 548,
  "start_time_wall": 1756954203.9741287,
  "end_time_wall": 1756954203.9994588,
  "wall_time_sec": 0.02534302599997318,
  "steps": 215,
  "packets": 3050643,
  "dropped": 0,
  "running_total_steps": 110294,
  "running_total_packets": 1566082956,
  "running_total_dropped": 17010652,
  "running_total_time_sec": 265.9493711369996,
  "p_gb": 0.005,
  "p_bg": 0.3,
  "good_loss_rate": 0.0,
  "bad_loss_rate": 0.65
}