{
  "state": "good",
  "episode_index": 14702,
  "state_ordinal": 7351,
  "start_time_wall": 1756958001.065494,
  "end_time_wall": 1756958001.0750463,
  "wall_time_sec": 0.009551907000059146,
  "steps": 91,
  "packets": 1226621,
  "dropped": 0,
  "running_total_steps": 1536170,
  "running_total_packets": 21811527144,
  "running_total_dropped": 230476023,
  "running_total_time_sec": 4063.0249456300007,
  "p_gb": 0.005,
  "p_bg": 0.3,
  "good_loss_rate": 0.0,
  "bad_loss_rate": 0.65
}