{
  "state": "good",
  "episode_index": 8612,
  "state_ordinal": 4306,
  "start_time_wall": 1756956274.1274765,
  "end_time_wall": 1756956274.1312273,
  "wall_time_sec": 0.0037505090003833175,
  "steps": 33,
  "packets": 474437,
  "dropped": 0,
  "running_total_steps": 891287,
  "running_total_packets": 12655177785,
  "running_total_dropped": 136147313,
  "running_total_time_sec": 2336.0811262139996,
  "p_gb": 0.005,
  "p_bg": 0.3,
  "good_loss_rate": 0.0,
  "bad_loss_rate": 0.65
}