{
  "state": "good",
  "episode_index": 9260,
  "state_ordinal": 4630,
  "start_time_wall": 1756956440.9391668,
  "end_time_wall": 1756956440.9671493,
  "wall_time_sec": 0.027982599000097252,
  "steps": 233,
  "packets": 3296535,
  "dropped": 0,
  "running_total_steps": 953677,
  "running_total_packets": 13540953781,
  "running_total_dropped": 146697335,
  "running_total_time_sec": 2502.9170486019993,
  "p_gb": 0.005,
  "p_bg": 0.3,
  "good_loss_rate": 0.0,
  "bad_loss_rate": 0.65
}