{
  "state": "good",
  "episode_index": 7030,
  "state_ordinal": 3515,
  "start_time_wall": 1756955857.6217132,
  "end_time_wall": 1756955857.6244433,
  "wall_time_sec": 0.0027300259989715414,
  "steps": 25,
  "packets": 332690,
  "dropped": 0,
  "running_total_steps": 724573,
  "running_total_packets": 10287974421,
  "running_total_dropped": 109856900,
  "running_total_time_sec": 1919.5743425839992,
  "p_gb": 0.005,
  "p_bg": 0.3,
  "good_loss_rate": 0.0,
  "bad_loss_rate": 0.65
}