{
  "state": "good",
  "episode_index": 6274,
  "state_ordinal": 3137,
  "start_time_wall": 1756955589.464926,
  "end_time_wall": 1756955590.050192,
  "wall_time_sec": 0.5852661230001104,
  "steps": 209,
  "packets": 2975416,
  "dropped": 1,
  "running_total_steps": 636593,
  "running_total_packets": 9038900431,
  "running_total_dropped": 98511696,
  "running_total_time_sec": 1652.0000914110005,
  "p_gb": 0.005,
  "p_bg": 0.3,
  "good_loss_rate": 0.0,
  "bad_loss_rate": 0.65
}