{
  "state": "good",
  "episode_index": 9032,
  "state_ordinal": 4516,
  "start_time_wall": 1756956391.8817844,
  "end_time_wall": 1756956392.5175738,
  "wall_time_sec": 0.635789477999424,
  "steps": 396,
  "packets": 5599353,
  "dropped": 0,
  "running_total_steps": 930705,
  "running_total_packets": 13214801557,
  "running_total_dropped": 143115383,
  "running_total_time_sec": 2454.467473101,
  "p_gb": 0.005,
  "p_bg": 0.3,
  "good_loss_rate": 0.0,
  "bad_loss_rate": 0.65
}