{
  "state": "good",
  "episode_index": 8182,
  "state_ordinal": 4091,
  "start_time_wall": 1756956184.085028,
  "end_time_wall": 1756956184.6947598,
  "wall_time_sec": 0.6097320850003598,
  "steps": 299,
  "packets": 4189025,
  "dropped": 0,
  "running_total_steps": 849006,
  "running_total_packets": 12054715398,
  "running_total_dropped": 129254147,
  "running_total_time_sec": 2246.644659132,
  "p_gb": 0.005,
  "p_bg": 0.3,
  "good_loss_rate": 0.0,
  "bad_loss_rate": 0.65
}