{
  "state": "good",
  "episode_index": 13552,
  "state_ordinal": 6776,
  "start_time_wall": 1756957673.0503762,
  "end_time_wall": 1756957673.0592992,
  "wall_time_sec": 0.008922930999688106,
  "steps": 68,
  "packets": 959010,
  "dropped": 0,
  "running_total_steps": 1410998,
  "running_total_packets": 20034254300,
  "running_total_dropped": 212688249,
  "running_total_time_sec": 3735.009198444999,
  "p_gb": 0.005,
  "p_bg": 0.3,
  "good_loss_rate": 0.0,
  "bad_loss_rate": 0.65
}