{
  "state": "good",
  "episode_index": 1226,
  "state_ordinal": 613,
  "start_time_wall": 1756954228.5605822,
  "end_time_wall": 1756954229.1616466,
  "wall_time_sec": 0.6010642210003425,
  "steps": 216,
  "packets": 3033283,
  "dropped": 0,
  "running_total_steps": 122130,
  "running_total_packets": 1734145828,
  "running_total_dropped": 19454393,
  "running_total_time_sec": 291.1115457449996,
  "p_gb": 0.005,
  "p_bg": 0.3,
  "good_loss_rate": 0.0,
  "bad_loss_rate": 0.65
}