{
  "state": "good",
  "episode_index": 750,
  "state_ordinal": 375,
  "start_time_wall": 1756954122.5533922,
  "end_time_wall": 1756954122.5755353,
  "wall_time_sec": 0.022143082000184222,
  "steps": 166,
  "packets": 2367903,
  "dropped": 0,
  "running_total_steps": 71172,
  "running_total_packets": 1010710411,
  "running_total_dropped": 12129423,
  "running_total_time_sec": 184.52543456199965,
  "p_gb": 0.005,
  "p_bg": 0.3,
  "good_loss_rate": 0.0,
  "bad_loss_rate": 0.65
}