{
  "state": "good",
  "episode_index": 326,
  "state_ordinal": 163,
  "start_time_wall": 1756954001.9987373,
  "end_time_wall": 1756954002.591573,
  "wall_time_sec": 0.5928355739997642,
  "steps": 388,
  "packets": 5341884,
  "dropped": 0,
  "running_total_steps": 29339,
  "running_total_packets": 416576395,
  "running_total_dropped": 6235425,
  "running_total_time_sec": 64.54147232700052,
  "p_gb": 0.005,
  "p_bg": 0.3,
  "good_loss_rate": 0.0,
  "bad_loss_rate": 0.65
}