{
  "state": "good",
  "episode_index": 1672,
  "state_ordinal": 836,
  "start_time_wall": 1756954357.7703013,
  "end_time_wall": 1756954357.7789137,
  "wall_time_sec": 0.008611706998635782,
  "steps": 64,
  "packets": 850541,
  "dropped": 0,
  "running_total_steps": 167175,
  "running_total_packets": 2373729890,
  "running_total_dropped": 26851084,
  "running_total_time_sec": 419.7288130649995,
  "p_gb": 0.005,
  "p_bg": 0.3,
  "good_loss_rate": 0.0,
  "bad_loss_rate": 0.65
}