{
  "state": "good",
  "episode_index": 4318,
  "state_ordinal": 2159,
  "start_time_wall": 1756955065.8073342,
  "end_time_wall": 1756955065.8182175,
  "wall_time_sec": 0.01088333899861027,
  "steps": 90,
  "packets": 1395833,
  "dropped": 0,
  "running_total_steps": 433044,
  "running_total_packets": 6148733051,
  "running_total_dropped": 68683317,
  "running_total_time_sec": 1127.7681166719995,
  "p_gb": 0.005,
  "p_bg": 0.3,
  "good_loss_rate": 0.0,
  "bad_loss_rate": 0.65
}