{
  "state": "good",
  "episode_index": 12378,
  "state_ordinal": 6189,
  "start_time_wall": 1756957322.0904863,
  "end_time_wall": 1756957322.6960998,
  "wall_time_sec": 0.6056134329992346,
  "steps": 212,
  "packets": 2988440,
  "dropped": 0,
  "running_total_steps": 1285533,
  "running_total_packets": 18252815597,
  "running_total_dropped": 194941241,
  "running_total_time_sec": 3384.645999115999,
  "p_gb": 0.005,
  "p_bg": 0.3,
  "good_loss_rate": 0.0,
  "bad_loss_rate": 0.65
}