{
  "state": "good",
  "episode_index": 4232,
  "state_ordinal": 2116,
  "start_time_wall": 1756955046.8734438,
  "end_time_wall": 1756955046.8815773,
  "wall_time_sec": 0.008133149000059348,
  "steps": 62,
  "packets": 924314,
  "dropped": 0,
  "running_total_steps": 423748,
  "running_total_packets": 6016738310,
  "running_total_dropped": 67332453,
  "running_total_time_sec": 1108.831476333,
  "p_gb": 0.005,
  "p_bg": 0.3,
  "good_loss_rate": 0.0,
  "bad_loss_rate": 0.65
}