{
  "state": "good",
  "episode_index": 7232,
  "state_ordinal": 3616,
  "start_time_wall": 1756955901.2737586,
  "end_time_wall": 1756955901.85942,
  "wall_time_sec": 0.5856614209988038,
  "steps": 97,
  "packets": 1410328,
  "dropped": 0,
  "running_total_steps": 745549,
  "running_total_packets": 10585859427,
  "running_total_dropped": 113102814,
  "running_total_time_sec": 1963.8093193839995,
  "p_gb": 0.005,
  "p_bg": 0.3,
  "good_loss_rate": 0.0,
  "bad_loss_rate": 0.65
}