{
  "state": "good",
  "episode_index": 12544,
  "state_ordinal": 6272,
  "start_time_wall": 1756957417.6834903,
  "end_time_wall": 1756957418.4531949,
  "wall_time_sec": 0.7697044090000418,
  "steps": 217,
  "packets": 3033289,
  "dropped": 1,
  "running_total_steps": 1305242,
  "running_total_packets": 18532633986,
  "running_total_dropped": 197477605,
  "running_total_time_sec": 3480.4030939189997,
  "p_gb": 0.005,
  "p_bg": 0.3,
  "good_loss_rate": 0.0,
  "bad_loss_rate": 0.65
}