{
  "state": "good",
  "episode_index": 2202,
  "state_ordinal": 1101,
  "start_time_wall": 1756954506.3205311,
  "end_time_wall": 1756954506.337397,
  "wall_time_sec": 0.016865626001163037,
  "steps": 124,
  "packets": 1867400,
  "dropped": 0,
  "running_total_steps": 221528,
  "running_total_packets": 3145561826,
  "running_total_dropped": 36257654,
  "running_total_time_sec": 568.2872961230005,
  "p_gb": 0.005,
  "p_bg": 0.3,
  "good_loss_rate": 0.0,
  "bad_loss_rate": 0.65
}