{
  "state": "good",
  "episode_index": 5236,
  "state_ordinal": 2618,
  "start_time_wall": 1756955328.943329,
  "end_time_wall": 1756955328.9666274,
  "wall_time_sec": 0.02329822100000456,
  "steps": 173,
  "packets": 2487955,
  "dropped": 0,
  "running_total_steps": 526632,
  "running_total_packets": 7477577852,
  "running_total_dropped": 83235480,
  "running_total_time_sec": 1390.9165265329993,
  "p_gb": 0.005,
  "p_bg": 0.3,
  "good_loss_rate": 0.0,
  "bad_loss_rate": 0.65
}