{
  "state": "good",
  "episode_index": 3876,
  "state_ordinal": 1938,
  "start_time_wall": 1756954973.4394274,
  "end_time_wall": 1756954974.0662851,
  "wall_time_sec": 0.62685768999836,
  "steps": 427,
  "packets": 6072337,
  "dropped": 1,
  "running_total_steps": 388010,
  "running_total_packets": 5509334132,
  "running_total_dropped": 61686471,
  "running_total_time_sec": 1036.0161843009992,
  "p_gb": 0.005,
  "p_bg": 0.3,
  "good_loss_rate": 0.0,
  "bad_loss_rate": 0.65
}