{
  "state": "good",
  "episode_index": 5260,
  "state_ordinal": 2630,
  "start_time_wall": 1756955334.7328384,
  "end_time_wall": 1756955334.743114,
  "wall_time_sec": 0.010275497999828076,
  "steps": 79,
  "packets": 1080527,
  "dropped": 0,
  "running_total_steps": 529369,
  "running_total_packets": 7516366825,
  "running_total_dropped": 83586119,
  "running_total_time_sec": 1396.6930131459994,
  "p_gb": 0.005,
  "p_bg": 0.3,
  "good_loss_rate": 0.0,
  "bad_loss_rate": 0.65
}