{
  "state": "good",
  "episode_index": 610,
  "state_ordinal": 305,
  "start_time_wall": 1756954058.5659764,
  "end_time_wall": 1756954058.5667489,
  "wall_time_sec": 0.0007725480008957675,
  "steps": 5,
  "packets": 26042,
  "dropped": 0,
  "running_total_steps": 56858,
  "running_total_packets": 807320014,
  "running_total_dropped": 10277647,
  "running_total_time_sec": 120.51664806400004,
  "p_gb": 0.005,
  "p_bg": 0.3,
  "good_loss_rate": 0.0,
  "bad_loss_rate": 0.65
}