{
  "state": "good",
  "episode_index": 11462,
  "state_ordinal": 5731,
  "start_time_wall": 1756957079.13051,
  "end_time_wall": 1756957079.7107399,
  "wall_time_sec": 0.5802295729990874,
  "steps": 139,
  "packets": 2035201,
  "dropped": 0,
  "running_total_steps": 1184910,
  "running_total_packets": 16824200864,
  "running_total_dropped": 180448155,
  "running_total_time_sec": 3141.660639246,
  "p_gb": 0.005,
  "p_bg": 0.3,
  "good_loss_rate": 0.0,
  "bad_loss_rate": 0.65
}