{
  "state": "good",
  "episode_index": 7384,
  "state_ordinal": 3692,
  "start_time_wall": 1756955930.7786777,
  "end_time_wall": 1756955930.7859545,
  "wall_time_sec": 0.0072769279995554825,
  "steps": 57,
  "packets": 743495,
  "dropped": 0,
  "running_total_steps": 759353,
  "running_total_packets": 10781759929,
  "running_total_dropped": 115322427,
  "running_total_time_sec": 1992.7358538459994,
  "p_gb": 0.005,
  "p_bg": 0.3,
  "good_loss_rate": 0.0,
  "bad_loss_rate": 0.65
}