{
  "state": "good",
  "episode_index": 5066,
  "state_ordinal": 2533,
  "start_time_wall": 1756955258.397421,
  "end_time_wall": 1756955258.4407773,
  "wall_time_sec": 0.043356410000342294,
  "steps": 346,
  "packets": 4798003,
  "dropped": 2,
  "running_total_steps": 509890,
  "running_total_packets": 7239779886,
  "running_total_dropped": 80053716,
  "running_total_time_sec": 1320.3906764900003,
  "p_gb": 0.005,
  "p_bg": 0.3,
  "good_loss_rate": 0.0,
  "bad_loss_rate": 0.65
}