{
  "state": "good",
  "episode_index": 14338,
  "state_ordinal": 7169,
  "start_time_wall": 1756957922.988433,
  "end_time_wall": 1756957923.000353,
  "wall_time_sec": 0.011920143000679673,
  "steps": 93,
  "packets": 1290259,
  "dropped": 0,
  "running_total_steps": 1498642,
  "running_total_packets": 21278651798,
  "running_total_dropped": 225088248,
  "running_total_time_sec": 3984.95025231,
  "p_gb": 0.005,
  "p_bg": 0.3,
  "good_loss_rate": 0.0,
  "bad_loss_rate": 0.65
}