{
  "state": "good",
  "episode_index": 10158,
  "state_ordinal": 5079,
  "start_time_wall": 1756956735.2060487,
  "end_time_wall": 1756956735.21932,
  "wall_time_sec": 0.013270784000269487,
  "steps": 100,
  "packets": 1348126,
  "dropped": 0,
  "running_total_steps": 1051532,
  "running_total_packets": 14930368742,
  "running_total_dropped": 160235667,
  "running_total_time_sec": 2797.1692193649997,
  "p_gb": 0.005,
  "p_bg": 0.3,
  "good_loss_rate": 0.0,
  "bad_loss_rate": 0.65
}