{
  "state": "good",
  "episode_index": 4260,
  "state_ordinal": 2130,
  "start_time_wall": 1756955052.6074271,
  "end_time_wall": 1756955053.9421616,
  "wall_time_sec": 1.334734264999497,
  "steps": 552,
  "packets": 7844304,
  "dropped": 1,
  "running_total_steps": 427181,
  "running_total_packets": 6065495015,
  "running_total_dropped": 67678731,
  "running_total_time_sec": 1115.8920607399996,
  "p_gb": 0.005,
  "p_bg": 0.3,
  "good_loss_rate": 0.0,
  "bad_loss_rate": 0.65
}