{
  "state": "good",
  "episode_index": 6636,
  "state_ordinal": 3318,
  "start_time_wall": 1756955726.7035003,
  "end_time_wall": 1756955726.7058654,
  "wall_time_sec": 0.0023652050003875047,
  "steps": 20,
  "packets": 254587,
  "dropped": 0,
  "running_total_steps": 677060,
  "running_total_packets": 9613399866,
  "running_total_dropped": 104086556,
  "running_total_time_sec": 1788.6557647890004,
  "p_gb": 0.005,
  "p_bg": 0.3,
  "good_loss_rate": 0.0,
  "bad_loss_rate": 0.65
}