{
  "state": "good",
  "episode_index": 5562,
  "state_ordinal": 2781,
  "start_time_wall": 1756955399.9532642,
  "end_time_wall": 1756955400.583232,
  "wall_time_sec": 0.6299674670008244,
  "steps": 439,
  "packets": 6193860,
  "dropped": 0,
  "running_total_steps": 561729,
  "running_total_packets": 7975847456,
  "running_total_dropped": 87941857,
  "running_total_time_sec": 1462.533131192,
  "p_gb": 0.005,
  "p_bg": 0.3,
  "good_loss_rate": 0.0,
  "bad_loss_rate": 0.65
}