{
  "state": "good",
  "episode_index": 3518,
  "state_ordinal": 1759,
  "start_time_wall": 1756954876.1998034,
  "end_time_wall": 1756954876.2037888,
  "wall_time_sec": 0.003985324001405388,
  "steps": 29,
  "packets": 407905,
  "dropped": 0,
  "running_total_steps": 357612,
  "running_total_packets": 5077721502,
  "running_total_dropped": 56424638,
  "running_total_time_sec": 938.1536880050007,
  "p_gb": 0.005,
  "p_bg": 0.3,
  "good_loss_rate": 0.0,
  "bad_loss_rate": 0.65
}