{
  "state": "good",
  "episode_index": 2842,
  "state_ordinal": 1421,
  "start_time_wall": 1756954683.1965964,
  "end_time_wall": 1756954683.9790506,
  "wall_time_sec": 0.7824542870002915,
  "steps": 420,
  "packets": 5950844,
  "dropped": 1,
  "running_total_steps": 290370,
  "running_total_packets": 4122938001,
  "running_total_dropped": 45984242,
  "running_total_time_sec": 745.9289500119994,
  "p_gb": 0.005,
  "p_bg": 0.3,
  "good_loss_rate": 0.0,
  "bad_loss_rate": 0.65
}