{
  "state": "good",
  "episode_index": 12130,
  "state_ordinal": 6065,
  "start_time_wall": 1756957269.8953345,
  "end_time_wall": 1756957271.4589396,
  "wall_time_sec": 1.5636050299999624,
  "steps": 666,
  "packets": 9578628,
  "dropped": 1,
  "running_total_steps": 1261111,
  "running_total_packets": 17906142067,
  "running_total_dropped": 191663379,
  "running_total_time_sec": 3333.4088387449992,
  "p_gb": 0.005,
  "p_bg": 0.3,
  "good_loss_rate": 0.0,
  "bad_loss_rate": 0.65
}