{
  "state": "good",
  "episode_index": 3796,
  "state_ordinal": 1898,
  "start_time_wall": 1756954926.877437,
  "end_time_wall": 1756954926.8802733,
  "wall_time_sec": 0.0028363600013108226,
  "steps": 19,
  "packets": 254581,
  "dropped": 0,
  "running_total_steps": 382166,
  "running_total_packets": 5426339112,
  "running_total_dropped": 60457943,
  "running_total_time_sec": 988.8301727390008,
  "p_gb": 0.005,
  "p_bg": 0.3,
  "good_loss_rate": 0.0,
  "bad_loss_rate": 0.65
}