{
  "state": "good",
  "episode_index": 7296,
  "state_ordinal": 3648,
  "start_time_wall": 1756955913.8102984,
  "end_time_wall": 1756955913.8403692,
  "wall_time_sec": 0.030070312999669113,
  "steps": 240,
  "packets": 3351520,
  "dropped": 0,
  "running_total_steps": 751430,
  "running_total_packets": 10669349156,
  "running_total_dropped": 113939328,
  "running_total_time_sec": 1975.7902682179993,
  "p_gb": 0.005,
  "p_bg": 0.3,
  "good_loss_rate": 0.0,
  "bad_loss_rate": 0.65
}