{
  "state": "good",
  "episode_index": 12294,
  "state_ordinal": 6147,
  "start_time_wall": 1756957304.4457288,
  "end_time_wall": 1756957305.034351,
  "wall_time_sec": 0.5886222859990085,
  "steps": 244,
  "packets": 3461430,
  "dropped": 0,
  "running_total_steps": 1277078,
  "running_total_packets": 18132816548,
  "running_total_dropped": 193920654,
  "running_total_time_sec": 3366.984250275,
  "p_gb": 0.005,
  "p_bg": 0.3,
  "good_loss_rate": 0.0,
  "bad_loss_rate": 0.65
}