{
  "state": "good",
  "episode_index": 2884,
  "state_ordinal": 1442,
  "start_time_wall": 1756954693.1971426,
  "end_time_wall": 1756954693.7856796,
  "wall_time_sec": 0.5885368430008384,
  "steps": 94,
  "packets": 1427676,
  "dropped": 0,
  "running_total_steps": 294946,
  "running_total_packets": 4187938742,
  "running_total_dropped": 46726279,
  "running_total_time_sec": 755.7355787880006,
  "p_gb": 0.005,
  "p_bg": 0.3,
  "good_loss_rate": 0.0,
  "bad_loss_rate": 0.65
}