{
  "state": "good",
  "episode_index": 6432,
  "state_ordinal": 3216,
  "start_time_wall": 1756955679.7472546,
  "end_time_wall": 1756955681.0880773,
  "wall_time_sec": 1.340822821999609,
  "steps": 573,
  "packets": 8133592,
  "dropped": 0,
  "running_total_steps": 654726,
  "running_total_packets": 9296296848,
  "running_total_dropped": 101015828,
  "running_total_time_sec": 1743.0379765479993,
  "p_gb": 0.005,
  "p_bg": 0.3,
  "good_loss_rate": 0.0,
  "bad_loss_rate": 0.65
}