{
  "state": "good",
  "episode_index": 84,
  "state_ordinal": 42,
  "start_time_wall": 1756953956.629438,
  "end_time_wall": 1756953956.6334763,
  "wall_time_sec": 0.004038393999508116,
  "steps": 36,
  "packets": 486020,
  "dropped": 0,
  "running_total_steps": 7346,
  "running_total_packets": 104391432,
  "running_total_dropped": 1626705,
  "running_total_time_sec": 18.58337564499925,
  "p_gb": 0.005,
  "p_bg": 0.3,
  "good_loss_rate": 0.0,
  "bad_loss_rate": 0.65
}