{
  "state": "good",
  "episode_index": 5090,
  "state_ordinal": 2545,
  "start_time_wall": 1756955264.24725,
  "end_time_wall": 1756955264.251922,
  "wall_time_sec": 0.004671365000831429,
  "steps": 41,
  "packets": 564123,
  "dropped": 0,
  "running_total_steps": 512629,
  "running_total_packets": 7278730853,
  "running_total_dropped": 80505243,
  "running_total_time_sec": 1326.2018209920006,
  "p_gb": 0.005,
  "p_bg": 0.3,
  "good_loss_rate": 0.0,
  "bad_loss_rate": 0.65
}