{
  "state": "good",
  "episode_index": 9576,
  "state_ordinal": 4788,
  "start_time_wall": 1756956560.8070111,
  "end_time_wall": 1756956560.825188,
  "wall_time_sec": 0.018176571000367403,
  "steps": 152,
  "packets": 2233362,
  "dropped": 0,
  "running_total_steps": 985016,
  "running_total_packets": 13985953642,
  "running_total_dropped": 151056333,
  "running_total_time_sec": 2622.775086934,
  "p_gb": 0.005,
  "p_bg": 0.3,
  "good_loss_rate": 0.0,
  "bad_loss_rate": 0.65
}