{
  "state": "good",
  "episode_index": 4584,
  "state_ordinal": 2292,
  "start_time_wall": 1756955147.7167473,
  "end_time_wall": 1756955147.74872,
  "wall_time_sec": 0.03197219899993797,
  "steps": 239,
  "packets": 3339949,
  "dropped": 3,
  "running_total_steps": 456424,
  "running_total_packets": 6480637964,
  "running_total_dropped": 73001156,
  "running_total_time_sec": 1209.6986189790005,
  "p_gb": 0.005,
  "p_bg": 0.3,
  "good_loss_rate": 0.0,
  "bad_loss_rate": 0.65
}