{
  "state": "good",
  "episode_index": 4378,
  "state_ordinal": 2189,
  "start_time_wall": 1756955075.9253027,
  "end_time_wall": 1756955076.4880242,
  "wall_time_sec": 0.5627214400010416,
  "steps": 32,
  "packets": 608960,
  "dropped": 0,
  "running_total_steps": 437995,
  "running_total_packets": 6219077111,
  "running_total_dropped": 69766221,
  "running_total_time_sec": 1138.4379236290006,
  "p_gb": 0.005,
  "p_bg": 0.3,
  "good_loss_rate": 0.0,
  "bad_loss_rate": 0.65
}