{
  "state": "good",
  "episode_index": 13888,
  "state_ordinal": 6944,
  "start_time_wall": 1756957788.9668295,
  "end_time_wall": 1756957789.543421,
  "wall_time_sec": 0.5765913870000077,
  "steps": 115,
  "packets": 1664903,
  "dropped": 0,
  "running_total_steps": 1449908,
  "running_total_packets": 20586725196,
  "running_total_dropped": 217875391,
  "running_total_time_sec": 3851.4933202350003,
  "p_gb": 0.005,
  "p_bg": 0.3,
  "good_loss_rate": 0.0,
  "bad_loss_rate": 0.65
}