{
  "state": "good",
  "episode_index": 5460,
  "state_ordinal": 2730,
  "start_time_wall": 1756955374.51714,
  "end_time_wall": 1756955375.2811515,
  "wall_time_sec": 0.7640114509995328,
  "steps": 313,
  "packets": 4505796,
  "dropped": 1,
  "running_total_steps": 549243,
  "running_total_packets": 7798553111,
  "running_total_dropped": 86498572,
  "running_total_time_sec": 1437.2310506049998,
  "p_gb": 0.005,
  "p_bg": 0.3,
  "good_loss_rate": 0.0,
  "bad_loss_rate": 0.65
}