{
  "state": "good",
  "episode_index": 13170,
  "state_ordinal": 6585,
  "start_time_wall": 1756957587.4883797,
  "end_time_wall": 1756957588.3111367,
  "wall_time_sec": 0.8227571930001432,
  "steps": 539,
  "packets": 7594047,
  "dropped": 0,
  "running_total_steps": 1370405,
  "running_total_packets": 19457884571,
  "running_total_dropped": 207249367,
  "running_total_time_sec": 3650.26103609,
  "p_gb": 0.005,
  "p_bg": 0.3,
  "good_loss_rate": 0.0,
  "bad_loss_rate": 0.65
}