{
  "state": "good",
  "episode_index": 6946,
  "state_ordinal": 3473,
  "start_time_wall": 1756955833.4739769,
  "end_time_wall": 1756955834.1004503,
  "wall_time_sec": 0.6264735189997737,
  "steps": 381,
  "packets": 5432993,
  "dropped": 0,
  "running_total_steps": 713281,
  "running_total_packets": 10127669049,
  "running_total_dropped": 108696844,
  "running_total_time_sec": 1896.0503494969998,
  "p_gb": 0.005,
  "p_bg": 0.3,
  "good_loss_rate": 0.0,
  "bad_loss_rate": 0.65
}