{
  "state": "good",
  "episode_index": 4762,
  "state_ordinal": 2381,
  "start_time_wall": 1756955184.753058,
  "end_time_wall": 1756955185.3521314,
  "wall_time_sec": 0.5990730089997669,
  "steps": 164,
  "packets": 2336078,
  "dropped": 0,
  "running_total_steps": 474254,
  "running_total_packets": 6733812078,
  "running_total_dropped": 75975572,
  "running_total_time_sec": 1247.3020305070004,
  "p_gb": 0.005,
  "p_bg": 0.3,
  "good_loss_rate": 0.0,
  "bad_loss_rate": 0.65
}