{
  "state": "good",
  "episode_index": 9052,
  "state_ordinal": 4526,
  "start_time_wall": 1756956395.2281544,
  "end_time_wall": 1756956395.230826,
  "wall_time_sec": 0.002671397998710745,
  "steps": 23,
  "packets": 306666,
  "dropped": 0,
  "running_total_steps": 932036,
  "running_total_packets": 13233613117,
  "running_total_dropped": 143391757,
  "running_total_time_sec": 2457.1807251739992,
  "p_gb": 0.005,
  "p_bg": 0.3,
  "good_loss_rate": 0.0,
  "bad_loss_rate": 0.65
}