{
  "state": "good",
  "episode_index": 3862,
  "state_ordinal": 1931,
  "start_time_wall": 1756954972.5003536,
  "end_time_wall": 1756954972.5037098,
  "wall_time_sec": 0.003356061000886257,
  "steps": 23,
  "packets": 318231,
  "dropped": 0,
  "running_total_steps": 387071,
  "running_total_packets": 5495926665,
  "running_total_dropped": 61450498,
  "running_total_time_sec": 1034.4536089600006,
  "p_gb": 0.005,
  "p_bg": 0.3,
  "good_loss_rate": 0.0,
  "bad_loss_rate": 0.65
}