{
  "state": "good",
  "episode_index": 10012,
  "state_ordinal": 5006,
  "start_time_wall": 1756956697.8795295,
  "end_time_wall": 1756956697.8799992,
  "wall_time_sec": 0.0004697620006481884,
  "steps": 1,
  "packets": 11571,
  "dropped": 0,
  "running_total_steps": 1033280,
  "running_total_packets": 14671162780,
  "running_total_dropped": 158384774,
  "running_total_time_sec": 2759.829898471,
  "p_gb": 0.005,
  "p_bg": 0.3,
  "good_loss_rate": 0.0,
  "bad_loss_rate": 0.65
}