{
  "state": "good",
  "episode_index": 11492,
  "state_ordinal": 5746,
  "start_time_wall": 1756957086.5090127,
  "end_time_wall": 1756957086.5122225,
  "wall_time_sec": 0.0032091299999592593,
  "steps": 27,
  "packets": 364515,
  "dropped": 0,
  "running_total_steps": 1188435,
  "running_total_packets": 16874175513,
  "running_total_dropped": 180953094,
  "running_total_time_sec": 3148.4621217530002,
  "p_gb": 0.005,
  "p_bg": 0.3,
  "good_loss_rate": 0.0,
  "bad_loss_rate": 0.65
}