{
  "state": "good",
  "episode_index": 6458,
  "state_ordinal": 3229,
  "start_time_wall": 1756955687.7776208,
  "end_time_wall": 1756955687.7815251,
  "wall_time_sec": 0.0039046949987096014,
  "steps": 18,
  "packets": 409352,
  "dropped": 0,
  "running_total_steps": 658075,
  "running_total_packets": 9343905047,
  "running_total_dropped": 101373740,
  "running_total_time_sec": 1749.7314246099995,
  "p_gb": 0.005,
  "p_bg": 0.3,
  "good_loss_rate": 0.0,
  "bad_loss_rate": 0.65
}