{
  "state": "good",
  "episode_index": 10832,
  "state_ordinal": 5416,
  "start_time_wall": 1756956917.1487093,
  "end_time_wall": 1756956917.1512835,
  "wall_time_sec": 0.002574063000793103,
  "steps": 19,
  "packets": 244457,
  "dropped": 0,
  "running_total_steps": 1122661,
  "running_total_packets": 15940293739,
  "running_total_dropped": 171049462,
  "running_total_time_sec": 2979.101182806,
  "p_gb": 0.005,
  "p_bg": 0.3,
  "good_loss_rate": 0.0,
  "bad_loss_rate": 0.65
}