{
  "state": "good",
  "episode_index": 14528,
  "state_ordinal": 7264,
  "start_time_wall": 1756957964.2666674,
  "end_time_wall": 1756957964.2845588,
  "wall_time_sec": 0.017891281000629533,
  "steps": 170,
  "packets": 2297024,
  "dropped": 0,
  "running_total_steps": 1518553,
  "running_total_packets": 21561342917,
  "running_total_dropped": 228169675,
  "running_total_time_sec": 4026.2344579090004,
  "p_gb": 0.005,
  "p_bg": 0.3,
  "good_loss_rate": 0.0,
  "bad_loss_rate": 0.65
}