{
  "state": "good",
  "episode_index": 9320,
  "state_ordinal": 4660,
  "start_time_wall": 1756956453.377759,
  "end_time_wall": 1756956453.3809252,
  "wall_time_sec": 0.003165912999975262,
  "steps": 26,
  "packets": 352944,
  "dropped": 0,
  "running_total_steps": 959692,
  "running_total_packets": 13626360112,
  "running_total_dropped": 147406887,
  "running_total_time_sec": 2515.3308245139997,
  "p_gb": 0.005,
  "p_bg": 0.3,
  "good_loss_rate": 0.0,
  "bad_loss_rate": 0.65
}