{
  "state": "good",
  "episode_index": 5180,
  "state_ordinal": 2590,
  "start_time_wall": 1756955319.1141994,
  "end_time_wall": 1756955319.125634,
  "wall_time_sec": 0.011434874999395106,
  "steps": 88,
  "packets": 1202032,
  "dropped": 0,
  "running_total_steps": 521785,
  "running_total_packets": 7408647009,
  "running_total_dropped": 82539398,
  "running_total_time_sec": 1381.0755333319994,
  "p_gb": 0.005,
  "p_bg": 0.3,
  "good_loss_rate": 0.0,
  "bad_loss_rate": 0.65
}