{
  "state": "good",
  "episode_index": 8774,
  "state_ordinal": 4387,
  "start_time_wall": 1756956339.9607148,
  "end_time_wall": 1756956339.9731038,
  "wall_time_sec": 0.012388391998683801,
  "steps": 94,
  "packets": 1278700,
  "dropped": 0,
  "running_total_steps": 905704,
  "running_total_packets": 12859749984,
  "running_total_dropped": 138954548,
  "running_total_time_sec": 2401.923002932999,
  "p_gb": 0.005,
  "p_bg": 0.3,
  "good_loss_rate": 0.0,
  "bad_loss_rate": 0.65
}