{
  "state": "good",
  "episode_index": 12416,
  "state_ordinal": 6208,
  "start_time_wall": 1756957385.2462394,
  "end_time_wall": 1756957386.2158735,
  "wall_time_sec": 0.9696339780002745,
  "steps": 463,
  "packets": 6514979,
  "dropped": 0,
  "running_total_steps": 1289782,
  "running_total_packets": 18313113816,
  "running_total_dropped": 195408910,
  "running_total_time_sec": 3448.1657728320006,
  "p_gb": 0.005,
  "p_bg": 0.3,
  "good_loss_rate": 0.0,
  "bad_loss_rate": 0.65
}