{
  "state": "good",
  "episode_index": 9234,
  "state_ordinal": 4617,
  "start_time_wall": 1756956432.046522,
  "end_time_wall": 1756956433.4452868,
  "wall_time_sec": 1.3987644629996794,
  "steps": 912,
  "packets": 12873728,
  "dropped": 0,
  "running_total_steps": 950036,
  "running_total_packets": 13489262162,
  "running_total_dropped": 146339283,
  "running_total_time_sec": 2495.3951857310003,
  "p_gb": 0.005,
  "p_bg": 0.3,
  "good_loss_rate": 0.0,
  "bad_loss_rate": 0.65
}