{
  "state": "good",
  "episode_index": 9930,
  "state_ordinal": 4965,
  "start_time_wall": 1756956645.1145031,
  "end_time_wall": 1756956645.1222103,
  "wall_time_sec": 0.007706726999458624,
  "steps": 59,
  "packets": 773879,
  "dropped": 0,
  "running_total_steps": 1025055,
  "running_total_packets": 14554382175,
  "running_total_dropped": 156771135,
  "running_total_time_sec": 2707.072109666,
  "p_gb": 0.005,
  "p_bg": 0.3,
  "good_loss_rate": 0.0,
  "bad_loss_rate": 0.65
}