{
  "state": "good",
  "episode_index": 11634,
  "state_ordinal": 5817,
  "start_time_wall": 1756957120.022425,
  "end_time_wall": 1756957120.030699,
  "wall_time_sec": 0.008274315998278325,
  "steps": 62,
  "packets": 849088,
  "dropped": 0,
  "running_total_steps": 1204776,
  "running_total_packets": 17106148488,
  "running_total_dropped": 183062491,
  "running_total_time_sec": 3181.980598562999,
  "p_gb": 0.005,
  "p_bg": 0.3,
  "good_loss_rate": 0.0,
  "bad_loss_rate": 0.65
}