{
  "state": "good",
  "episode_index": 14200,
  "state_ordinal": 7100,
  "start_time_wall": 1756957892.514892,
  "end_time_wall": 1756957892.5196104,
  "wall_time_sec": 0.0047177870001178235,
  "steps": 42,
  "packets": 532316,
  "dropped": 0,
  "running_total_steps": 1483966,
  "running_total_packets": 21070240648,
  "running_total_dropped": 222669086,
  "running_total_time_sec": 3954.469509634,
  "p_gb": 0.005,
  "p_bg": 0.3,
  "good_loss_rate": 0.0,
  "bad_loss_rate": 0.65
}