{
  "state": "good",
  "episode_index": 5964,
  "state_ordinal": 2982,
  "start_time_wall": 1756955530.116442,
  "end_time_wall": 1756955530.88165,
  "wall_time_sec": 0.765208236000035,
  "steps": 368,
  "packets": 5233391,
  "dropped": 2,
  "running_total_steps": 607670,
  "running_total_packets": 8628190976,
  "running_total_dropped": 94207045,
  "running_total_time_sec": 1592.8315492429992,
  "p_gb": 0.005,
  "p_bg": 0.3,
  "good_loss_rate": 0.0,
  "bad_loss_rate": 0.65
}