{
  "state": "good",
  "episode_index": 8652,
  "state_ordinal": 4326,
  "start_time_wall": 1756956283.3631449,
  "end_time_wall": 1756956283.97411,
  "wall_time_sec": 0.610964788000274,
  "steps": 142,
  "packets": 2049666,
  "dropped": 0,
  "running_total_steps": 895944,
  "running_total_packets": 12721240258,
  "running_total_dropped": 136732017,
  "running_total_time_sec": 2345.9240090990006,
  "p_gb": 0.005,
  "p_bg": 0.3,
  "good_loss_rate": 0.0,
  "bad_loss_rate": 0.65
}