{
  "state": "good",
  "episode_index": 384,
  "state_ordinal": 192,
  "start_time_wall": 1756954011.7616968,
  "end_time_wall": 1756954011.779066,
  "wall_time_sec": 0.017369235998557997,
  "steps": 142,
  "packets": 2049666,
  "dropped": 0,
  "running_total_steps": 33837,
  "running_total_packets": 480547235,
  "running_total_dropped": 6944051,
  "running_total_time_sec": 73.72896530099933,
  "p_gb": 0.005,
  "p_bg": 0.3,
  "good_loss_rate": 0.0,
  "bad_loss_rate": 0.65
}