{
  "state": "good",
  "episode_index": 9006,
  "state_ordinal": 4503,
  "start_time_wall": 1756956389.1225178,
  "end_time_wall": 1756956389.1500306,
  "wall_time_sec": 0.027512594999279827,
  "steps": 241,
  "packets": 3435400,
  "dropped": 0,
  "running_total_steps": 929220,
  "running_total_packets": 13193658267,
  "running_total_dropped": 142764955,
  "running_total_time_sec": 2451.099929692,
  "p_gb": 0.005,
  "p_bg": 0.3,
  "good_loss_rate": 0.0,
  "bad_loss_rate": 0.65
}