{
  "state": "good",
  "episode_index": 8542,
  "state_ordinal": 4271,
  "start_time_wall": 1756956261.1604958,
  "end_time_wall": 1756956261.175306,
  "wall_time_sec": 0.014810004000537447,
  "steps": 118,
  "packets": 1760360,
  "dropped": 0,
  "running_total_steps": 885275,
  "running_total_packets": 12569803285,
  "running_total_dropped": 134917210,
  "running_total_time_sec": 2323.125205122,
  "p_gb": 0.005,
  "p_bg": 0.3,
  "good_loss_rate": 0.0,
  "bad_loss_rate": 0.65
}