{
  "state": "good",
  "episode_index": 894,
  "state_ordinal": 447,
  "start_time_wall": 1756954160.1759768,
  "end_time_wall": 1756954160.2021794,
  "wall_time_sec": 0.026202311999441008,
  "steps": 199,
  "packets": 2840899,
  "dropped": 0,
  "running_total_steps": 89272,
  "running_total_packets": 1267684452,
  "running_total_dropped": 14169384,
  "running_total_time_sec": 222.1520785369994,
  "p_gb": 0.005,
  "p_bg": 0.3,
  "good_loss_rate": 0.0,
  "bad_loss_rate": 0.65
}