{
  "state": "good",
  "episode_index": 4492,
  "state_ordinal": 2246,
  "start_time_wall": 1756955096.465398,
  "end_time_wall": 1756955096.467444,
  "wall_time_sec": 0.002045707999059232,
  "steps": 17,
  "packets": 231439,
  "dropped": 0,
  "running_total_steps": 447958,
  "running_total_packets": 6360423400,
  "running_total_dropped": 71215468,
  "running_total_time_sec": 1158.4173430709998,
  "p_gb": 0.005,
  "p_bg": 0.3,
  "good_loss_rate": 0.0,
  "bad_loss_rate": 0.65
}