{
  "state": "good",
  "episode_index": 2870,
  "state_ordinal": 1435,
  "start_time_wall": 1756954690.701594,
  "end_time_wall": 1756954690.7258718,
  "wall_time_sec": 0.02427781999904255,
  "steps": 193,
  "packets": 2733859,
  "dropped": 0,
  "running_total_steps": 293545,
  "running_total_packets": 4168007619,
  "running_total_dropped": 46521756,
  "running_total_time_sec": 752.6757711709997,
  "p_gb": 0.005,
  "p_bg": 0.3,
  "good_loss_rate": 0.0,
  "bad_loss_rate": 0.65
}