{
  "state": "good",
  "episode_index": 14442,
  "state_ordinal": 7221,
  "start_time_wall": 1756957944.0616612,
  "end_time_wall": 1756957944.0856335,
  "wall_time_sec": 0.02397211400057131,
  "steps": 177,
  "packets": 2521233,
  "dropped": 1,
  "running_total_steps": 1508743,
  "running_total_packets": 21422167811,
  "running_total_dropped": 226763897,
  "running_total_time_sec": 4006.035532725,
  "p_gb": 0.005,
  "p_bg": 0.3,
  "good_loss_rate": 0.0,
  "bad_loss_rate": 0.65
}