{
  "state": "good",
  "episode_index": 228,
  "state_ordinal": 114,
  "start_time_wall": 1756953986.3570526,
  "end_time_wall": 1756953986.9420211,
  "wall_time_sec": 0.5849684439999692,
  "steps": 213,
  "packets": 2988446,
  "dropped": 0,
  "running_total_steps": 22002,
  "running_total_packets": 312485810,
  "running_total_dropped": 4138280,
  "running_total_time_sec": 48.89192037199973,
  "p_gb": 0.005,
  "p_bg": 0.3,
  "good_loss_rate": 0.0,
  "bad_loss_rate": 0.65
}