{
  "state": "good",
  "episode_index": 2330,
  "state_ordinal": 1165,
  "start_time_wall": 1756954536.0926495,
  "end_time_wall": 1756954536.0990582,
  "wall_time_sec": 0.006408511999325128,
  "steps": 47,
  "packets": 671163,
  "dropped": 0,
  "running_total_steps": 235906,
  "running_total_packets": 3349616174,
  "running_total_dropped": 37952908,
  "running_total_time_sec": 598.0489574519997,
  "p_gb": 0.005,
  "p_bg": 0.3,
  "good_loss_rate": 0.0,
  "bad_loss_rate": 0.65
}