{
  "state": "good",
  "episode_index": 7780,
  "state_ordinal": 3890,
  "start_time_wall": 1756956058.722514,
  "end_time_wall": 1756956058.9259555,
  "wall_time_sec": 0.20344168900010118,
  "steps": 182,
  "packets": 2609460,
  "dropped": 0,
  "running_total_steps": 804147,
  "running_total_packets": 11417805887,
  "running_total_dropped": 122067939,
  "running_total_time_sec": 2120.875854772001,
  "p_gb": 0.005,
  "p_bg": 0.3,
  "good_loss_rate": 0.0,
  "bad_loss_rate": 0.65
}