{
  "state": "good",
  "episode_index": 4806,
  "state_ordinal": 2403,
  "start_time_wall": 1756955193.8364165,
  "end_time_wall": 1756955194.4744477,
  "wall_time_sec": 0.6380306749997544,
  "steps": 358,
  "packets": 5132128,
  "dropped": 0,
  "running_total_steps": 478879,
  "running_total_packets": 6799515807,
  "running_total_dropped": 76433975,
  "running_total_time_sec": 1256.4243467289998,
  "p_gb": 0.005,
  "p_bg": 0.3,
  "good_loss_rate": 0.0,
  "bad_loss_rate": 0.65
}