{
  "state": "good",
  "episode_index": 514,
  "state_ordinal": 257,
  "start_time_wall": 1756954035.684579,
  "end_time_wall": 1756954035.686971,
  "wall_time_sec": 0.002391918998910114,
  "steps": 17,
  "packets": 231439,
  "dropped": 0,
  "running_total_steps": 45388,
  "running_total_packets": 644499204,
  "running_total_dropped": 8622460,
  "running_total_time_sec": 97.63687002599909,
  "p_gb": 0.005,
  "p_bg": 0.3,
  "good_loss_rate": 0.0,
  "bad_loss_rate": 0.65
}