{
  "state": "good",
  "episode_index": 10040,
  "state_ordinal": 5020,
  "start_time_wall": 1756956703.678496,
  "end_time_wall": 1756956703.6827073,
  "wall_time_sec": 0.004211019000649685,
  "steps": 23,
  "packets": 257487,
  "dropped": 1,
  "running_total_steps": 1036075,
  "running_total_packets": 14710863037,
  "running_total_dropped": 158762854,
  "running_total_time_sec": 2765.6326062690005,
  "p_gb": 0.005,
  "p_bg": 0.3,
  "good_loss_rate": 0.0,
  "bad_loss_rate": 0.65
}