{
  "state": "good",
  "episode_index": 4988,
  "state_ordinal": 2494,
  "start_time_wall": 1756955243.5350173,
  "end_time_wall": 1756955244.1107702,
  "wall_time_sec": 0.5757527429996117,
  "steps": 78,
  "packets": 1184678,
  "dropped": 0,
  "running_total_steps": 502765,
  "running_total_packets": 7138677741,
  "running_total_dropped": 79032671,
  "running_total_time_sec": 1306.0606694649996,
  "p_gb": 0.005,
  "p_bg": 0.3,
  "good_loss_rate": 0.0,
  "bad_loss_rate": 0.65
}