{
  "state": "bad",
  "episode_index": 715,
  "state_ordinal": 357,
  "start_time_wall": 1756965209.9530048,
  "end_time_wall": 1756965210.306057,
  "wall_time_sec": 0.35305257299842197,
  "steps": 20,
  "packets": 306648,
  "dropped": 306648,
  "running_total_steps": 357632,
  "running_total_packets": 5078028150,
  "running_total_dropped": 27907243,
  "running_total_time_sec": 906.6222348629999,
  "p_gb": 0.001,
  "p_bg": 0.2,
  "good_loss_rate": 0.0,
  "bad_loss_rate": 1.0
}