{
  "state": "bad",
  "episode_index": 517,
  "state_ordinal": 258,
  "start_time_wall": 1756964963.047447,
  "end_time_wall": 1756964963.211331,
  "wall_time_sec": 0.1638839530023688,
  "steps": 1,
  "packets": 1447,
  "dropped": 1447,
  "running_total_steps": 258307,
  "running_total_packets": 3667721609,
  "running_total_dropped": 20608186,
  "running_total_time_sec": 659.5275085940011,
  "p_gb": 0.001,
  "p_bg": 0.2,
  "good_loss_rate": 0.0,
  "bad_loss_rate": 1.0
}