{
  "state": "bad",
  "episode_index": 101,
  "state_ordinal": 50,
  "start_time_wall": 1756964407.3963416,
  "end_time_wall": 1756964407.415001,
  "wall_time_sec": 0.018660051999177085,
  "steps": 1,
  "packets": 31819,
  "dropped": 31819,
  "running_total_steps": 49954,
  "running_total_packets": 709378434,
  "running_total_dropped": 3808580,
  "running_total_time_sec": 103.7311789359992,
  "p_gb": 0.001,
  "p_bg": 0.2,
  "good_loss_rate": 0.0,
  "bad_loss_rate": 1.0
}