{
  "state": "bad",
  "episode_index": 81,
  "state_ordinal": 40,
  "start_time_wall": 1756964377.655173,
  "end_time_wall": 1756964377.8646564,
  "wall_time_sec": 0.20948340800168808,
  "steps": 5,
  "packets": 95469,
  "dropped": 95469,
  "running_total_steps": 34882,
  "running_total_packets": 495366490,
  "running_total_dropped": 2956597,
  "running_total_time_sec": 74.18083402300181,
  "p_gb": 0.001,
  "p_bg": 0.2,
  "good_loss_rate": 0.0,
  "bad_loss_rate": 1.0
}