{
  "state": "bad",
  "episode_index": 523,
  "state_ordinal": 261,
  "start_time_wall": 1756964970.329298,
  "end_time_wall": 1756964970.4771366,
  "wall_time_sec": 0.1478387589995691,
  "steps": 17,
  "packets": 241563,
  "dropped": 241563,
  "running_total_steps": 262014,
  "running_total_packets": 3720305718,
  "running_total_dropped": 20971249,
  "running_total_time_sec": 666.7933143250011,
  "p_gb": 0.001,
  "p_bg": 0.2,
  "good_loss_rate": 0.0,
  "bad_loss_rate": 1.0
}