{
  "state": "bad",
  "episode_index": 169,
  "state_ordinal": 84,
  "start_time_wall": 1756964516.453006,
  "end_time_wall": 1756964516.4807978,
  "wall_time_sec": 0.027791814998636255,
  "steps": 2,
  "packets": 43390,
  "dropped": 43390,
  "running_total_steps": 86973,
  "running_total_packets": 1234953363,
  "running_total_dropped": 6582914,
  "running_total_time_sec": 212.79697537099855,
  "p_gb": 0.001,
  "p_bg": 0.2,
  "good_loss_rate": 0.0,
  "bad_loss_rate": 1.0
}