{
  "state": "good",
  "episode_index": 704,
  "state_ordinal": 352,
  "start_time_wall": 1756965189.1511166,
  "end_time_wall": 1756965190.1177893,
  "wall_time_sec": 0.9666725570023118,
  "steps": 520,
  "packets": 7455188,
  "dropped": 1,
  "running_total_steps": 347787,
  "running_total_packets": 4938199247,
  "running_total_dropped": 27406766,
  "running_total_time_sec": 886.433966634002,
  "p_gb": 0.001,
  "p_bg": 0.2,
  "good_loss_rate": 0.0,
  "bad_loss_rate": 1.0
}