{
  "state": "good",
  "episode_index": 756,
  "state_ordinal": 378,
  "start_time_wall": 1756965244.0938888,
  "end_time_wall": 1756965244.1145887,
  "wall_time_sec": 0.020699679997051135,
  "steps": 153,
  "packets": 2234809,
  "dropped": 0,
  "running_total_steps": 374279,
  "running_total_packets": 5314417241,
  "running_total_dropped": 29180171,
  "running_total_time_sec": 940.4307661409985,
  "p_gb": 0.001,
  "p_bg": 0.2,
  "good_loss_rate": 0.0,
  "bad_loss_rate": 1.0
}