{
  "state": "good",
  "episode_index": 1022,
  "state_ordinal": 511,
  "start_time_wall": 1756965577.8747869,
  "end_time_wall": 1756965581.1256256,
  "wall_time_sec": 3.2508379370010516,
  "steps": 1826,
  "packets": 25896444,
  "dropped": 3,
  "running_total_steps": 508160,
  "running_total_packets": 7215273516,
  "running_total_dropped": 39239113,
  "running_total_time_sec": 1277.4418032329995,
  "p_gb": 0.001,
  "p_bg": 0.2,
  "good_loss_rate": 0.0,
  "bad_loss_rate": 1.0
}