{
  "state": "good",
  "episode_index": 686,
  "state_ordinal": 343,
  "start_time_wall": 1756965172.7298694,
  "end_time_wall": 1756965177.4456398,
  "wall_time_sec": 4.715770552000322,
  "steps": 2415,
  "packets": 34260028,
  "dropped": 1,
  "running_total_steps": 341601,
  "running_total_packets": 4850335345,
  "running_total_dropped": 26582265,
  "running_total_time_sec": 873.7618173949995,
  "p_gb": 0.001,
  "p_bg": 0.2,
  "good_loss_rate": 0.0,
  "bad_loss_rate": 1.0
}