{
  "state": "good",
  "episode_index": 276,
  "state_ordinal": 138,
  "start_time_wall": 1756964648.8417065,
  "end_time_wall": 1756964650.9720063,
  "wall_time_sec": 2.130299312000716,
  "steps": 1056,
  "packets": 15089748,
  "dropped": 1,
  "running_total_steps": 137923,
  "running_total_packets": 1958453871,
  "running_total_dropped": 10233841,
  "running_total_time_sec": 347.28818394300106,
  "p_gb": 0.001,
  "p_bg": 0.2,
  "good_loss_rate": 0.0,
  "bad_loss_rate": 1.0
}