{
  "state": "good",
  "episode_index": 408,
  "state_ordinal": 204,
  "start_time_wall": 1756964802.806589,
  "end_time_wall": 1756964803.4327064,
  "wall_time_sec": 0.6261174539977219,
  "steps": 500,
  "packets": 7032818,
  "dropped": 0,
  "running_total_steps": 196114,
  "running_total_packets": 2784586904,
  "running_total_dropped": 16142785,
  "running_total_time_sec": 499.7488839559992,
  "p_gb": 0.001,
  "p_bg": 0.2,
  "good_loss_rate": 0.0,
  "bad_loss_rate": 1.0
}