{
  "state": "good",
  "episode_index": 6,
  "state_ordinal": 3,
  "start_time_wall": 1756964311.1203415,
  "end_time_wall": 1756964313.6824024,
  "wall_time_sec": 2.5620603620009206,
  "steps": 1377,
  "packets": 19432097,
  "dropped": 0,
  "running_total_steps": 3401,
  "running_total_packets": 48299597,
  "running_total_dropped": 286401,
  "running_total_time_sec": 9.998579817001882,
  "p_gb": 0.001,
  "p_bg": 0.2,
  "good_loss_rate": 0.0,
  "bad_loss_rate": 1.0
}