{
  "state": "good",
  "episode_index": 752,
  "state_ordinal": 376,
  "start_time_wall": 1756965242.4803362,
  "end_time_wall": 1756965243.0991762,
  "wall_time_sec": 0.6188398160011275,
  "steps": 383,
  "packets": 5453253,
  "dropped": 0,
  "running_total_steps": 373831,
  "running_total_packets": 5307921087,
  "running_total_dropped": 29047107,
  "running_total_time_sec": 939.415353618002,
  "p_gb": 0.001,
  "p_bg": 0.2,
  "good_loss_rate": 0.0,
  "bad_loss_rate": 1.0
}