{
  "state": "good",
  "episode_index": 26,
  "state_ordinal": 13,
  "start_time_wall": 1756964333.8081918,
  "end_time_wall": 1756964335.215407,
  "wall_time_sec": 1.407215080998867,
  "steps": 715,
  "packets": 10200624,
  "dropped": 0,
  "running_total_steps": 13969,
  "running_total_packets": 198437617,
  "running_total_dropped": 853401,
  "running_total_time_sec": 31.531584481999744,
  "p_gb": 0.001,
  "p_bg": 0.2,
  "good_loss_rate": 0.0,
  "bad_loss_rate": 1.0
}