{
  "state": "good",
  "episode_index": 268,
  "state_ordinal": 134,
  "start_time_wall": 1756964643.9336724,
  "end_time_wall": 1756964645.2484577,
  "wall_time_sec": 1.3147850059976918,
  "steps": 600,
  "packets": 8547286,
  "dropped": 0,
  "running_total_steps": 134881,
  "running_total_packets": 1915280601,
  "running_total_dropped": 9960479,
  "running_total_time_sec": 341.5646352149997,
  "p_gb": 0.001,
  "p_bg": 0.2,
  "good_loss_rate": 0.0,
  "bad_loss_rate": 1.0
}