{
  "state": "good",
  "episode_index": 992,
  "state_ordinal": 496,
  "start_time_wall": 1756965557.086321,
  "end_time_wall": 1756965557.723362,
  "wall_time_sec": 0.6370408019975002,
  "steps": 439,
  "packets": 6195301,
  "dropped": 0,
  "running_total_steps": 496528,
  "running_total_packets": 7050099274,
  "running_total_dropped": 38463756,
  "running_total_time_sec": 1254.039539551999,
  "p_gb": 0.001,
  "p_bg": 0.2,
  "good_loss_rate": 0.0,
  "bad_loss_rate": 1.0
}