{
  "state": "good",
  "episode_index": 624,
  "state_ordinal": 312,
  "start_time_wall": 1756965068.0018973,
  "end_time_wall": 1756965068.0024505,
  "wall_time_sec": 0.0005529740010388196,
  "steps": 1,
  "packets": 31819,
  "dropped": 0,
  "running_total_steps": 311400,
  "running_total_packets": 4421563602,
  "running_total_dropped": 23969861,
  "running_total_time_sec": 764.3186279820002,
  "p_gb": 0.001,
  "p_bg": 0.2,
  "good_loss_rate": 0.0,
  "bad_loss_rate": 1.0
}