{
  "state": "good",
  "episode_index": 70,
  "state_ordinal": 35,
  "start_time_wall": 1756964373.7274404,
  "end_time_wall": 1756964375.085967,
  "wall_time_sec": 1.358526724998228,
  "steps": 855,
  "packets": 12133115,
  "dropped": 1,
  "running_total_steps": 33692,
  "running_total_packets": 478485986,
  "running_total_dropped": 2409801,
  "running_total_time_sec": 71.40214474399909,
  "p_gb": 0.001,
  "p_bg": 0.2,
  "good_loss_rate": 0.0,
  "bad_loss_rate": 1.0
}