{
  "state": "good",
  "episode_index": 438,
  "state_ordinal": 219,
  "start_time_wall": 1756964827.6794803,
  "end_time_wall": 1756964828.3413692,
  "wall_time_sec": 0.6618888769990008,
  "steps": 706,
  "packets": 9974962,
  "dropped": 1,
  "running_total_steps": 208762,
  "running_total_packets": 2964215874,
  "running_total_dropped": 17172675,
  "running_total_time_sec": 524.6575466879985,
  "p_gb": 0.001,
  "p_bg": 0.2,
  "good_loss_rate": 0.0,
  "bad_loss_rate": 1.0
}