{
  "state": "good",
  "episode_index": 832,
  "state_ordinal": 416,
  "start_time_wall": 1756965338.3042061,
  "end_time_wall": 1756965343.5433028,
  "wall_time_sec": 5.2390961310011335,
  "steps": 2728,
  "packets": 38752818,
  "dropped": 3,
  "running_total_steps": 406707,
  "running_total_packets": 5774761443,
  "running_total_dropped": 31801235,
  "running_total_time_sec": 1039.8594800960018,
  "p_gb": 0.001,
  "p_bg": 0.2,
  "good_loss_rate": 0.0,
  "bad_loss_rate": 1.0
}