{
  "state": "good",
  "episode_index": 694,
  "state_ordinal": 347,
  "start_time_wall": 1756965185.0136557,
  "end_time_wall": 1756965185.788334,
  "wall_time_sec": 0.7746781899986672,
  "steps": 303,
  "packets": 4204937,
  "dropped": 1,
  "running_total_steps": 345641,
  "running_total_packets": 4907669713,
  "running_total_dropped": 26922196,
  "running_total_time_sec": 882.1045114150002,
  "p_gb": 0.001,
  "p_bg": 0.2,
  "good_loss_rate": 0.0,
  "bad_loss_rate": 1.0
}