{
  "state": "good",
  "episode_index": 180,
  "state_ordinal": 90,
  "start_time_wall": 1756964521.9857957,
  "end_time_wall": 1756964522.5792012,
  "wall_time_sec": 0.5934046949987533,
  "steps": 327,
  "packets": 4640337,
  "dropped": 0,
  "running_total_steps": 89888,
  "running_total_packets": 1276393744,
  "running_total_dropped": 6921389,
  "running_total_time_sec": 218.89537880699936,
  "p_gb": 0.001,
  "p_bg": 0.2,
  "good_loss_rate": 0.0,
  "bad_loss_rate": 1.0
}