{
  "state": "good",
  "episode_index": 264,
  "state_ordinal": 132,
  "start_time_wall": 1756964641.5593112,
  "end_time_wall": 1756964641.571923,
  "wall_time_sec": 0.012611366000783164,
  "steps": 118,
  "packets": 1611384,
  "dropped": 0,
  "running_total_steps": 133259,
  "running_total_packets": 1892146941,
  "running_total_dropped": 9752175,
  "running_total_time_sec": 337.8881005510011,
  "p_gb": 0.001,
  "p_bg": 0.2,
  "good_loss_rate": 0.0,
  "bad_loss_rate": 1.0
}