{
  "state": "good",
  "episode_index": 1030,
  "state_ordinal": 515,
  "start_time_wall": 1756965584.2929556,
  "end_time_wall": 1756965584.2972035,
  "wall_time_sec": 0.004247685003065271,
  "steps": 38,
  "packets": 529410,
  "dropped": 0,
  "running_total_steps": 509931,
  "running_total_packets": 7240323761,
  "running_total_dropped": 39577612,
  "running_total_time_sec": 1280.613380949002,
  "p_gb": 0.001,
  "p_bg": 0.2,
  "good_loss_rate": 0.0,
  "bad_loss_rate": 1.0
}