{
  "state": "good",
  "episode_index": 496,
  "state_ordinal": 248,
  "start_time_wall": 1756964898.777693,
  "end_time_wall": 1756964901.0967317,
  "wall_time_sec": 2.319038580997585,
  "steps": 1154,
  "packets": 16394484,
  "dropped": 1,
  "running_total_steps": 245119,
  "running_total_packets": 3480442167,
  "running_total_dropped": 19734473,
  "running_total_time_sec": 597.4129091319992,
  "p_gb": 0.001,
  "p_bg": 0.2,
  "good_loss_rate": 0.0,
  "bad_loss_rate": 1.0
}