{
  "state": "good",
  "episode_index": 840,
  "state_ordinal": 420,
  "start_time_wall": 1756965352.7046976,
  "end_time_wall": 1756965353.4592922,
  "wall_time_sec": 0.754594656998961,
  "steps": 222,
  "packets": 3111392,
  "dropped": 1,
  "running_total_steps": 411542,
  "running_total_packets": 5843389974,
  "running_total_dropped": 32311858,
  "running_total_time_sec": 1049.7754697950004,
  "p_gb": 0.001,
  "p_bg": 0.2,
  "good_loss_rate": 0.0,
  "bad_loss_rate": 1.0
}