{
  "state": "good",
  "episode_index": 312,
  "state_ordinal": 156,
  "start_time_wall": 1756964681.588856,
  "end_time_wall": 1756964681.592544,
  "wall_time_sec": 0.003687809999973979,
  "steps": 25,
  "packets": 321125,
  "dropped": 0,
  "running_total_steps": 153055,
  "running_total_packets": 2173241141,
  "running_total_dropped": 11665880,
  "running_total_time_sec": 377.9087216670014,
  "p_gb": 0.001,
  "p_bg": 0.2,
  "good_loss_rate": 0.0,
  "bad_loss_rate": 1.0
}