{
  "state": "bad",
  "episode_index": 14715,
  "state_ordinal": 7357,
  "start_time_wall": 1756994807.0775049,
  "end_time_wall": 1756994807.0790987,
  "wall_time_sec": 0.0015940109951770864,
  "steps": 1,
  "packets": 1447,
  "dropped": 1447,
  "running_total_steps": 1242775,
  "running_total_packets": 17645661753,
  "running_total_dropped": 174706416,
  "running_total_time_sec": 3106.2911266320007,
  "p_gb": 0.00606,
  "p_bg": 0.6,
  "good_loss_rate": 0.0,
  "bad_loss_rate": 1.0
}