{
  "state": "bad",
  "episode_index": 18357,
  "state_ordinal": 9178,
  "start_time_wall": 1756995550.3418186,
  "end_time_wall": 1756995550.6238618,
  "wall_time_sec": 0.28204316399933305,
  "steps": 3,
  "packets": 193807,
  "dropped": 193807,
  "running_total_steps": 1537854,
  "running_total_packets": 21835512774,
  "running_total_dropped": 218641948,
  "running_total_time_sec": 3849.8358898130027,
  "p_gb": 0.00606,
  "p_bg": 0.6,
  "good_loss_rate": 0.0,
  "bad_loss_rate": 1.0
}