{
  "state": "bad",
  "episode_index": 8535,
  "state_ordinal": 4267,
  "start_time_wall": 1756993452.3523393,
  "end_time_wall": 1756993452.523684,
  "wall_time_sec": 0.1713448540031095,
  "steps": 1,
  "packets": 11571,
  "dropped": 11571,
  "running_total_steps": 714182,
  "running_total_packets": 10140523976,
  "running_total_dropped": 101765202,
  "running_total_time_sec": 1751.7357120930028,
  "p_gb": 0.00606,
  "p_bg": 0.6,
  "good_loss_rate": 0.0,
  "bad_loss_rate": 1.0
}