{
  "state": "bad",
  "episode_index": 14879,
  "state_ordinal": 7439,
  "start_time_wall": 1756994831.6026168,
  "end_time_wall": 1756994831.775382,
  "wall_time_sec": 0.17276524800399784,
  "steps": 3,
  "packets": 13024,
  "dropped": 13024,
  "running_total_steps": 1254525,
  "running_total_packets": 17812583349,
  "running_total_dropped": 176089358,
  "running_total_time_sec": 3130.987410131005,
  "p_gb": 0.00606,
  "p_bg": 0.6,
  "good_loss_rate": 0.0,
  "bad_loss_rate": 1.0
}