{
  "state": "bad",
  "episode_index": 12455,
  "state_ordinal": 6227,
  "start_time_wall": 1756994330.825078,
  "end_time_wall": 1756994330.8533504,
  "wall_time_sec": 0.028273484997043852,
  "steps": 1,
  "packets": 31819,
  "dropped": 31819,
  "running_total_steps": 1053246,
  "running_total_packets": 14954763724,
  "running_total_dropped": 145418073,
  "running_total_time_sec": 2630.0653794710015,
  "p_gb": 0.00606,
  "p_bg": 0.6,
  "good_loss_rate": 0.0,
  "bad_loss_rate": 1.0
}