{
  "state": "bad",
  "episode_index": 5799,
  "state_ordinal": 2899,
  "start_time_wall": 1756992863.6514156,
  "end_time_wall": 1756992863.826443,
  "wall_time_sec": 0.17502763199445326,
  "steps": 2,
  "packets": 31825,
  "dropped": 31825,
  "running_total_steps": 475446,
  "running_total_packets": 6750788033,
  "running_total_dropped": 69231949,
  "running_total_time_sec": 1163.038471107,
  "p_gb": 0.00606,
  "p_bg": 0.6,
  "good_loss_rate": 0.0,
  "bad_loss_rate": 1.0
}