{
  "state": "bad",
  "episode_index": 11503,
  "state_ordinal": 5751,
  "start_time_wall": 1756994130.6788542,
  "end_time_wall": 1756994130.857769,
  "wall_time_sec": 0.1789150620024884,
  "steps": 3,
  "packets": 14465,
  "dropped": 14465,
  "running_total_steps": 973090,
  "running_total_packets": 13816614976,
  "running_total_dropped": 135356109,
  "running_total_time_sec": 2430.0697971000045,
  "p_gb": 0.00606,
  "p_bg": 0.6,
  "good_loss_rate": 0.0,
  "bad_loss_rate": 1.0
}