{
  "state": "bad",
  "episode_index": 8383,
  "state_ordinal": 4191,
  "start_time_wall": 1756993422.994185,
  "end_time_wall": 1756993422.9947174,
  "wall_time_sec": 0.0005327729959390126,
  "steps": 1,
  "packets": 6,
  "dropped": 6,
  "running_total_steps": 699834,
  "running_total_packets": 9936731445,
  "running_total_dropped": 100041047,
  "running_total_time_sec": 1722.2067455819997,
  "p_gb": 0.00606,
  "p_bg": 0.6,
  "good_loss_rate": 0.0,
  "bad_loss_rate": 1.0
}