{
  "state": "bad",
  "episode_index": 16267,
  "state_ordinal": 8133,
  "start_time_wall": 1756995090.6060977,
  "end_time_wall": 1756995090.7612815,
  "wall_time_sec": 0.15518401799636194,
  "steps": 1,
  "packets": 6,
  "dropped": 6,
  "running_total_steps": 1364277,
  "running_total_packets": 19370930512,
  "running_total_dropped": 192881445,
  "running_total_time_sec": 3389.9733095400006,
  "p_gb": 0.00606,
  "p_bg": 0.6,
  "good_loss_rate": 0.0,
  "bad_loss_rate": 1.0
}