{
  "state": "bad",
  "episode_index": 10413,
  "state_ordinal": 5206,
  "start_time_wall": 1756993869.2777507,
  "end_time_wall": 1756993869.278368,
  "wall_time_sec": 0.0006172959983814508,
  "steps": 1,
  "packets": 6,
  "dropped": 6,
  "running_total_steps": 878560,
  "running_total_packets": 12474349684,
  "running_total_dropped": 123595960,
  "running_total_time_sec": 2168.490396109999,
  "p_gb": 0.00606,
  "p_bg": 0.6,
  "good_loss_rate": 0.0,
  "bad_loss_rate": 1.0
}