{
  "state": "bad",
  "episode_index": 8301,
  "state_ordinal": 4150,
  "start_time_wall": 1756993405.6001024,
  "end_time_wall": 1756993405.6190388,
  "wall_time_sec": 0.018936945001769345,
  "steps": 1,
  "packets": 31819,
  "dropped": 31819,
  "running_total_steps": 691617,
  "running_total_packets": 9820021719,
  "running_total_dropped": 99031378,
  "running_total_time_sec": 1704.831067361003,
  "p_gb": 0.00606,
  "p_bg": 0.6,
  "good_loss_rate": 0.0,
  "bad_loss_rate": 1.0
}