{
  "state": "bad",
  "episode_index": 997,
  "state_ordinal": 498,
  "start_time_wall": 1756991908.7392037,
  "end_time_wall": 1756991908.8859963,
  "wall_time_sec": 0.1467929299979005,
  "steps": 1,
  "packets": 11571,
  "dropped": 11571,
  "running_total_steps": 83279,
  "running_total_packets": 1182564533,
  "running_total_dropped": 11684797,
  "running_total_time_sec": 208.09802453900193,
  "p_gb": 0.00606,
  "p_bg": 0.6,
  "good_loss_rate": 0.0,
  "bad_loss_rate": 1.0
}