{
  "state": "bad",
  "episode_index": 2969,
  "state_ordinal": 1484,
  "start_time_wall": 1756992325.6827896,
  "end_time_wall": 1756992325.721092,
  "wall_time_sec": 0.03830311499768868,
  "steps": 2,
  "packets": 63638,
  "dropped": 63638,
  "running_total_steps": 254059,
  "running_total_packets": 3607319239,
  "running_total_dropped": 35334886,
  "running_total_time_sec": 624.9331206830029,
  "p_gb": 0.00606,
  "p_bg": 0.6,
  "good_loss_rate": 0.0,
  "bad_loss_rate": 1.0
}