{
  "state": "bad",
  "episode_index": 9313,
  "state_ordinal": 4656,
  "start_time_wall": 1756993630.1377974,
  "end_time_wall": 1756993630.3022108,
  "wall_time_sec": 0.16441358799784211,
  "steps": 2,
  "packets": 31825,
  "dropped": 31825,
  "running_total_steps": 784365,
  "running_total_packets": 11137015452,
  "running_total_dropped": 111413383,
  "running_total_time_sec": 1929.5142389190005,
  "p_gb": 0.00606,
  "p_bg": 0.6,
  "good_loss_rate": 0.0,
  "bad_loss_rate": 1.0
}