{
  "state": "bad",
  "episode_index": 10497,
  "state_ordinal": 5248,
  "start_time_wall": 1756993918.5241518,
  "end_time_wall": 1756993918.5433898,
  "wall_time_sec": 0.019238476997998077,
  "steps": 1,
  "packets": 31819,
  "dropped": 31819,
  "running_total_steps": 885623,
  "running_total_packets": 12574782089,
  "running_total_dropped": 124484116,
  "running_total_time_sec": 2217.7554182360036,
  "p_gb": 0.00606,
  "p_bg": 0.6,
  "good_loss_rate": 0.0,
  "bad_loss_rate": 1.0
}