{
  "state": "bad",
  "episode_index": 15937,
  "state_ordinal": 7968,
  "start_time_wall": 1756995040.3804111,
  "end_time_wall": 1756995040.3820386,
  "wall_time_sec": 0.001627609999559354,
  "steps": 1,
  "packets": 1447,
  "dropped": 1447,
  "running_total_steps": 1339621,
  "running_total_packets": 19020763727,
  "running_total_dropped": 189039472,
  "running_total_time_sec": 3339.594066630001,
  "p_gb": 0.00606,
  "p_bg": 0.6,
  "good_loss_rate": 0.0,
  "bad_loss_rate": 1.0
}