{
  "state": "bad",
  "episode_index": 2839,
  "state_ordinal": 1419,
  "start_time_wall": 1756992302.1451116,
  "end_time_wall": 1756992302.6988804,
  "wall_time_sec": 0.5537692180005251,
  "steps": 1,
  "packets": 12,
  "dropped": 12,
  "running_total_steps": 242607,
  "running_total_packets": 3444677819,
  "running_total_dropped": 33743800,
  "running_total_time_sec": 601.9109087420002,
  "p_gb": 0.00606,
  "p_bg": 0.6,
  "good_loss_rate": 0.0,
  "bad_loss_rate": 1.0
}