{
  "state": "bad",
  "episode_index": 3769,
  "state_ordinal": 1884,
  "start_time_wall": 1756992456.2349405,
  "end_time_wall": 1756992456.2427108,
  "wall_time_sec": 0.0077702670023427345,
  "steps": 1,
  "packets": 11571,
  "dropped": 11571,
  "running_total_steps": 317435,
  "running_total_packets": 4507256333,
  "running_total_dropped": 44400145,
  "running_total_time_sec": 755.4547387460043,
  "p_gb": 0.00606,
  "p_bg": 0.6,
  "good_loss_rate": 0.0,
  "bad_loss_rate": 1.0
}