{
  "state": "bad",
  "episode_index": 15677,
  "state_ordinal": 7838,
  "start_time_wall": 1756994999.6095624,
  "end_time_wall": 1756994999.6762033,
  "wall_time_sec": 0.06664108100085286,
  "steps": 6,
  "packets": 107040,
  "dropped": 107040,
  "running_total_steps": 1319902,
  "running_total_packets": 18740822386,
  "running_total_dropped": 185557885,
  "running_total_time_sec": 3298.8882313150025,
  "p_gb": 0.00606,
  "p_bg": 0.6,
  "good_loss_rate": 0.0,
  "bad_loss_rate": 1.0
}