{
  "state": "bad",
  "episode_index": 4689,
  "state_ordinal": 2344,
  "start_time_wall": 1756992640.8914294,
  "end_time_wall": 1756992641.0562565,
  "wall_time_sec": 0.16482733900193125,
  "steps": 3,
  "packets": 14465,
  "dropped": 14465,
  "running_total_steps": 389870,
  "running_total_packets": 5535652958,
  "running_total_dropped": 55944481,
  "running_total_time_sec": 940.2682847500037,
  "p_gb": 0.00606,
  "p_bg": 0.6,
  "good_loss_rate": 0.0,
  "bad_loss_rate": 1.0
}