{
  "state": "bad",
  "episode_index": 12595,
  "state_ordinal": 6297,
  "start_time_wall": 1756994352.2309887,
  "end_time_wall": 1756994352.3647156,
  "wall_time_sec": 0.1337266990012722,
  "steps": 1,
  "packets": 11571,
  "dropped": 11571,
  "running_total_steps": 1063859,
  "running_total_packets": 15105322679,
  "running_total_dropped": 147240618,
  "running_total_time_sec": 2651.576743438003,
  "p_gb": 0.00606,
  "p_bg": 0.6,
  "good_loss_rate": 0.0,
  "bad_loss_rate": 1.0
}