{
  "state": "bad",
  "episode_index": 15197,
  "state_ordinal": 7598,
  "start_time_wall": 1756994885.2165065,
  "end_time_wall": 1756994885.3971968,
  "wall_time_sec": 0.18069116099650273,
  "steps": 1,
  "packets": 31819,
  "dropped": 31819,
  "running_total_steps": 1280596,
  "running_total_packets": 18182818680,
  "running_total_dropped": 180298494,
  "running_total_time_sec": 3184.6092254120013,
  "p_gb": 0.00606,
  "p_bg": 0.6,
  "good_loss_rate": 0.0,
  "bad_loss_rate": 1.0
}