{
  "state": "bad",
  "episode_index": 2391,
  "state_ordinal": 1195,
  "start_time_wall": 1756992188.2723224,
  "end_time_wall": 1756992188.2808757,
  "wall_time_sec": 0.008553701998607721,
  "steps": 2,
  "packets": 13018,
  "dropped": 13018,
  "running_total_steps": 203139,
  "running_total_packets": 2884351047,
  "running_total_dropped": 28610282,
  "running_total_time_sec": 487.49290388100053,
  "p_gb": 0.00606,
  "p_bg": 0.6,
  "good_loss_rate": 0.0,
  "bad_loss_rate": 1.0
}