{
  "state": "bad",
  "episode_index": 4349,
  "state_ordinal": 2174,
  "start_time_wall": 1756992587.6845999,
  "end_time_wall": 1756992587.696072,
  "wall_time_sec": 0.011472954000055324,
  "steps": 3,
  "packets": 11583,
  "dropped": 11583,
  "running_total_steps": 364103,
  "running_total_packets": 5169851097,
  "running_total_dropped": 51741076,
  "running_total_time_sec": 886.9081006320048,
  "p_gb": 0.00606,
  "p_bg": 0.6,
  "good_loss_rate": 0.0,
  "bad_loss_rate": 1.0
}