{
  "state": "bad",
  "episode_index": 2811,
  "state_ordinal": 1405,
  "start_time_wall": 1756992263.3187113,
  "end_time_wall": 1756992263.4958005,
  "wall_time_sec": 0.1770897780006635,
  "steps": 1,
  "packets": 31819,
  "dropped": 31819,
  "running_total_steps": 240266,
  "running_total_packets": 3411583632,
  "running_total_dropped": 33340234,
  "running_total_time_sec": 562.7078290520003,
  "p_gb": 0.00606,
  "p_bg": 0.6,
  "good_loss_rate": 0.0,
  "bad_loss_rate": 1.0
}