{
  "state": "bad",
  "episode_index": 13057,
  "state_ordinal": 6528,
  "start_time_wall": 1756994431.468918,
  "end_time_wall": 1756994431.666746,
  "wall_time_sec": 0.1978279799950542,
  "steps": 6,
  "packets": 107040,
  "dropped": 107040,
  "running_total_steps": 1102456,
  "running_total_packets": 15653370212,
  "running_total_dropped": 153699116,
  "running_total_time_sec": 2730.878773880999,
  "p_gb": 0.00606,
  "p_bg": 0.6,
  "good_loss_rate": 0.0,
  "bad_loss_rate": 1.0
}