{
  "state": "bad",
  "episode_index": 4587,
  "state_ordinal": 2293,
  "start_time_wall": 1756992623.1385064,
  "end_time_wall": 1756992623.1581266,
  "wall_time_sec": 0.019620202998339664,
  "steps": 2,
  "packets": 31825,
  "dropped": 31825,
  "running_total_steps": 381543,
  "running_total_packets": 5417522774,
  "running_total_dropped": 54482198,
  "running_total_time_sec": 922.3701546880038,
  "p_gb": 0.00606,
  "p_bg": 0.6,
  "good_loss_rate": 0.0,
  "bad_loss_rate": 1.0
}