{
  "state": "bad",
  "episode_index": 5919,
  "state_ordinal": 2959,
  "start_time_wall": 1756992918.0589418,
  "end_time_wall": 1756992918.077963,
  "wall_time_sec": 0.019021137995878235,
  "steps": 1,
  "packets": 31819,
  "dropped": 31819,
  "running_total_steps": 485173,
  "running_total_packets": 6888837769,
  "running_total_dropped": 70458578,
  "running_total_time_sec": 1217.2899910699998,
  "p_gb": 0.00606,
  "p_bg": 0.6,
  "good_loss_rate": 0.0,
  "bad_loss_rate": 1.0
}