{
  "state": "bad",
  "episode_index": 6123,
  "state_ordinal": 3061,
  "start_time_wall": 1756992955.5798793,
  "end_time_wall": 1756992955.5814068,
  "wall_time_sec": 0.00152788900595624,
  "steps": 1,
  "packets": 1447,
  "dropped": 1447,
  "running_total_steps": 503460,
  "running_total_packets": 7148467560,
  "running_total_dropped": 72916168,
  "running_total_time_sec": 1254.7934348660056,
  "p_gb": 0.00606,
  "p_bg": 0.6,
  "good_loss_rate": 0.0,
  "bad_loss_rate": 1.0
}