{
  "state": "bad",
  "episode_index": 4159,
  "state_ordinal": 2079,
  "start_time_wall": 1756992558.7051969,
  "end_time_wall": 1756992558.7216954,
  "wall_time_sec": 0.016499051998835057,
  "steps": 4,
  "packets": 26036,
  "dropped": 26036,
  "running_total_steps": 350291,
  "running_total_packets": 4973674319,
  "running_total_dropped": 49263251,
  "running_total_time_sec": 857.9337237100044,
  "p_gb": 0.00606,
  "p_bg": 0.6,
  "good_loss_rate": 0.0,
  "bad_loss_rate": 1.0
}