{
  "state": "bad",
  "episode_index": 4599,
  "state_ordinal": 2299,
  "start_time_wall": 1756992624.900921,
  "end_time_wall": 1756992624.9271455,
  "wall_time_sec": 0.026224993998766877,
  "steps": 2,
  "packets": 43390,
  "dropped": 43390,
  "running_total_steps": 382362,
  "running_total_packets": 5429117808,
  "running_total_dropped": 54583443,
  "running_total_time_sec": 924.1391739300016,
  "p_gb": 0.00606,
  "p_bg": 0.6,
  "good_loss_rate": 0.0,
  "bad_loss_rate": 1.0
}