{
  "state": "bad",
  "episode_index": 6973,
  "state_ordinal": 3486,
  "start_time_wall": 1756993137.3387,
  "end_time_wall": 1756993137.3461602,
  "wall_time_sec": 0.007460367000021506,
  "steps": 1,
  "packets": 11571,
  "dropped": 11571,
  "running_total_steps": 576863,
  "running_total_packets": 8190646303,
  "running_total_dropped": 82934729,
  "running_total_time_sec": 1436.5581882780025,
  "p_gb": 0.00606,
  "p_bg": 0.6,
  "good_loss_rate": 0.0,
  "bad_loss_rate": 1.0
}