{
  "state": "bad",
  "episode_index": 17239,
  "state_ordinal": 8619,
  "start_time_wall": 1756995329.8462443,
  "end_time_wall": 1756995330.016867,
  "wall_time_sec": 0.17062329500186024,
  "steps": 1,
  "packets": 11571,
  "dropped": 11571,
  "running_total_steps": 1447853,
  "running_total_packets": 20557578501,
  "running_total_dropped": 204363611,
  "running_total_time_sec": 3629.228895650005,
  "p_gb": 0.00606,
  "p_bg": 0.6,
  "good_loss_rate": 0.0,
  "bad_loss_rate": 1.0
}