{
  "state": "bad",
  "episode_index": 14667,
  "state_ordinal": 7333,
  "start_time_wall": 1756994798.4751027,
  "end_time_wall": 1756994798.4776628,
  "wall_time_sec": 0.0025601980014471337,
  "steps": 2,
  "packets": 2894,
  "dropped": 2894,
  "running_total_steps": 1238701,
  "running_total_packets": 17587854383,
  "running_total_dropped": 173908002,
  "running_total_time_sec": 3097.6896907320042,
  "p_gb": 0.00606,
  "p_bg": 0.6,
  "good_loss_rate": 0.0,
  "bad_loss_rate": 1.0
}