{
  "state": "bad",
  "episode_index": 11463,
  "state_ordinal": 5731,
  "start_time_wall": 1756994119.4482412,
  "end_time_wall": 1756994119.4487221,
  "wall_time_sec": 0.0004812619954464026,
  "steps": 1,
  "packets": 6,
  "dropped": 6,
  "running_total_steps": 967584,
  "running_total_packets": 13738391899,
  "running_total_dropped": 134890353,
  "running_total_time_sec": 2418.6607502920015,
  "p_gb": 0.00606,
  "p_bg": 0.6,
  "good_loss_rate": 0.0,
  "bad_loss_rate": 1.0
}