{
  "state": "bad",
  "episode_index": 12249,
  "state_ordinal": 6124,
  "start_time_wall": 1756994261.2277381,
  "end_time_wall": 1756994261.4325025,
  "wall_time_sec": 0.20476512599998387,
  "steps": 3,
  "packets": 75209,
  "dropped": 75209,
  "running_total_steps": 1037065,
  "running_total_packets": 14724964821,
  "running_total_dropped": 143210720,
  "running_total_time_sec": 2560.6445311610005,
  "p_gb": 0.00606,
  "p_bg": 0.6,
  "good_loss_rate": 0.0,
  "bad_loss_rate": 1.0
}