{
  "state": "bad",
  "episode_index": 18001,
  "state_ordinal": 9000,
  "start_time_wall": 1756995456.4036427,
  "end_time_wall": 1756995456.5705018,
  "wall_time_sec": 0.16685924200282898,
  "steps": 2,
  "packets": 2894,
  "dropped": 2894,
  "running_total_steps": 1509322,
  "running_total_packets": 21430379512,
  "running_total_dropped": 214272096,
  "running_total_time_sec": 3755.7825298110038,
  "p_gb": 0.00606,
  "p_bg": 0.6,
  "good_loss_rate": 0.0,
  "bad_loss_rate": 1.0
}