{
  "state": "bad",
  "episode_index": 8517,
  "state_ordinal": 4258,
  "start_time_wall": 1756993447.7381642,
  "end_time_wall": 1756993447.7569077,
  "wall_time_sec": 0.018744243003311567,
  "steps": 1,
  "packets": 31819,
  "dropped": 31819,
  "running_total_steps": 711958,
  "running_total_packets": 10108965982,
  "running_total_dropped": 101588736,
  "running_total_time_sec": 1746.9689364900041,
  "p_gb": 0.00606,
  "p_bg": 0.6,
  "good_loss_rate": 0.0,
  "bad_loss_rate": 1.0
}