{
  "state": "bad",
  "episode_index": 13793,
  "state_ordinal": 6896,
  "start_time_wall": 1756994587.3097084,
  "end_time_wall": 1756994587.3294535,
  "wall_time_sec": 0.01974584400159074,
  "steps": 1,
  "packets": 31819,
  "dropped": 31819,
  "running_total_steps": 1161474,
  "running_total_packets": 16491386120,
  "running_total_dropped": 163500410,
  "running_total_time_sec": 2886.5414820190053,
  "p_gb": 0.00606,
  "p_bg": 0.6,
  "good_loss_rate": 0.0,
  "bad_loss_rate": 1.0
}