{
  "state": "bad",
  "episode_index": 10663,
  "state_ordinal": 5331,
  "start_time_wall": 1756993946.6662629,
  "end_time_wall": 1756993946.6855936,
  "wall_time_sec": 0.019331654999405146,
  "steps": 1,
  "packets": 31819,
  "dropped": 31819,
  "running_total_steps": 899826,
  "running_total_packets": 12776315216,
  "running_total_dropped": 126662517,
  "running_total_time_sec": 2245.8976224319995,
  "p_gb": 0.00606,
  "p_bg": 0.6,
  "good_loss_rate": 0.0,
  "bad_loss_rate": 1.0
}