{
  "state": "bad",
  "episode_index": 8625,
  "state_ordinal": 4312,
  "start_time_wall": 1756993466.494202,
  "end_time_wall": 1756993466.4948418,
  "wall_time_sec": 0.0006400360070983879,
  "steps": 1,
  "packets": 6,
  "dropped": 6,
  "running_total_steps": 721105,
  "running_total_packets": 10238760633,
  "running_total_dropped": 103214533,
  "running_total_time_sec": 1765.706869780006,
  "p_gb": 0.00606,
  "p_bg": 0.6,
  "good_loss_rate": 0.0,
  "bad_loss_rate": 1.0
}