{
  "state": "bad",
  "episode_index": 12751,
  "state_ordinal": 6375,
  "start_time_wall": 1756994375.464295,
  "end_time_wall": 1756994375.484163,
  "wall_time_sec": 0.019868025003233925,
  "steps": 2,
  "packets": 31825,
  "dropped": 31825,
  "running_total_steps": 1074936,
  "running_total_packets": 15262626587,
  "running_total_dropped": 149271524,
  "running_total_time_sec": 2674.6961909610036,
  "p_gb": 0.00606,
  "p_bg": 0.6,
  "good_loss_rate": 0.0,
  "bad_loss_rate": 1.0
}