{
  "state": "bad",
  "episode_index": 14737,
  "state_ordinal": 7368,
  "start_time_wall": 1756994810.332421,
  "end_time_wall": 1756994810.3405812,
  "wall_time_sec": 0.008160204997693654,
  "steps": 3,
  "packets": 11583,
  "dropped": 11583,
  "running_total_steps": 1244180,
  "running_total_packets": 17665636278,
  "running_total_dropped": 174878566,
  "running_total_time_sec": 3109.5526092750006,
  "p_gb": 0.00606,
  "p_bg": 0.6,
  "good_loss_rate": 0.0,
  "bad_loss_rate": 1.0
}