{
  "state": "bad",
  "episode_index": 9481,
  "state_ordinal": 4740,
  "start_time_wall": 1756993657.0489006,
  "end_time_wall": 1756993657.056402,
  "wall_time_sec": 0.007501631997001823,
  "steps": 1,
  "packets": 11571,
  "dropped": 11571,
  "running_total_steps": 797558,
  "running_total_packets": 11324232704,
  "running_total_dropped": 113235960,
  "running_total_time_sec": 1956.26843009,
  "p_gb": 0.00606,
  "p_bg": 0.6,
  "good_loss_rate": 0.0,
  "bad_loss_rate": 1.0
}