{
  "state": "bad",
  "episode_index": 819,
  "state_ordinal": 409,
  "start_time_wall": 1756991839.1913466,
  "end_time_wall": 1756991839.1992168,
  "wall_time_sec": 0.007870747002016287,
  "steps": 1,
  "packets": 11571,
  "dropped": 11571,
  "running_total_steps": 65912,
  "running_total_packets": 935867784,
  "running_total_dropped": 9341528,
  "running_total_time_sec": 138.41124530300294,
  "p_gb": 0.00606,
  "p_bg": 0.6,
  "good_loss_rate": 0.0,
  "bad_loss_rate": 1.0
}