{
  "state": "bad",
  "episode_index": 16525,
  "state_ordinal": 8262,
  "start_time_wall": 1756995169.316987,
  "end_time_wall": 1756995169.3368661,
  "wall_time_sec": 0.019879534003848676,
  "steps": 1,
  "packets": 31819,
  "dropped": 31819,
  "running_total_steps": 1386551,
  "running_total_packets": 19687229273,
  "running_total_dropped": 195968265,
  "running_total_time_sec": 3468.5488945500038,
  "p_gb": 0.00606,
  "p_bg": 0.6,
  "good_loss_rate": 0.0,
  "bad_loss_rate": 1.0
}