{
  "state": "bad",
  "episode_index": 8157,
  "state_ordinal": 4078,
  "start_time_wall": 1756993378.3628078,
  "end_time_wall": 1756993378.5519402,
  "wall_time_sec": 0.18913257399981376,
  "steps": 2,
  "packets": 63638,
  "dropped": 63638,
  "running_total_steps": 678161,
  "running_total_packets": 9628994423,
  "running_total_dropped": 97532765,
  "running_total_time_sec": 1677.7639684720052,
  "p_gb": 0.00606,
  "p_bg": 0.6,
  "good_loss_rate": 0.0,
  "bad_loss_rate": 1.0
}