{
  "state": "bad",
  "episode_index": 8189,
  "state_ordinal": 4094,
  "start_time_wall": 1756993384.182694,
  "end_time_wall": 1756993384.3548656,
  "wall_time_sec": 0.17217245500069112,
  "steps": 1,
  "packets": 31819,
  "dropped": 31819,
  "running_total_steps": 680921,
  "running_total_packets": 9668220231,
  "running_total_dropped": 97926221,
  "running_total_time_sec": 1683.5668942560005,
  "p_gb": 0.00606,
  "p_bg": 0.6,
  "good_loss_rate": 0.0,
  "bad_loss_rate": 1.0
}