{
  "state": "bad",
  "episode_index": 5047,
  "state_ordinal": 2523,
  "start_time_wall": 1756992747.8664002,
  "end_time_wall": 1756992747.9067187,
  "wall_time_sec": 0.04031889299949398,
  "steps": 2,
  "packets": 63638,
  "dropped": 63638,
  "running_total_steps": 418196,
  "running_total_packets": 5937907702,
  "running_total_dropped": 60356287,
  "running_total_time_sec": 1047.1187472630045,
  "p_gb": 0.00606,
  "p_bg": 0.6,
  "good_loss_rate": 0.0,
  "bad_loss_rate": 1.0
}