{
  "state": "bad",
  "episode_index": 6481,
  "state_ordinal": 3240,
  "start_time_wall": 1756993016.726452,
  "end_time_wall": 1756993016.764349,
  "wall_time_sec": 0.03789709600096103,
  "steps": 2,
  "packets": 63638,
  "dropped": 63638,
  "running_total_steps": 534008,
  "running_total_packets": 7582249914,
  "running_total_dropped": 77152995,
  "running_total_time_sec": 1315.9763773170052,
  "p_gb": 0.00606,
  "p_bg": 0.6,
  "good_loss_rate": 0.0,
  "bad_loss_rate": 1.0
}