{
  "state": "bad",
  "episode_index": 17161,
  "state_ordinal": 8580,
  "start_time_wall": 1756995281.0919375,
  "end_time_wall": 1756995281.111748,
  "wall_time_sec": 0.019811211997875944,
  "steps": 1,
  "packets": 31819,
  "dropped": 31819,
  "running_total_steps": 1441731,
  "running_total_packets": 20470596953,
  "running_total_dropped": 203559374,
  "running_total_time_sec": 3580.3237767320024,
  "p_gb": 0.00606,
  "p_bg": 0.6,
  "good_loss_rate": 0.0,
  "bad_loss_rate": 1.0
}