{
  "state": "bad",
  "episode_index": 15051,
  "state_ordinal": 7525,
  "start_time_wall": 1756994858.9844131,
  "end_time_wall": 1756994859.1480315,
  "wall_time_sec": 0.16361872000561561,
  "steps": 1,
  "packets": 11571,
  "dropped": 11571,
  "running_total_steps": 1267847,
  "running_total_packets": 18001683919,
  "running_total_dropped": 178413764,
  "running_total_time_sec": 3158.3600597500044,
  "p_gb": 0.00606,
  "p_bg": 0.6,
  "good_loss_rate": 0.0,
  "bad_loss_rate": 1.0
}