{
  "state": "bad",
  "episode_index": 3719,
  "state_ordinal": 1859,
  "start_time_wall": 1756992449.0722113,
  "end_time_wall": 1756992449.110092,
  "wall_time_sec": 0.037881073003518395,
  "steps": 2,
  "packets": 63638,
  "dropped": 63638,
  "running_total_steps": 313979,
  "running_total_packets": 4458242141,
  "running_total_dropped": 44031252,
  "running_total_time_sec": 748.3221203330031,
  "p_gb": 0.00606,
  "p_bg": 0.6,
  "good_loss_rate": 0.0,
  "bad_loss_rate": 1.0
}