{
  "state": "bad",
  "episode_index": 15997,
  "state_ordinal": 7998,
  "start_time_wall": 1756995047.7414432,
  "end_time_wall": 1756995047.8740857,
  "wall_time_sec": 0.13264271799562266,
  "steps": 1,
  "packets": 6,
  "dropped": 6,
  "running_total_steps": 1343271,
  "running_total_packets": 19072605782,
  "running_total_dropped": 189895800,
  "running_total_time_sec": 3347.086113778001,
  "p_gb": 0.00606,
  "p_bg": 0.6,
  "good_loss_rate": 0.0,
  "bad_loss_rate": 1.0
}