{
  "state": "bad",
  "episode_index": 18995,
  "state_ordinal": 9497,
  "start_time_wall": 1756995653.167833,
  "end_time_wall": 1756995653.1685922,
  "wall_time_sec": 0.0007589699962409213,
  "steps": 2,
  "packets": 12,
  "dropped": 12,
  "running_total_steps": 1587652,
  "running_total_packets": 22542482840,
  "running_total_dropped": 226270665,
  "running_total_time_sec": 3952.380620037002,
  "p_gb": 0.00606,
  "p_bg": 0.6,
  "good_loss_rate": 0.0,
  "bad_loss_rate": 1.0
}