{
  "state": "bad",
  "episode_index": 13617,
  "state_ordinal": 6808,
  "start_time_wall": 1756994558.1532257,
  "end_time_wall": 1756994558.3137383,
  "wall_time_sec": 0.16051322699786397,
  "steps": 1,
  "packets": 31819,
  "dropped": 31819,
  "running_total_steps": 1146923,
  "running_total_packets": 16284874189,
  "running_total_dropped": 161601149,
  "running_total_time_sec": 2857.5257669970015,
  "p_gb": 0.00606,
  "p_bg": 0.6,
  "good_loss_rate": 0.0,
  "bad_loss_rate": 1.0
}