{
  "state": "bad",
  "episode_index": 14449,
  "state_ordinal": 7224,
  "start_time_wall": 1756994757.7260118,
  "end_time_wall": 1756994757.907821,
  "wall_time_sec": 0.18180980999750318,
  "steps": 1,
  "packets": 31819,
  "dropped": 31819,
  "running_total_steps": 1218706,
  "running_total_packets": 17304055254,
  "running_total_dropped": 171522711,
  "running_total_time_sec": 3057.1198495900026,
  "p_gb": 0.00606,
  "p_bg": 0.6,
  "good_loss_rate": 0.0,
  "bad_loss_rate": 1.0
}