{
  "state": "bad",
  "episode_index": 15071,
  "state_ordinal": 7535,
  "start_time_wall": 1756994863.124879,
  "end_time_wall": 1756994863.133639,
  "wall_time_sec": 0.008760441000049468,
  "steps": 2,
  "packets": 13018,
  "dropped": 13018,
  "running_total_steps": 1269968,
  "running_total_packets": 18031861956,
  "running_total_dropped": 178708842,
  "running_total_time_sec": 3162.345667243004,
  "p_gb": 0.00606,
  "p_bg": 0.6,
  "good_loss_rate": 0.0,
  "bad_loss_rate": 1.0
}