{
  "state": "bad",
  "episode_index": 14525,
  "state_ordinal": 7262,
  "start_time_wall": 1756994772.7630606,
  "end_time_wall": 1756994772.7706168,
  "wall_time_sec": 0.007556527001725044,
  "steps": 1,
  "packets": 11571,
  "dropped": 11571,
  "running_total_steps": 1226276,
  "running_total_packets": 17411409120,
  "running_total_dropped": 172176570,
  "running_total_time_sec": 3071.982644898002,
  "p_gb": 0.00606,
  "p_bg": 0.6,
  "good_loss_rate": 0.0,
  "bad_loss_rate": 1.0
}