{
  "state": "bad",
  "episode_index": 10047,
  "state_ordinal": 5023,
  "start_time_wall": 1756993800.465799,
  "end_time_wall": 1756993800.5056005,
  "wall_time_sec": 0.039801312996132765,
  "steps": 4,
  "packets": 63650,
  "dropped": 63650,
  "running_total_steps": 844474,
  "running_total_packets": 11990458146,
  "running_total_dropped": 119282462,
  "running_total_time_sec": 2099.717628505001,
  "p_gb": 0.00606,
  "p_bg": 0.6,
  "good_loss_rate": 0.0,
  "bad_loss_rate": 1.0
}