{
  "state": "bad",
  "episode_index": 4027,
  "state_ordinal": 2013,
  "start_time_wall": 1756992539.2012565,
  "end_time_wall": 1756992539.2023861,
  "wall_time_sec": 0.0011297390010440722,
  "steps": 1,
  "packets": 1447,
  "dropped": 1447,
  "running_total_steps": 340395,
  "running_total_packets": 4833211843,
  "running_total_dropped": 47821075,
  "running_total_time_sec": 838.4144141850047,
  "p_gb": 0.00606,
  "p_bg": 0.6,
  "good_loss_rate": 0.0,
  "bad_loss_rate": 1.0
}