{
  "state": "bad",
  "episode_index": 13075,
  "state_ordinal": 6537,
  "start_time_wall": 1756994435.5107937,
  "end_time_wall": 1756994435.7227855,
  "wall_time_sec": 0.21199234099913156,
  "steps": 5,
  "packets": 78103,
  "dropped": 78103,
  "running_total_steps": 1104145,
  "running_total_packets": 15677444069,
  "running_total_dropped": 154060707,
  "running_total_time_sec": 2734.934814131004,
  "p_gb": 0.00606,
  "p_bg": 0.6,
  "good_loss_rate": 0.0,
  "bad_loss_rate": 1.0
}