{
  "state": "bad",
  "episode_index": 2503,
  "state_ordinal": 1251,
  "start_time_wall": 1756992207.5257742,
  "end_time_wall": 1756992207.711386,
  "wall_time_sec": 0.18561205900186906,
  "steps": 2,
  "packets": 43390,
  "dropped": 43390,
  "running_total_steps": 212490,
  "running_total_packets": 3017193428,
  "running_total_dropped": 29886040,
  "running_total_time_sec": 506.92341431000386,
  "p_gb": 0.00606,
  "p_bg": 0.6,
  "good_loss_rate": 0.0,
  "bad_loss_rate": 1.0
}