{
  "state": "bad",
  "episode_index": 1725,
  "state_ordinal": 862,
  "start_time_wall": 1756992035.3260992,
  "end_time_wall": 1756992035.509946,
  "wall_time_sec": 0.18384742199850734,
  "steps": 1,
  "packets": 11571,
  "dropped": 11571,
  "running_total_steps": 144923,
  "running_total_packets": 2057866517,
  "running_total_dropped": 20693483,
  "running_total_time_sec": 334.72197477600275,
  "p_gb": 0.00606,
  "p_bg": 0.6,
  "good_loss_rate": 0.0,
  "bad_loss_rate": 1.0
}