{
  "state": "bad",
  "episode_index": 9635,
  "state_ordinal": 4817,
  "start_time_wall": 1756993734.3702028,
  "end_time_wall": 1756993734.56757,
  "wall_time_sec": 0.1973675720000756,
  "steps": 1,
  "packets": 31819,
  "dropped": 31819,
  "running_total_steps": 812258,
  "running_total_packets": 11533102384,
  "running_total_dropped": 114678146,
  "running_total_time_sec": 2033.7795982970056,
  "p_gb": 0.00606,
  "p_bg": 0.6,
  "good_loss_rate": 0.0,
  "bad_loss_rate": 1.0
}