{
  "state": "bad",
  "episode_index": 9599,
  "state_ordinal": 4799,
  "start_time_wall": 1756993728.3502471,
  "end_time_wall": 1756993728.3693452,
  "wall_time_sec": 0.019098574994131923,
  "steps": 1,
  "packets": 31819,
  "dropped": 31819,
  "running_total_steps": 808400,
  "running_total_packets": 11478211134,
  "running_total_dropped": 114315081,
  "running_total_time_sec": 2027.5813736769996,
  "p_gb": 0.00606,
  "p_bg": 0.6,
  "good_loss_rate": 0.0,
  "bad_loss_rate": 1.0
}