{
  "state": "bad",
  "episode_index": 18899,
  "state_ordinal": 9449,
  "start_time_wall": 1756995641.3967392,
  "end_time_wall": 1756995641.4067755,
  "wall_time_sec": 0.010036423002020456,
  "steps": 3,
  "packets": 14465,
  "dropped": 14465,
  "running_total_steps": 1581955,
  "running_total_packets": 22461615589,
  "running_total_dropped": 224968811,
  "running_total_time_sec": 3940.618803532001,
  "p_gb": 0.00606,
  "p_bg": 0.6,
  "good_loss_rate": 0.0,
  "bad_loss_rate": 1.0
}