{
  "state": "bad",
  "episode_index": 15305,
  "state_ordinal": 7652,
  "start_time_wall": 1756994938.1867442,
  "end_time_wall": 1756994938.3365018,
  "wall_time_sec": 0.1497574690001784,
  "steps": 1,
  "packets": 1447,
  "dropped": 1447,
  "running_total_steps": 1290009,
  "running_total_packets": 18316330801,
  "running_total_dropped": 181517859,
  "running_total_time_sec": 3237.548529847001,
  "p_gb": 0.00606,
  "p_bg": 0.6,
  "good_loss_rate": 0.0,
  "bad_loss_rate": 1.0
}