{
  "state": "bad",
  "episode_index": 6203,
  "state_ordinal": 3101,
  "start_time_wall": 1756992969.2727857,
  "end_time_wall": 1756992969.2924023,
  "wall_time_sec": 0.019616528996266425,
  "steps": 3,
  "packets": 31831,
  "dropped": 31831,
  "running_total_steps": 510202,
  "running_total_packets": 7244272670,
  "running_total_dropped": 73878162,
  "running_total_time_sec": 1268.5044301919988,
  "p_gb": 0.00606,
  "p_bg": 0.6,
  "good_loss_rate": 0.0,
  "bad_loss_rate": 1.0
}