{
  "state": "bad",
  "episode_index": 15759,
  "state_ordinal": 7879,
  "start_time_wall": 1756995014.681254,
  "end_time_wall": 1756995014.7008705,
  "wall_time_sec": 0.019616627003415488,
  "steps": 1,
  "packets": 31819,
  "dropped": 31819,
  "running_total_steps": 1326996,
  "running_total_packets": 18841496366,
  "running_total_dropped": 186545823,
  "running_total_time_sec": 3313.9128986030046,
  "p_gb": 0.00606,
  "p_bg": 0.6,
  "good_loss_rate": 0.0,
  "bad_loss_rate": 1.0
}