{
  "state": "bad",
  "episode_index": 4987,
  "state_ordinal": 2493,
  "start_time_wall": 1756992738.6847303,
  "end_time_wall": 1756992738.8705657,
  "wall_time_sec": 0.18583570799819427,
  "steps": 3,
  "packets": 75209,
  "dropped": 75209,
  "running_total_steps": 413665,
  "running_total_packets": 5873631649,
  "running_total_dropped": 59757437,
  "running_total_time_sec": 1038.0825940249997,
  "p_gb": 0.00606,
  "p_bg": 0.6,
  "good_loss_rate": 0.0,
  "bad_loss_rate": 1.0
}