{
  "state": "bad",
  "episode_index": 10351,
  "state_ordinal": 5175,
  "start_time_wall": 1756993855.4771097,
  "end_time_wall": 1756993855.6013703,
  "wall_time_sec": 0.12426079199940432,
  "steps": 2,
  "packets": 12,
  "dropped": 12,
  "running_total_steps": 871735,
  "running_total_packets": 12377438011,
  "running_total_dropped": 123002872,
  "running_total_time_sec": 2154.813398377999,
  "p_gb": 0.00606,
  "p_bg": 0.6,
  "good_loss_rate": 0.0,
  "bad_loss_rate": 1.0
}