{
  "state": "bad",
  "episode_index": 2237,
  "state_ordinal": 1118,
  "start_time_wall": 1756992164.4871795,
  "end_time_wall": 1756992164.6463516,
  "wall_time_sec": 0.15917213300417643,
  "steps": 1,
  "packets": 1447,
  "dropped": 1447,
  "running_total_steps": 191227,
  "running_total_packets": 2715242361,
  "running_total_dropped": 27267899,
  "running_total_time_sec": 463.85837967000407,
  "p_gb": 0.00606,
  "p_bg": 0.6,
  "good_loss_rate": 0.0,
  "bad_loss_rate": 1.0
}