{
  "state": "bad",
  "episode_index": 16373,
  "state_ordinal": 8186,
  "start_time_wall": 1756995144.0451086,
  "end_time_wall": 1756995144.0533087,
  "wall_time_sec": 0.008200053001928609,
  "steps": 2,
  "packets": 11577,
  "dropped": 11577,
  "running_total_steps": 1374017,
  "running_total_packets": 19509145155,
  "running_total_dropped": 193996734,
  "running_total_time_sec": 3443.2653365950027,
  "p_gb": 0.00606,
  "p_bg": 0.6,
  "good_loss_rate": 0.0,
  "bad_loss_rate": 1.0
}