{
  "state": "bad",
  "episode_index": 12589,
  "state_ordinal": 6294,
  "start_time_wall": 1756994351.5909133,
  "end_time_wall": 1756994351.5913641,
  "wall_time_sec": 0.00045092200161889195,
  "steps": 1,
  "packets": 6,
  "dropped": 6,
  "running_total_steps": 1063269,
  "running_total_packets": 15096977896,
  "running_total_dropped": 147216029,
  "running_total_time_sec": 2650.8033922380055,
  "p_gb": 0.00606,
  "p_bg": 0.6,
  "good_loss_rate": 0.0,
  "bad_loss_rate": 1.0
}