{
  "state": "bad",
  "episode_index": 3541,
  "state_ordinal": 1770,
  "start_time_wall": 1756992420.960134,
  "end_time_wall": 1756992421.0059187,
  "wall_time_sec": 0.04578476500319084,
  "steps": 3,
  "packets": 75209,
  "dropped": 75209,
  "running_total_steps": 300337,
  "running_total_packets": 4264508481,
  "running_total_dropped": 42212967,
  "running_total_time_sec": 720.2179467860042,
  "p_gb": 0.00606,
  "p_bg": 0.6,
  "good_loss_rate": 0.0,
  "bad_loss_rate": 1.0
}