{
  "state": "bad",
  "episode_index": 3193,
  "state_ordinal": 1596,
  "start_time_wall": 1756992361.5646005,
  "end_time_wall": 1756992361.5650747,
  "wall_time_sec": 0.0004740410004160367,
  "steps": 1,
  "packets": 6,
  "dropped": 6,
  "running_total_steps": 271705,
  "running_total_packets": 3857888241,
  "running_total_dropped": 37727415,
  "running_total_time_sec": 660.7771026180053,
  "p_gb": 0.00606,
  "p_bg": 0.6,
  "good_loss_rate": 0.0,
  "bad_loss_rate": 1.0
}