{
  "state": "bad",
  "episode_index": 18287,
  "state_ordinal": 9143,
  "start_time_wall": 1756995540.4643965,
  "end_time_wall": 1756995540.62221,
  "wall_time_sec": 0.15781366099690786,
  "steps": 1,
  "packets": 1447,
  "dropped": 1447,
  "running_total_steps": 1533148,
  "running_total_packets": 21768599778,
  "running_total_dropped": 217816024,
  "running_total_time_sec": 3839.834238067,
  "p_gb": 0.00606,
  "p_bg": 0.6,
  "good_loss_rate": 0.0,
  "bad_loss_rate": 1.0
}