{
  "state": "bad",
  "episode_index": 10347,
  "state_ordinal": 5173,
  "start_time_wall": 1756993854.6264765,
  "end_time_wall": 1756993854.7868242,
  "wall_time_sec": 0.16034779800247634,
  "steps": 3,
  "packets": 11583,
  "dropped": 11583,
  "running_total_steps": 871052,
  "running_total_packets": 12367794286,
  "running_total_dropped": 122927639,
  "running_total_time_sec": 2153.9988523560023,
  "p_gb": 0.00606,
  "p_bg": 0.6,
  "good_loss_rate": 0.0,
  "bad_loss_rate": 1.0
}