{
  "state": "bad",
  "episode_index": 18089,
  "state_ordinal": 9044,
  "start_time_wall": 1756995471.6704347,
  "end_time_wall": 1756995471.6985471,
  "wall_time_sec": 0.028112394000345375,
  "steps": 4,
  "packets": 43402,
  "dropped": 43402,
  "running_total_steps": 1516820,
  "running_total_packets": 21536822082,
  "running_total_dropped": 215296208,
  "running_total_time_sec": 3770.9105751140014,
  "p_gb": 0.00606,
  "p_bg": 0.6,
  "good_loss_rate": 0.0,
  "bad_loss_rate": 1.0
}