{
  "state": "bad",
  "episode_index": 3881,
  "state_ordinal": 1940,
  "start_time_wall": 1756992514.0024085,
  "end_time_wall": 1756992514.0476904,
  "wall_time_sec": 0.04528231299627805,
  "steps": 3,
  "packets": 75209,
  "dropped": 75209,
  "running_total_steps": 328450,
  "running_total_packets": 4663692346,
  "running_total_dropped": 46031751,
  "running_total_time_sec": 813.2597187659994,
  "p_gb": 0.00606,
  "p_bg": 0.6,
  "good_loss_rate": 0.0,
  "bad_loss_rate": 1.0
}