{
  "state": "bad",
  "episode_index": 11965,
  "state_ordinal": 5982,
  "start_time_wall": 1756994213.4882178,
  "end_time_wall": 1756994213.651886,
  "wall_time_sec": 0.16366843900323147,
  "steps": 2,
  "packets": 11577,
  "dropped": 11577,
  "running_total_steps": 1013387,
  "running_total_packets": 14388732037,
  "running_total_dropped": 140742896,
  "running_total_time_sec": 2512.8639143570035,
  "p_gb": 0.00606,
  "p_bg": 0.6,
  "good_loss_rate": 0.0,
  "bad_loss_rate": 1.0
}