{
  "state": "bad",
  "episode_index": 6085,
  "state_ordinal": 3042,
  "start_time_wall": 1756992948.715143,
  "end_time_wall": 1756992948.8908122,
  "wall_time_sec": 0.17566921000252478,
  "steps": 3,
  "packets": 31831,
  "dropped": 31831,
  "running_total_steps": 500041,
  "running_total_packets": 7099937953,
  "running_total_dropped": 72540060,
  "running_total_time_sec": 1248.1028402040029,
  "p_gb": 0.00606,
  "p_bg": 0.6,
  "good_loss_rate": 0.0,
  "bad_loss_rate": 1.0
}