{
  "state": "bad",
  "episode_index": 13799,
  "state_ordinal": 6899,
  "start_time_wall": 1756994587.341316,
  "end_time_wall": 1756994587.367358,
  "wall_time_sec": 0.026042366000183392,
  "steps": 2,
  "packets": 43390,
  "dropped": 43390,
  "running_total_steps": 1161555,
  "running_total_packets": 16492479665,
  "running_total_dropped": 163546694,
  "running_total_time_sec": 2886.579386393001,
  "p_gb": 0.00606,
  "p_bg": 0.6,
  "good_loss_rate": 0.0,
  "bad_loss_rate": 1.0
}