{
  "state": "bad",
  "episode_index": 6751,
  "state_ordinal": 3375,
  "start_time_wall": 1756993067.2783434,
  "end_time_wall": 1756993067.345908,
  "wall_time_sec": 0.06756484000652563,
  "steps": 7,
  "packets": 109928,
  "dropped": 109928,
  "running_total_steps": 559143,
  "running_total_packets": 7939111050,
  "running_total_dropped": 80145873,
  "running_total_time_sec": 1366.5579362230055,
  "p_gb": 0.00606,
  "p_bg": 0.6,
  "good_loss_rate": 0.0,
  "bad_loss_rate": 1.0
}