{
  "state": "bad",
  "episode_index": 8269,
  "state_ordinal": 4134,
  "start_time_wall": 1756993398.8383126,
  "end_time_wall": 1756993398.9933305,
  "wall_time_sec": 0.15501802600192605,
  "steps": 1,
  "packets": 6,
  "dropped": 6,
  "running_total_steps": 688177,
  "running_total_packets": 9771204265,
  "running_total_dropped": 98613355,
  "running_total_time_sec": 1698.2053585890026,
  "p_gb": 0.00606,
  "p_bg": 0.6,
  "good_loss_rate": 0.0,
  "bad_loss_rate": 1.0
}