{
  "state": "bad",
  "episode_index": 12553,
  "state_ordinal": 6276,
  "start_time_wall": 1756994347.4244015,
  "end_time_wall": 1756994347.4708087,
  "wall_time_sec": 0.046408041001996025,
  "steps": 2,
  "packets": 63638,
  "dropped": 63638,
  "running_total_steps": 1061296,
  "running_total_packets": 15069073728,
  "running_total_dropped": 146764714,
  "running_total_time_sec": 2646.6828374800025,
  "p_gb": 0.00606,
  "p_bg": 0.6,
  "good_loss_rate": 0.0,
  "bad_loss_rate": 1.0
}