{
  "state": "bad",
  "episode_index": 15885,
  "state_ordinal": 7942,
  "start_time_wall": 1756995032.0755942,
  "end_time_wall": 1756995032.0932436,
  "wall_time_sec": 0.0176494420011295,
  "steps": 4,
  "packets": 26036,
  "dropped": 26036,
  "running_total_steps": 1335593,
  "running_total_packets": 18963575453,
  "running_total_dropped": 188003864,
  "running_total_time_sec": 3331.3052717190003,
  "p_gb": 0.00606,
  "p_bg": 0.6,
  "good_loss_rate": 0.0,
  "bad_loss_rate": 1.0
}