{
  "state": "bad",
  "episode_index": 6549,
  "state_ordinal": 3274,
  "start_time_wall": 1756993029.5024326,
  "end_time_wall": 1756993029.540769,
  "wall_time_sec": 0.03833726000448223,
  "steps": 2,
  "packets": 63638,
  "dropped": 63638,
  "running_total_steps": 540185,
  "running_total_packets": 7669992311,
  "running_total_dropped": 77832909,
  "running_total_time_sec": 1328.7527976460042,
  "p_gb": 0.00606,
  "p_bg": 0.6,
  "good_loss_rate": 0.0,
  "bad_loss_rate": 1.0
}