{
  "state": "bad",
  "episode_index": 8245,
  "state_ordinal": 4122,
  "start_time_wall": 1756993394.8511543,
  "end_time_wall": 1756993394.8524823,
  "wall_time_sec": 0.0013278939950396307,
  "steps": 1,
  "packets": 1447,
  "dropped": 1447,
  "running_total_steps": 686143,
  "running_total_packets": 9742315045,
  "running_total_dropped": 98370327,
  "running_total_time_sec": 1694.0645102679991,
  "p_gb": 0.00606,
  "p_bg": 0.6,
  "good_loss_rate": 0.0,
  "bad_loss_rate": 1.0
}