{
  "state": "bad",
  "episode_index": 12861,
  "state_ordinal": 6430,
  "start_time_wall": 1756994394.404233,
  "end_time_wall": 1756994394.4057977,
  "wall_time_sec": 0.0015650610002921894,
  "steps": 1,
  "packets": 1447,
  "dropped": 1447,
  "running_total_steps": 1084141,
  "running_total_packets": 15393313715,
  "running_total_dropped": 150479374,
  "running_total_time_sec": 2693.617826036003,
  "p_gb": 0.00606,
  "p_bg": 0.6,
  "good_loss_rate": 0.0,
  "bad_loss_rate": 1.0
}