{
  "state": "bad",
  "episode_index": 9087,
  "state_ordinal": 4543,
  "start_time_wall": 1756993586.397925,
  "end_time_wall": 1756993586.5722132,
  "wall_time_sec": 0.17428902599931462,
  "steps": 1,
  "packets": 31819,
  "dropped": 31819,
  "running_total_steps": 762937,
  "running_total_packets": 10832708053,
  "running_total_dropped": 108491458,
  "running_total_time_sec": 1885.7842418590008,
  "p_gb": 0.00606,
  "p_bg": 0.6,
  "good_loss_rate": 0.0,
  "bad_loss_rate": 1.0
}