{
  "state": "bad",
  "episode_index": 12833,
  "state_ordinal": 6416,
  "start_time_wall": 1756994389.3086922,
  "end_time_wall": 1756994389.494378,
  "wall_time_sec": 0.18568630299705546,
  "steps": 1,
  "packets": 31819,
  "dropped": 31819,
  "running_total_steps": 1081651,
  "running_total_packets": 15358048375,
  "running_total_dropped": 150075821,
  "running_total_time_sec": 2688.7064065680024,
  "p_gb": 0.00606,
  "p_bg": 0.6,
  "good_loss_rate": 0.0,
  "bad_loss_rate": 1.0
}