{
  "state": "bad",
  "episode_index": 6551,
  "state_ordinal": 3275,
  "start_time_wall": 1756993029.5565898,
  "end_time_wall": 1756993029.5955412,
  "wall_time_sec": 0.03895139599626418,
  "steps": 4,
  "packets": 63650,
  "dropped": 63650,
  "running_total_steps": 540307,
  "running_total_packets": 7671752695,
  "running_total_dropped": 77896559,
  "running_total_time_sec": 1328.8075692700004,
  "p_gb": 0.00606,
  "p_bg": 0.6,
  "good_loss_rate": 0.0,
  "bad_loss_rate": 1.0
}