{
  "state": "bad",
  "episode_index": 16485,
  "state_ordinal": 8242,
  "start_time_wall": 1756995163.623325,
  "end_time_wall": 1756995163.7556489,
  "wall_time_sec": 0.13232368099852465,
  "steps": 1,
  "packets": 6,
  "dropped": 6,
  "running_total_steps": 1383802,
  "running_total_packets": 19648124982,
  "running_total_dropped": 195528524,
  "running_total_time_sec": 3462.9676766810007,
  "p_gb": 0.00606,
  "p_bg": 0.6,
  "good_loss_rate": 0.0,
  "bad_loss_rate": 1.0
}