{
  "state": "bad",
  "episode_index": 3463,
  "state_ordinal": 1731,
  "start_time_wall": 1756992407.5072515,
  "end_time_wall": 1756992407.7310658,
  "wall_time_sec": 0.22381496799789602,
  "steps": 3,
  "packets": 95457,
  "dropped": 95457,
  "running_total_steps": 293750,
  "running_total_packets": 4170968564,
  "running_total_dropped": 41356622,
  "running_total_time_sec": 706.9430942500039,
  "p_gb": 0.00606,
  "p_bg": 0.6,
  "good_loss_rate": 0.0,
  "bad_loss_rate": 1.0
}