{
  "state": "bad",
  "episode_index": 5885,
  "state_ordinal": 2942,
  "start_time_wall": 1756992912.8917885,
  "end_time_wall": 1756992913.0867324,
  "wall_time_sec": 0.19494412100175396,
  "steps": 2,
  "packets": 63638,
  "dropped": 63638,
  "running_total_steps": 482762,
  "running_total_packets": 6854622584,
  "running_total_dropped": 69969681,
  "running_total_time_sec": 1212.2987606430033,
  "p_gb": 0.00606,
  "p_bg": 0.6,
  "good_loss_rate": 0.0,
  "bad_loss_rate": 1.0
}