{
  "state": "bad",
  "episode_index": 3903,
  "state_ordinal": 1951,
  "start_time_wall": 1756992518.2813728,
  "end_time_wall": 1756992518.2894852,
  "wall_time_sec": 0.008112846997391898,
  "steps": 2,
  "packets": 11577,
  "dropped": 11577,
  "running_total_steps": 330362,
  "running_total_packets": 4690757556,
  "running_total_dropped": 46237154,
  "running_total_time_sec": 817.5015134540008,
  "p_gb": 0.00606,
  "p_bg": 0.6,
  "good_loss_rate": 0.0,
  "bad_loss_rate": 1.0
}