{
  "state": "bad",
  "episode_index": 5313,
  "state_ordinal": 2656,
  "start_time_wall": 1756992784.183541,
  "end_time_wall": 1756992784.1858876,
  "wall_time_sec": 0.0023465170015697367,
  "steps": 2,
  "packets": 2894,
  "dropped": 2894,
  "running_total_steps": 436327,
  "running_total_packets": 6195260729,
  "running_total_dropped": 63040976,
  "running_total_time_sec": 1083.3979154010012,
  "p_gb": 0.00606,
  "p_bg": 0.6,
  "good_loss_rate": 0.0,
  "bad_loss_rate": 1.0
}