{
  "state": "bad",
  "episode_index": 2631,
  "state_ordinal": 1315,
  "start_time_wall": 1756992230.3352463,
  "end_time_wall": 1756992230.3544939,
  "wall_time_sec": 0.019248138996772468,
  "steps": 1,
  "packets": 31819,
  "dropped": 31819,
  "running_total_steps": 223872,
  "running_total_packets": 3178713850,
  "running_total_dropped": 31296344,
  "running_total_time_sec": 529.5665224920012,
  "p_gb": 0.00606,
  "p_bg": 0.6,
  "good_loss_rate": 0.0,
  "bad_loss_rate": 1.0
}