{
  "state": "bad",
  "episode_index": 10849,
  "state_ordinal": 5424,
  "start_time_wall": 1756993982.5457568,
  "end_time_wall": 1756993982.7156034,
  "wall_time_sec": 0.1698471419949783,
  "steps": 1,
  "packets": 11571,
  "dropped": 11571,
  "running_total_steps": 917231,
  "running_total_packets": 13023480631,
  "running_total_dropped": 128629768,
  "running_total_time_sec": 2281.927631958999,
  "p_gb": 0.00606,
  "p_bg": 0.6,
  "good_loss_rate": 0.0,
  "bad_loss_rate": 1.0
}