{
  "state": "bad",
  "episode_index": 8395,
  "state_ordinal": 4197,
  "start_time_wall": 1756993424.6810281,
  "end_time_wall": 1756993424.6885796,
  "wall_time_sec": 0.007551560003776103,
  "steps": 1,
  "packets": 11571,
  "dropped": 11571,
  "running_total_steps": 700778,
  "running_total_packets": 9950162072,
  "running_total_dropped": 100192927,
  "running_total_time_sec": 1723.900607706004,
  "p_gb": 0.00606,
  "p_bg": 0.6,
  "good_loss_rate": 0.0,
  "bad_loss_rate": 1.0
}