{
  "state": "bad",
  "episode_index": 9853,
  "state_ordinal": 4926,
  "start_time_wall": 1756993768.0456767,
  "end_time_wall": 1756993768.0483193,
  "wall_time_sec": 0.0026427570046507753,
  "steps": 2,
  "packets": 2894,
  "dropped": 2894,
  "running_total_steps": 829054,
  "running_total_packets": 11771450032,
  "running_total_dropped": 117064908,
  "running_total_time_sec": 2067.2603473820054,
  "p_gb": 0.00606,
  "p_bg": 0.6,
  "good_loss_rate": 0.0,
  "bad_loss_rate": 1.0
}