{
  "state": "bad",
  "episode_index": 5331,
  "state_ordinal": 2665,
  "start_time_wall": 1756992787.3010812,
  "end_time_wall": 1756992787.3201864,
  "wall_time_sec": 0.019105791005131323,
  "steps": 1,
  "packets": 31819,
  "dropped": 31819,
  "running_total_steps": 437848,
  "running_total_packets": 6216952224,
  "running_total_dropped": 63289758,
  "running_total_time_sec": 1086.532214882005,
  "p_gb": 0.00606,
  "p_bg": 0.6,
  "good_loss_rate": 0.0,
  "bad_loss_rate": 1.0
}