{
  "state": "bad",
  "episode_index": 12711,
  "state_ordinal": 6355,
  "start_time_wall": 1756994371.1306467,
  "end_time_wall": 1756994371.1509461,
  "wall_time_sec": 0.02029987699643243,
  "steps": 1,
  "packets": 31819,
  "dropped": 31819,
  "running_total_steps": 1072817,
  "running_total_packets": 15232629351,
  "running_total_dropped": 148817289,
  "running_total_time_sec": 2670.362974593001,
  "p_gb": 0.00606,
  "p_bg": 0.6,
  "good_loss_rate": 0.0,
  "bad_loss_rate": 1.0
}