{
  "state": "bad",
  "episode_index": 16423,
  "state_ordinal": 8211,
  "start_time_wall": 1756995153.732883,
  "end_time_wall": 1756995153.734515,
  "wall_time_sec": 0.0016319119968102314,
  "steps": 1,
  "packets": 1447,
  "dropped": 1447,
  "running_total_steps": 1378851,
  "running_total_packets": 19577762115,
  "running_total_dropped": 194767659,
  "running_total_time_sec": 3452.9465428490003,
  "p_gb": 0.00606,
  "p_bg": 0.6,
  "good_loss_rate": 0.0,
  "bad_loss_rate": 1.0
}