{
  "state": "bad",
  "episode_index": 6179,
  "state_ordinal": 3089,
  "start_time_wall": 1756992966.0890205,
  "end_time_wall": 1756992966.0963576,
  "wall_time_sec": 0.007337299000937492,
  "steps": 1,
  "packets": 11571,
  "dropped": 11571,
  "running_total_steps": 508685,
  "running_total_packets": 7222667955,
  "running_total_dropped": 73568582,
  "running_total_time_sec": 1265.3083855380028,
  "p_gb": 0.00606,
  "p_bg": 0.6,
  "good_loss_rate": 0.0,
  "bad_loss_rate": 1.0
}