{
  "state": "bad",
  "episode_index": 17403,
  "state_ordinal": 8701,
  "start_time_wall": 1756995360.2516084,
  "end_time_wall": 1756995360.271042,
  "wall_time_sec": 0.019434413996350486,
  "steps": 1,
  "packets": 31819,
  "dropped": 31819,
  "running_total_steps": 1462940,
  "running_total_packets": 20771839238,
  "running_total_dropped": 206249853,
  "running_total_time_sec": 3659.4830707799993,
  "p_gb": 0.00606,
  "p_bg": 0.6,
  "good_loss_rate": 0.0,
  "bad_loss_rate": 1.0
}