{
  "state": "bad",
  "episode_index": 11355,
  "state_ordinal": 5677,
  "start_time_wall": 1756994065.8096862,
  "end_time_wall": 1756994065.9743435,
  "wall_time_sec": 0.16465732800133992,
  "steps": 1,
  "packets": 1447,
  "dropped": 1447,
  "running_total_steps": 958171,
  "running_total_packets": 13604817593,
  "running_total_dropped": 133594286,
  "running_total_time_sec": 2365.1863714770006,
  "p_gb": 0.00606,
  "p_bg": 0.6,
  "good_loss_rate": 0.0,
  "bad_loss_rate": 1.0
}