{
  "state": "bad",
  "episode_index": 10653,
  "state_ordinal": 5326,
  "start_time_wall": 1756993945.5878074,
  "end_time_wall": 1756993945.777692,
  "wall_time_sec": 0.18988526400062256,
  "steps": 2,
  "packets": 43390,
  "dropped": 43390,
  "running_total_steps": 899097,
  "running_total_packets": 12766052395,
  "running_total_dropped": 126480268,
  "running_total_time_sec": 2244.9897207460017,
  "p_gb": 0.00606,
  "p_bg": 0.6,
  "good_loss_rate": 0.0,
  "bad_loss_rate": 1.0
}