{
  "state": "bad",
  "episode_index": 2921,
  "state_ordinal": 1460,
  "start_time_wall": 1756992318.3304935,
  "end_time_wall": 1756992318.3695467,
  "wall_time_sec": 0.03905379099887796,
  "steps": 2,
  "packets": 63638,
  "dropped": 63638,
  "running_total_steps": 250289,
  "running_total_packets": 3553914967,
  "running_total_dropped": 34801151,
  "running_total_time_sec": 617.5815753370043,
  "p_gb": 0.00606,
  "p_bg": 0.6,
  "good_loss_rate": 0.0,
  "bad_loss_rate": 1.0
}