{
  "state": "bad",
  "episode_index": 12761,
  "state_ordinal": 6380,
  "start_time_wall": 1756994377.8987238,
  "end_time_wall": 1756994377.9180558,
  "wall_time_sec": 0.019332308002049103,
  "steps": 1,
  "packets": 31819,
  "dropped": 31819,
  "running_total_steps": 1076341,
  "running_total_packets": 15282572181,
  "running_total_dropped": 149456686,
  "running_total_time_sec": 2677.130084192002,
  "p_gb": 0.00606,
  "p_bg": 0.6,
  "good_loss_rate": 0.0,
  "bad_loss_rate": 1.0
}