{
  "state": "bad",
  "episode_index": 3717,
  "state_ordinal": 1858,
  "start_time_wall": 1756992448.3037796,
  "end_time_wall": 1756992448.3043103,
  "wall_time_sec": 0.0005307429964886978,
  "steps": 1,
  "packets": 6,
  "dropped": 6,
  "running_total_steps": 313642,
  "running_total_packets": 4453384854,
  "running_total_dropped": 43967613,
  "running_total_time_sec": 747.5163383530016,
  "p_gb": 0.00606,
  "p_bg": 0.6,
  "good_loss_rate": 0.0,
  "bad_loss_rate": 1.0
}