{
  "state": "bad",
  "episode_index": 293,
  "state_ordinal": 146,
  "start_time_wall": 1756991752.3381507,
  "end_time_wall": 1756991752.5135555,
  "wall_time_sec": 0.17540527799428673,
  "steps": 1,
  "packets": 31819,
  "dropped": 31819,
  "running_total_steps": 23202,
  "running_total_packets": 329532644,
  "running_total_dropped": 3383383,
  "running_total_time_sec": 51.72558400699927,
  "p_gb": 0.00606,
  "p_bg": 0.6,
  "good_loss_rate": 0.0,
  "bad_loss_rate": 1.0
}