{
  "state": "bad",
  "episode_index": 19099,
  "state_ordinal": 9549,
  "start_time_wall": 1756995675.754002,
  "end_time_wall": 1756995675.7734911,
  "wall_time_sec": 0.019489245001750533,
  "steps": 1,
  "packets": 31819,
  "dropped": 31819,
  "running_total_steps": 1598897,
  "running_total_packets": 22702180675,
  "running_total_dropped": 227605784,
  "running_total_time_sec": 3974.9855193460025,
  "p_gb": 0.00606,
  "p_bg": 0.6,
  "good_loss_rate": 0.0,
  "bad_loss_rate": 1.0
}