{
  "state": "bad",
  "episode_index": 5995,
  "state_ordinal": 2997,
  "start_time_wall": 1756992931.0684392,
  "end_time_wall": 1756992931.0874088,
  "wall_time_sec": 0.018970290999277495,
  "steps": 1,
  "packets": 31819,
  "dropped": 31819,
  "running_total_steps": 491834,
  "running_total_packets": 6983413364,
  "running_total_dropped": 71609916,
  "running_total_time_sec": 1230.2994375039998,
  "p_gb": 0.00606,
  "p_bg": 0.6,
  "good_loss_rate": 0.0,
  "bad_loss_rate": 1.0
}