{
  "state": "bad",
  "episode_index": 1967,
  "state_ordinal": 983,
  "start_time_wall": 1756992116.0603716,
  "end_time_wall": 1756992116.0609958,
  "wall_time_sec": 0.0006240450020413846,
  "steps": 1,
  "packets": 6,
  "dropped": 6,
  "running_total_steps": 167176,
  "running_total_packets": 2373729896,
  "running_total_dropped": 23564842,
  "running_total_time_sec": 415.2730237460055,
  "p_gb": 0.00606,
  "p_bg": 0.6,
  "good_loss_rate": 0.0,
  "bad_loss_rate": 1.0
}