{
  "state": "bad",
  "episode_index": 17713,
  "state_ordinal": 8856,
  "start_time_wall": 1756995409.2183447,
  "end_time_wall": 1756995409.2593198,
  "wall_time_sec": 0.04097543200623477,
  "steps": 4,
  "packets": 63650,
  "dropped": 63650,
  "running_total_steps": 1486513,
  "running_total_packets": 21106476569,
  "running_total_dropped": 210298601,
  "running_total_time_sec": 3708.4713479980055,
  "p_gb": 0.00606,
  "p_bg": 0.6,
  "good_loss_rate": 0.0,
  "bad_loss_rate": 1.0
}