{
  "state": "bad",
  "episode_index": 2591,
  "state_ordinal": 1295,
  "start_time_wall": 1756992223.637151,
  "end_time_wall": 1756992223.8087258,
  "wall_time_sec": 0.17157545500231208,
  "steps": 1,
  "packets": 31819,
  "dropped": 31819,
  "running_total_steps": 220675,
  "running_total_packets": 3133326007,
  "running_total_dropped": 30765487,
  "running_total_time_sec": 523.0207543460056,
  "p_gb": 0.00606,
  "p_bg": 0.6,
  "good_loss_rate": 0.0,
  "bad_loss_rate": 1.0
}