{
  "state": "bad",
  "episode_index": 16003,
  "state_ordinal": 8001,
  "start_time_wall": 1756995048.6351585,
  "end_time_wall": 1756995048.6422834,
  "wall_time_sec": 0.007125198993890081,
  "steps": 1,
  "packets": 11571,
  "dropped": 11571,
  "running_total_steps": 1343339,
  "running_total_packets": 19073648701,
  "running_total_dropped": 189940637,
  "running_total_time_sec": 3347.8543116319997,
  "p_gb": 0.00606,
  "p_bg": 0.6,
  "good_loss_rate": 0.0,
  "bad_loss_rate": 1.0
}