{
  "state": "bad",
  "episode_index": 11507,
  "state_ordinal": 5753,
  "start_time_wall": 1756994131.5270991,
  "end_time_wall": 1756994131.6850471,
  "wall_time_sec": 0.1579478650019155,
  "steps": 2,
  "packets": 2894,
  "dropped": 2894,
  "running_total_steps": 973573,
  "running_total_packets": 13823416355,
  "running_total_dropped": 135416864,
  "running_total_time_sec": 2430.8970750060034,
  "p_gb": 0.00606,
  "p_bg": 0.6,
  "good_loss_rate": 0.0,
  "bad_loss_rate": 1.0
}