{
  "state": "bad",
  "episode_index": 1303,
  "state_ordinal": 651,
  "start_time_wall": 1756991963.6886163,
  "end_time_wall": 1756991963.6911304,
  "wall_time_sec": 0.0025143129969364963,
  "steps": 2,
  "packets": 2894,
  "dropped": 2894,
  "running_total_steps": 109939,
  "running_total_packets": 1560985541,
  "running_total_dropped": 15327023,
  "running_total_time_sec": 262.90315851299965,
  "p_gb": 0.00606,
  "p_bg": 0.6,
  "good_loss_rate": 0.0,
  "bad_loss_rate": 1.0
}