{
  "state": "bad",
  "episode_index": 12343,
  "state_ordinal": 6171,
  "start_time_wall": 1756994277.5280433,
  "end_time_wall": 1756994277.5758796,
  "wall_time_sec": 0.04783709700132022,
  "steps": 5,
  "packets": 78103,
  "dropped": 78103,
  "running_total_steps": 1044748,
  "running_total_packets": 14834021192,
  "running_total_dropped": 144544328,
  "running_total_time_sec": 2576.7879082380023,
  "p_gb": 0.00606,
  "p_bg": 0.6,
  "good_loss_rate": 0.0,
  "bad_loss_rate": 1.0
}