{
  "state": "bad",
  "episode_index": 10675,
  "state_ordinal": 5337,
  "start_time_wall": 1756993949.17638,
  "end_time_wall": 1756993949.17725,
  "wall_time_sec": 0.0008699620011611842,
  "steps": 2,
  "packets": 12,
  "dropped": 12,
  "running_total_steps": 900937,
  "running_total_packets": 12792165813,
  "running_total_dropped": 126752209,
  "running_total_time_sec": 2248.3892779060043,
  "p_gb": 0.00606,
  "p_bg": 0.6,
  "good_loss_rate": 0.0,
  "bad_loss_rate": 1.0
}