{
  "state": "bad",
  "episode_index": 8711,
  "state_ordinal": 4355,
  "start_time_wall": 1756993515.3097363,
  "end_time_wall": 1756993515.3170745,
  "wall_time_sec": 0.007338346003962215,
  "steps": 1,
  "packets": 11571,
  "dropped": 11571,
  "running_total_steps": 727952,
  "running_total_packets": 10335941352,
  "running_total_dropped": 104470080,
  "running_total_time_sec": 1814.5291025070037,
  "p_gb": 0.00606,
  "p_bg": 0.6,
  "good_loss_rate": 0.0,
  "bad_loss_rate": 1.0
}