{
  "state": "bad",
  "episode_index": 5345,
  "state_ordinal": 2672,
  "start_time_wall": 1756992790.4560282,
  "end_time_wall": 1756992790.630109,
  "wall_time_sec": 0.1740814689983381,
  "steps": 1,
  "packets": 31819,
  "dropped": 31819,
  "running_total_steps": 439263,
  "running_total_packets": 6237019329,
  "running_total_dropped": 63505273,
  "running_total_time_sec": 1089.8421377289997,
  "p_gb": 0.00606,
  "p_bg": 0.6,
  "good_loss_rate": 0.0,
  "bad_loss_rate": 1.0
}