{
  "state": "bad",
  "episode_index": 7347,
  "state_ordinal": 3673,
  "start_time_wall": 1756993206.355021,
  "end_time_wall": 1756993206.3585224,
  "wall_time_sec": 0.0035013660017284565,
  "steps": 1,
  "packets": 1447,
  "dropped": 1447,
  "running_total_steps": 611097,
  "running_total_packets": 8676830517,
  "running_total_dropped": 87615631,
  "running_total_time_sec": 1505.5705505270016,
  "p_gb": 0.00606,
  "p_bg": 0.6,
  "good_loss_rate": 0.0,
  "bad_loss_rate": 1.0
}