{
  "state": "bad",
  "episode_index": 641,
  "state_ordinal": 320,
  "start_time_wall": 1756991806.5746918,
  "end_time_wall": 1756991806.6016643,
  "wall_time_sec": 0.026973380998242646,
  "steps": 2,
  "packets": 43390,
  "dropped": 43390,
  "running_total_steps": 49707,
  "running_total_packets": 705885173,
  "running_total_dropped": 7367028,
  "running_total_time_sec": 105.81369311000162,
  "p_gb": 0.00606,
  "p_bg": 0.6,
  "good_loss_rate": 0.0,
  "bad_loss_rate": 1.0
}