{
  "state": "bad",
  "episode_index": 5547,
  "state_ordinal": 2773,
  "start_time_wall": 1756992822.4641027,
  "end_time_wall": 1756992822.4837043,
  "wall_time_sec": 0.019602252999902703,
  "steps": 1,
  "packets": 31819,
  "dropped": 31819,
  "running_total_steps": 455059,
  "running_total_packets": 6461236239,
  "running_total_dropped": 66312897,
  "running_total_time_sec": 1121.6957329510042,
  "p_gb": 0.00606,
  "p_bg": 0.6,
  "good_loss_rate": 0.0,
  "bad_loss_rate": 1.0
}