{
  "state": "bad",
  "episode_index": 7355,
  "state_ordinal": 3677,
  "start_time_wall": 1756993207.1466553,
  "end_time_wall": 1756993207.1471174,
  "wall_time_sec": 0.0004623419954441488,
  "steps": 1,
  "packets": 6,
  "dropped": 6,
  "running_total_steps": 611452,
  "running_total_packets": 8681917808,
  "running_total_dropped": 87679287,
  "running_total_time_sec": 1506.359145374001,
  "p_gb": 0.00606,
  "p_bg": 0.6,
  "good_loss_rate": 0.0,
  "bad_loss_rate": 1.0
}