{
  "state": "bad",
  "episode_index": 12921,
  "state_ordinal": 6460,
  "start_time_wall": 1756994403.8895767,
  "end_time_wall": 1756994403.9600534,
  "wall_time_sec": 0.07047682899428764,
  "steps": 6,
  "packets": 107040,
  "dropped": 107040,
  "running_total_steps": 1088936,
  "running_total_packets": 15461440314,
  "running_total_dropped": 151413769,
  "running_total_time_sec": 2703.1720816279994,
  "p_gb": 0.00606,
  "p_bg": 0.6,
  "good_loss_rate": 0.0,
  "bad_loss_rate": 1.0
}