{
  "state": "bad",
  "episode_index": 12993,
  "state_ordinal": 6496,
  "start_time_wall": 1756994418.8129363,
  "end_time_wall": 1756994418.8331637,
  "wall_time_sec": 0.020228146997396834,
  "steps": 1,
  "packets": 31819,
  "dropped": 31819,
  "running_total_steps": 1096132,
  "running_total_packets": 15563651904,
  "running_total_dropped": 152189084,
  "running_total_time_sec": 2718.045192217003,
  "p_gb": 0.00606,
  "p_bg": 0.6,
  "good_loss_rate": 0.0,
  "bad_loss_rate": 1.0
}