{
  "state": "bad",
  "episode_index": 14345,
  "state_ordinal": 7172,
  "start_time_wall": 1756994744.4024417,
  "end_time_wall": 1756994744.6306658,
  "wall_time_sec": 0.22822468200320145,
  "steps": 6,
  "packets": 109922,
  "dropped": 109922,
  "running_total_steps": 1211087,
  "running_total_packets": 17195881237,
  "running_total_dropped": 170157225,
  "running_total_time_sec": 3043.842694226005,
  "p_gb": 0.00606,
  "p_bg": 0.6,
  "good_loss_rate": 0.0,
  "bad_loss_rate": 1.0
}