{
  "state": "bad",
  "episode_index": 1909,
  "state_ordinal": 954,
  "start_time_wall": 1756992106.8580232,
  "end_time_wall": 1756992106.8770678,
  "wall_time_sec": 0.019045064997044392,
  "steps": 1,
  "packets": 31819,
  "dropped": 31819,
  "running_total_steps": 162816,
  "running_total_packets": 2311911414,
  "running_total_dropped": 22895107,
  "running_total_time_sec": 406.089096169002,
  "p_gb": 0.00606,
  "p_bg": 0.6,
  "good_loss_rate": 0.0,
  "bad_loss_rate": 1.0
}