{
  "state": "bad",
  "episode_index": 10769,
  "state_ordinal": 5384,
  "start_time_wall": 1756993966.3001814,
  "end_time_wall": 1756993966.3475454,
  "wall_time_sec": 0.04736412000056589,
  "steps": 5,
  "packets": 75221,
  "dropped": 75221,
  "running_total_steps": 909197,
  "running_total_packets": 12909430991,
  "running_total_dropped": 127741620,
  "running_total_time_sec": 2265.559573466002,
  "p_gb": 0.00606,
  "p_bg": 0.6,
  "good_loss_rate": 0.0,
  "bad_loss_rate": 1.0
}