{
  "state": "bad",
  "episode_index": 17655,
  "state_ordinal": 8827,
  "start_time_wall": 1756995397.888426,
  "end_time_wall": 1756995397.8899744,
  "wall_time_sec": 0.0015484410032513551,
  "steps": 1,
  "packets": 1447,
  "dropped": 1447,
  "running_total_steps": 1480960,
  "running_total_packets": 21027553398,
  "running_total_dropped": 209485665,
  "running_total_time_sec": 3697.1020024020036,
  "p_gb": 0.00606,
  "p_bg": 0.6,
  "good_loss_rate": 0.0,
  "bad_loss_rate": 1.0
}