{
  "state": "bad",
  "episode_index": 10993,
  "state_ordinal": 5496,
  "start_time_wall": 1756994006.548698,
  "end_time_wall": 1756994006.567755,
  "wall_time_sec": 0.019057596997299697,
  "steps": 1,
  "packets": 31819,
  "dropped": 31819,
  "running_total_steps": 928909,
  "running_total_packets": 13189314465,
  "running_total_dropped": 130089321,
  "running_total_time_sec": 2305.779783350001,
  "p_gb": 0.00606,
  "p_bg": 0.6,
  "good_loss_rate": 0.0,
  "bad_loss_rate": 1.0
}