{
  "state": "bad",
  "episode_index": 16895,
  "state_ordinal": 8447,
  "start_time_wall": 1756995235.029422,
  "end_time_wall": 1756995235.0308788,
  "wall_time_sec": 0.0014566049940185621,
  "steps": 1,
  "packets": 1447,
  "dropped": 1447,
  "running_total_steps": 1419172,
  "running_total_packets": 20150307334,
  "running_total_dropped": 200203602,
  "running_total_time_sec": 3534.24290664,
  "p_gb": 0.00606,
  "p_bg": 0.6,
  "good_loss_rate": 0.0,
  "bad_loss_rate": 1.0
}