{
  "state": "bad",
  "episode_index": 18713,
  "state_ordinal": 9356,
  "start_time_wall": 1756995610.4450343,
  "end_time_wall": 1756995610.4538348,
  "wall_time_sec": 0.008800729003269225,
  "steps": 2,
  "packets": 13018,
  "dropped": 13018,
  "running_total_steps": 1567179,
  "running_total_packets": 22251760839,
  "running_total_dropped": 222950930,
  "running_total_time_sec": 3909.6658629100057,
  "p_gb": 0.00606,
  "p_bg": 0.6,
  "good_loss_rate": 0.0,
  "bad_loss_rate": 1.0
}