{
  "state": "bad",
  "episode_index": 10017,
  "state_ordinal": 5008,
  "start_time_wall": 1756993796.0719354,
  "end_time_wall": 1756993796.2369218,
  "wall_time_sec": 0.16498647000116762,
  "steps": 1,
  "packets": 1447,
  "dropped": 1447,
  "running_total_steps": 842466,
  "running_total_packets": 11961931994,
  "running_total_dropped": 118994584,
  "running_total_time_sec": 2095.448949991005,
  "p_gb": 0.00606,
  "p_bg": 0.6,
  "good_loss_rate": 0.0,
  "bad_loss_rate": 1.0
}