{
  "state": "bad",
  "episode_index": 17615,
  "state_ordinal": 8807,
  "start_time_wall": 1756995391.2909641,
  "end_time_wall": 1756995391.292327,
  "wall_time_sec": 0.0013626959989778697,
  "steps": 1,
  "packets": 1447,
  "dropped": 1447,
  "running_total_steps": 1477900,
  "running_total_packets": 20984137118,
  "running_total_dropped": 208999636,
  "running_total_time_sec": 3690.504354925004,
  "p_gb": 0.00606,
  "p_bg": 0.6,
  "good_loss_rate": 0.0,
  "bad_loss_rate": 1.0
}