{
  "state": "bad",
  "episode_index": 10453,
  "state_ordinal": 5226,
  "start_time_wall": 1756993878.147155,
  "end_time_wall": 1756993878.1663418,
  "wall_time_sec": 0.01918797799589811,
  "steps": 1,
  "packets": 31819,
  "dropped": 31819,
  "running_total_steps": 882750,
  "running_total_packets": 12533853776,
  "running_total_dropped": 124186106,
  "running_total_time_sec": 2177.3783707850016,
  "p_gb": 0.00606,
  "p_bg": 0.6,
  "good_loss_rate": 0.0,
  "bad_loss_rate": 1.0
}