{
  "state": "bad",
  "episode_index": 8001,
  "state_ordinal": 4000,
  "start_time_wall": 1756993355.180081,
  "end_time_wall": 1756993355.3310387,
  "wall_time_sec": 0.150957974998164,
  "steps": 2,
  "packets": 31825,
  "dropped": 31825,
  "running_total_steps": 667044,
  "running_total_packets": 9471178459,
  "running_total_dropped": 95270508,
  "running_total_time_sec": 1654.543066833001,
  "p_gb": 0.00606,
  "p_bg": 0.6,
  "good_loss_rate": 0.0,
  "bad_loss_rate": 1.0
}