{
  "state": "bad",
  "episode_index": 15733,
  "state_ordinal": 7866,
  "start_time_wall": 1756995010.5256305,
  "end_time_wall": 1756995010.5271237,
  "wall_time_sec": 0.001493356998253148,
  "steps": 1,
  "packets": 1447,
  "dropped": 1447,
  "running_total_steps": 1325014,
  "running_total_packets": 18813459128,
  "running_total_dropped": 186299925,
  "running_total_time_sec": 3309.7391516630014,
  "p_gb": 0.00606,
  "p_bg": 0.6,
  "good_loss_rate": 0.0,
  "bad_loss_rate": 1.0
}