{
  "state": "bad",
  "episode_index": 6997,
  "state_ordinal": 3498,
  "start_time_wall": 1756993138.9788308,
  "end_time_wall": 1756993138.9802523,
  "wall_time_sec": 0.001421483000740409,
  "steps": 1,
  "packets": 1447,
  "dropped": 1447,
  "running_total_steps": 577768,
  "running_total_packets": 8203567762,
  "running_total_dropped": 83119914,
  "running_total_time_sec": 1438.1922802430054,
  "p_gb": 0.00606,
  "p_bg": 0.6,
  "good_loss_rate": 0.0,
  "bad_loss_rate": 1.0
}