{
  "state": "bad",
  "episode_index": 837,
  "state_ordinal": 418,
  "start_time_wall": 1756991842.4061859,
  "end_time_wall": 1756991842.4075117,
  "wall_time_sec": 0.0013260049963719212,
  "steps": 1,
  "packets": 1447,
  "dropped": 1447,
  "running_total_steps": 67540,
  "running_total_packets": 959111366,
  "running_total_dropped": 9571506,
  "running_total_time_sec": 141.61953996100056,
  "p_gb": 0.00606,
  "p_bg": 0.6,
  "good_loss_rate": 0.0,
  "bad_loss_rate": 1.0
}