{
  "state": "bad",
  "episode_index": 7283,
  "state_ordinal": 3641,
  "start_time_wall": 1756993192.3657298,
  "end_time_wall": 1756993192.3731802,
  "wall_time_sec": 0.0074505529992165975,
  "steps": 1,
  "packets": 11571,
  "dropped": 11571,
  "running_total_steps": 604274,
  "running_total_packets": 8579931862,
  "running_total_dropped": 86779511,
  "running_total_time_sec": 1491.585208235003,
  "p_gb": 0.00606,
  "p_bg": 0.6,
  "good_loss_rate": 0.0,
  "bad_loss_rate": 1.0
}