{
  "state": "bad",
  "episode_index": 4285,
  "state_ordinal": 2142,
  "start_time_wall": 1756992577.0980175,
  "end_time_wall": 1756992577.1376379,
  "wall_time_sec": 0.0396206279983744,
  "steps": 3,
  "packets": 63644,
  "dropped": 63644,
  "running_total_steps": 358866,
  "running_total_packets": 5095516173,
  "running_total_dropped": 51117620,
  "running_total_time_sec": 876.3496660290039,
  "p_gb": 0.00606,
  "p_bg": 0.6,
  "good_loss_rate": 0.0,
  "bad_loss_rate": 1.0
}