{
  "state": "bad",
  "episode_index": 12771,
  "state_ordinal": 6385,
  "start_time_wall": 1756994380.058494,
  "end_time_wall": 1756994380.2093644,
  "wall_time_sec": 0.15087071699963417,
  "steps": 1,
  "packets": 6,
  "dropped": 6,
  "running_total_steps": 1077304,
  "running_total_packets": 15296266072,
  "running_total_dropped": 149546374,
  "running_total_time_sec": 2679.4213927910023,
  "p_gb": 0.00606,
  "p_bg": 0.6,
  "good_loss_rate": 0.0,
  "bad_loss_rate": 1.0
}