{
  "state": "bad",
  "episode_index": 14275,
  "state_ordinal": 7137,
  "start_time_wall": 1756994675.1273456,
  "end_time_wall": 1756994675.1462698,
  "wall_time_sec": 0.018924721000075806,
  "steps": 1,
  "packets": 31819,
  "dropped": 31819,
  "running_total_steps": 1205145,
  "running_total_packets": 17111415139,
  "running_total_dropped": 169445508,
  "running_total_time_sec": 2974.3582982890002,
  "p_gb": 0.00606,
  "p_bg": 0.6,
  "good_loss_rate": 0.0,
  "bad_loss_rate": 1.0
}