{
  "state": "bad",
  "episode_index": 17745,
  "state_ordinal": 8872,
  "start_time_wall": 1756995415.172507,
  "end_time_wall": 1756995415.1801043,
  "wall_time_sec": 0.007597121002618223,
  "steps": 1,
  "packets": 11571,
  "dropped": 11571,
  "running_total_steps": 1489439,
  "running_total_packets": 21148081845,
  "running_total_dropped": 210923448,
  "running_total_time_sec": 3714.392132175002,
  "p_gb": 0.00606,
  "p_bg": 0.6,
  "good_loss_rate": 0.0,
  "bad_loss_rate": 1.0
}