{
  "state": "bad",
  "episode_index": 19263,
  "state_ordinal": 9631,
  "start_time_wall": 1756995759.657306,
  "end_time_wall": 1756995759.6587927,
  "wall_time_sec": 0.0014867819991195574,
  "steps": 1,
  "packets": 1447,
  "dropped": 1447,
  "running_total_steps": 1615365,
  "running_total_packets": 22935971889,
  "running_total_dropped": 229698930,
  "running_total_time_sec": 4058.870820654003,
  "p_gb": 0.00606,
  "p_bg": 0.6,
  "good_loss_rate": 0.0,
  "bad_loss_rate": 1.0
}