{
  "state": "bad",
  "episode_index": 309,
  "state_ordinal": 154,
  "start_time_wall": 1756991754.4000578,
  "end_time_wall": 1756991754.4093494,
  "wall_time_sec": 0.009291694004787132,
  "steps": 1,
  "packets": 1447,
  "dropped": 1447,
  "running_total_steps": 24132,
  "running_total_packets": 342785352,
  "running_total_dropped": 3617698,
  "running_total_time_sec": 53.62137753700517,
  "p_gb": 0.00606,
  "p_bg": 0.6,
  "good_loss_rate": 0.0,
  "bad_loss_rate": 1.0
}