{
  "state": "bad",
  "episode_index": 10913,
  "state_ordinal": 5456,
  "start_time_wall": 1756993991.0662236,
  "end_time_wall": 1756993991.124103,
  "wall_time_sec": 0.057880396998371,
  "steps": 3,
  "packets": 95457,
  "dropped": 95457,
  "running_total_steps": 921500,
  "running_total_packets": 13084115870,
  "running_total_dropped": 129271986,
  "running_total_time_sec": 2290.336131918004,
  "p_gb": 0.00606,
  "p_bg": 0.6,
  "good_loss_rate": 0.0,
  "bad_loss_rate": 1.0
}