{
  "state": "bad",
  "episode_index": 2275,
  "state_ordinal": 1137,
  "start_time_wall": 1756992169.5827975,
  "end_time_wall": 1756992169.6026378,
  "wall_time_sec": 0.01984036400244804,
  "steps": 2,
  "packets": 31825,
  "dropped": 31825,
  "running_total_steps": 193716,
  "running_total_packets": 2750568439,
  "running_total_dropped": 27519622,
  "running_total_time_sec": 468.8146657840043,
  "p_gb": 0.00606,
  "p_bg": 0.6,
  "good_loss_rate": 0.0,
  "bad_loss_rate": 1.0
}