{
  "state": "bad",
  "episode_index": 9267,
  "state_ordinal": 4633,
  "start_time_wall": 1756993619.6661565,
  "end_time_wall": 1756993619.6858144,
  "wall_time_sec": 0.019657921999169048,
  "steps": 1,
  "packets": 31819,
  "dropped": 31819,
  "running_total_steps": 778901,
  "running_total_packets": 11059473667,
  "running_total_dropped": 110850675,
  "running_total_time_sec": 1918.897842477003,
  "p_gb": 0.00606,
  "p_bg": 0.6,
  "good_loss_rate": 0.0,
  "bad_loss_rate": 1.0
}