{
  "state": "bad",
  "episode_index": 18749,
  "state_ordinal": 9374,
  "start_time_wall": 1756995617.1309927,
  "end_time_wall": 1756995617.1314523,
  "wall_time_sec": 0.0004596310027409345,
  "steps": 1,
  "packets": 6,
  "dropped": 6,
  "running_total_steps": 1570374,
  "running_total_packets": 22297167477,
  "running_total_dropped": 223300994,
  "running_total_time_sec": 3916.343480317002,
  "p_gb": 0.00606,
  "p_bg": 0.6,
  "good_loss_rate": 0.0,
  "bad_loss_rate": 1.0
}