{
  "state": "bad",
  "episode_index": 18411,
  "state_ordinal": 9205,
  "start_time_wall": 1756995556.3645868,
  "end_time_wall": 1756995556.5241523,
  "wall_time_sec": 0.15956549600377912,
  "steps": 1,
  "packets": 1447,
  "dropped": 1447,
  "running_total_steps": 1540767,
  "running_total_packets": 21876804167,
  "running_total_dropped": 219162709,
  "running_total_time_sec": 3855.736180288004,
  "p_gb": 0.00606,
  "p_bg": 0.6,
  "good_loss_rate": 0.0,
  "bad_loss_rate": 1.0
}