{
  "state": "bad",
  "episode_index": 9191,
  "state_ordinal": 4595,
  "start_time_wall": 1756993605.0194893,
  "end_time_wall": 1756993605.0263944,
  "wall_time_sec": 0.006905207003001124,
  "steps": 1,
  "packets": 11571,
  "dropped": 11571,
  "running_total_steps": 771986,
  "running_total_packets": 10961177720,
  "running_total_dropped": 109755701,
  "running_total_time_sec": 1904.2384224460038,
  "p_gb": 0.00606,
  "p_bg": 0.6,
  "good_loss_rate": 0.0,
  "bad_loss_rate": 1.0
}