{
  "state": "bad",
  "episode_index": 9283,
  "state_ordinal": 4641,
  "start_time_wall": 1756993622.2156873,
  "end_time_wall": 1756993622.3531327,
  "wall_time_sec": 0.13744554900040384,
  "steps": 1,
  "packets": 1447,
  "dropped": 1447,
  "running_total_steps": 780447,
  "running_total_packets": 11081286691,
  "running_total_dropped": 111161665,
  "running_total_time_sec": 1921.5651607450054,
  "p_gb": 0.00606,
  "p_bg": 0.6,
  "good_loss_rate": 0.0,
  "bad_loss_rate": 1.0
}