{
  "state": "bad",
  "episode_index": 4675,
  "state_ordinal": 2337,
  "start_time_wall": 1756992638.4187205,
  "end_time_wall": 1756992638.5877604,
  "wall_time_sec": 0.16903973700391361,
  "steps": 1,
  "packets": 11571,
  "dropped": 11571,
  "running_total_steps": 388583,
  "running_total_packets": 5517435911,
  "running_total_dropped": 55765132,
  "running_total_time_sec": 937.799788301003,
  "p_gb": 0.00606,
  "p_bg": 0.6,
  "good_loss_rate": 0.0,
  "bad_loss_rate": 1.0
}