{
  "state": "bad",
  "episode_index": 3305,
  "state_ordinal": 1652,
  "start_time_wall": 1756992380.451227,
  "end_time_wall": 1756992380.6312706,
  "wall_time_sec": 0.18004375499731395,
  "steps": 3,
  "packets": 63644,
  "dropped": 63644,
  "running_total_steps": 281016,
  "running_total_packets": 3990199759,
  "running_total_dropped": 39315666,
  "running_total_time_sec": 679.8432986850021,
  "p_gb": 0.00606,
  "p_bg": 0.6,
  "good_loss_rate": 0.0,
  "bad_loss_rate": 1.0
}