{
  "state": "bad",
  "episode_index": 1619,
  "state_ordinal": 809,
  "start_time_wall": 1756992016.740064,
  "end_time_wall": 1756992016.7407157,
  "wall_time_sec": 0.0006518669979413971,
  "steps": 1,
  "packets": 6,
  "dropped": 6,
  "running_total_steps": 135847,
  "running_total_packets": 1928883359,
  "running_total_dropped": 19666407,
  "running_total_time_sec": 315.9527437069992,
  "p_gb": 0.00606,
  "p_bg": 0.6,
  "good_loss_rate": 0.0,
  "bad_loss_rate": 1.0
}