{
  "state": "bad",
  "episode_index": 7323,
  "state_ordinal": 3661,
  "start_time_wall": 1756993200.6555526,
  "end_time_wall": 1756993200.6565735,
  "wall_time_sec": 0.0010209149986621924,
  "steps": 3,
  "packets": 18,
  "dropped": 18,
  "running_total_steps": 608426,
  "running_total_packets": 8638806747,
  "running_total_dropped": 87304623,
  "running_total_time_sec": 1499.868601496004,
  "p_gb": 0.00606,
  "p_bg": 0.6,
  "good_loss_rate": 0.0,
  "bad_loss_rate": 1.0
}