{
  "state": "bad",
  "episode_index": 17683,
  "state_ordinal": 8841,
  "start_time_wall": 1756995402.8929605,
  "end_time_wall": 1756995402.9085395,
  "wall_time_sec": 0.01557961499929661,
  "steps": 3,
  "packets": 11583,
  "dropped": 11583,
  "running_total_steps": 1483400,
  "running_total_packets": 21062342830,
  "running_total_dropped": 209845850,
  "running_total_time_sec": 3702.120568047001,
  "p_gb": 0.00606,
  "p_bg": 0.6,
  "good_loss_rate": 0.0,
  "bad_loss_rate": 1.0
}