{
  "state": "bad",
  "episode_index": 10109,
  "state_ordinal": 5054,
  "start_time_wall": 1756993814.4255688,
  "end_time_wall": 1756993814.484541,
  "wall_time_sec": 0.05897229900438106,
  "steps": 4,
  "packets": 95463,
  "dropped": 95463,
  "running_total_steps": 851280,
  "running_total_packets": 12087126803,
  "running_total_dropped": 120010054,
  "running_total_time_sec": 2113.6965691400037,
  "p_gb": 0.00606,
  "p_bg": 0.6,
  "good_loss_rate": 0.0,
  "bad_loss_rate": 1.0
}