{
  "state": "bad",
  "episode_index": 15387,
  "state_ordinal": 7693,
  "start_time_wall": 1756994949.8938315,
  "end_time_wall": 1756994950.061882,
  "wall_time_sec": 0.1680512210004963,
  "steps": 1,
  "packets": 31819,
  "dropped": 31819,
  "running_total_steps": 1295633,
  "running_total_packets": 18396227447,
  "running_total_dropped": 182463831,
  "running_total_time_sec": 3249.2739106070003,
  "p_gb": 0.00606,
  "p_bg": 0.6,
  "good_loss_rate": 0.0,
  "bad_loss_rate": 1.0
}