{
  "state": "bad",
  "episode_index": 4435,
  "state_ordinal": 2217,
  "start_time_wall": 1756992596.3048477,
  "end_time_wall": 1756992596.3243876,
  "wall_time_sec": 0.019540680004865862,
  "steps": 1,
  "packets": 31819,
  "dropped": 31819,
  "running_total_steps": 368375,
  "running_total_packets": 5230500801,
  "running_total_dropped": 52814390,
  "running_total_time_sec": 895.5364162750047,
  "p_gb": 0.00606,
  "p_bg": 0.6,
  "good_loss_rate": 0.0,
  "bad_loss_rate": 1.0
}