{
  "state": "bad",
  "episode_index": 4717,
  "state_ordinal": 2358,
  "start_time_wall": 1756992644.6031747,
  "end_time_wall": 1756992644.6417592,
  "wall_time_sec": 0.03858516000036616,
  "steps": 2,
  "packets": 63638,
  "dropped": 63638,
  "running_total_steps": 391726,
  "running_total_packets": 5562009374,
  "running_total_dropped": 56332127,
  "running_total_time_sec": 943.85378777,
  "p_gb": 0.00606,
  "p_bg": 0.6,
  "good_loss_rate": 0.0,
  "bad_loss_rate": 1.0
}