{
  "state": "bad",
  "episode_index": 2913,
  "state_ordinal": 1456,
  "start_time_wall": 1756992317.48396,
  "end_time_wall": 1756992317.5232956,
  "wall_time_sec": 0.03933619899908081,
  "steps": 2,
  "packets": 63638,
  "dropped": 63638,
  "running_total_steps": 249913,
  "running_total_packets": 3548539829,
  "running_total_dropped": 34672422,
  "running_total_time_sec": 616.7353240630036,
  "p_gb": 0.00606,
  "p_bg": 0.6,
  "good_loss_rate": 0.0,
  "bad_loss_rate": 1.0
}