{
  "state": "bad",
  "episode_index": 15489,
  "state_ordinal": 7744,
  "start_time_wall": 1756994965.688799,
  "end_time_wall": 1756994965.69685,
  "wall_time_sec": 0.008051424003497232,
  "steps": 1,
  "packets": 11571,
  "dropped": 11571,
  "running_total_steps": 1303424,
  "running_total_packets": 18506827228,
  "running_total_dropped": 183451823,
  "running_total_time_sec": 3264.908878402006,
  "p_gb": 0.00606,
  "p_bg": 0.6,
  "good_loss_rate": 0.0,
  "bad_loss_rate": 1.0
}