{
  "state": "bad",
  "episode_index": 1833,
  "state_ordinal": 916,
  "start_time_wall": 1756992057.2002077,
  "end_time_wall": 1756992057.3589864,
  "wall_time_sec": 0.1587794910010416,
  "steps": 1,
  "packets": 31819,
  "dropped": 31819,
  "running_total_steps": 156037,
  "running_total_packets": 2215639085,
  "running_total_dropped": 22009830,
  "running_total_time_sec": 356.5710149920051,
  "p_gb": 0.00606,
  "p_bg": 0.6,
  "good_loss_rate": 0.0,
  "bad_loss_rate": 1.0
}