{
  "state": "bad",
  "episode_index": 10269,
  "state_ordinal": 5134,
  "start_time_wall": 1756993843.4255424,
  "end_time_wall": 1756993843.4261243,
  "wall_time_sec": 0.0005819450016133487,
  "steps": 1,
  "packets": 6,
  "dropped": 6,
  "running_total_steps": 865494,
  "running_total_packets": 12288845073,
  "running_total_dropped": 122091550,
  "running_total_time_sec": 2142.638152268002,
  "p_gb": 0.00606,
  "p_bg": 0.6,
  "good_loss_rate": 0.0,
  "bad_loss_rate": 1.0
}