{
  "state": "bad",
  "episode_index": 9199,
  "state_ordinal": 4599,
  "start_time_wall": 1756993605.8248894,
  "end_time_wall": 1756993605.8632205,
  "wall_time_sec": 0.03833165799733251,
  "steps": 2,
  "packets": 63638,
  "dropped": 63638,
  "running_total_steps": 772411,
  "running_total_packets": 10967206667,
  "running_total_dropped": 109855499,
  "running_total_time_sec": 1905.0752490140003,
  "p_gb": 0.00606,
  "p_bg": 0.6,
  "good_loss_rate": 0.0,
  "bad_loss_rate": 1.0
}