{
  "state": "bad",
  "episode_index": 18335,
  "state_ordinal": 9167,
  "start_time_wall": 1756995548.1100304,
  "end_time_wall": 1756995548.1293964,
  "wall_time_sec": 0.01936659800412599,
  "steps": 1,
  "packets": 31819,
  "dropped": 31819,
  "running_total_steps": 1536997,
  "running_total_packets": 21823263925,
  "running_total_dropped": 218271657,
  "running_total_time_sec": 3847.341425028004,
  "p_gb": 0.00606,
  "p_bg": 0.6,
  "good_loss_rate": 0.0,
  "bad_loss_rate": 1.0
}