{
  "state": "bad",
  "episode_index": 18853,
  "state_ordinal": 9426,
  "start_time_wall": 1756995634.0597596,
  "end_time_wall": 1756995634.077324,
  "wall_time_sec": 0.017564535002748016,
  "steps": 5,
  "packets": 26042,
  "dropped": 26042,
  "running_total_steps": 1578437,
  "running_total_packets": 22411593209,
  "running_total_dropped": 224646220,
  "running_total_time_sec": 3933.2893520470025,
  "p_gb": 0.00606,
  "p_bg": 0.6,
  "good_loss_rate": 0.0,
  "bad_loss_rate": 1.0
}