{
  "state": "bad",
  "episode_index": 4143,
  "state_ordinal": 2071,
  "start_time_wall": 1756992556.9274302,
  "end_time_wall": 1756992556.9279225,
  "wall_time_sec": 0.0004923319938825443,
  "steps": 1,
  "packets": 6,
  "dropped": 6,
  "running_total_steps": 349538,
  "running_total_packets": 4962961651,
  "running_total_dropped": 49078103,
  "running_total_time_sec": 856.1399503339999,
  "p_gb": 0.00606,
  "p_bg": 0.6,
  "good_loss_rate": 0.0,
  "bad_loss_rate": 1.0
}