{
  "state": "bad",
  "episode_index": 6521,
  "state_ordinal": 3260,
  "start_time_wall": 1756993023.06212,
  "end_time_wall": 1756993023.2228792,
  "wall_time_sec": 0.1607596009998815,
  "steps": 3,
  "packets": 14465,
  "dropped": 14465,
  "running_total_steps": 537002,
  "running_total_packets": 7624720202,
  "running_total_dropped": 77568172,
  "running_total_time_sec": 1322.4349074100028,
  "p_gb": 0.00606,
  "p_bg": 0.6,
  "good_loss_rate": 0.0,
  "bad_loss_rate": 1.0
}