{
  "state": "bad",
  "episode_index": 14175,
  "state_ordinal": 7087,
  "start_time_wall": 1756994654.4480243,
  "end_time_wall": 1756994654.455837,
  "wall_time_sec": 0.007812878000549972,
  "steps": 1,
  "packets": 11571,
  "dropped": 11571,
  "running_total_steps": 1194575,
  "running_total_packets": 16961400071,
  "running_total_dropped": 168425714,
  "running_total_time_sec": 2953.6678650250033,
  "p_gb": 0.00606,
  "p_bg": 0.6,
  "good_loss_rate": 0.0,
  "bad_loss_rate": 1.0
}