{
  "state": "bad",
  "episode_index": 989,
  "state_ordinal": 494,
  "start_time_wall": 1756991907.0709982,
  "end_time_wall": 1756991907.2288299,
  "wall_time_sec": 0.1578318190004211,
  "steps": 1,
  "packets": 1447,
  "dropped": 1447,
  "running_total_steps": 82320,
  "running_total_packets": 1168903920,
  "running_total_dropped": 11553180,
  "running_total_time_sec": 206.44085794800048,
  "p_gb": 0.00606,
  "p_bg": 0.6,
  "good_loss_rate": 0.0,
  "bad_loss_rate": 1.0
}