{
  "state": "bad",
  "episode_index": 11851,
  "state_ordinal": 5925,
  "start_time_wall": 1756994193.7909126,
  "end_time_wall": 1756994193.7980216,
  "wall_time_sec": 0.007109213998774067,
  "steps": 1,
  "packets": 11571,
  "dropped": 11571,
  "running_total_steps": 1003799,
  "running_total_packets": 14252668323,
  "running_total_dropped": 139290598,
  "running_total_time_sec": 2493.0100497750027,
  "p_gb": 0.00606,
  "p_bg": 0.6,
  "good_loss_rate": 0.0,
  "bad_loss_rate": 1.0
}