{
  "state": "bad",
  "episode_index": 16669,
  "state_ordinal": 8334,
  "start_time_wall": 1756995195.2667668,
  "end_time_wall": 1756995195.4712367,
  "wall_time_sec": 0.2044698449972202,
  "steps": 4,
  "packets": 63650,
  "dropped": 63650,
  "running_total_steps": 1399225,
  "running_total_packets": 19867147561,
  "running_total_dropped": 197641874,
  "running_total_time_sec": 3494.683264582003,
  "p_gb": 0.00606,
  "p_bg": 0.6,
  "good_loss_rate": 0.0,
  "bad_loss_rate": 1.0
}