{
  "state": "bad",
  "episode_index": 3623,
  "state_ordinal": 1811,
  "start_time_wall": 1756992435.1241884,
  "end_time_wall": 1756992435.1329918,
  "wall_time_sec": 0.008803634998912457,
  "steps": 3,
  "packets": 13024,
  "dropped": 13024,
  "running_total_steps": 307221,
  "running_total_packets": 4362194033,
  "running_total_dropped": 43185028,
  "running_total_time_sec": 734.3450198530045,
  "p_gb": 0.00606,
  "p_bg": 0.6,
  "good_loss_rate": 0.0,
  "bad_loss_rate": 1.0
}