{
  "state": "bad",
  "episode_index": 8845,
  "state_ordinal": 4422,
  "start_time_wall": 1756993537.0752738,
  "end_time_wall": 1756993537.2493255,
  "wall_time_sec": 0.1740520719977212,
  "steps": 2,
  "packets": 31825,
  "dropped": 31825,
  "running_total_steps": 738765,
  "running_total_packets": 10489540808,
  "running_total_dropped": 106075782,
  "running_total_time_sec": 1836.4613536390025,
  "p_gb": 0.00606,
  "p_bg": 0.6,
  "good_loss_rate": 0.0,
  "bad_loss_rate": 1.0
}