{
  "state": "bad",
  "episode_index": 6445,
  "state_ordinal": 3222,
  "start_time_wall": 1756993009.4862504,
  "end_time_wall": 1756993009.4866977,
  "wall_time_sec": 0.00044709099893225357,
  "steps": 1,
  "packets": 6,
  "dropped": 6,
  "running_total_steps": 530320,
  "running_total_packets": 7529907380,
  "running_total_dropped": 76758098,
  "running_total_time_sec": 1308.6987256510038,
  "p_gb": 0.00606,
  "p_bg": 0.6,
  "good_loss_rate": 0.0,
  "bad_loss_rate": 1.0
}