{
  "state": "bad",
  "episode_index": 5675,
  "state_ordinal": 2837,
  "start_time_wall": 1756992843.5204465,
  "end_time_wall": 1756992843.521974,
  "wall_time_sec": 0.001527716995042283,
  "steps": 1,
  "packets": 1447,
  "dropped": 1447,
  "running_total_steps": 465583,
  "running_total_packets": 6610717561,
  "running_total_dropped": 67776753,
  "running_total_time_sec": 1142.734002158999,
  "p_gb": 0.00606,
  "p_bg": 0.6,
  "good_loss_rate": 0.0,
  "bad_loss_rate": 1.0
}