{
  "state": "bad",
  "episode_index": 15879,
  "state_ordinal": 7939,
  "start_time_wall": 1756995031.2447665,
  "end_time_wall": 1756995031.252563,
  "wall_time_sec": 0.007796555000822991,
  "steps": 1,
  "packets": 11571,
  "dropped": 11571,
  "running_total_steps": 1334924,
  "running_total_packets": 18954148702,
  "running_total_dropped": 187946003,
  "running_total_time_sec": 3330.4645910690015,
  "p_gb": 0.00606,
  "p_bg": 0.6,
  "good_loss_rate": 0.0,
  "bad_loss_rate": 1.0
}