{
  "state": "bad",
  "episode_index": 7833,
  "state_ordinal": 3916,
  "start_time_wall": 1756993327.0747955,
  "end_time_wall": 1756993327.08396,
  "wall_time_sec": 0.009164506001980044,
  "steps": 3,
  "packets": 14465,
  "dropped": 14465,
  "running_total_steps": 652870,
  "running_total_packets": 9269960680,
  "running_total_dropped": 93463805,
  "running_total_time_sec": 1626.295988056001,
  "p_gb": 0.00606,
  "p_bg": 0.6,
  "good_loss_rate": 0.0,
  "bad_loss_rate": 1.0
}