{
  "state": "bad",
  "episode_index": 629,
  "state_ordinal": 314,
  "start_time_wall": 1756991802.3366861,
  "end_time_wall": 1756991802.4953039,
  "wall_time_sec": 0.15861822399892844,
  "steps": 1,
  "packets": 11571,
  "dropped": 11571,
  "running_total_steps": 47819,
  "running_total_packets": 679000789,
  "running_total_dropped": 7228161,
  "running_total_time_sec": 101.70733235900116,
  "p_gb": 0.00606,
  "p_bg": 0.6,
  "good_loss_rate": 0.0,
  "bad_loss_rate": 1.0
}