{
  "state": "bad",
  "episode_index": 14387,
  "state_ordinal": 7193,
  "start_time_wall": 1756994750.188118,
  "end_time_wall": 1756994750.208182,
  "wall_time_sec": 0.02006459899712354,
  "steps": 1,
  "packets": 31819,
  "dropped": 31819,
  "running_total_steps": 1213928,
  "running_total_packets": 17236200590,
  "running_total_dropped": 170521765,
  "running_total_time_sec": 3049.4202106049997,
  "p_gb": 0.00606,
  "p_bg": 0.6,
  "good_loss_rate": 0.0,
  "bad_loss_rate": 1.0
}