{
  "state": "bad",
  "episode_index": 8017,
  "state_ordinal": 4008,
  "start_time_wall": 1756993357.0993881,
  "end_time_wall": 1756993357.1069486,
  "wall_time_sec": 0.007560313002613839,
  "steps": 1,
  "packets": 11571,
  "dropped": 11571,
  "running_total_steps": 667850,
  "running_total_packets": 9482605704,
  "running_total_dropped": 95364541,
  "running_total_time_sec": 1656.3189765150019,
  "p_gb": 0.00606,
  "p_bg": 0.6,
  "good_loss_rate": 0.0,
  "bad_loss_rate": 1.0
}