{
  "state": "bad",
  "episode_index": 19357,
  "state_ordinal": 9678,
  "start_time_wall": 1756995773.016916,
  "end_time_wall": 1756995773.1293182,
  "wall_time_sec": 0.11240270800044527,
  "steps": 1,
  "packets": 11571,
  "dropped": 11571,
  "running_total_steps": 1622309,
  "running_total_packets": 23034642487,
  "running_total_dropped": 230927023,
  "running_total_time_sec": 4072.3413466400016,
  "p_gb": 0.00606,
  "p_bg": 0.6,
  "good_loss_rate": 0.0,
  "bad_loss_rate": 1.0
}