{
  "state": "bad",
  "episode_index": 13083,
  "state_ordinal": 6541,
  "start_time_wall": 1756994435.8878505,
  "end_time_wall": 1756994435.895103,
  "wall_time_sec": 0.0072527089942013845,
  "steps": 1,
  "packets": 11571,
  "dropped": 11571,
  "running_total_steps": 1104470,
  "running_total_packets": 15681935418,
  "running_total_dropped": 154287792,
  "running_total_time_sec": 2735.1071311289998,
  "p_gb": 0.00606,
  "p_bg": 0.6,
  "good_loss_rate": 0.0,
  "bad_loss_rate": 1.0
}