{
  "state": "bad",
  "episode_index": 17027,
  "state_ordinal": 8513,
  "start_time_wall": 1756995256.2831686,
  "end_time_wall": 1756995256.4260542,
  "wall_time_sec": 0.14288568800111534,
  "steps": 2,
  "packets": 2894,
  "dropped": 2894,
  "running_total_steps": 1429543,
  "running_total_packets": 20297617473,
  "running_total_dropped": 202024667,
  "running_total_time_sec": 3555.6380821690036,
  "p_gb": 0.00606,
  "p_bg": 0.6,
  "good_loss_rate": 0.0,
  "bad_loss_rate": 1.0
}