{
  "state": "bad",
  "episode_index": 11025,
  "state_ordinal": 5512,
  "start_time_wall": 1756994011.3286188,
  "end_time_wall": 1756994011.5086198,
  "wall_time_sec": 0.18000177900103154,
  "steps": 1,
  "packets": 31819,
  "dropped": 31819,
  "running_total_steps": 931295,
  "running_total_packets": 13223228773,
  "running_total_dropped": 130529041,
  "running_total_time_sec": 2310.720648432005,
  "p_gb": 0.00606,
  "p_bg": 0.6,
  "good_loss_rate": 0.0,
  "bad_loss_rate": 1.0
}