{
  "state": "bad",
  "episode_index": 12309,
  "state_ordinal": 6154,
  "start_time_wall": 1756994271.632442,
  "end_time_wall": 1756994271.6515782,
  "wall_time_sec": 0.019136624003294855,
  "steps": 1,
  "packets": 31819,
  "dropped": 31819,
  "running_total_steps": 1041826,
  "running_total_packets": 14792608294,
  "running_total_dropped": 143890568,
  "running_total_time_sec": 2570.863606707004,
  "p_gb": 0.00606,
  "p_bg": 0.6,
  "good_loss_rate": 0.0,
  "bad_loss_rate": 1.0
}