{
  "state": "bad",
  "episode_index": 19287,
  "state_ordinal": 9643,
  "start_time_wall": 1756995763.578918,
  "end_time_wall": 1756995763.740555,
  "wall_time_sec": 0.16163735200098017,
  "steps": 1,
  "packets": 11571,
  "dropped": 11571,
  "running_total_steps": 1617131,
  "running_total_packets": 22961062635,
  "running_total_dropped": 229940511,
  "running_total_time_sec": 4062.952583312006,
  "p_gb": 0.00606,
  "p_bg": 0.6,
  "good_loss_rate": 0.0,
  "bad_loss_rate": 1.0
}