{
  "state": "bad",
  "episode_index": 9919,
  "state_ordinal": 4959,
  "start_time_wall": 1756993779.555122,
  "end_time_wall": 1756993779.582505,
  "wall_time_sec": 0.027383943997847382,
  "steps": 2,
  "packets": 43390,
  "dropped": 43390,
  "running_total_steps": 834621,
  "running_total_packets": 11850552563,
  "running_total_dropped": 117808435,
  "running_total_time_sec": 2078.794533676002,
  "p_gb": 0.00606,
  "p_bg": 0.6,
  "good_loss_rate": 0.0,
  "bad_loss_rate": 1.0
}