{
  "state": "bad",
  "episode_index": 11841,
  "state_ordinal": 5920,
  "start_time_wall": 1756994192.2245824,
  "end_time_wall": 1756994192.2250285,
  "wall_time_sec": 0.0004462400029296987,
  "steps": 1,
  "packets": 6,
  "dropped": 6,
  "running_total_steps": 1003171,
  "running_total_packets": 14243656719,
  "running_total_dropped": 139234172,
  "running_total_time_sec": 2491.437056610004,
  "p_gb": 0.00606,
  "p_bg": 0.6,
  "good_loss_rate": 0.0,
  "bad_loss_rate": 1.0
}