{
  "state": "bad",
  "episode_index": 5495,
  "state_ordinal": 2747,
  "start_time_wall": 1756992814.8075132,
  "end_time_wall": 1756992814.9669394,
  "wall_time_sec": 0.15942628999619046,
  "steps": 1,
  "packets": 11571,
  "dropped": 11571,
  "running_total_steps": 451373,
  "running_total_packets": 6408937095,
  "running_total_dropped": 65599801,
  "running_total_time_sec": 1114.1789675120017,
  "p_gb": 0.00606,
  "p_bg": 0.6,
  "good_loss_rate": 0.0,
  "bad_loss_rate": 1.0
}