{
  "state": "bad",
  "episode_index": 14651,
  "state_ordinal": 7325,
  "start_time_wall": 1756994796.6142702,
  "end_time_wall": 1756994796.6216357,
  "wall_time_sec": 0.00736597299692221,
  "steps": 1,
  "packets": 11571,
  "dropped": 11571,
  "running_total_steps": 1237640,
  "running_total_packets": 17572852874,
  "running_total_dropped": 173819751,
  "running_total_time_sec": 3095.833664234,
  "p_gb": 0.00606,
  "p_bg": 0.6,
  "good_loss_rate": 0.0,
  "bad_loss_rate": 1.0
}