{
  "state": "bad",
  "episode_index": 1799,
  "state_ordinal": 899,
  "start_time_wall": 1756992052.2703395,
  "end_time_wall": 1756992052.442286,
  "wall_time_sec": 0.17194679599924712,
  "steps": 1,
  "packets": 11571,
  "dropped": 11571,
  "running_total_steps": 153395,
  "running_total_packets": 2178110011,
  "running_total_dropped": 21422551,
  "running_total_time_sec": 351.65431431400066,
  "p_gb": 0.00606,
  "p_bg": 0.6,
  "good_loss_rate": 0.0,
  "bad_loss_rate": 1.0
}