{
  "state": "bad",
  "episode_index": 7295,
  "state_ordinal": 3647,
  "start_time_wall": 1756993194.076945,
  "end_time_wall": 1756993194.077394,
  "wall_time_sec": 0.0004487609985517338,
  "steps": 1,
  "packets": 6,
  "dropped": 6,
  "running_total_steps": 605136,
  "running_total_packets": 8592172023,
  "running_total_dropped": 87025429,
  "running_total_time_sec": 1493.2894219750015,
  "p_gb": 0.00606,
  "p_bg": 0.6,
  "good_loss_rate": 0.0,
  "bad_loss_rate": 1.0
}