{
  "state": "bad",
  "episode_index": 14935,
  "state_ordinal": 7467,
  "start_time_wall": 1756994840.731249,
  "end_time_wall": 1756994840.9131863,
  "wall_time_sec": 0.18193775299732806,
  "steps": 2,
  "packets": 43390,
  "dropped": 43390,
  "running_total_steps": 1258968,
  "running_total_packets": 17875657370,
  "running_total_dropped": 176835717,
  "running_total_time_sec": 3140.1252149700013,
  "p_gb": 0.00606,
  "p_bg": 0.6,
  "good_loss_rate": 0.0,
  "bad_loss_rate": 1.0
}