{
  "state": "bad",
  "episode_index": 16313,
  "state_ordinal": 8156,
  "start_time_wall": 1756995132.3639581,
  "end_time_wall": 1756995132.409882,
  "wall_time_sec": 0.04592471600335557,
  "steps": 4,
  "packets": 76656,
  "dropped": 76656,
  "running_total_steps": 1368085,
  "running_total_packets": 19425001605,
  "running_total_dropped": 193496184,
  "running_total_time_sec": 3431.6219106120043,
  "p_gb": 0.00606,
  "p_bg": 0.6,
  "good_loss_rate": 0.0,
  "bad_loss_rate": 1.0
}