{
  "state": "bad",
  "episode_index": 727,
  "state_ordinal": 363,
  "start_time_wall": 1756991821.3591053,
  "end_time_wall": 1756991821.3667598,
  "wall_time_sec": 0.007654848996025976,
  "steps": 1,
  "packets": 11571,
  "dropped": 11571,
  "running_total_steps": 56942,
  "running_total_packets": 808594366,
  "running_total_dropped": 8408538,
  "running_total_time_sec": 120.57878804700158,
  "p_gb": 0.00606,
  "p_bg": 0.6,
  "good_loss_rate": 0.0,
  "bad_loss_rate": 1.0
}