{
  "state": "bad",
  "episode_index": 16083,
  "state_ordinal": 8041,
  "start_time_wall": 1756995063.0730758,
  "end_time_wall": 1756995063.0737302,
  "wall_time_sec": 0.0006549369936692528,
  "steps": 1,
  "packets": 6,
  "dropped": 6,
  "running_total_steps": 1350717,
  "running_total_packets": 19178322216,
  "running_total_dropped": 190831713,
  "running_total_time_sec": 3362.285758541999,
  "p_gb": 0.00606,
  "p_bg": 0.6,
  "good_loss_rate": 0.0,
  "bad_loss_rate": 1.0
}