{
  "state": "bad",
  "episode_index": 10117,
  "state_ordinal": 5058,
  "start_time_wall": 1756993816.1042666,
  "end_time_wall": 1756993816.1233208,
  "wall_time_sec": 0.019054003998462576,
  "steps": 1,
  "packets": 31819,
  "dropped": 31819,
  "running_total_steps": 852101,
  "running_total_packets": 12098785475,
  "running_total_dropped": 120169161,
  "running_total_time_sec": 2115.335348765002,
  "p_gb": 0.00606,
  "p_bg": 0.6,
  "good_loss_rate": 0.0,
  "bad_loss_rate": 1.0
}