{
  "state": "bad",
  "episode_index": 17737,
  "state_ordinal": 8868,
  "start_time_wall": 1756995414.1353774,
  "end_time_wall": 1756995414.3170512,
  "wall_time_sec": 0.18167443999846,
  "steps": 4,
  "packets": 46284,
  "dropped": 46284,
  "running_total_steps": 1488975,
  "running_total_packets": 21141388953,
  "running_total_dropped": 210773030,
  "running_total_time_sec": 3713.5290797370035,
  "p_gb": 0.00606,
  "p_bg": 0.6,
  "good_loss_rate": 0.0,
  "bad_loss_rate": 1.0
}