{
  "state": "bad",
  "episode_index": 1503,
  "state_ordinal": 751,
  "start_time_wall": 1756991996.7807395,
  "end_time_wall": 1756991997.3375368,
  "wall_time_sec": 0.556797256002028,
  "steps": 1,
  "packets": 12,
  "dropped": 12,
  "running_total_steps": 126027,
  "running_total_packets": 1789405959,
  "running_total_dropped": 18206916,
  "running_total_time_sec": 296.5495648960059,
  "p_gb": 0.00606,
  "p_bg": 0.6,
  "good_loss_rate": 0.0,
  "bad_loss_rate": 1.0
}