{
  "state": "bad",
  "episode_index": 10593,
  "state_ordinal": 5296,
  "start_time_wall": 1756993935.3022304,
  "end_time_wall": 1756993935.449402,
  "wall_time_sec": 0.147172106000653,
  "steps": 1,
  "packets": 1447,
  "dropped": 1447,
  "running_total_steps": 894060,
  "running_total_packets": 12694538128,
  "running_total_dropped": 125707846,
  "running_total_time_sec": 2234.6614302939997,
  "p_gb": 0.00606,
  "p_bg": 0.6,
  "good_loss_rate": 0.0,
  "bad_loss_rate": 1.0
}