{
  "state": "bad",
  "episode_index": 14249,
  "state_ordinal": 7124,
  "start_time_wall": 1756994667.9370387,
  "end_time_wall": 1756994667.9560668,
  "wall_time_sec": 0.01902890399651369,
  "steps": 1,
  "packets": 31819,
  "dropped": 31819,
  "running_total_steps": 1201528,
  "running_total_packets": 17060076452,
  "running_total_dropped": 169143207,
  "running_total_time_sec": 2967.1680953489995,
  "p_gb": 0.00606,
  "p_bg": 0.6,
  "good_loss_rate": 0.0,
  "bad_loss_rate": 1.0
}