{
  "state": "bad",
  "episode_index": 8987,
  "state_ordinal": 4493,
  "start_time_wall": 1756993561.817388,
  "end_time_wall": 1756993561.9742134,
  "wall_time_sec": 0.15682563299924368,
  "steps": 1,
  "packets": 1447,
  "dropped": 1447,
  "running_total_steps": 750855,
  "running_total_packets": 10661153367,
  "running_total_dropped": 107593165,
  "running_total_time_sec": 1861.1862415370051,
  "p_gb": 0.00606,
  "p_bg": 0.6,
  "good_loss_rate": 0.0,
  "bad_loss_rate": 1.0
}