{
  "state": "bad",
  "episode_index": 9539,
  "state_ordinal": 4769,
  "start_time_wall": 1756993668.793945,
  "end_time_wall": 1756993668.9651392,
  "wall_time_sec": 0.17119425600685645,
  "steps": 4,
  "packets": 14471,
  "dropped": 14471,
  "running_total_steps": 803428,
  "running_total_packets": 11407666018,
  "running_total_dropped": 113797222,
  "running_total_time_sec": 1968.1771672220057,
  "p_gb": 0.00606,
  "p_bg": 0.6,
  "good_loss_rate": 0.0,
  "bad_loss_rate": 1.0
}