{
  "state": "bad",
  "episode_index": 3859,
  "state_ordinal": 1929,
  "start_time_wall": 1756992509.0067532,
  "end_time_wall": 1756992509.0725112,
  "wall_time_sec": 0.06575809299829416,
  "steps": 5,
  "packets": 108475,
  "dropped": 108475,
  "running_total_steps": 326156,
  "running_total_packets": 4631056726,
  "running_total_dropped": 45609397,
  "running_total_time_sec": 808.284539223001,
  "p_gb": 0.00606,
  "p_bg": 0.6,
  "good_loss_rate": 0.0,
  "bad_loss_rate": 1.0
}