{
  "state": "bad",
  "episode_index": 1977,
  "state_ordinal": 988,
  "start_time_wall": 1756992119.0872748,
  "end_time_wall": 1756992119.3608654,
  "wall_time_sec": 0.2735909420007374,
  "steps": 1,
  "packets": 180789,
  "dropped": 180789,
  "running_total_steps": 168640,
  "running_total_packets": 2394617152,
  "running_total_dropped": 23842536,
  "running_total_time_sec": 418.5728938579996,
  "p_gb": 0.00606,
  "p_bg": 0.6,
  "good_loss_rate": 0.0,
  "bad_loss_rate": 1.0
}