{
  "state": "bad",
  "episode_index": 12193,
  "state_ordinal": 6096,
  "start_time_wall": 1756994251.3357606,
  "end_time_wall": 1756994251.501087,
  "wall_time_sec": 0.16532634999748552,
  "steps": 2,
  "packets": 2894,
  "dropped": 2894,
  "running_total_steps": 1032175,
  "running_total_packets": 14655545069,
  "running_total_dropped": 142648014,
  "running_total_time_sec": 2550.713114910999,
  "p_gb": 0.00606,
  "p_bg": 0.6,
  "good_loss_rate": 0.0,
  "bad_loss_rate": 1.0
}