{
  "state": "bad",
  "episode_index": 15251,
  "state_ordinal": 7625,
  "start_time_wall": 1756994892.8264446,
  "end_time_wall": 1756994892.8464987,
  "wall_time_sec": 0.020054672000696883,
  "steps": 1,
  "packets": 31819,
  "dropped": 31819,
  "running_total_steps": 1284514,
  "running_total_packets": 18238379658,
  "running_total_dropped": 180848160,
  "running_total_time_sec": 3192.0585273410034,
  "p_gb": 0.00606,
  "p_bg": 0.6,
  "good_loss_rate": 0.0,
  "bad_loss_rate": 1.0
}