{
  "state": "bad",
  "episode_index": 13691,
  "state_ordinal": 6845,
  "start_time_wall": 1756994569.5929134,
  "end_time_wall": 1756994569.6012201,
  "wall_time_sec": 0.008306818999699317,
  "steps": 2,
  "packets": 11577,
  "dropped": 11577,
  "running_total_steps": 1152617,
  "running_total_packets": 16365645983,
  "running_total_dropped": 162402498,
  "running_total_time_sec": 2868.813248188999,
  "p_gb": 0.00606,
  "p_bg": 0.6,
  "good_loss_rate": 0.0,
  "bad_loss_rate": 1.0
}