{
  "state": "bad",
  "episode_index": 16203,
  "state_ordinal": 8101,
  "start_time_wall": 1756995083.2547219,
  "end_time_wall": 1756995083.445077,
  "wall_time_sec": 0.19035584200173616,
  "steps": 2,
  "packets": 63638,
  "dropped": 63638,
  "running_total_steps": 1360757,
  "running_total_packets": 19320896555,
  "running_total_dropped": 192338998,
  "running_total_time_sec": 3382.6571055820023,
  "p_gb": 0.00606,
  "p_bg": 0.6,
  "good_loss_rate": 0.0,
  "bad_loss_rate": 1.0
}