{
  "state": "bad",
  "episode_index": 16125,
  "state_ordinal": 8062,
  "start_time_wall": 1756995068.7825294,
  "end_time_wall": 1756995068.7831073,
  "wall_time_sec": 0.0005783160013379529,
  "steps": 1,
  "packets": 6,
  "dropped": 6,
  "running_total_steps": 1353615,
  "running_total_packets": 19219551406,
  "running_total_dropped": 191236780,
  "running_total_time_sec": 3367.995135491001,
  "p_gb": 0.00606,
  "p_bg": 0.6,
  "good_loss_rate": 0.0,
  "bad_loss_rate": 1.0
}