{
  "state": "bad",
  "episode_index": 6829,
  "state_ordinal": 3414,
  "start_time_wall": 1756993114.9546845,
  "end_time_wall": 1756993114.980629,
  "wall_time_sec": 0.025945394998416305,
  "steps": 2,
  "packets": 43390,
  "dropped": 43390,
  "running_total_steps": 566040,
  "running_total_packets": 8037111926,
  "running_total_dropped": 80929933,
  "running_total_time_sec": 1414.192657698004,
  "p_gb": 0.00606,
  "p_bg": 0.6,
  "good_loss_rate": 0.0,
  "bad_loss_rate": 1.0
}