{
  "state": "bad",
  "episode_index": 4899,
  "state_ordinal": 2449,
  "start_time_wall": 1756992724.4066842,
  "end_time_wall": 1756992724.571778,
  "wall_time_sec": 0.16509400799986906,
  "steps": 3,
  "packets": 31831,
  "dropped": 31831,
  "running_total_steps": 406477,
  "running_total_packets": 5771529993,
  "running_total_dropped": 58750638,
  "running_total_time_sec": 1023.7838061440052,
  "p_gb": 0.00606,
  "p_bg": 0.6,
  "good_loss_rate": 0.0,
  "bad_loss_rate": 1.0
}