{
  "state": "bad",
  "episode_index": 11109,
  "state_ordinal": 5554,
  "start_time_wall": 1756994026.9907098,
  "end_time_wall": 1756994026.9928873,
  "wall_time_sec": 0.0021774560009362176,
  "steps": 2,
  "packets": 2894,
  "dropped": 2894,
  "running_total_steps": 938956,
  "running_total_packets": 13331935106,
  "running_total_dropped": 131206040,
  "running_total_time_sec": 2326.2049152100008,
  "p_gb": 0.00606,
  "p_bg": 0.6,
  "good_loss_rate": 0.0,
  "bad_loss_rate": 1.0
}