{
  "state": "bad",
  "episode_index": 4269,
  "state_ordinal": 2134,
  "start_time_wall": 1756992575.1301372,
  "end_time_wall": 1756992575.3202586,
  "wall_time_sec": 0.19012195700634038,
  "steps": 2,
  "packets": 43390,
  "dropped": 43390,
  "running_total_steps": 358113,
  "running_total_packets": 5084765891,
  "running_total_dropped": 50654741,
  "running_total_time_sec": 874.5322869260053,
  "p_gb": 0.00606,
  "p_bg": 0.6,
  "good_loss_rate": 0.0,
  "bad_loss_rate": 1.0
}