{
  "state": "bad",
  "episode_index": 4663,
  "state_ordinal": 2331,
  "start_time_wall": 1756992636.8816702,
  "end_time_wall": 1756992636.9201815,
  "wall_time_sec": 0.03851202800433384,
  "steps": 2,
  "packets": 63638,
  "dropped": 63638,
  "running_total_steps": 387853,
  "running_total_packets": 5507055921,
  "running_total_dropped": 55600249,
  "running_total_time_sec": 936.1322101730038,
  "p_gb": 0.00606,
  "p_bg": 0.6,
  "good_loss_rate": 0.0,
  "bad_loss_rate": 1.0
}