{
  "state": "bad",
  "episode_index": 3809,
  "state_ordinal": 1904,
  "start_time_wall": 1756992462.1935735,
  "end_time_wall": 1756992462.2013452,
  "wall_time_sec": 0.00777200599986827,
  "steps": 1,
  "packets": 11571,
  "dropped": 11571,
  "running_total_steps": 320513,
  "running_total_packets": 4550915623,
  "running_total_dropped": 44871713,
  "running_total_time_sec": 761.4133733850031,
  "p_gb": 0.00606,
  "p_bg": 0.6,
  "good_loss_rate": 0.0,
  "bad_loss_rate": 1.0
}