{
  "state": "bad",
  "episode_index": 4259,
  "state_ordinal": 2129,
  "start_time_wall": 1756992574.1991212,
  "end_time_wall": 1756992574.2368782,
  "wall_time_sec": 0.03775755000242498,
  "steps": 2,
  "packets": 63638,
  "dropped": 63638,
  "running_total_steps": 357667,
  "running_total_packets": 5078482351,
  "running_total_dropped": 50452256,
  "running_total_time_sec": 873.4489066290043,
  "p_gb": 0.00606,
  "p_bg": 0.6,
  "good_loss_rate": 0.0,
  "bad_loss_rate": 1.0
}