{
  "state": "bad",
  "episode_index": 8087,
  "state_ordinal": 4043,
  "start_time_wall": 1756993366.3212206,
  "end_time_wall": 1756993366.3218563,
  "wall_time_sec": 0.0006356070007313974,
  "steps": 1,
  "packets": 6,
  "dropped": 6,
  "running_total_steps": 672207,
  "running_total_packets": 9544529766,
  "running_total_dropped": 96366941,
  "running_total_time_sec": 1665.5338842700003,
  "p_gb": 0.00606,
  "p_bg": 0.6,
  "good_loss_rate": 0.0,
  "bad_loss_rate": 1.0
}