{
  "state": "bad",
  "episode_index": 9959,
  "state_ordinal": 4979,
  "start_time_wall": 1756993785.567044,
  "end_time_wall": 1756993785.567534,
  "wall_time_sec": 0.0004898119950667024,
  "steps": 1,
  "packets": 6,
  "dropped": 6,
  "running_total_steps": 837309,
  "running_total_packets": 11888689168,
  "running_total_dropped": 118433292,
  "running_total_time_sec": 2084.779562112999,
  "p_gb": 0.00606,
  "p_bg": 0.6,
  "good_loss_rate": 0.0,
  "bad_loss_rate": 1.0
}