{
  "state": "bad",
  "episode_index": 2367,
  "state_ordinal": 1183,
  "start_time_wall": 1756992184.3288486,
  "end_time_wall": 1756992184.3293037,
  "wall_time_sec": 0.00045527200563810766,
  "steps": 1,
  "packets": 6,
  "dropped": 6,
  "running_total_steps": 201027,
  "running_total_packets": 2854462298,
  "running_total_dropped": 28345564,
  "running_total_time_sec": 483.5413319030049,
  "p_gb": 0.00606,
  "p_bg": 0.6,
  "good_loss_rate": 0.0,
  "bad_loss_rate": 1.0
}