{
  "state": "bad",
  "episode_index": 17529,
  "state_ordinal": 8764,
  "start_time_wall": 1756995380.8762434,
  "end_time_wall": 1756995381.0598946,
  "wall_time_sec": 0.18365160599933006,
  "steps": 2,
  "packets": 43390,
  "dropped": 43390,
  "running_total_steps": 1472859,
  "running_total_packets": 20912589573,
  "running_total_dropped": 207885855,
  "running_total_time_sec": 3680.271923116001,
  "p_gb": 0.00606,
  "p_bg": 0.6,
  "good_loss_rate": 0.0,
  "bad_loss_rate": 1.0
}