{
  "state": "bad",
  "episode_index": 11167,
  "state_ordinal": 5583,
  "start_time_wall": 1756994036.7111902,
  "end_time_wall": 1756994036.8425848,
  "wall_time_sec": 0.13139486000000034,
  "steps": 1,
  "packets": 1447,
  "dropped": 1447,
  "running_total_steps": 944035,
  "running_total_packets": 13404012061,
  "running_total_dropped": 131982770,
  "running_total_time_sec": 2336.0546129310023,
  "p_gb": 0.00606,
  "p_bg": 0.6,
  "good_loss_rate": 0.0,
  "bad_loss_rate": 1.0
}