{
  "state": "bad",
  "episode_index": 6161,
  "state_ordinal": 3080,
  "start_time_wall": 1756992963.4965012,
  "end_time_wall": 1756992963.6666672,
  "wall_time_sec": 0.17016602199873887,
  "steps": 1,
  "packets": 11571,
  "dropped": 11571,
  "running_total_steps": 507182,
  "running_total_packets": 7201368446,
  "running_total_dropped": 73434023,
  "running_total_time_sec": 1262.8786952490045,
  "p_gb": 0.00606,
  "p_bg": 0.6,
  "good_loss_rate": 0.0,
  "bad_loss_rate": 1.0
}