{
  "state": "bad",
  "episode_index": 3165,
  "state_ordinal": 1582,
  "start_time_wall": 1756992358.018588,
  "end_time_wall": 1756992358.1976411,
  "wall_time_sec": 0.1790531029982958,
  "steps": 4,
  "packets": 26036,
  "dropped": 26036,
  "running_total_steps": 269966,
  "running_total_packets": 3833260366,
  "running_total_dropped": 37303589,
  "running_total_time_sec": 657.4096693340034,
  "p_gb": 0.00606,
  "p_bg": 0.6,
  "good_loss_rate": 0.0,
  "bad_loss_rate": 1.0
}