{
  "state": "bad",
  "episode_index": 4115,
  "state_ordinal": 2057,
  "start_time_wall": 1756992553.1809287,
  "end_time_wall": 1756992553.19021,
  "wall_time_sec": 0.009281516999180894,
  "steps": 3,
  "packets": 14465,
  "dropped": 14465,
  "running_total_steps": 347504,
  "running_total_packets": 4934083996,
  "running_total_dropped": 48853887,
  "running_total_time_sec": 852.4022381690011,
  "p_gb": 0.00606,
  "p_bg": 0.6,
  "good_loss_rate": 0.0,
  "bad_loss_rate": 1.0
}