{
  "state": "bad",
  "episode_index": 4443,
  "state_ordinal": 2221,
  "start_time_wall": 1756992598.4092326,
  "end_time_wall": 1756992598.546186,
  "wall_time_sec": 0.13695347699831473,
  "steps": 1,
  "packets": 1447,
  "dropped": 1447,
  "running_total_steps": 369504,
  "running_total_packets": 5246543788,
  "running_total_dropped": 52821632,
  "running_total_time_sec": 897.7582139970036,
  "p_gb": 0.00606,
  "p_bg": 0.6,
  "good_loss_rate": 0.0,
  "bad_loss_rate": 1.0
}