{
  "state": "bad",
  "episode_index": 18535,
  "state_ordinal": 9267,
  "start_time_wall": 1756995580.425412,
  "end_time_wall": 1756995580.6164997,
  "wall_time_sec": 0.1910883630043827,
  "steps": 3,
  "packets": 44837,
  "dropped": 44837,
  "running_total_steps": 1552338,
  "running_total_packets": 22041161140,
  "running_total_dropped": 220970767,
  "running_total_time_sec": 3879.8285282440047,
  "p_gb": 0.00606,
  "p_bg": 0.6,
  "good_loss_rate": 0.0,
  "bad_loss_rate": 1.0
}