{
  "state": "bad",
  "episode_index": 8931,
  "state_ordinal": 4465,
  "start_time_wall": 1756993553.565895,
  "end_time_wall": 1756993553.5663836,
  "wall_time_sec": 0.0004885219968855381,
  "steps": 1,
  "packets": 6,
  "dropped": 6,
  "running_total_steps": 746725,
  "running_total_packets": 10602603949,
  "running_total_dropped": 106936464,
  "running_total_time_sec": 1852.7784116580006,
  "p_gb": 0.00606,
  "p_bg": 0.6,
  "good_loss_rate": 0.0,
  "bad_loss_rate": 1.0
}