{
  "state": "bad",
  "episode_index": 15551,
  "state_ordinal": 7775,
  "start_time_wall": 1756994979.4214327,
  "end_time_wall": 1756994979.4292355,
  "wall_time_sec": 0.0078026780029176734,
  "steps": 1,
  "packets": 11571,
  "dropped": 11571,
  "running_total_steps": 1310285,
  "running_total_packets": 18604224921,
  "running_total_dropped": 184131681,
  "running_total_time_sec": 3278.6412635150045,
  "p_gb": 0.00606,
  "p_bg": 0.6,
  "good_loss_rate": 0.0,
  "bad_loss_rate": 1.0
}