{
  "state": "bad",
  "episode_index": 14261,
  "state_ordinal": 7130,
  "start_time_wall": 1756994672.0300877,
  "end_time_wall": 1756994672.038765,
  "wall_time_sec": 0.00867743600247195,
  "steps": 2,
  "packets": 13018,
  "dropped": 13018,
  "running_total_steps": 1203771,
  "running_total_packets": 17091878903,
  "running_total_dropped": 169286402,
  "running_total_time_sec": 2971.250793062005,
  "p_gb": 0.00606,
  "p_bg": 0.6,
  "good_loss_rate": 0.0,
  "bad_loss_rate": 1.0
}