{
  "state": "bad",
  "episode_index": 16415,
  "state_ordinal": 8207,
  "start_time_wall": 1756995152.2287607,
  "end_time_wall": 1756995152.268394,
  "wall_time_sec": 0.039633369000512175,
  "steps": 2,
  "packets": 63638,
  "dropped": 63638,
  "running_total_steps": 1378235,
  "running_total_packets": 19569065829,
  "running_total_dropped": 194701127,
  "running_total_time_sec": 3451.4804222060047,
  "p_gb": 0.00606,
  "p_bg": 0.6,
  "good_loss_rate": 0.0,
  "bad_loss_rate": 1.0
}