{
  "state": "bad",
  "episode_index": 10121,
  "state_ordinal": 5060,
  "start_time_wall": 1756993816.3350427,
  "end_time_wall": 1756993816.3513832,
  "wall_time_sec": 0.016340826005034614,
  "steps": 1,
  "packets": 11571,
  "dropped": 11571,
  "running_total_steps": 852245,
  "running_total_packets": 12100814905,
  "running_total_dropped": 120180738,
  "running_total_time_sec": 2115.563411592004,
  "p_gb": 0.00606,
  "p_bg": 0.6,
  "good_loss_rate": 0.0,
  "bad_loss_rate": 1.0
}