{
  "state": "bad",
  "episode_index": 9449,
  "state_ordinal": 4724,
  "start_time_wall": 1756993651.2330203,
  "end_time_wall": 1756993651.2414086,
  "wall_time_sec": 0.008387993999349419,
  "steps": 2,
  "packets": 13018,
  "dropped": 13018,
  "running_total_steps": 794766,
  "running_total_packets": 11284703130,
  "running_total_dropped": 112768751,
  "running_total_time_sec": 1950.4534364580031,
  "p_gb": 0.00606,
  "p_bg": 0.6,
  "good_loss_rate": 0.0,
  "bad_loss_rate": 1.0
}