{
  "state": "bad",
  "episode_index": 8977,
  "state_ordinal": 4488,
  "start_time_wall": 1756993560.1842594,
  "end_time_wall": 1756993560.3477187,
  "wall_time_sec": 0.16345950300456025,
  "steps": 1,
  "packets": 6,
  "dropped": 6,
  "running_total_steps": 749950,
  "running_total_packets": 10648388126,
  "running_total_dropped": 107522285,
  "running_total_time_sec": 1859.5597466750041,
  "p_gb": 0.00606,
  "p_bg": 0.6,
  "good_loss_rate": 0.0,
  "bad_loss_rate": 1.0
}