{
  "state": "bad",
  "episode_index": 4835,
  "state_ordinal": 2417,
  "start_time_wall": 1756992665.8549306,
  "end_time_wall": 1756992665.8745158,
  "wall_time_sec": 0.01958571399882203,
  "steps": 2,
  "packets": 31825,
  "dropped": 31825,
  "running_total_steps": 401862,
  "running_total_packets": 5706011401,
  "running_total_dropped": 58082338,
  "running_total_time_sec": 965.086544288999,
  "p_gb": 0.00606,
  "p_bg": 0.6,
  "good_loss_rate": 0.0,
  "bad_loss_rate": 1.0
}