{
  "state": "bad",
  "episode_index": 357,
  "state_ordinal": 178,
  "start_time_wall": 1756991759.4028656,
  "end_time_wall": 1756991759.4106147,
  "wall_time_sec": 0.00774930899933679,
  "steps": 1,
  "packets": 11571,
  "dropped": 11571,
  "running_total_steps": 26681,
  "running_total_packets": 378867949,
  "running_total_dropped": 4349569,
  "running_total_time_sec": 58.62264283900004,
  "p_gb": 0.00606,
  "p_bg": 0.6,
  "good_loss_rate": 0.0,
  "bad_loss_rate": 1.0
}