{
  "state": "bad",
  "episode_index": 15327,
  "state_ordinal": 7663,
  "start_time_wall": 1756994941.7282226,
  "end_time_wall": 1756994941.7361815,
  "wall_time_sec": 0.00795877799828304,
  "steps": 1,
  "packets": 11571,
  "dropped": 11571,
  "running_total_steps": 1291517,
  "running_total_packets": 18337824135,
  "running_total_dropped": 181727599,
  "running_total_time_sec": 3240.948209494003,
  "p_gb": 0.00606,
  "p_bg": 0.6,
  "good_loss_rate": 0.0,
  "bad_loss_rate": 1.0
}