{
  "state": "bad",
  "episode_index": 14553,
  "state_ordinal": 7276,
  "start_time_wall": 1756994776.9001915,
  "end_time_wall": 1756994776.908081,
  "wall_time_sec": 0.007889675995102152,
  "steps": 1,
  "packets": 11571,
  "dropped": 11571,
  "running_total_steps": 1228304,
  "running_total_packets": 17440191300,
  "running_total_dropped": 172510693,
  "running_total_time_sec": 3076.120109058,
  "p_gb": 0.00606,
  "p_bg": 0.6,
  "good_loss_rate": 0.0,
  "bad_loss_rate": 1.0
}