{
  "state": "bad",
  "episode_index": 5025,
  "state_ordinal": 2512,
  "start_time_wall": 1756992745.3382206,
  "end_time_wall": 1756992745.3571584,
  "wall_time_sec": 0.018938781002361793,
  "steps": 1,
  "packets": 31819,
  "dropped": 31819,
  "running_total_steps": 416997,
  "running_total_packets": 5920842067,
  "running_total_dropped": 60145095,
  "running_total_time_sec": 1044.5691873230026,
  "p_gb": 0.00606,
  "p_bg": 0.6,
  "good_loss_rate": 0.0,
  "bad_loss_rate": 1.0
}