{
  "state": "bad",
  "episode_index": 5779,
  "state_ordinal": 2889,
  "start_time_wall": 1756992861.110357,
  "end_time_wall": 1756992861.2754338,
  "wall_time_sec": 0.16507670000282815,
  "steps": 1,
  "packets": 11571,
  "dropped": 11571,
  "running_total_steps": 474299,
  "running_total_packets": 6734419603,
  "running_total_dropped": 69113321,
  "running_total_time_sec": 1160.4874618110043,
  "p_gb": 0.00606,
  "p_bg": 0.6,
  "good_loss_rate": 0.0,
  "bad_loss_rate": 1.0
}