{
  "state": "bad",
  "episode_index": 2377,
  "state_ordinal": 1188,
  "start_time_wall": 1756992185.1223066,
  "end_time_wall": 1756992185.1302178,
  "wall_time_sec": 0.007911346001492348,
  "steps": 2,
  "packets": 11577,
  "dropped": 11577,
  "running_total_steps": 201467,
  "running_total_packets": 2860667729,
  "running_total_dropped": 28432380,
  "running_total_time_sec": 484.34224591000384,
  "p_gb": 0.00606,
  "p_bg": 0.6,
  "good_loss_rate": 0.0,
  "bad_loss_rate": 1.0
}