{
  "state": "bad",
  "episode_index": 3591,
  "state_ordinal": 1795,
  "start_time_wall": 1756992430.8384507,
  "end_time_wall": 1756992430.8395762,
  "wall_time_sec": 0.0011255680001340806,
  "steps": 1,
  "packets": 1447,
  "dropped": 1447,
  "running_total_steps": 305130,
  "running_total_packets": 4332561318,
  "running_total_dropped": 42830635,
  "running_total_time_sec": 730.0516042849995,
  "p_gb": 0.00606,
  "p_bg": 0.6,
  "good_loss_rate": 0.0,
  "bad_loss_rate": 1.0
}