{
  "state": "bad",
  "episode_index": 8611,
  "state_ordinal": 4305,
  "start_time_wall": 1756993464.0624022,
  "end_time_wall": 1756993464.1022444,
  "wall_time_sec": 0.039842147001763806,
  "steps": 4,
  "packets": 63650,
  "dropped": 63650,
  "running_total_steps": 720154,
  "running_total_packets": 10225220078,
  "running_total_dropped": 103007690,
  "running_total_time_sec": 1763.3142724470017,
  "p_gb": 0.00606,
  "p_bg": 0.6,
  "good_loss_rate": 0.0,
  "bad_loss_rate": 1.0
}