{
  "state": "bad",
  "episode_index": 3527,
  "state_ordinal": 1763,
  "start_time_wall": 1756992418.5589223,
  "end_time_wall": 1756992418.5669675,
  "wall_time_sec": 0.008045217000471894,
  "steps": 1,
  "packets": 11571,
  "dropped": 11571,
  "running_total_steps": 299279,
  "running_total_packets": 4249372461,
  "running_total_dropped": 42024929,
  "running_total_time_sec": 717.7789954820037,
  "p_gb": 0.00606,
  "p_bg": 0.6,
  "good_loss_rate": 0.0,
  "bad_loss_rate": 1.0
}