{
  "state": "bad",
  "episode_index": 15347,
  "state_ordinal": 7673,
  "start_time_wall": 1756994944.0915856,
  "end_time_wall": 1756994944.250889,
  "wall_time_sec": 0.1593034620018443,
  "steps": 1,
  "packets": 1447,
  "dropped": 1447,
  "running_total_steps": 1292698,
  "running_total_packets": 18354586016,
  "running_total_dropped": 182063161,
  "running_total_time_sec": 3243.4629170660046,
  "p_gb": 0.00606,
  "p_bg": 0.6,
  "good_loss_rate": 0.0,
  "bad_loss_rate": 1.0
}