{
  "state": "bad",
  "episode_index": 2343,
  "state_ordinal": 1171,
  "start_time_wall": 1756992182.2678394,
  "end_time_wall": 1756992182.4417813,
  "wall_time_sec": 0.17394255500403233,
  "steps": 1,
  "packets": 31819,
  "dropped": 31819,
  "running_total_steps": 200111,
  "running_total_packets": 2841407757,
  "running_total_dropped": 28117018,
  "running_total_time_sec": 481.6538098950041,
  "p_gb": 0.00606,
  "p_bg": 0.6,
  "good_loss_rate": 0.0,
  "bad_loss_rate": 1.0
}