{
  "state": "bad",
  "episode_index": 16567,
  "state_ordinal": 8283,
  "start_time_wall": 1756995175.8423636,
  "end_time_wall": 1756995175.984564,
  "wall_time_sec": 0.14220025100075873,
  "steps": 1,
  "packets": 6,
  "dropped": 6,
  "running_total_steps": 1389759,
  "running_total_packets": 19732770446,
  "running_total_dropped": 196528033,
  "running_total_time_sec": 3475.1965919290014,
  "p_gb": 0.00606,
  "p_bg": 0.6,
  "good_loss_rate": 0.0,
  "bad_loss_rate": 1.0
}