{
  "state": "bad",
  "episode_index": 4595,
  "state_ordinal": 2297,
  "start_time_wall": 1756992624.0943503,
  "end_time_wall": 1756992624.1038992,
  "wall_time_sec": 0.009549044996674638,
  "steps": 1,
  "packets": 1447,
  "dropped": 1447,
  "running_total_steps": 381903,
  "running_total_packets": 5422636107,
  "running_total_dropped": 54538606,
  "running_total_time_sec": 923.3159273019992,
  "p_gb": 0.00606,
  "p_bg": 0.6,
  "good_loss_rate": 0.0,
  "bad_loss_rate": 1.0
}