{
  "state": "bad",
  "episode_index": 7847,
  "state_ordinal": 3923,
  "start_time_wall": 1756993328.6276906,
  "end_time_wall": 1756993328.628154,
  "wall_time_sec": 0.00046365200250875205,
  "steps": 1,
  "packets": 6,
  "dropped": 6,
  "running_total_steps": 653551,
  "running_total_packets": 9279601511,
  "running_total_dropped": 93534696,
  "running_total_time_sec": 1627.8401821040025,
  "p_gb": 0.00606,
  "p_bg": 0.6,
  "good_loss_rate": 0.0,
  "bad_loss_rate": 1.0
}