{
  "state": "bad",
  "episode_index": 7693,
  "state_ordinal": 3846,
  "start_time_wall": 1756993267.8870666,
  "end_time_wall": 1756993267.9062238,
  "wall_time_sec": 0.019157736001943704,
  "steps": 1,
  "packets": 31819,
  "dropped": 31819,
  "running_total_steps": 641270,
  "running_total_packets": 9105269552,
  "running_total_dropped": 91868265,
  "running_total_time_sec": 1567.118252305001,
  "p_gb": 0.00606,
  "p_bg": 0.6,
  "good_loss_rate": 0.0,
  "bad_loss_rate": 1.0
}