{
  "state": "bad",
  "episode_index": 657,
  "state_ordinal": 328,
  "start_time_wall": 1756991809.0122588,
  "end_time_wall": 1756991809.0203147,
  "wall_time_sec": 0.008055901002080645,
  "steps": 1,
  "packets": 11571,
  "dropped": 11571,
  "running_total_steps": 51248,
  "running_total_packets": 727653348,
  "running_total_dropped": 7521806,
  "running_total_time_sec": 108.23234257200238,
  "p_gb": 0.00606,
  "p_bg": 0.6,
  "good_loss_rate": 0.0,
  "bad_loss_rate": 1.0
}