{
  "state": "bad",
  "episode_index": 4735,
  "state_ordinal": 2367,
  "start_time_wall": 1756992647.835032,
  "end_time_wall": 1756992647.8429122,
  "wall_time_sec": 0.007880383003794122,
  "steps": 3,
  "packets": 11583,
  "dropped": 11583,
  "running_total_steps": 393230,
  "running_total_packets": 5583426052,
  "running_total_dropped": 56531771,
  "running_total_time_sec": 947.0549404270059,
  "p_gb": 0.00606,
  "p_bg": 0.6,
  "good_loss_rate": 0.0,
  "bad_loss_rate": 1.0
}