{
  "state": "bad",
  "episode_index": 5311,
  "state_ordinal": 2655,
  "start_time_wall": 1756992784.1702805,
  "end_time_wall": 1756992784.178757,
  "wall_time_sec": 0.008476554001390468,
  "steps": 2,
  "packets": 13018,
  "dropped": 13018,
  "running_total_steps": 436283,
  "running_total_packets": 6194664775,
  "running_total_dropped": 63038082,
  "running_total_time_sec": 1083.3907849090028,
  "p_gb": 0.00606,
  "p_bg": 0.6,
  "good_loss_rate": 0.0,
  "bad_loss_rate": 1.0
}