{
  "state": "bad",
  "episode_index": 3753,
  "state_ordinal": 1876,
  "start_time_wall": 1756992454.685054,
  "end_time_wall": 1756992454.6876693,
  "wall_time_sec": 0.0026154060033150017,
  "steps": 2,
  "packets": 2894,
  "dropped": 2894,
  "running_total_steps": 316969,
  "running_total_packets": 4500520051,
  "running_total_dropped": 44300334,
  "running_total_time_sec": 753.8996973770045,
  "p_gb": 0.00606,
  "p_bg": 0.6,
  "good_loss_rate": 0.0,
  "bad_loss_rate": 1.0
}