{
  "state": "bad",
  "episode_index": 6455,
  "state_ordinal": 3227,
  "start_time_wall": 1756993011.155149,
  "end_time_wall": 1756993011.16317,
  "wall_time_sec": 0.008021207999263424,
  "steps": 1,
  "packets": 11571,
  "dropped": 11571,
  "running_total_steps": 530906,
  "running_total_packets": 7538237692,
  "running_total_dropped": 76782706,
  "running_total_time_sec": 1310.3751982500035,
  "p_gb": 0.00606,
  "p_bg": 0.6,
  "good_loss_rate": 0.0,
  "bad_loss_rate": 1.0
}