{
  "state": "bad",
  "episode_index": 4407,
  "state_ordinal": 2203,
  "start_time_wall": 1756992592.7024088,
  "end_time_wall": 1756992592.940542,
  "wall_time_sec": 0.2381332949953503,
  "steps": 9,
  "packets": 121505,
  "dropped": 121505,
  "running_total_steps": 366435,
  "running_total_packets": 5203006003,
  "running_total_dropped": 52426730,
  "running_total_time_sec": 892.1525700429993,
  "p_gb": 0.00606,
  "p_bg": 0.6,
  "good_loss_rate": 0.0,
  "bad_loss_rate": 1.0
}