{
  "state": "bad",
  "episode_index": 4431,
  "state_ordinal": 2215,
  "start_time_wall": 1756992595.5107229,
  "end_time_wall": 1756992595.5113354,
  "wall_time_sec": 0.000612675998127088,
  "steps": 1,
  "packets": 6,
  "dropped": 6,
  "running_total_steps": 367948,
  "running_total_packets": 5224428464,
  "running_total_dropped": 52739180,
  "running_total_time_sec": 894.7233635070006,
  "p_gb": 0.00606,
  "p_bg": 0.6,
  "good_loss_rate": 0.0,
  "bad_loss_rate": 1.0
}