{
  "state": "bad",
  "episode_index": 12365,
  "state_ordinal": 6182,
  "start_time_wall": 1756994316.8583536,
  "end_time_wall": 1756994316.859693,
  "wall_time_sec": 0.0013393160043051466,
  "steps": 1,
  "packets": 1447,
  "dropped": 1447,
  "running_total_steps": 1046490,
  "running_total_packets": 14858779254,
  "running_total_dropped": 144671627,
  "running_total_time_sec": 2616.0717209990034,
  "p_gb": 0.00606,
  "p_bg": 0.6,
  "good_loss_rate": 0.0,
  "bad_loss_rate": 1.0
}