{
  "state": "bad",
  "episode_index": 9163,
  "state_ordinal": 4581,
  "start_time_wall": 1756993600.4741793,
  "end_time_wall": 1756993600.64652,
  "wall_time_sec": 0.17234063799696742,
  "steps": 2,
  "packets": 13018,
  "dropped": 13018,
  "running_total_steps": 769659,
  "running_total_packets": 10928206515,
  "running_total_dropped": 109246553,
  "running_total_time_sec": 1899.8585478259993,
  "p_gb": 0.00606,
  "p_bg": 0.6,
  "good_loss_rate": 0.0,
  "bad_loss_rate": 1.0
}