{
  "state": "bad",
  "episode_index": 6809,
  "state_ordinal": 3404,
  "start_time_wall": 1756993110.830895,
  "end_time_wall": 1756993111.0014064,
  "wall_time_sec": 0.17051230600191047,
  "steps": 1,
  "packets": 31819,
  "dropped": 31819,
  "running_total_steps": 563992,
  "running_total_packets": 8007937748,
  "running_total_dropped": 80626159,
  "running_total_time_sec": 1410.2134350190026,
  "p_gb": 0.00606,
  "p_bg": 0.6,
  "good_loss_rate": 0.0,
  "bad_loss_rate": 1.0
}