{
  "state": "bad",
  "episode_index": 1555,
  "state_ordinal": 777,
  "start_time_wall": 1756992005.6398757,
  "end_time_wall": 1756992005.6409912,
  "wall_time_sec": 0.0011159100031363778,
  "steps": 1,
  "packets": 1447,
  "dropped": 1447,
  "running_total_steps": 130279,
  "running_total_packets": 1849897985,
  "running_total_dropped": 18808643,
  "running_total_time_sec": 304.85301936400356,
  "p_gb": 0.00606,
  "p_bg": 0.6,
  "good_loss_rate": 0.0,
  "bad_loss_rate": 1.0
}