{
  "state": "bad",
  "episode_index": 6201,
  "state_ordinal": 3100,
  "start_time_wall": 1756992969.2562206,
  "end_time_wall": 1756992969.256956,
  "wall_time_sec": 0.0007357479989877902,
  "steps": 2,
  "packets": 12,
  "dropped": 12,
  "running_total_steps": 510073,
  "running_total_packets": 7242390793,
  "running_total_dropped": 73846331,
  "running_total_time_sec": 1268.4689842880034,
  "p_gb": 0.00606,
  "p_bg": 0.6,
  "good_loss_rate": 0.0,
  "bad_loss_rate": 1.0
}