{
  "state": "bad",
  "episode_index": 13869,
  "state_ordinal": 6934,
  "start_time_wall": 1756994601.1901944,
  "end_time_wall": 1756994601.198786,
  "wall_time_sec": 0.00859165300062159,
  "steps": 2,
  "packets": 13018,
  "dropped": 13018,
  "running_total_steps": 1168323,
  "running_total_packets": 16588617471,
  "running_total_dropped": 164512941,
  "running_total_time_sec": 2900.410813991002,
  "p_gb": 0.00606,
  "p_bg": 0.6,
  "good_loss_rate": 0.0,
  "bad_loss_rate": 1.0
}