{
  "state": "bad",
  "episode_index": 12815,
  "state_ordinal": 6407,
  "start_time_wall": 1756994386.6741154,
  "end_time_wall": 1756994386.844765,
  "wall_time_sec": 0.17064966700127115,
  "steps": 1,
  "packets": 11571,
  "dropped": 11571,
  "running_total_steps": 1080395,
  "running_total_packets": 15340239245,
  "running_total_dropped": 149886317,
  "running_total_time_sec": 2686.0567929870012,
  "p_gb": 0.00606,
  "p_bg": 0.6,
  "good_loss_rate": 0.0,
  "bad_loss_rate": 1.0
}