{
  "state": "bad",
  "episode_index": 19277,
  "state_ordinal": 9638,
  "start_time_wall": 1756995762.1949358,
  "end_time_wall": 1756995762.2348654,
  "wall_time_sec": 0.03993015000014566,
  "steps": 2,
  "packets": 63638,
  "dropped": 63638,
  "running_total_steps": 1616549,
  "running_total_packets": 22952839351,
  "running_total_dropped": 229905774,
  "running_total_time_sec": 4061.4468939720027,
  "p_gb": 0.00606,
  "p_bg": 0.6,
  "good_loss_rate": 0.0,
  "bad_loss_rate": 1.0
}