{
  "state": "bad",
  "episode_index": 1863,
  "state_ordinal": 931,
  "start_time_wall": 1756992061.3001964,
  "end_time_wall": 1756992061.506391,
  "wall_time_sec": 0.20619558099861024,
  "steps": 9,
  "packets": 121505,
  "dropped": 121505,
  "running_total_steps": 158163,
  "running_total_packets": 2245726001,
  "running_total_dropped": 22365675,
  "running_total_time_sec": 360.7184197450042,
  "p_gb": 0.00606,
  "p_bg": 0.6,
  "good_loss_rate": 0.0,
  "bad_loss_rate": 1.0
}