{
  "state": "bad",
  "episode_index": 2353,
  "state_ordinal": 1176,
  "start_time_wall": 1756992183.2817276,
  "end_time_wall": 1756992183.300898,
  "wall_time_sec": 0.019170958999893628,
  "steps": 1,
  "packets": 31819,
  "dropped": 31819,
  "running_total_steps": 200521,
  "running_total_packets": 2847205277,
  "running_total_dropped": 28260207,
  "running_total_time_sec": 482.5129264970019,
  "p_gb": 0.00606,
  "p_bg": 0.6,
  "good_loss_rate": 0.0,
  "bad_loss_rate": 1.0
}