{
  "state": "bad",
  "episode_index": 1577,
  "state_ordinal": 788,
  "start_time_wall": 1756992008.844072,
  "end_time_wall": 1756992008.844584,
  "wall_time_sec": 0.0005116929969517514,
  "steps": 1,
  "packets": 6,
  "dropped": 6,
  "running_total_steps": 131736,
  "running_total_packets": 1870589963,
  "running_total_dropped": 19060331,
  "running_total_time_sec": 308.0566119790019,
  "p_gb": 0.00606,
  "p_bg": 0.6,
  "good_loss_rate": 0.0,
  "bad_loss_rate": 1.0
}