{
  "state": "bad",
  "episode_index": 9117,
  "state_ordinal": 4558,
  "start_time_wall": 1756993589.838024,
  "end_time_wall": 1756993590.031972,
  "wall_time_sec": 0.19394885799556505,
  "steps": 2,
  "packets": 63638,
  "dropped": 63638,
  "running_total_steps": 764527,
  "running_total_packets": 10855296379,
  "running_total_dropped": 108696885,
  "running_total_time_sec": 1889.2440005960016,
  "p_gb": 0.00606,
  "p_bg": 0.6,
  "good_loss_rate": 0.0,
  "bad_loss_rate": 1.0
}