{
  "state": "bad",
  "episode_index": 12459,
  "state_ordinal": 6229,
  "start_time_wall": 1756994331.4824135,
  "end_time_wall": 1756994331.6994143,
  "wall_time_sec": 0.21700123800110305,
  "steps": 2,
  "packets": 63638,
  "dropped": 63638,
  "running_total_steps": 1053448,
  "running_total_packets": 14957649460,
  "running_total_dropped": 145590192,
  "running_total_time_sec": 2630.9114427660024,
  "p_gb": 0.00606,
  "p_bg": 0.6,
  "good_loss_rate": 0.0,
  "bad_loss_rate": 1.0
}