{
  "state": "bad",
  "episode_index": 6049,
  "state_ordinal": 3024,
  "start_time_wall": 1756992941.1765032,
  "end_time_wall": 1756992941.1954806,
  "wall_time_sec": 0.018977863001055084,
  "steps": 1,
  "packets": 31819,
  "dropped": 31819,
  "running_total_steps": 496349,
  "running_total_packets": 7047595395,
  "running_total_dropped": 72046799,
  "running_total_time_sec": 1240.407509153003,
  "p_gb": 0.00606,
  "p_bg": 0.6,
  "good_loss_rate": 0.0,
  "bad_loss_rate": 1.0
}