{
  "state": "bad",
  "episode_index": 2695,
  "state_ordinal": 1347,
  "start_time_wall": 1756992242.454574,
  "end_time_wall": 1756992242.5244558,
  "wall_time_sec": 0.06988161900517298,
  "steps": 6,
  "packets": 107040,
  "dropped": 107040,
  "running_total_steps": 229933,
  "running_total_packets": 3264759525,
  "running_total_dropped": 32071673,
  "running_total_time_sec": 541.7364836410052,
  "p_gb": 0.00606,
  "p_bg": 0.6,
  "good_loss_rate": 0.0,
  "bad_loss_rate": 1.0
}