{
  "state": "bad",
  "episode_index": 14231,
  "state_ordinal": 7115,
  "start_time_wall": 1756994665.408957,
  "end_time_wall": 1756994665.5908022,
  "wall_time_sec": 0.18184606899740174,
  "steps": 1,
  "packets": 31819,
  "dropped": 31819,
  "running_total_steps": 1200213,
  "running_total_packets": 17041463071,
  "running_total_dropped": 168985552,
  "running_total_time_sec": 2964.802831079003,
  "p_gb": 0.00606,
  "p_bg": 0.6,
  "good_loss_rate": 0.0,
  "bad_loss_rate": 1.0
}