{
  "state": "bad",
  "episode_index": 14627,
  "state_ordinal": 7313,
  "start_time_wall": 1756994790.204652,
  "end_time_wall": 1756994790.2136788,
  "wall_time_sec": 0.009026865001942497,
  "steps": 2,
  "packets": 13018,
  "dropped": 13018,
  "running_total_steps": 1234524,
  "running_total_packets": 17528528204,
  "running_total_dropped": 173576720,
  "running_total_time_sec": 3089.425706894006,
  "p_gb": 0.00606,
  "p_bg": 0.6,
  "good_loss_rate": 0.0,
  "bad_loss_rate": 1.0
}