{
  "state": "bad",
  "episode_index": 5161,
  "state_ordinal": 2580,
  "start_time_wall": 1756992762.9739006,
  "end_time_wall": 1756992763.1090775,
  "wall_time_sec": 0.13517720000527333,
  "steps": 1,
  "packets": 11571,
  "dropped": 11571,
  "running_total_steps": 425873,
  "running_total_packets": 6046854151,
  "running_total_dropped": 61591568,
  "running_total_time_sec": 1062.3211056670043,
  "p_gb": 0.00606,
  "p_bg": 0.6,
  "good_loss_rate": 0.0,
  "bad_loss_rate": 1.0
}