{
  "state": "bad",
  "episode_index": 17563,
  "state_ordinal": 8781,
  "start_time_wall": 1756995385.144868,
  "end_time_wall": 1756995385.1464038,
  "wall_time_sec": 0.0015361529949586838,
  "steps": 1,
  "packets": 1447,
  "dropped": 1447,
  "running_total_steps": 1474921,
  "running_total_packets": 20941814383,
  "running_total_dropped": 208180947,
  "running_total_time_sec": 3684.358431847999,
  "p_gb": 0.00606,
  "p_bg": 0.6,
  "good_loss_rate": 0.0,
  "bad_loss_rate": 1.0
}