{
  "state": "bad",
  "episode_index": 9705,
  "state_ordinal": 4852,
  "start_time_wall": 1756993747.2007866,
  "end_time_wall": 1756993747.2471786,
  "wall_time_sec": 0.04639248799503548,
  "steps": 3,
  "packets": 75209,
  "dropped": 75209,
  "running_total_steps": 818716,
  "running_total_packets": 11624760424,
  "running_total_dropped": 115615490,
  "running_total_time_sec": 2046.4592070569997,
  "p_gb": 0.00606,
  "p_bg": 0.6,
  "good_loss_rate": 0.0,
  "bad_loss_rate": 1.0
}