{
  "state": "bad",
  "episode_index": 19255,
  "state_ordinal": 9627,
  "start_time_wall": 1756995756.6042104,
  "end_time_wall": 1756995756.6232517,
  "wall_time_sec": 0.019042022999201436,
  "steps": 1,
  "packets": 31819,
  "dropped": 31819,
  "running_total_steps": 1613815,
  "running_total_packets": 22913946239,
  "running_total_dropped": 229654080,
  "running_total_time_sec": 4055.8352803439993,
  "p_gb": 0.00606,
  "p_bg": 0.6,
  "good_loss_rate": 0.0,
  "bad_loss_rate": 1.0
}