{
  "state": "bad",
  "episode_index": 6627,
  "state_ordinal": 3313,
  "start_time_wall": 1756993041.375717,
  "end_time_wall": 1756993041.5538695,
  "wall_time_sec": 0.17815265000535874,
  "steps": 2,
  "packets": 31825,
  "dropped": 31825,
  "running_total_steps": 546153,
  "running_total_packets": 7754759292,
  "running_total_dropped": 78897482,
  "running_total_time_sec": 1340.7658974830047,
  "p_gb": 0.00606,
  "p_bg": 0.6,
  "good_loss_rate": 0.0,
  "bad_loss_rate": 1.0
}