{
  "state": "bad",
  "episode_index": 6133,
  "state_ordinal": 3066,
  "start_time_wall": 1756992957.8890135,
  "end_time_wall": 1756992957.8968363,
  "wall_time_sec": 0.007822842999303248,
  "steps": 1,
  "packets": 11571,
  "dropped": 11571,
  "running_total_steps": 504623,
  "running_total_packets": 7164996555,
  "running_total_dropped": 72992842,
  "running_total_time_sec": 1257.1088642989998,
  "p_gb": 0.00606,
  "p_bg": 0.6,
  "good_loss_rate": 0.0,
  "bad_loss_rate": 1.0
}