{
  "state": "bad",
  "episode_index": 18315,
  "state_ordinal": 9157,
  "start_time_wall": 1756995545.6659958,
  "end_time_wall": 1756995545.6808872,
  "wall_time_sec": 0.014891608996549621,
  "steps": 2,
  "packets": 13018,
  "dropped": 13018,
  "running_total_steps": 1535670,
  "running_total_packets": 21804484202,
  "running_total_dropped": 218096625,
  "running_total_time_sec": 3844.8929152130004,
  "p_gb": 0.00606,
  "p_bg": 0.6,
  "good_loss_rate": 0.0,
  "bad_loss_rate": 1.0
}