{
  "state": "bad",
  "episode_index": 12633,
  "state_ordinal": 6316,
  "start_time_wall": 1756994360.6226773,
  "end_time_wall": 1756994360.6405182,
  "wall_time_sec": 0.017841300999862142,
  "steps": 1,
  "packets": 31819,
  "dropped": 31819,
  "running_total_steps": 1067791,
  "running_total_packets": 15161249607,
  "running_total_dropped": 148010130,
  "running_total_time_sec": 2659.8525465980056,
  "p_gb": 0.00606,
  "p_bg": 0.6,
  "good_loss_rate": 0.0,
  "bad_loss_rate": 1.0
}