{
  "state": "bad",
  "episode_index": 10997,
  "state_ordinal": 5498,
  "start_time_wall": 1756994006.6193118,
  "end_time_wall": 1756994006.638877,
  "wall_time_sec": 0.019565520000469405,
  "steps": 1,
  "packets": 31819,
  "dropped": 31819,
  "running_total_steps": 929007,
  "running_total_packets": 13190619201,
  "running_total_dropped": 130184778,
  "running_total_time_sec": 2305.850905282001,
  "p_gb": 0.00606,
  "p_bg": 0.6,
  "good_loss_rate": 0.0,
  "bad_loss_rate": 1.0
}