{
  "state": "bad",
  "episode_index": 87,
  "state_ordinal": 43,
  "start_time_wall": 1756991718.9727764,
  "end_time_wall": 1756991719.1653302,
  "wall_time_sec": 0.19255454700032715,
  "steps": 3,
  "packets": 44837,
  "dropped": 44837,
  "running_total_steps": 7041,
  "running_total_packets": 100125739,
  "running_total_dropped": 1097883,
  "running_total_time_sec": 18.377358939003898,
  "p_gb": 0.00606,
  "p_bg": 0.6,
  "good_loss_rate": 0.0,
  "bad_loss_rate": 1.0
}