{
  "state": "bad",
  "episode_index": 2583,
  "state_ordinal": 1291,
  "start_time_wall": 1756992222.0447943,
  "end_time_wall": 1756992222.234644,
  "wall_time_sec": 0.18984993200137978,
  "steps": 2,
  "packets": 63638,
  "dropped": 63638,
  "running_total_steps": 219827,
  "running_total_packets": 3121334633,
  "running_total_dropped": 30626640,
  "running_total_time_sec": 521.4466723650039,
  "p_gb": 0.00606,
  "p_bg": 0.6,
  "good_loss_rate": 0.0,
  "bad_loss_rate": 1.0
}