{
  "state": "bad",
  "episode_index": 10979,
  "state_ordinal": 5489,
  "start_time_wall": 1756994002.3395967,
  "end_time_wall": 1756994002.483431,
  "wall_time_sec": 0.14383425500273006,
  "steps": 1,
  "packets": 6,
  "dropped": 6,
  "running_total_steps": 927031,
  "running_total_packets": 13162689003,
  "running_total_dropped": 129975037,
  "running_total_time_sec": 2301.695459118004,
  "p_gb": 0.00606,
  "p_bg": 0.6,
  "good_loss_rate": 0.0,
  "bad_loss_rate": 1.0
}