{
  "state": "bad",
  "episode_index": 13201,
  "state_ordinal": 6600,
  "start_time_wall": 1756994457.4205968,
  "end_time_wall": 1756994457.5879767,
  "wall_time_sec": 0.16738015699957032,
  "steps": 1,
  "packets": 11571,
  "dropped": 11571,
  "running_total_steps": 1114640,
  "running_total_packets": 15826391640,
  "running_total_dropped": 155932444,
  "running_total_time_sec": 2756.8000048750037,
  "p_gb": 0.00606,
  "p_bg": 0.6,
  "good_loss_rate": 0.0,
  "bad_loss_rate": 1.0
}