{
  "state": "bad",
  "episode_index": 19297,
  "state_ordinal": 9648,
  "start_time_wall": 1756995765.9010687,
  "end_time_wall": 1756995766.111358,
  "wall_time_sec": 0.2102896049982519,
  "steps": 3,
  "packets": 75209,
  "dropped": 75209,
  "running_total_steps": 1618258,
  "running_total_packets": 22977156230,
  "running_total_dropped": 230116971,
  "running_total_time_sec": 4065.3233864680005,
  "p_gb": 0.00606,
  "p_bg": 0.6,
  "good_loss_rate": 0.0,
  "bad_loss_rate": 1.0
}