{
  "state": "bad",
  "episode_index": 14063,
  "state_ordinal": 7031,
  "start_time_wall": 1756994636.414591,
  "end_time_wall": 1756994636.4252687,
  "wall_time_sec": 0.01067821099422872,
  "steps": 1,
  "packets": 11571,
  "dropped": 11571,
  "running_total_steps": 1185776,
  "running_total_packets": 16836435248,
  "running_total_dropped": 167210653,
  "running_total_time_sec": 2935.6372974629994,
  "p_gb": 0.00606,
  "p_bg": 0.6,
  "good_loss_rate": 0.0,
  "bad_loss_rate": 1.0
}