{
  "state": "bad",
  "episode_index": 15243,
  "state_ordinal": 7621,
  "start_time_wall": 1756994891.9985175,
  "end_time_wall": 1756994892.0181448,
  "wall_time_sec": 0.01962774999992689,
  "steps": 1,
  "packets": 31819,
  "dropped": 31819,
  "running_total_steps": 1283849,
  "running_total_packets": 18228999191,
  "running_total_dropped": 180772945,
  "running_total_time_sec": 3191.230173326003,
  "p_gb": 0.00606,
  "p_bg": 0.6,
  "good_loss_rate": 0.0,
  "bad_loss_rate": 1.0
}