{
  "state": "bad",
  "episode_index": 7889,
  "state_ordinal": 3944,
  "start_time_wall": 1756993333.6861258,
  "end_time_wall": 1756993333.6873724,
  "wall_time_sec": 0.0012469339999370277,
  "steps": 1,
  "packets": 1447,
  "dropped": 1447,
  "running_total_steps": 656095,
  "running_total_packets": 9315744857,
  "running_total_dropped": 94020713,
  "running_total_time_sec": 1632.8994005900022,
  "p_gb": 0.00606,
  "p_bg": 0.6,
  "good_loss_rate": 0.0,
  "bad_loss_rate": 1.0
}