{
  "state": "bad",
  "episode_index": 18769,
  "state_ordinal": 9384,
  "start_time_wall": 1756995619.4921515,
  "end_time_wall": 1756995619.6425314,
  "wall_time_sec": 0.1503797420009505,
  "steps": 2,
  "packets": 13018,
  "dropped": 13018,
  "running_total_steps": 1571468,
  "running_total_packets": 22312737456,
  "running_total_dropped": 223549774,
  "running_total_time_sec": 3918.854559266001,
  "p_gb": 0.00606,
  "p_bg": 0.6,
  "good_loss_rate": 0.0,
  "bad_loss_rate": 1.0
}