{
  "state": "bad",
  "episode_index": 8755,
  "state_ordinal": 4377,
  "start_time_wall": 1756993522.6128526,
  "end_time_wall": 1756993522.6379511,
  "wall_time_sec": 0.025099368998780847,
  "steps": 1,
  "packets": 31819,
  "dropped": 31819,
  "running_total_steps": 731664,
  "running_total_packets": 10388739534,
  "running_total_dropped": 104931530,
  "running_total_time_sec": 1821.8499798000048,
  "p_gb": 0.00606,
  "p_bg": 0.6,
  "good_loss_rate": 0.0,
  "bad_loss_rate": 1.0
}