{
  "state": "bad",
  "episode_index": 11241,
  "state_ordinal": 5620,
  "start_time_wall": 1756994047.5635924,
  "end_time_wall": 1756994047.6008286,
  "wall_time_sec": 0.037236798998492304,
  "steps": 2,
  "packets": 63638,
  "dropped": 63638,
  "running_total_steps": 949174,
  "running_total_packets": 13477074062,
  "running_total_dropped": 132682947,
  "running_total_time_sec": 2346.8128570830013,
  "p_gb": 0.00606,
  "p_bg": 0.6,
  "good_loss_rate": 0.0,
  "bad_loss_rate": 1.0
}