{
  "state": "bad",
  "episode_index": 4517,
  "state_ordinal": 2258,
  "start_time_wall": 1756992610.9771435,
  "end_time_wall": 1756992611.148687,
  "wall_time_sec": 0.17154366999602644,
  "steps": 1,
  "packets": 11571,
  "dropped": 11571,
  "running_total_steps": 375317,
  "running_total_packets": 5329077389,
  "running_total_dropped": 53779190,
  "running_total_time_sec": 910.3607151120013,
  "p_gb": 0.00606,
  "p_bg": 0.6,
  "good_loss_rate": 0.0,
  "bad_loss_rate": 1.0
}