{
  "state": "bad",
  "episode_index": 15891,
  "state_ordinal": 7945,
  "start_time_wall": 1756995032.8187387,
  "end_time_wall": 1756995032.9721994,
  "wall_time_sec": 0.1534607799985679,
  "steps": 1,
  "packets": 1447,
  "dropped": 1447,
  "running_total_steps": 1335820,
  "running_total_packets": 18966782314,
  "running_total_dropped": 188219379,
  "running_total_time_sec": 3332.184227347003,
  "p_gb": 0.00606,
  "p_bg": 0.6,
  "good_loss_rate": 0.0,
  "bad_loss_rate": 1.0
}