{
  "state": "bad",
  "episode_index": 15395,
  "state_ordinal": 7697,
  "start_time_wall": 1756994950.885805,
  "end_time_wall": 1756994950.8862545,
  "wall_time_sec": 0.00045022099948255345,
  "steps": 1,
  "packets": 6,
  "dropped": 6,
  "running_total_steps": 1296247,
  "running_total_packets": 18404910715,
  "running_total_dropped": 182510146,
  "running_total_time_sec": 3250.098282990999,
  "p_gb": 0.00606,
  "p_bg": 0.6,
  "good_loss_rate": 0.0,
  "bad_loss_rate": 1.0
}