{
  "state": "bad",
  "episode_index": 5033,
  "state_ordinal": 2516,
  "start_time_wall": 1756992746.0950575,
  "end_time_wall": 1756992746.096246,
  "wall_time_sec": 0.0011885900021297857,
  "steps": 1,
  "packets": 1447,
  "dropped": 1447,
  "running_total_steps": 417267,
  "running_total_packets": 5924623187,
  "running_total_dropped": 60150895,
  "running_total_time_sec": 1045.3082740390018,
  "p_gb": 0.00606,
  "p_bg": 0.6,
  "good_loss_rate": 0.0,
  "bad_loss_rate": 1.0
}