{
  "state": "bad",
  "episode_index": 10193,
  "state_ordinal": 5096,
  "start_time_wall": 1756993827.9060671,
  "end_time_wall": 1756993827.9066124,
  "wall_time_sec": 0.0005453140038298443,
  "steps": 1,
  "packets": 6,
  "dropped": 6,
  "running_total_steps": 857977,
  "running_total_packets": 12182156605,
  "running_total_dropped": 121006680,
  "running_total_time_sec": 2127.118640464003,
  "p_gb": 0.00606,
  "p_bg": 0.6,
  "good_loss_rate": 0.0,
  "bad_loss_rate": 1.0
}