{
  "state": "bad",
  "episode_index": 18977,
  "state_ordinal": 9488,
  "start_time_wall": 1756995651.3790298,
  "end_time_wall": 1756995651.398526,
  "wall_time_sec": 0.0194961949964636,
  "steps": 1,
  "packets": 31819,
  "dropped": 31819,
  "running_total_steps": 1586661,
  "running_total_packets": 22528392615,
  "running_total_dropped": 225856948,
  "running_total_time_sec": 3950.6105539650016,
  "p_gb": 0.00606,
  "p_bg": 0.6,
  "good_loss_rate": 0.0,
  "bad_loss_rate": 1.0
}