{
  "state": "bad",
  "episode_index": 6805,
  "state_ordinal": 3402,
  "start_time_wall": 1756993109.4595222,
  "end_time_wall": 1756993109.4602256,
  "wall_time_sec": 0.0007032959983916953,
  "steps": 2,
  "packets": 12,
  "dropped": 12,
  "running_total_steps": 563284,
  "running_total_packets": 7997949768,
  "running_total_dropped": 80582768,
  "running_total_time_sec": 1408.6722535380031,
  "p_gb": 0.00606,
  "p_bg": 0.6,
  "good_loss_rate": 0.0,
  "bad_loss_rate": 1.0
}