{
  "state": "bad",
  "episode_index": 4817,
  "state_ordinal": 2408,
  "start_time_wall": 1756992664.2091172,
  "end_time_wall": 1756992664.2097416,
  "wall_time_sec": 0.0006243259995244443,
  "steps": 1,
  "packets": 6,
  "dropped": 6,
  "running_total_steps": 401148,
  "running_total_packets": 5695810783,
  "running_total_dropped": 57832108,
  "running_total_time_sec": 963.4217695070038,
  "p_gb": 0.00606,
  "p_bg": 0.6,
  "good_loss_rate": 0.0,
  "bad_loss_rate": 1.0
}