{
  "state": "bad",
  "episode_index": 10609,
  "state_ordinal": 5304,
  "start_time_wall": 1756993938.3277073,
  "end_time_wall": 1756993938.5008912,
  "wall_time_sec": 0.1731842549997964,
  "steps": 1,
  "packets": 11571,
  "dropped": 11571,
  "running_total_steps": 895484,
  "running_total_packets": 12714757110,
  "running_total_dropped": 126031842,
  "running_total_time_sec": 2237.712919631005,
  "p_gb": 0.00606,
  "p_bg": 0.6,
  "good_loss_rate": 0.0,
  "bad_loss_rate": 1.0
}