{
  "state": "bad",
  "episode_index": 18857,
  "state_ordinal": 9428,
  "start_time_wall": 1756995634.6486878,
  "end_time_wall": 1756995634.8300514,
  "wall_time_sec": 0.1813640759937698,
  "steps": 1,
  "packets": 31819,
  "dropped": 31819,
  "running_total_steps": 1578504,
  "running_total_packets": 22412656370,
  "running_total_dropped": 224678045,
  "running_total_time_sec": 3934.042080015999,
  "p_gb": 0.00606,
  "p_bg": 0.6,
  "good_loss_rate": 0.0,
  "bad_loss_rate": 1.0
}