{
  "state": "bad",
  "episode_index": 11763,
  "state_ordinal": 5881,
  "start_time_wall": 1756994179.763024,
  "end_time_wall": 1756994179.7675872,
  "wall_time_sec": 0.004562851994705852,
  "steps": 1,
  "packets": 6,
  "dropped": 6,
  "running_total_steps": 997006,
  "running_total_packets": 14156216634,
  "running_total_dropped": 138331557,
  "running_total_time_sec": 2478.979615037999,
  "p_gb": 0.00606,
  "p_bg": 0.6,
  "good_loss_rate": 0.0,
  "bad_loss_rate": 1.0
}