{
  "state": "bad",
  "episode_index": 1677,
  "state_ordinal": 838,
  "start_time_wall": 1756992024.7553139,
  "end_time_wall": 1756992024.9101267,
  "wall_time_sec": 0.15481271700264188,
  "steps": 1,
  "packets": 1447,
  "dropped": 1447,
  "running_total_steps": 139789,
  "running_total_packets": 1984882619,
  "running_total_dropped": 20289849,
  "running_total_time_sec": 324.1221546750021,
  "p_gb": 0.00606,
  "p_bg": 0.6,
  "good_loss_rate": 0.0,
  "bad_loss_rate": 1.0
}