{
  "state": "bad",
  "episode_index": 5285,
  "state_ordinal": 2642,
  "start_time_wall": 1756992782.5070398,
  "end_time_wall": 1756992782.5260973,
  "wall_time_sec": 0.019058440004300792,
  "steps": 1,
  "packets": 31819,
  "dropped": 31819,
  "running_total_steps": 435236,
  "running_total_packets": 6179883122,
  "running_total_dropped": 62825420,
  "running_total_time_sec": 1081.7381260860056,
  "p_gb": 0.00606,
  "p_bg": 0.6,
  "good_loss_rate": 0.0,
  "bad_loss_rate": 1.0
}