{
  "state": "bad",
  "episode_index": 4557,
  "state_ordinal": 2278,
  "start_time_wall": 1756992620.0959742,
  "end_time_wall": 1756992620.096603,
  "wall_time_sec": 0.0006287760043051094,
  "steps": 1,
  "packets": 6,
  "dropped": 6,
  "running_total_steps": 380026,
  "running_total_packets": 5395906494,
  "running_total_dropped": 54165419,
  "running_total_time_sec": 919.3086309010032,
  "p_gb": 0.00606,
  "p_bg": 0.6,
  "good_loss_rate": 0.0,
  "bad_loss_rate": 1.0
}