{
  "state": "bad",
  "episode_index": 1125,
  "state_ordinal": 562,
  "start_time_wall": 1756991931.5268807,
  "end_time_wall": 1756991931.5856235,
  "wall_time_sec": 0.058743289999256376,
  "steps": 3,
  "packets": 95457,
  "dropped": 95457,
  "running_total_steps": 94229,
  "running_total_packets": 1338001023,
  "running_total_dropped": 13291838,
  "running_total_time_sec": 230.79765192400373,
  "p_gb": 0.00606,
  "p_bg": 0.6,
  "good_loss_rate": 0.0,
  "bad_loss_rate": 1.0
}