{
  "state": "bad",
  "episode_index": 14115,
  "state_ordinal": 7057,
  "start_time_wall": 1756994641.5272052,
  "end_time_wall": 1756994641.5437264,
  "wall_time_sec": 0.0165213739965111,
  "steps": 4,
  "packets": 26036,
  "dropped": 26036,
  "running_total_steps": 1188443,
  "running_total_packets": 16874265199,
  "running_total_dropped": 167711134,
  "running_total_time_sec": 2940.7557545070013,
  "p_gb": 0.00606,
  "p_bg": 0.6,
  "good_loss_rate": 0.0,
  "bad_loss_rate": 1.0
}