{
  "state": "bad",
  "episode_index": 7267,
  "state_ordinal": 3633,
  "start_time_wall": 1756993190.5521662,
  "end_time_wall": 1756993190.7206128,
  "wall_time_sec": 0.16844688399578445,
  "steps": 1,
  "packets": 6,
  "dropped": 6,
  "running_total_steps": 603246,
  "running_total_packets": 8565393225,
  "running_total_dropped": 86666683,
  "running_total_time_sec": 1489.9326410159993,
  "p_gb": 0.00606,
  "p_bg": 0.6,
  "good_loss_rate": 0.0,
  "bad_loss_rate": 1.0
}