{
  "state": "bad",
  "episode_index": 5641,
  "state_ordinal": 2820,
  "start_time_wall": 1756992838.5575418,
  "end_time_wall": 1756992838.7328155,
  "wall_time_sec": 0.1752741669988609,
  "steps": 1,
  "packets": 31819,
  "dropped": 31819,
  "running_total_steps": 462992,
  "running_total_packets": 6573966678,
  "running_total_dropped": 67446924,
  "running_total_time_sec": 1137.9448441269997,
  "p_gb": 0.00606,
  "p_bg": 0.6,
  "good_loss_rate": 0.0,
  "bad_loss_rate": 1.0
}