{
  "state": "bad",
  "episode_index": 5119,
  "state_ordinal": 2559,
  "start_time_wall": 1756992758.244033,
  "end_time_wall": 1756992758.2518456,
  "wall_time_sec": 0.007813023999915458,
  "steps": 1,
  "packets": 11571,
  "dropped": 11571,
  "running_total_steps": 423179,
  "running_total_packets": 6008659685,
  "running_total_dropped": 61008658,
  "running_total_time_sec": 1057.4638740160008,
  "p_gb": 0.00606,
  "p_bg": 0.6,
  "good_loss_rate": 0.0,
  "bad_loss_rate": 1.0
}