{
  "state": "bad",
  "episode_index": 8539,
  "state_ordinal": 4269,
  "start_time_wall": 1756993453.174225,
  "end_time_wall": 1756993453.3742914,
  "wall_time_sec": 0.20006697800272377,
  "steps": 3,
  "packets": 95457,
  "dropped": 95457,
  "running_total_steps": 714791,
  "running_total_packets": 10149195649,
  "running_total_dropped": 101860665,
  "running_total_time_sec": 1752.5863200770036,
  "p_gb": 0.00606,
  "p_bg": 0.6,
  "good_loss_rate": 0.0,
  "bad_loss_rate": 1.0
}