{
  "state": "bad",
  "episode_index": 1373,
  "state_ordinal": 686,
  "start_time_wall": 1756991974.1609447,
  "end_time_wall": 1756991974.3168287,
  "wall_time_sec": 0.15588395999657223,
  "steps": 1,
  "packets": 6,
  "dropped": 6,
  "running_total_steps": 114852,
  "running_total_packets": 1630860935,
  "running_total_dropped": 16102344,
  "running_total_time_sec": 273.52885666699876,
  "p_gb": 0.00606,
  "p_bg": 0.6,
  "good_loss_rate": 0.0,
  "bad_loss_rate": 1.0
}