{
  "state": "bad",
  "episode_index": 10891,
  "state_ordinal": 5445,
  "start_time_wall": 1756993987.6866565,
  "end_time_wall": 1756993987.6883419,
  "wall_time_sec": 0.001685252005700022,
  "steps": 1,
  "packets": 1447,
  "dropped": 1447,
  "running_total_steps": 919731,
  "running_total_packets": 13058929667,
  "running_total_dropped": 129065135,
  "running_total_time_sec": 2286.900369728006,
  "p_gb": 0.00606,
  "p_bg": 0.6,
  "good_loss_rate": 0.0,
  "bad_loss_rate": 1.0
}