{
  "state": "bad",
  "episode_index": 4607,
  "state_ordinal": 2303,
  "start_time_wall": 1756992625.7955856,
  "end_time_wall": 1756992625.8044345,
  "wall_time_sec": 0.008848987999954261,
  "steps": 2,
  "packets": 13018,
  "dropped": 13018,
  "running_total_steps": 382752,
  "running_total_packets": 5434659300,
  "running_total_dropped": 54704936,
  "running_total_time_sec": 925.0164624649988,
  "p_gb": 0.00606,
  "p_bg": 0.6,
  "good_loss_rate": 0.0,
  "bad_loss_rate": 1.0
}