{
  "state": "bad",
  "episode_index": 2603,
  "state_ordinal": 1301,
  "start_time_wall": 1756992227.080693,
  "end_time_wall": 1756992227.0890255,
  "wall_time_sec": 0.008332829995197244,
  "steps": 2,
  "packets": 13018,
  "dropped": 13018,
  "running_total_steps": 222173,
  "running_total_packets": 3154635645,
  "running_total_dropped": 30931835,
  "running_total_time_sec": 526.3010537139999,
  "p_gb": 0.00606,
  "p_bg": 0.6,
  "good_loss_rate": 0.0,
  "bad_loss_rate": 1.0
}