{
  "state": "bad",
  "episode_index": 2321,
  "state_ordinal": 1160,
  "start_time_wall": 1756992177.5657668,
  "end_time_wall": 1756992177.7310598,
  "wall_time_sec": 0.165292869998666,
  "steps": 3,
  "packets": 14465,
  "dropped": 14465,
  "running_total_steps": 197713,
  "running_total_packets": 2807296735,
  "running_total_dropped": 27921741,
  "running_total_time_sec": 476.9430877460036,
  "p_gb": 0.00606,
  "p_bg": 0.6,
  "good_loss_rate": 0.0,
  "bad_loss_rate": 1.0
}