{
  "state": "bad",
  "episode_index": 2903,
  "state_ordinal": 1451,
  "start_time_wall": 1756992316.4575295,
  "end_time_wall": 1756992316.629909,
  "wall_time_sec": 0.17237981899961596,
  "steps": 1,
  "packets": 31819,
  "dropped": 31819,
  "running_total_steps": 249628,
  "running_total_packets": 3544411560,
  "running_total_dropped": 34435212,
  "running_total_time_sec": 615.8419374760051,
  "p_gb": 0.00606,
  "p_bg": 0.6,
  "good_loss_rate": 0.0,
  "bad_loss_rate": 1.0
}