{
  "state": "bad",
  "episode_index": 15557,
  "state_ordinal": 7778,
  "start_time_wall": 1756994980.1757765,
  "end_time_wall": 1756994980.1839695,
  "wall_time_sec": 0.008193527995899785,
  "steps": 1,
  "packets": 11571,
  "dropped": 11571,
  "running_total_steps": 1310402,
  "running_total_packets": 18605970828,
  "running_total_dropped": 184156276,
  "running_total_time_sec": 3279.3959979520005,
  "p_gb": 0.00606,
  "p_bg": 0.6,
  "good_loss_rate": 0.0,
  "bad_loss_rate": 1.0
}