{
  "state": "bad",
  "episode_index": 7623,
  "state_ordinal": 3811,
  "start_time_wall": 1756993253.77476,
  "end_time_wall": 1756993253.9703455,
  "wall_time_sec": 0.19558548200438963,
  "steps": 4,
  "packets": 63650,
  "dropped": 63650,
  "running_total_steps": 634300,
  "running_total_packets": 9006233004,
  "running_total_dropped": 90834026,
  "running_total_time_sec": 1553.1823733410056,
  "p_gb": 0.00606,
  "p_bg": 0.6,
  "good_loss_rate": 0.0,
  "bad_loss_rate": 1.0
}