{
  "state": "bad",
  "episode_index": 18455,
  "state_ordinal": 9227,
  "start_time_wall": 1756995564.8526826,
  "end_time_wall": 1756995564.8618581,
  "wall_time_sec": 0.009175598999718204,
  "steps": 2,
  "packets": 13018,
  "dropped": 13018,
  "running_total_steps": 1544805,
  "running_total_packets": 21934125517,
  "running_total_dropped": 219896041,
  "running_total_time_sec": 3864.0738860710044,
  "p_gb": 0.00606,
  "p_bg": 0.6,
  "good_loss_rate": 0.0,
  "bad_loss_rate": 1.0
}