{
  "state": "bad",
  "episode_index": 2543,
  "state_ordinal": 1271,
  "start_time_wall": 1756992214.957272,
  "end_time_wall": 1756992214.957864,
  "wall_time_sec": 0.0005918169990764,
  "steps": 1,
  "packets": 6,
  "dropped": 6,
  "running_total_steps": 216475,
  "running_total_packets": 3073668591,
  "running_total_dropped": 30184020,
  "running_total_time_sec": 514.1698918530019,
  "p_gb": 0.00606,
  "p_bg": 0.6,
  "good_loss_rate": 0.0,
  "bad_loss_rate": 1.0
}