{
  "state": "bad",
  "episode_index": 13027,
  "state_ordinal": 6513,
  "start_time_wall": 1756994426.4565105,
  "end_time_wall": 1756994426.5220466,
  "wall_time_sec": 0.0655365909988177,
  "steps": 4,
  "packets": 107028,
  "dropped": 107028,
  "running_total_steps": 1100060,
  "running_total_packets": 15619366206,
  "running_total_dropped": 153000499,
  "running_total_time_sec": 2725.734074920001,
  "p_gb": 0.00606,
  "p_bg": 0.6,
  "good_loss_rate": 0.0,
  "bad_loss_rate": 1.0
}