{
  "state": "bad",
  "episode_index": 15921,
  "state_ordinal": 7960,
  "start_time_wall": 1756995038.4152281,
  "end_time_wall": 1756995038.4549735,
  "wall_time_sec": 0.039745504000165965,
  "steps": 2,
  "packets": 63638,
  "dropped": 63638,
  "running_total_steps": 1338529,
  "running_total_packets": 19005354301,
  "running_total_dropped": 188773338,
  "running_total_time_sec": 3337.667001556001,
  "p_gb": 0.00606,
  "p_bg": 0.6,
  "good_loss_rate": 0.0,
  "bad_loss_rate": 1.0
}