{
  "state": "bad",
  "episode_index": 15029,
  "state_ordinal": 7514,
  "start_time_wall": 1756994854.934931,
  "end_time_wall": 1756994854.9553254,
  "wall_time_sec": 0.020394621999002993,
  "steps": 1,
  "packets": 31819,
  "dropped": 31819,
  "running_total_steps": 1266021,
  "running_total_packets": 17975787475,
  "running_total_dropped": 178108575,
  "running_total_time_sec": 3154.1673535650043,
  "p_gb": 0.00606,
  "p_bg": 0.6,
  "good_loss_rate": 0.0,
  "bad_loss_rate": 1.0
}