{
  "state": "bad",
  "episode_index": 15381,
  "state_ordinal": 7690,
  "start_time_wall": 1756994949.013743,
  "end_time_wall": 1756994949.2172914,
  "wall_time_sec": 0.20354834599856986,
  "steps": 4,
  "packets": 63650,
  "dropped": 63650,
  "running_total_steps": 1295053,
  "running_total_packets": 18388089525,
  "running_total_dropped": 182377051,
  "running_total_time_sec": 3248.429319148003,
  "p_gb": 0.00606,
  "p_bg": 0.6,
  "good_loss_rate": 0.0,
  "bad_loss_rate": 1.0
}