{
  "state": "bad",
  "episode_index": 4477,
  "state_ordinal": 2238,
  "start_time_wall": 1756992603.6106174,
  "end_time_wall": 1756992603.6493182,
  "wall_time_sec": 0.03870092600118369,
  "steps": 3,
  "packets": 63644,
  "dropped": 63644,
  "running_total_steps": 371859,
  "running_total_packets": 5280048738,
  "running_total_dropped": 53152897,
  "running_total_time_sec": 902.8613463370057,
  "p_gb": 0.00606,
  "p_bg": 0.6,
  "good_loss_rate": 0.0,
  "bad_loss_rate": 1.0
}