{
  "state": "bad",
  "episode_index": 18755,
  "state_ordinal": 9377,
  "start_time_wall": 1756995617.9617424,
  "end_time_wall": 1756995617.989023,
  "wall_time_sec": 0.027281099995889235,
  "steps": 2,
  "packets": 43390,
  "dropped": 43390,
  "running_total_steps": 1570545,
  "running_total_packets": 22299593235,
  "running_total_dropped": 223452859,
  "running_total_time_sec": 3917.201051374999,
  "p_gb": 0.00606,
  "p_bg": 0.6,
  "good_loss_rate": 0.0,
  "bad_loss_rate": 1.0
}