{
  "state": "bad",
  "episode_index": 19039,
  "state_ordinal": 9519,
  "start_time_wall": 1756995664.4331455,
  "end_time_wall": 1756995664.441171,
  "wall_time_sec": 0.008025528004509397,
  "steps": 3,
  "packets": 11583,
  "dropped": 11583,
  "running_total_steps": 1593098,
  "running_total_packets": 22619793180,
  "running_total_dropped": 226762502,
  "running_total_time_sec": 3963.653199133005,
  "p_gb": 0.00606,
  "p_bg": 0.6,
  "good_loss_rate": 0.0,
  "bad_loss_rate": 1.0
}