{
  "state": "bad",
  "episode_index": 6087,
  "state_ordinal": 3043,
  "start_time_wall": 1756992949.520861,
  "end_time_wall": 1756992949.6834266,
  "wall_time_sec": 0.16256604000227526,
  "steps": 1,
  "packets": 11571,
  "dropped": 11571,
  "running_total_steps": 500429,
  "running_total_packets": 7105428813,
  "running_total_dropped": 72551631,
  "running_total_time_sec": 1248.8954548700058,
  "p_gb": 0.00606,
  "p_bg": 0.6,
  "good_loss_rate": 0.0,
  "bad_loss_rate": 1.0
}