{
  "state": "bad",
  "episode_index": 12127,
  "state_ordinal": 6063,
  "start_time_wall": 1756994240.9000947,
  "end_time_wall": 1756994240.9076402,
  "wall_time_sec": 0.0075457349958014674,
  "steps": 1,
  "packets": 11571,
  "dropped": 11571,
  "running_total_steps": 1027304,
  "running_total_packets": 14586274300,
  "running_total_dropped": 142169202,
  "running_total_time_sec": 2540.1196682869995,
  "p_gb": 0.00606,
  "p_bg": 0.6,
  "good_loss_rate": 0.0,
  "bad_loss_rate": 1.0
}