{
  "state": "bad",
  "episode_index": 10181,
  "state_ordinal": 5090,
  "start_time_wall": 1756993826.3640368,
  "end_time_wall": 1756993826.3645163,
  "wall_time_sec": 0.0004797020010300912,
  "steps": 1,
  "packets": 6,
  "dropped": 6,
  "running_total_steps": 857191,
  "running_total_packets": 12170983947,
  "running_total_dropped": 120980631,
  "running_total_time_sec": 2125.5765444370045,
  "p_gb": 0.00606,
  "p_bg": 0.6,
  "good_loss_rate": 0.0,
  "bad_loss_rate": 1.0
}