{
  "state": "bad",
  "episode_index": 1901,
  "state_ordinal": 950,
  "start_time_wall": 1756992105.312679,
  "end_time_wall": 1756992105.3142505,
  "wall_time_sec": 0.001571369997691363,
  "steps": 1,
  "packets": 1447,
  "dropped": 1447,
  "running_total_steps": 162135,
  "running_total_packets": 2302151979,
  "running_total_dropped": 22861829,
  "running_total_time_sec": 404.5262785820014,
  "p_gb": 0.00606,
  "p_bg": 0.6,
  "good_loss_rate": 0.0,
  "bad_loss_rate": 1.0
}