{
  "state": "bad",
  "episode_index": 429,
  "state_ordinal": 214,
  "start_time_wall": 1756991771.56521,
  "end_time_wall": 1756991771.5848384,
  "wall_time_sec": 0.019628361995273735,
  "steps": 1,
  "packets": 31819,
  "dropped": 31819,
  "running_total_steps": 32448,
  "running_total_packets": 460812826,
  "running_total_dropped": 5119126,
  "running_total_time_sec": 70.7968665619992,
  "p_gb": 0.00606,
  "p_bg": 0.6,
  "good_loss_rate": 0.0,
  "bad_loss_rate": 1.0
}