{
  "state": "bad",
  "episode_index": 14051,
  "state_ordinal": 7025,
  "start_time_wall": 1756994634.6713915,
  "end_time_wall": 1756994634.8869324,
  "wall_time_sec": 0.21554180899693165,
  "steps": 4,
  "packets": 107028,
  "dropped": 107028,
  "running_total_steps": 1185065,
  "running_total_packets": 16826330087,
  "running_total_dropped": 167132537,
  "running_total_time_sec": 2934.0989611490004,
  "p_gb": 0.00606,
  "p_bg": 0.6,
  "good_loss_rate": 0.0,
  "bad_loss_rate": 1.0
}