{
  "state": "bad",
  "episode_index": 13309,
  "state_ordinal": 6654,
  "start_time_wall": 1756994473.0048296,
  "end_time_wall": 1756994473.201129,
  "wall_time_sec": 0.19630070499988506,
  "steps": 2,
  "packets": 63638,
  "dropped": 63638,
  "running_total_steps": 1122371,
  "running_total_packets": 15936150993,
  "running_total_dropped": 157514872,
  "running_total_time_sec": 2772.413158299001,
  "p_gb": 0.00606,
  "p_bg": 0.6,
  "good_loss_rate": 0.0,
  "bad_loss_rate": 1.0
}