{
  "state": "bad",
  "episode_index": 16959,
  "state_ordinal": 8479,
  "start_time_wall": 1756995246.3635023,
  "end_time_wall": 1756995246.521985,
  "wall_time_sec": 0.15848325200204272,
  "steps": 1,
  "packets": 31819,
  "dropped": 31819,
  "running_total_steps": 1424721,
  "running_total_packets": 20229166855,
  "running_total_dropped": 201132191,
  "running_total_time_sec": 3545.734013510002,
  "p_gb": 0.00606,
  "p_bg": 0.6,
  "good_loss_rate": 0.0,
  "bad_loss_rate": 1.0
}