{
  "state": "bad",
  "episode_index": 10523,
  "state_ordinal": 5261,
  "start_time_wall": 1756993923.9636254,
  "end_time_wall": 1756993923.97214,
  "wall_time_sec": 0.008514531997207087,
  "steps": 2,
  "packets": 13018,
  "dropped": 13018,
  "running_total_steps": 888251,
  "running_total_packets": 12612030563,
  "running_total_dropped": 124718472,
  "running_total_time_sec": 2223.1841680889993,
  "p_gb": 0.00606,
  "p_bg": 0.6,
  "good_loss_rate": 0.0,
  "bad_loss_rate": 1.0
}