{
  "state": "bad",
  "episode_index": 4011,
  "state_ordinal": 2005,
  "start_time_wall": 1756992538.2905204,
  "end_time_wall": 1756992538.291009,
  "wall_time_sec": 0.0004887730028713122,
  "steps": 1,
  "packets": 6,
  "dropped": 6,
  "running_total_steps": 339954,
  "running_total_packets": 4827004965,
  "running_total_dropped": 47528904,
  "running_total_time_sec": 837.5030371060056,
  "p_gb": 0.00606,
  "p_bg": 0.6,
  "good_loss_rate": 0.0,
  "bad_loss_rate": 1.0
}