{
  "state": "bad",
  "episode_index": 13689,
  "state_ordinal": 6844,
  "start_time_wall": 1756994569.444979,
  "end_time_wall": 1756994569.5919123,
  "wall_time_sec": 0.1469343389981077,
  "steps": 3,
  "packets": 14465,
  "dropped": 14465,
  "running_total_steps": 1152611,
  "running_total_packets": 16365538943,
  "running_total_dropped": 162390921,
  "running_total_time_sec": 2868.8039411240024,
  "p_gb": 0.00606,
  "p_bg": 0.6,
  "good_loss_rate": 0.0,
  "bad_loss_rate": 1.0
}