{
  "state": "bad",
  "episode_index": 3123,
  "state_ordinal": 1561,
  "start_time_wall": 1756992350.574055,
  "end_time_wall": 1756992350.7407491,
  "wall_time_sec": 0.16669418799574487,
  "steps": 2,
  "packets": 13018,
  "dropped": 13018,
  "running_total_steps": 266409,
  "running_total_packets": 3782727377,
  "running_total_dropped": 36807459,
  "running_total_time_sec": 649.9527770880013,
  "p_gb": 0.00606,
  "p_bg": 0.6,
  "good_loss_rate": 0.0,
  "bad_loss_rate": 1.0
}