{
  "state": "bad",
  "episode_index": 6283,
  "state_ordinal": 3141,
  "start_time_wall": 1756992983.7125711,
  "end_time_wall": 1756992983.731275,
  "wall_time_sec": 0.018704895999690052,
  "steps": 1,
  "packets": 31819,
  "dropped": 31819,
  "running_total_steps": 517452,
  "running_total_packets": 7347193042,
  "running_total_dropped": 75064227,
  "running_total_time_sec": 1282.9433039870055,
  "p_gb": 0.00606,
  "p_bg": 0.6,
  "good_loss_rate": 0.0,
  "bad_loss_rate": 1.0
}