{
  "state": "bad",
  "episode_index": 6193,
  "state_ordinal": 3096,
  "start_time_wall": 1756992967.7549293,
  "end_time_wall": 1756992967.7637973,
  "wall_time_sec": 0.008868117001838982,
  "steps": 3,
  "packets": 13024,
  "dropped": 13024,
  "running_total_steps": 509454,
  "running_total_packets": 7233599050,
  "running_total_dropped": 73833287,
  "running_total_time_sec": 1266.9758253460022,
  "p_gb": 0.00606,
  "p_bg": 0.6,
  "good_loss_rate": 0.0,
  "bad_loss_rate": 1.0
}