{
  "state": "bad",
  "episode_index": 3227,
  "state_ordinal": 1613,
  "start_time_wall": 1756992365.9424143,
  "end_time_wall": 1756992365.951183,
  "wall_time_sec": 0.00876875299582025,
  "steps": 3,
  "packets": 13024,
  "dropped": 13024,
  "running_total_steps": 273819,
  "running_total_packets": 3887957791,
  "running_total_dropped": 38294438,
  "running_total_time_sec": 665.163211015999,
  "p_gb": 0.00606,
  "p_bg": 0.6,
  "good_loss_rate": 0.0,
  "bad_loss_rate": 1.0
}