{
  "state": "bad",
  "episode_index": 9775,
  "state_ordinal": 4887,
  "start_time_wall": 1756993754.1794338,
  "end_time_wall": 1756993754.1808095,
  "wall_time_sec": 0.001375775995256845,
  "steps": 1,
  "packets": 1447,
  "dropped": 1447,
  "running_total_steps": 822193,
  "running_total_packets": 11674052339,
  "running_total_dropped": 116463126,
  "running_total_time_sec": 2053.3928375489995,
  "p_gb": 0.00606,
  "p_bg": 0.6,
  "good_loss_rate": 0.0,
  "bad_loss_rate": 1.0
}