{
  "state": "bad",
  "episode_index": 10527,
  "state_ordinal": 5263,
  "start_time_wall": 1756993923.995716,
  "end_time_wall": 1756993924.0151026,
  "wall_time_sec": 0.019387054999242537,
  "steps": 1,
  "packets": 31819,
  "dropped": 31819,
  "running_total_steps": 888362,
  "running_total_packets": 12613584080,
  "running_total_dropped": 124761862,
  "running_total_time_sec": 2223.2271313590027,
  "p_gb": 0.00606,
  "p_bg": 0.6,
  "good_loss_rate": 0.0,
  "bad_loss_rate": 1.0
}