{
  "state": "bad",
  "episode_index": 13811,
  "state_ordinal": 6905,
  "start_time_wall": 1756994589.1864793,
  "end_time_wall": 1756994589.1875215,
  "wall_time_sec": 0.0010423769999761134,
  "steps": 1,
  "packets": 1447,
  "dropped": 1447,
  "running_total_steps": 1162240,
  "running_total_packets": 16502272378,
  "running_total_dropped": 163740508,
  "running_total_time_sec": 2888.399549671005,
  "p_gb": 0.00606,
  "p_bg": 0.6,
  "good_loss_rate": 0.0,
  "bad_loss_rate": 1.0
}