{
  "state": "bad",
  "episode_index": 8773,
  "state_ordinal": 4386,
  "start_time_wall": 1756993526.390346,
  "end_time_wall": 1756993526.535019,
  "wall_time_sec": 0.1446730719981133,
  "steps": 1,
  "packets": 1447,
  "dropped": 1447,
  "running_total_steps": 733672,
  "running_total_packets": 10417235314,
  "running_total_dropped": 105055941,
  "running_total_time_sec": 1825.7470470150001,
  "p_gb": 0.00606,
  "p_bg": 0.6,
  "good_loss_rate": 0.0,
  "bad_loss_rate": 1.0
}