{
  "state": "bad",
  "episode_index": 12873,
  "state_ordinal": 6436,
  "start_time_wall": 1756994395.2516556,
  "end_time_wall": 1756994395.2715592,
  "wall_time_sec": 0.019903881999198347,
  "steps": 1,
  "packets": 31819,
  "dropped": 31819,
  "running_total_steps": 1084739,
  "running_total_packets": 15401860989,
  "running_total_dropped": 150574836,
  "running_total_time_sec": 2694.4835875620047,
  "p_gb": 0.00606,
  "p_bg": 0.6,
  "good_loss_rate": 0.0,
  "bad_loss_rate": 1.0
}