{
  "state": "bad",
  "episode_index": 3951,
  "state_ordinal": 1975,
  "start_time_wall": 1756992526.780789,
  "end_time_wall": 1756992526.800009,
  "wall_time_sec": 0.019220039001083933,
  "steps": 1,
  "packets": 31819,
  "dropped": 31819,
  "running_total_steps": 334551,
  "running_total_packets": 4750250077,
  "running_total_dropped": 46883717,
  "running_total_time_sec": 826.0120368730059,
  "p_gb": 0.00606,
  "p_bg": 0.6,
  "good_loss_rate": 0.0,
  "bad_loss_rate": 1.0
}