{
  "state": "bad",
  "episode_index": 18269,
  "state_ordinal": 9134,
  "start_time_wall": 1756995537.9436243,
  "end_time_wall": 1756995538.159296,
  "wall_time_sec": 0.2156724909946206,
  "steps": 2,
  "packets": 63638,
  "dropped": 63638,
  "running_total_steps": 1531855,
  "running_total_packets": 21750336435,
  "running_total_dropped": 217649669,
  "running_total_time_sec": 3837.371324669999,
  "p_gb": 0.00606,
  "p_bg": 0.6,
  "good_loss_rate": 0.0,
  "bad_loss_rate": 1.0
}