{
  "state": "bad",
  "episode_index": 1713,
  "state_ordinal": 856,
  "start_time_wall": 1756992032.968434,
  "end_time_wall": 1756992032.9690309,
  "wall_time_sec": 0.0005969060002826154,
  "steps": 1,
  "packets": 6,
  "dropped": 6,
  "running_total_steps": 143787,
  "running_total_packets": 2041703478,
  "running_total_dropped": 20618243,
  "running_total_time_sec": 332.18105902400566,
  "p_gb": 0.00606,
  "p_bg": 0.6,
  "good_loss_rate": 0.0,
  "bad_loss_rate": 1.0
}