{
  "state": "bad",
  "episode_index": 8807,
  "state_ordinal": 4403,
  "start_time_wall": 1756993530.8260396,
  "end_time_wall": 1756993530.8308575,
  "wall_time_sec": 0.004817993001779541,
  "steps": 1,
  "packets": 6,
  "dropped": 6,
  "running_total_steps": 735706,
  "running_total_packets": 10446124534,
  "running_total_dropped": 105440741,
  "running_total_time_sec": 1830.0428854170023,
  "p_gb": 0.00606,
  "p_bg": 0.6,
  "good_loss_rate": 0.0,
  "bad_loss_rate": 1.0
}