{
  "state": "bad",
  "episode_index": 707,
  "state_ordinal": 353,
  "start_time_wall": 1756991817.2066529,
  "end_time_wall": 1756991817.214678,
  "wall_time_sec": 0.008025080001971219,
  "steps": 2,
  "packets": 11577,
  "dropped": 11577,
  "running_total_steps": 55220,
  "running_total_packets": 784109698,
  "running_total_dropped": 8125011,
  "running_total_time_sec": 116.4267060120037,
  "p_gb": 0.00606,
  "p_bg": 0.6,
  "good_loss_rate": 0.0,
  "bad_loss_rate": 1.0
}