{
  "state": "bad",
  "episode_index": 13157,
  "state_ordinal": 6578,
  "start_time_wall": 1756994450.748531,
  "end_time_wall": 1756994450.7876782,
  "wall_time_sec": 0.03914723799971398,
  "steps": 3,
  "packets": 63644,
  "dropped": 63644,
  "running_total_steps": 1111548,
  "running_total_packets": 15782584803,
  "running_total_dropped": 155313364,
  "running_total_time_sec": 2749.999706483999,
  "p_gb": 0.00606,
  "p_bg": 0.6,
  "good_loss_rate": 0.0,
  "bad_loss_rate": 1.0
}