{
  "state": "bad",
  "episode_index": 16439,
  "state_ordinal": 8219,
  "start_time_wall": 1756995156.1502519,
  "end_time_wall": 1756995156.3419588,
  "wall_time_sec": 0.19170681399555178,
  "steps": 4,
  "packets": 43402,
  "dropped": 43402,
  "running_total_steps": 1379903,
  "running_total_packets": 19592818585,
  "running_total_dropped": 194970175,
  "running_total_time_sec": 3455.5539866809995,
  "p_gb": 0.00606,
  "p_bg": 0.6,
  "good_loss_rate": 0.0,
  "bad_loss_rate": 1.0
}