{
  "state": "bad",
  "episode_index": 15283,
  "state_ordinal": 7641,
  "start_time_wall": 1756994934.3968656,
  "end_time_wall": 1756994934.4041915,
  "wall_time_sec": 0.007326603998080827,
  "steps": 1,
  "packets": 11571,
  "dropped": 11571,
  "running_total_steps": 1288118,
  "running_total_packets": 18289550556,
  "running_total_dropped": 181355852,
  "running_total_time_sec": 3233.6162199750033,
  "p_gb": 0.00606,
  "p_bg": 0.6,
  "good_loss_rate": 0.0,
  "bad_loss_rate": 1.0
}