{
  "state": "bad",
  "episode_index": 7089,
  "state_ordinal": 3544,
  "start_time_wall": 1756993156.6042662,
  "end_time_wall": 1756993156.623917,
  "wall_time_sec": 0.01965085800475208,
  "steps": 2,
  "packets": 31825,
  "dropped": 31825,
  "running_total_steps": 586407,
  "running_total_packets": 8326271722,
  "running_total_dropped": 84097760,
  "running_total_time_sec": 1455.8359450370044,
  "p_gb": 0.00606,
  "p_bg": 0.6,
  "good_loss_rate": 0.0,
  "bad_loss_rate": 1.0
}