{
  "state": "bad",
  "episode_index": 1963,
  "state_ordinal": 981,
  "start_time_wall": 1756992116.0040362,
  "end_time_wall": 1756992116.0253792,
  "wall_time_sec": 0.02134305399522418,
  "steps": 3,
  "packets": 31831,
  "dropped": 31831,
  "running_total_steps": 167059,
  "running_total_packets": 2372150331,
  "running_total_dropped": 23533017,
  "running_total_time_sec": 415.2374071890008,
  "p_gb": 0.00606,
  "p_bg": 0.6,
  "good_loss_rate": 0.0,
  "bad_loss_rate": 1.0
}