{
  "state": "bad",
  "episode_index": 2775,
  "state_ordinal": 1387,
  "start_time_wall": 1756992256.1640506,
  "end_time_wall": 1756992256.192208,
  "wall_time_sec": 0.028157597000245005,
  "steps": 4,
  "packets": 43402,
  "dropped": 43402,
  "running_total_steps": 236951,
  "running_total_packets": 3364415181,
  "running_total_dropped": 32887508,
  "running_total_time_sec": 555.4042361510001,
  "p_gb": 0.00606,
  "p_bg": 0.6,
  "good_loss_rate": 0.0,
  "bad_loss_rate": 1.0
}