{
  "state": "bad",
  "episode_index": 7013,
  "state_ordinal": 3506,
  "start_time_wall": 1756993140.663671,
  "end_time_wall": 1756993140.6644142,
  "wall_time_sec": 0.0007432179991155863,
  "steps": 2,
  "packets": 12,
  "dropped": 12,
  "running_total_steps": 578551,
  "running_total_packets": 8214725955,
  "running_total_dropped": 83435227,
  "running_total_time_sec": 1439.876442247005,
  "p_gb": 0.00606,
  "p_bg": 0.6,
  "good_loss_rate": 0.0,
  "bad_loss_rate": 1.0
}