{
  "state": "bad",
  "episode_index": 3239,
  "state_ordinal": 1619,
  "start_time_wall": 1756992367.5225987,
  "end_time_wall": 1756992367.5238917,
  "wall_time_sec": 0.0012930820012115873,
  "steps": 1,
  "packets": 1447,
  "dropped": 1447,
  "running_total_steps": 274660,
  "running_total_packets": 3899860926,
  "running_total_dropped": 38321928,
  "running_total_time_sec": 666.7359196360048,
  "p_gb": 0.00606,
  "p_bg": 0.6,
  "good_loss_rate": 0.0,
  "bad_loss_rate": 1.0
}