{
  "state": "good",
  "episode_index": 4864,
  "state_ordinal": 2432,
  "start_time_wall": 1756992720.0588918,
  "end_time_wall": 1756992720.0745122,
  "wall_time_sec": 0.01562012900103582,
  "steps": 153,
  "packets": 2065585,
  "dropped": 0,
  "running_total_steps": 403770,
  "running_total_packets": 5733033209,
  "running_total_dropped": 58274732,
  "running_total_time_sec": 1019.2865399270013,
  "p_gb": 0.00606,
  "p_bg": 0.6,
  "good_loss_rate": 0.0,
  "bad_loss_rate": 1.0
}