{
  "state": "good",
  "episode_index": 6044,
  "state_ordinal": 3022,
  "start_time_wall": 1756992940.3267748,
  "end_time_wall": 1756992940.3360775,
  "wall_time_sec": 0.009302667000156362,
  "steps": 74,
  "packets": 983617,
  "dropped": 0,
  "running_total_steps": 496031,
  "running_total_packets": 7042992689,
  "running_total_dropped": 71968696,
  "running_total_time_sec": 1239.548105586,
  "p_gb": 0.00606,
  "p_bg": 0.6,
  "good_loss_rate": 0.0,
  "bad_loss_rate": 1.0
}