{
  "state": "good",
  "episode_index": 1156,
  "state_ordinal": 578,
  "start_time_wall": 1756991938.1646876,
  "end_time_wall": 1756991938.165314,
  "wall_time_sec": 0.0006262859969865531,
  "steps": 5,
  "packets": 26042,
  "dropped": 0,
  "running_total_steps": 97178,
  "running_total_packets": 1379863786,
  "running_total_dropped": 13779277,
  "running_total_time_sec": 237.3773420630023,
  "p_gb": 0.00606,
  "p_bg": 0.6,
  "good_loss_rate": 0.0,
  "bad_loss_rate": 1.0
}