{
  "state": "good",
  "episode_index": 17394,
  "state_ordinal": 8697,
  "start_time_wall": 1756995359.3991504,
  "end_time_wall": 1756995360.168245,
  "wall_time_sec": 0.7690946020011324,
  "steps": 334,
  "packets": 4673598,
  "dropped": 1,
  "running_total_steps": 1462814,
  "running_total_packets": 20769968944,
  "running_total_dropped": 206118224,
  "running_total_time_sec": 3659.380272995004,
  "p_gb": 0.00606,
  "p_bg": 0.6,
  "good_loss_rate": 0.0,
  "bad_loss_rate": 1.0
}