{
  "state": "good",
  "episode_index": 11736,
  "state_ordinal": 5868,
  "start_time_wall": 1756994174.7953963,
  "end_time_wall": 1756994175.409208,
  "wall_time_sec": 0.6138108749946696,
  "steps": 294,
  "packets": 4080550,
  "dropped": 1,
  "running_total_steps": 994931,
  "running_total_packets": 14126657693,
  "running_total_dropped": 138114589,
  "running_total_time_sec": 2474.6212360499994,
  "p_gb": 0.00606,
  "p_bg": 0.6,
  "good_loss_rate": 0.0,
  "bad_loss_rate": 1.0
}