{
  "state": "good",
  "episode_index": 14132,
  "state_ordinal": 7066,
  "start_time_wall": 1756994645.6333323,
  "end_time_wall": 1756994645.65178,
  "wall_time_sec": 0.018447317997924984,
  "steps": 145,
  "packets": 1944086,
  "dropped": 0,
  "running_total_steps": 1190320,
  "running_total_packets": 16900896456,
  "running_total_dropped": 167981623,
  "running_total_time_sec": 2944.863807791,
  "p_gb": 0.00606,
  "p_bg": 0.6,
  "good_loss_rate": 0.0,
  "bad_loss_rate": 1.0
}