{
  "state": "good",
  "episode_index": 16946,
  "state_ordinal": 8473,
  "start_time_wall": 1756995244.0972831,
  "end_time_wall": 1756995244.107895,
  "wall_time_sec": 0.01061161400139099,
  "steps": 94,
  "packets": 1241086,
  "dropped": 0,
  "running_total_steps": 1423622,
  "running_total_packets": 20213469594,
  "running_total_dropped": 200929694,
  "running_total_time_sec": 3543.3199226720026,
  "p_gb": 0.00606,
  "p_bg": 0.6,
  "good_loss_rate": 0.0,
  "bad_loss_rate": 1.0
}