{
  "state": "good",
  "episode_index": 15226,
  "state_ordinal": 7613,
  "start_time_wall": 1756994890.368651,
  "end_time_wall": 1756994890.3739967,
  "wall_time_sec": 0.005345752004359383,
  "steps": 31,
  "packets": 545328,
  "dropped": 0,
  "running_total_steps": 1283193,
  "running_total_packets": 18219708416,
  "running_total_dropped": 180593579,
  "running_total_time_sec": 3189.5860248290046,
  "p_gb": 0.00606,
  "p_bg": 0.6,
  "good_loss_rate": 0.0,
  "bad_loss_rate": 1.0
}