{
  "state": "good",
  "episode_index": 3914,
  "state_ordinal": 1957,
  "start_time_wall": 1756992520.764988,
  "end_time_wall": 1756992520.7698703,
  "wall_time_sec": 0.004881795000983402,
  "steps": 43,
  "packets": 564135,
  "dropped": 0,
  "running_total_steps": 331780,
  "running_total_packets": 4710859374,
  "running_total_dropped": 46318165,
  "running_total_time_sec": 819.9818981760036,
  "p_gb": 0.00606,
  "p_bg": 0.6,
  "good_loss_rate": 0.0,
  "bad_loss_rate": 1.0
}