{
  "state": "good",
  "episode_index": 6468,
  "state_ordinal": 3234,
  "start_time_wall": 1756993013.5438364,
  "end_time_wall": 1756993013.549448,
  "wall_time_sec": 0.005611148000753019,
  "steps": 39,
  "packets": 581477,
  "dropped": 0,
  "running_total_steps": 532208,
  "running_total_packets": 7556686166,
  "running_total_dropped": 76925908,
  "running_total_time_sec": 1312.761475750005,
  "p_gb": 0.00606,
  "p_bg": 0.6,
  "good_loss_rate": 0.0,
  "bad_loss_rate": 1.0
}