{
  "state": "good",
  "episode_index": 8578,
  "state_ordinal": 4289,
  "start_time_wall": 1756993458.5857053,
  "end_time_wall": 1756993459.1186137,
  "wall_time_sec": 0.5329084789991612,
  "steps": 216,
  "packets": 3033283,
  "dropped": 0,
  "running_total_steps": 717411,
  "running_total_packets": 10186354437,
  "running_total_dropped": 102541940,
  "running_total_time_sec": 1758.3306417040003,
  "p_gb": 0.00606,
  "p_bg": 0.6,
  "good_loss_rate": 0.0,
  "bad_loss_rate": 1.0
}