{
  "state": "good",
  "episode_index": 8212,
  "state_ordinal": 4106,
  "start_time_wall": 1756993390.01117,
  "end_time_wall": 1756993390.016211,
  "wall_time_sec": 0.005040829993959051,
  "steps": 38,
  "packets": 529410,
  "dropped": 0,
  "running_total_steps": 683706,
  "running_total_packets": 9707746916,
  "running_total_dropped": 98041973,
  "running_total_time_sec": 1689.2282388599997,
  "p_gb": 0.00606,
  "p_bg": 0.6,
  "good_loss_rate": 0.0,
  "bad_loss_rate": 1.0
}