{
  "state": "good",
  "episode_index": 1292,
  "state_ordinal": 646,
  "start_time_wall": 1756991962.0921707,
  "end_time_wall": 1756991962.0959542,
  "wall_time_sec": 0.0037832950038136914,
  "steps": 34,
  "packets": 483126,
  "dropped": 0,
  "running_total_steps": 108980,
  "running_total_packets": 1547501394,
  "running_total_dropped": 15256144,
  "running_total_time_sec": 261.3079820070052,
  "p_gb": 0.00606,
  "p_bg": 0.6,
  "good_loss_rate": 0.0,
  "bad_loss_rate": 1.0
}