{
  "state": "good",
  "episode_index": 4612,
  "state_ordinal": 2306,
  "start_time_wall": 1756992626.6164987,
  "end_time_wall": 1756992626.6181424,
  "wall_time_sec": 0.00164358300389722,
  "steps": 11,
  "packets": 124399,
  "dropped": 0,
  "running_total_steps": 382918,
  "running_total_packets": 5437028644,
  "running_total_dropped": 54780146,
  "running_total_time_sec": 925.8301704680052,
  "p_gb": 0.00606,
  "p_bg": 0.6,
  "good_loss_rate": 0.0,
  "bad_loss_rate": 1.0
}