{
  "state": "good",
  "episode_index": 10654,
  "state_ordinal": 5327,
  "start_time_wall": 1756993945.777692,
  "end_time_wall": 1756993945.7797194,
  "wall_time_sec": 0.0020267820000299253,
  "steps": 10,
  "packets": 153324,
  "dropped": 0,
  "running_total_steps": 899107,
  "running_total_packets": 12766205719,
  "running_total_dropped": 126480268,
  "running_total_time_sec": 2244.9917475280017,
  "p_gb": 0.00606,
  "p_bg": 0.6,
  "good_loss_rate": 0.0,
  "bad_loss_rate": 1.0
}