{
  "state": "good",
  "episode_index": 576,
  "state_ordinal": 288,
  "start_time_wall": 1756991792.1768517,
  "end_time_wall": 1756991792.7565417,
  "wall_time_sec": 0.5796899100023438,
  "steps": 172,
  "packets": 2489390,
  "dropped": 0,
  "running_total_steps": 42956,
  "running_total_packets": 610009178,
  "running_total_dropped": 6714643,
  "running_total_time_sec": 91.96856969200599,
  "p_gb": 0.00606,
  "p_bg": 0.6,
  "good_loss_rate": 0.0,
  "bad_loss_rate": 1.0
}