{
  "state": "good",
  "episode_index": 15766,
  "state_ordinal": 7883,
  "start_time_wall": 1756995014.7353714,
  "end_time_wall": 1756995014.7373679,
  "wall_time_sec": 0.0019964289967902005,
  "steps": 16,
  "packets": 199620,
  "dropped": 0,
  "running_total_steps": 1327123,
  "running_total_packets": 18843334853,
  "running_total_dropped": 186577660,
  "running_total_time_sec": 3313.949395789001,
  "p_gb": 0.00606,
  "p_bg": 0.6,
  "good_loss_rate": 0.0,
  "bad_loss_rate": 1.0
}