{
  "state": "good",
  "episode_index": 9370,
  "state_ordinal": 4685,
  "start_time_wall": 1756993639.960236,
  "end_time_wall": 1756993639.9688253,
  "wall_time_sec": 0.00858919999882346,
  "steps": 60,
  "packets": 922861,
  "dropped": 0,
  "running_total_steps": 789138,
  "running_total_packets": 11204793454,
  "running_total_dropped": 111942809,
  "running_total_time_sec": 1939.1808532540017,
  "p_gb": 0.00606,
  "p_bg": 0.6,
  "good_loss_rate": 0.0,
  "bad_loss_rate": 1.0
}