{
  "state": "good",
  "episode_index": 14792,
  "state_ordinal": 7396,
  "start_time_wall": 1756994817.1353636,
  "end_time_wall": 1756994817.1430526,
  "wall_time_sec": 0.007688921999942977,
  "steps": 72,
  "packets": 972040,
  "dropped": 0,
  "running_total_steps": 1247524,
  "running_total_packets": 17713169256,
  "running_total_dropped": 175405145,
  "running_total_time_sec": 3116.3550804900005,
  "p_gb": 0.00606,
  "p_bg": 0.6,
  "good_loss_rate": 0.0,
  "bad_loss_rate": 1.0
}