{
  "state": "good",
  "episode_index": 5056,
  "state_ordinal": 2528,
  "start_time_wall": 1756992750.2049088,
  "end_time_wall": 1756992750.7829235,
  "wall_time_sec": 0.578014812002948,
  "steps": 152,
  "packets": 2233362,
  "dropped": 0,
  "running_total_steps": 419621,
  "running_total_packets": 5958128131,
  "running_total_dropped": 60457545,
  "running_total_time_sec": 1049.9949515350017,
  "p_gb": 0.00606,
  "p_bg": 0.6,
  "good_loss_rate": 0.0,
  "bad_loss_rate": 1.0
}