{
  "state": "good",
  "episode_index": 11400,
  "state_ordinal": 5700,
  "start_time_wall": 1756994074.9273214,
  "end_time_wall": 1756994074.9437628,
  "wall_time_sec": 0.01644132599903969,
  "steps": 111,
  "packets": 1638867,
  "dropped": 0,
  "running_total_steps": 962871,
  "running_total_packets": 13671536758,
  "running_total_dropped": 134136710,
  "running_total_time_sec": 2374.1557906849994,
  "p_gb": 0.00606,
  "p_bg": 0.6,
  "good_loss_rate": 0.0,
  "bad_loss_rate": 1.0
}