{
  "state": "good",
  "episode_index": 11924,
  "state_ordinal": 5962,
  "start_time_wall": 1756994204.445536,
  "end_time_wall": 1756994204.4553874,
  "wall_time_sec": 0.009850652997556608,
  "steps": 76,
  "packets": 985070,
  "dropped": 0,
  "running_total_steps": 1009002,
  "running_total_packets": 14326433330,
  "running_total_dropped": 140037037,
  "running_total_time_sec": 2503.6674152920023,
  "p_gb": 0.00606,
  "p_bg": 0.6,
  "good_loss_rate": 0.0,
  "bad_loss_rate": 1.0
}