{
  "state": "good",
  "episode_index": 9954,
  "state_ordinal": 4977,
  "start_time_wall": 1756993784.737966,
  "end_time_wall": 1756993784.7455864,
  "wall_time_sec": 0.00762030800251523,
  "steps": 76,
  "packets": 998076,
  "dropped": 0,
  "running_total_steps": 837068,
  "running_total_packets": 11885253768,
  "running_total_dropped": 118326251,
  "running_total_time_sec": 2083.9576144790044,
  "p_gb": 0.00606,
  "p_bg": 0.6,
  "good_loss_rate": 0.0,
  "bad_loss_rate": 1.0
}