{
  "state": "good",
  "episode_index": 17310,
  "state_ordinal": 8655,
  "start_time_wall": 1756995341.5223033,
  "end_time_wall": 1756995342.8345668,
  "wall_time_sec": 1.3122636879998026,
  "steps": 581,
  "packets": 8275339,
  "dropped": 0,
  "running_total_steps": 1454395,
  "running_total_packets": 20650425543,
  "running_total_dropped": 205130276,
  "running_total_time_sec": 3642.046594989006,
  "p_gb": 0.00606,
  "p_bg": 0.6,
  "good_loss_rate": 0.0,
  "bad_loss_rate": 1.0
}