{
  "state": "good",
  "episode_index": 2044,
  "state_ordinal": 1022,
  "start_time_wall": 1756992130.3958871,
  "end_time_wall": 1756992130.4035513,
  "wall_time_sec": 0.007663662006962113,
  "steps": 71,
  "packets": 940221,
  "dropped": 0,
  "running_total_steps": 174262,
  "running_total_packets": 2474314190,
  "running_total_dropped": 24892694,
  "running_total_time_sec": 429.6155790680059,
  "p_gb": 0.00606,
  "p_bg": 0.6,
  "good_loss_rate": 0.0,
  "bad_loss_rate": 1.0
}