{
  "state": "good",
  "episode_index": 15190,
  "state_ordinal": 7595,
  "start_time_wall": 1756994883.0218132,
  "end_time_wall": 1756994883.607075,
  "wall_time_sec": 0.5852613989991369,
  "steps": 189,
  "packets": 2657203,
  "dropped": 0,
  "running_total_steps": 1279852,
  "running_total_packets": 18172178338,
  "running_total_dropped": 180127827,
  "running_total_time_sec": 3182.819102984002,
  "p_gb": 0.00606,
  "p_bg": 0.6,
  "good_loss_rate": 0.0,
  "bad_loss_rate": 1.0
}