{
  "state": "good",
  "episode_index": 6328,
  "state_ordinal": 3164,
  "start_time_wall": 1756992991.7121637,
  "end_time_wall": 1756992992.3063915,
  "wall_time_sec": 0.5942278260044986,
  "steps": 338,
  "packets": 4857293,
  "dropped": 0,
  "running_total_steps": 521903,
  "running_total_packets": 7410407369,
  "running_total_dropped": 75415756,
  "running_total_time_sec": 1291.5184195270049,
  "p_gb": 0.00606,
  "p_bg": 0.6,
  "good_loss_rate": 0.0,
  "bad_loss_rate": 1.0
}