{
  "state": "good",
  "episode_index": 9852,
  "state_ordinal": 4926,
  "start_time_wall": 1756993768.0327954,
  "end_time_wall": 1756993768.0456767,
  "wall_time_sec": 0.012880798996775411,
  "steps": 122,
  "packets": 1654786,
  "dropped": 0,
  "running_total_steps": 829052,
  "running_total_packets": 11771447138,
  "running_total_dropped": 117062014,
  "running_total_time_sec": 2067.2577046250008,
  "p_gb": 0.00606,
  "p_bg": 0.6,
  "good_loss_rate": 0.0,
  "bad_loss_rate": 1.0
}