{
  "state": "good",
  "episode_index": 160,
  "state_ordinal": 80,
  "start_time_wall": 1756991728.4538257,
  "end_time_wall": 1756991728.4767115,
  "wall_time_sec": 0.022885425998538267,
  "steps": 184,
  "packets": 2642726,
  "dropped": 0,
  "running_total_steps": 11728,
  "running_total_packets": 166648184,
  "running_total_dropped": 2012042,
  "running_total_time_sec": 27.688739310004166,
  "p_gb": 0.00606,
  "p_bg": 0.6,
  "good_loss_rate": 0.0,
  "bad_loss_rate": 1.0
}