{
  "state": "good",
  "episode_index": 15962,
  "state_ordinal": 7981,
  "start_time_wall": 1756995042.8700633,
  "end_time_wall": 1756995042.8729973,
  "wall_time_sec": 0.0029333099955692887,
  "steps": 25,
  "packets": 300877,
  "dropped": 0,
  "running_total_steps": 1340739,
  "running_total_packets": 19036715569,
  "running_total_dropped": 189369275,
  "running_total_time_sec": 3342.085025253,
  "p_gb": 0.00606,
  "p_bg": 0.6,
  "good_loss_rate": 0.0,
  "bad_loss_rate": 1.0
}