{
  "state": "good",
  "episode_index": 9272,
  "state_ordinal": 4636,
  "start_time_wall": 1756993619.8153868,
  "end_time_wall": 1756993620.4212704,
  "wall_time_sec": 0.6058831960035604,
  "steps": 383,
  "packets": 5433005,
  "dropped": 1,
  "running_total_steps": 779503,
  "running_total_packets": 11068003599,
  "running_total_dropped": 111017018,
  "running_total_time_sec": 1919.633298161003,
  "p_gb": 0.00606,
  "p_bg": 0.6,
  "good_loss_rate": 0.0,
  "bad_loss_rate": 1.0
}