{
  "state": "good",
  "episode_index": 7352,
  "state_ordinal": 3676,
  "start_time_wall": 1756993206.3911448,
  "end_time_wall": 1756993206.9451435,
  "wall_time_sec": 0.553998732000764,
  "steps": 99,
  "packets": 1485531,
  "dropped": 0,
  "running_total_steps": 611320,
  "running_total_packets": 8680004100,
  "running_total_dropped": 87647456,
  "running_total_time_sec": 1506.1571714610036,
  "p_gb": 0.00606,
  "p_bg": 0.6,
  "good_loss_rate": 0.0,
  "bad_loss_rate": 1.0
}