{
  "state": "good",
  "episode_index": 18140,
  "state_ordinal": 9070,
  "start_time_wall": 1756995481.463737,
  "end_time_wall": 1756995482.0664327,
  "wall_time_sec": 0.6026952239990351,
  "steps": 228,
  "packets": 3218432,
  "dropped": 0,
  "running_total_steps": 1521893,
  "running_total_packets": 21608791997,
  "running_total_dropped": 215967440,
  "running_total_time_sec": 3781.2784607850044,
  "p_gb": 0.00606,
  "p_bg": 0.6,
  "good_loss_rate": 0.0,
  "bad_loss_rate": 1.0
}