{
  "state": "good",
  "episode_index": 16928,
  "state_ordinal": 8464,
  "start_time_wall": 1756995241.4746773,
  "end_time_wall": 1756995241.485647,
  "wall_time_sec": 0.01096893200156046,
  "steps": 84,
  "packets": 1105128,
  "dropped": 0,
  "running_total_steps": 1422266,
  "running_total_packets": 20194206740,
  "running_total_dropped": 200744550,
  "running_total_time_sec": 3540.697674695002,
  "p_gb": 0.00606,
  "p_bg": 0.6,
  "good_loss_rate": 0.0,
  "bad_loss_rate": 1.0
}