{
  "state": "good",
  "episode_index": 7638,
  "state_ordinal": 3819,
  "start_time_wall": 1756993256.6732087,
  "end_time_wall": 1756993258.031179,
  "wall_time_sec": 1.357970065997506,
  "steps": 485,
  "packets": 6982180,
  "dropped": 0,
  "running_total_steps": 636245,
  "running_total_packets": 9033921627,
  "running_total_dropped": 91062555,
  "running_total_time_sec": 1557.2432068400012,
  "p_gb": 0.00606,
  "p_bg": 0.6,
  "good_loss_rate": 0.0,
  "bad_loss_rate": 1.0
}