{
  "state": "good",
  "episode_index": 3810,
  "state_ordinal": 1905,
  "start_time_wall": 1756992462.2013452,
  "end_time_wall": 1756992463.571817,
  "wall_time_sec": 1.3704714929990587,
  "steps": 680,
  "packets": 9611894,
  "dropped": 0,
  "running_total_steps": 321193,
  "running_total_packets": 4560527517,
  "running_total_dropped": 44871713,
  "running_total_time_sec": 762.7838448780021,
  "p_gb": 0.00606,
  "p_bg": 0.6,
  "good_loss_rate": 0.0,
  "bad_loss_rate": 1.0
}