{
  "state": "good",
  "episode_index": 3804,
  "state_ordinal": 1902,
  "start_time_wall": 1756992462.1366985,
  "end_time_wall": 1756992462.143517,
  "wall_time_sec": 0.006818293004471343,
  "steps": 43,
  "packets": 564135,
  "dropped": 1,
  "running_total_steps": 320314,
  "running_total_packets": 4548064600,
  "running_total_dropped": 44815305,
  "running_total_time_sec": 761.355544900005,
  "p_gb": 0.00606,
  "p_bg": 0.6,
  "good_loss_rate": 0.0,
  "bad_loss_rate": 1.0
}