{
  "state": "good",
  "episode_index": 14818,
  "state_ordinal": 7409,
  "start_time_wall": 1756994822.8535101,
  "end_time_wall": 1756994823.4439201,
  "wall_time_sec": 0.5904097129969159,
  "steps": 195,
  "packets": 2827869,
  "dropped": 0,
  "running_total_steps": 1250573,
  "running_total_packets": 17756464019,
  "running_total_dropped": 175638022,
  "running_total_time_sec": 3122.6559481130025,
  "p_gb": 0.00606,
  "p_bg": 0.6,
  "good_loss_rate": 0.0,
  "bad_loss_rate": 1.0
}