{
  "state": "good",
  "episode_index": 10992,
  "state_ordinal": 5496,
  "start_time_wall": 1756994005.801231,
  "end_time_wall": 1756994006.548698,
  "wall_time_sec": 0.747466966000502,
  "steps": 134,
  "packets": 1939732,
  "dropped": 1,
  "running_total_steps": 928908,
  "running_total_packets": 13189282646,
  "running_total_dropped": 130057502,
  "running_total_time_sec": 2305.7607257530035,
  "p_gb": 0.00606,
  "p_bg": 0.6,
  "good_loss_rate": 0.0,
  "bad_loss_rate": 1.0
}