{
  "state": "good",
  "episode_index": 14436,
  "state_ordinal": 7218,
  "start_time_wall": 1756994756.046973,
  "end_time_wall": 1756994756.2469258,
  "wall_time_sec": 0.19995273100357736,
  "steps": 57,
  "packets": 909837,
  "dropped": 0,
  "running_total_steps": 1218107,
  "running_total_packets": 17295536905,
  "running_total_dropped": 171317332,
  "running_total_time_sec": 3055.4589538780056,
  "p_gb": 0.00606,
  "p_bg": 0.6,
  "good_loss_rate": 0.0,
  "bad_loss_rate": 1.0
}