{
  "state": "good",
  "episode_index": 6638,
  "state_ordinal": 3319,
  "start_time_wall": 1756993043.3259513,
  "end_time_wall": 1756993043.3285732,
  "wall_time_sec": 0.0026216469996143132,
  "steps": 19,
  "packets": 274829,
  "dropped": 0,
  "running_total_steps": 547201,
  "running_total_packets": 7769604577,
  "running_total_dropped": 78990068,
  "running_total_time_sec": 1342.5406012650055,
  "p_gb": 0.00606,
  "p_bg": 0.6,
  "good_loss_rate": 0.0,
  "bad_loss_rate": 1.0
}