{
  "state": "good",
  "episode_index": 4146,
  "state_ordinal": 2073,
  "start_time_wall": 1756992557.6285496,
  "end_time_wall": 1756992557.861064,
  "wall_time_sec": 0.23251356899709208,
  "steps": 340,
  "packets": 4719894,
  "dropped": 0,
  "running_total_steps": 349886,
  "running_total_packets": 4967952020,
  "running_total_dropped": 49109922,
  "running_total_time_sec": 857.0730917580004,
  "p_gb": 0.00606,
  "p_bg": 0.6,
  "good_loss_rate": 0.0,
  "bad_loss_rate": 1.0
}