{
  "state": "good",
  "episode_index": 13142,
  "state_ordinal": 6571,
  "start_time_wall": 1756994446.741514,
  "end_time_wall": 1756994446.7455819,
  "wall_time_sec": 0.004067875001055654,
  "steps": 36,
  "packets": 486020,
  "dropped": 0,
  "running_total_steps": 1109639,
  "running_total_packets": 15755393765,
  "running_total_dropped": 155064580,
  "running_total_time_sec": 2745.9576098250036,
  "p_gb": 0.00606,
  "p_bg": 0.6,
  "good_loss_rate": 0.0,
  "bad_loss_rate": 1.0
}