{
  "state": "good",
  "episode_index": 1962,
  "state_ordinal": 981,
  "start_time_wall": 1756992116.0020773,
  "end_time_wall": 1756992116.0040362,
  "wall_time_sec": 0.0019585070040193386,
  "steps": 11,
  "packets": 185143,
  "dropped": 0,
  "running_total_steps": 167056,
  "running_total_packets": 2372118500,
  "running_total_dropped": 23501186,
  "running_total_time_sec": 415.2160641350056,
  "p_gb": 0.00606,
  "p_bg": 0.6,
  "good_loss_rate": 0.0,
  "bad_loss_rate": 1.0
}