{
  "state": "good",
  "episode_index": 18758,
  "state_ordinal": 9379,
  "start_time_wall": 1756995618.7769077,
  "end_time_wall": 1756995618.7894983,
  "wall_time_sec": 0.012590506994456518,
  "steps": 100,
  "packets": 1336561,
  "dropped": 0,
  "running_total_steps": 1570969,
  "running_total_packets": 22305607729,
  "running_total_dropped": 223452865,
  "running_total_time_sec": 3918.001526246,
  "p_gb": 0.00606,
  "p_bg": 0.6,
  "good_loss_rate": 0.0,
  "bad_loss_rate": 1.0
}