{
  "state": "good",
  "episode_index": 19010,
  "state_ordinal": 9505,
  "start_time_wall": 1756995655.720021,
  "end_time_wall": 1756995655.7220602,
  "wall_time_sec": 0.002039033002802171,
  "steps": 15,
  "packets": 231427,
  "dropped": 0,
  "running_total_steps": 1588766,
  "running_total_packets": 22558391280,
  "running_total_dropped": 226476080,
  "running_total_time_sec": 3954.9340883320037,
  "p_gb": 0.00606,
  "p_bg": 0.6,
  "good_loss_rate": 0.0,
  "bad_loss_rate": 1.0
}