{
  "state": "good",
  "episode_index": 6092,
  "state_ordinal": 3046,
  "start_time_wall": 1756992951.243537,
  "end_time_wall": 1756992951.2537403,
  "wall_time_sec": 0.010203309000644367,
  "steps": 66,
  "packets": 863559,
  "dropped": 1,
  "running_total_steps": 501204,
  "running_total_packets": 7116466948,
  "running_total_dropped": 72583457,
  "running_total_time_sec": 1250.4657682270044,
  "p_gb": 0.00606,
  "p_bg": 0.6,
  "good_loss_rate": 0.0,
  "bad_loss_rate": 1.0
}