{
  "state": "good",
  "episode_index": 15242,
  "state_ordinal": 7621,
  "start_time_wall": 1756994891.9965448,
  "end_time_wall": 1756994891.9985175,
  "wall_time_sec": 0.0019728219995158724,
  "steps": 12,
  "packets": 196714,
  "dropped": 0,
  "running_total_steps": 1283848,
  "running_total_packets": 18228967372,
  "running_total_dropped": 180741126,
  "running_total_time_sec": 3191.210545576003,
  "p_gb": 0.00606,
  "p_bg": 0.6,
  "good_loss_rate": 0.0,
  "bad_loss_rate": 1.0
}