{
  "state": "good",
  "episode_index": 18796,
  "state_ordinal": 9398,
  "start_time_wall": 1756995625.4740846,
  "end_time_wall": 1756995625.4771514,
  "wall_time_sec": 0.003066719997150358,
  "steps": 22,
  "packets": 257481,
  "dropped": 0,
  "running_total_steps": 1574071,
  "running_total_packets": 22349705301,
  "running_total_dropped": 223823176,
  "running_total_time_sec": 3924.6891793510003,
  "p_gb": 0.00606,
  "p_bg": 0.6,
  "good_loss_rate": 0.0,
  "bad_loss_rate": 1.0
}