{
  "state": "good",
  "episode_index": 12126,
  "state_ordinal": 6063,
  "start_time_wall": 1756994240.8969765,
  "end_time_wall": 1756994240.9000947,
  "wall_time_sec": 0.003118100001302082,
  "steps": 29,
  "packets": 367409,
  "dropped": 0,
  "running_total_steps": 1027303,
  "running_total_packets": 14586262729,
  "running_total_dropped": 142157631,
  "running_total_time_sec": 2540.1121225520037,
  "p_gb": 0.00606,
  "p_bg": 0.6,
  "good_loss_rate": 0.0,
  "bad_loss_rate": 1.0
}