{
  "state": "good",
  "episode_index": 13104,
  "state_ordinal": 6552,
  "start_time_wall": 1756994439.913687,
  "end_time_wall": 1756994439.9185016,
  "wall_time_sec": 0.004814524996618275,
  "steps": 37,
  "packets": 497591,
  "dropped": 0,
  "running_total_steps": 1106285,
  "running_total_packets": 15707727711,
  "running_total_dropped": 154504779,
  "running_total_time_sec": 2739.130529492999,
  "p_gb": 0.00606,
  "p_bg": 0.6,
  "good_loss_rate": 0.0,
  "bad_loss_rate": 1.0
}