{
  "state": "good",
  "episode_index": 1454,
  "state_ordinal": 727,
  "start_time_wall": 1756991988.530539,
  "end_time_wall": 1756991988.5338378,
  "wall_time_sec": 0.003298771000117995,
  "steps": 30,
  "packets": 409352,
  "dropped": 0,
  "running_total_steps": 121911,
  "running_total_packets": 1731048901,
  "running_total_dropped": 17528531,
  "running_total_time_sec": 287.7458658020041,
  "p_gb": 0.00606,
  "p_bg": 0.6,
  "good_loss_rate": 0.0,
  "bad_loss_rate": 1.0
}