{
  "state": "good",
  "episode_index": 9292,
  "state_ordinal": 4646,
  "start_time_wall": 1756993624.680548,
  "end_time_wall": 1756993624.6882782,
  "wall_time_sec": 0.007730436998826917,
  "steps": 42,
  "packets": 595942,
  "dropped": 0,
  "running_total_steps": 781631,
  "running_total_packets": 11098154153,
  "running_total_dropped": 111216645,
  "running_total_time_sec": 1923.9003062030024,
  "p_gb": 0.00606,
  "p_bg": 0.6,
  "good_loss_rate": 0.0,
  "bad_loss_rate": 1.0
}