{
  "state": "good",
  "episode_index": 17378,
  "state_ordinal": 8689,
  "start_time_wall": 1756995356.9690673,
  "end_time_wall": 1756995356.98504,
  "wall_time_sec": 0.01597202599805314,
  "steps": 129,
  "packets": 1881877,
  "dropped": 0,
  "running_total_steps": 1461335,
  "running_total_packets": 20749019485,
  "running_total_dropped": 205946092,
  "running_total_time_sec": 3656.1970677930003,
  "p_gb": 0.00606,
  "p_bg": 0.6,
  "good_loss_rate": 0.0,
  "bad_loss_rate": 1.0
}