{
  "state": "good",
  "episode_index": 11598,
  "state_ordinal": 5799,
  "start_time_wall": 1756994149.8546948,
  "end_time_wall": 1756994149.863565,
  "wall_time_sec": 0.008869922996382229,
  "steps": 67,
  "packets": 957563,
  "dropped": 0,
  "running_total_steps": 982403,
  "running_total_packets": 13948852721,
  "running_total_dropped": 136556688,
  "running_total_time_sec": 2449.075592948,
  "p_gb": 0.00606,
  "p_bg": 0.6,
  "good_loss_rate": 0.0,
  "bad_loss_rate": 1.0
}