{
  "state": "good",
  "episode_index": 78,
  "state_ordinal": 39,
  "start_time_wall": 1756991717.4375741,
  "end_time_wall": 1756991717.4467037,
  "wall_time_sec": 0.009129088997724466,
  "steps": 73,
  "packets": 973487,
  "dropped": 0,
  "running_total_steps": 6343,
  "running_total_packets": 90124741,
  "running_total_dropped": 882380,
  "running_total_time_sec": 16.65873149500112,
  "p_gb": 0.00606,
  "p_bg": 0.6,
  "good_loss_rate": 0.0,
  "bad_loss_rate": 1.0
}