{
  "state": "good",
  "episode_index": 14378,
  "state_ordinal": 7189,
  "start_time_wall": 1756994749.3810883,
  "end_time_wall": 1756994749.3948944,
  "wall_time_sec": 0.013805792994389776,
  "steps": 107,
  "packets": 1458054,
  "dropped": 0,
  "running_total_steps": 1213590,
  "running_total_packets": 17231343297,
  "running_total_dropped": 170432085,
  "running_total_time_sec": 3048.6069221549988,
  "p_gb": 0.00606,
  "p_bg": 0.6,
  "good_loss_rate": 0.0,
  "bad_loss_rate": 1.0
}