{
  "state": "good",
  "episode_index": 6822,
  "state_ordinal": 3411,
  "start_time_wall": 1756993114.913058,
  "end_time_wall": 1756993114.9155881,
  "wall_time_sec": 0.002529371005948633,
  "steps": 17,
  "packets": 243004,
  "dropped": 0,
  "running_total_steps": 565895,
  "running_total_packets": 8035050677,
  "running_total_dropped": 80854706,
  "running_total_time_sec": 1414.1276160320049,
  "p_gb": 0.00606,
  "p_bg": 0.6,
  "good_loss_rate": 0.0,
  "bad_loss_rate": 1.0
}