{
  "state": "good",
  "episode_index": 12544,
  "state_ordinal": 6272,
  "start_time_wall": 1756994346.4130132,
  "end_time_wall": 1756994346.4211476,
  "wall_time_sec": 0.008133734001603443,
  "steps": 77,
  "packets": 986517,
  "dropped": 0,
  "running_total_steps": 1060963,
  "running_total_packets": 15064262725,
  "running_total_dropped": 146624420,
  "running_total_time_sec": 2645.6331756190048,
  "p_gb": 0.00606,
  "p_bg": 0.6,
  "good_loss_rate": 0.0,
  "bad_loss_rate": 1.0
}