{
  "state": "good",
  "episode_index": 13676,
  "state_ordinal": 6838,
  "start_time_wall": 1756994567.2169971,
  "end_time_wall": 1756994567.2259927,
  "wall_time_sec": 0.008995427000627387,
  "steps": 68,
  "packets": 1034236,
  "dropped": 0,
  "running_total_steps": 1151368,
  "running_total_packets": 16347917850,
  "running_total_dropped": 162256396,
  "running_total_time_sec": 2866.438020585003,
  "p_gb": 0.00606,
  "p_bg": 0.6,
  "good_loss_rate": 0.0,
  "bad_loss_rate": 1.0
}