{
  "state": "good",
  "episode_index": 14140,
  "state_ordinal": 7070,
  "start_time_wall": 1756994647.9642153,
  "end_time_wall": 1756994647.968244,
  "wall_time_sec": 0.004028243005450349,
  "steps": 28,
  "packets": 396334,
  "dropped": 0,
  "running_total_steps": 1191513,
  "running_total_packets": 16917834803,
  "running_total_dropped": 168052503,
  "running_total_time_sec": 2947.1802719000043,
  "p_gb": 0.00606,
  "p_bg": 0.6,
  "good_loss_rate": 0.0,
  "bad_loss_rate": 1.0
}