{
  "state": "good",
  "episode_index": 7454,
  "state_ordinal": 3727,
  "start_time_wall": 1756993221.0121508,
  "end_time_wall": 1756993221.0157223,
  "wall_time_sec": 0.003571154004021082,
  "steps": 31,
  "packets": 428165,
  "dropped": 0,
  "running_total_steps": 618466,
  "running_total_packets": 8781381086,
  "running_total_dropped": 88723678,
  "running_total_time_sec": 1520.2277500850032,
  "p_gb": 0.00606,
  "p_bg": 0.6,
  "good_loss_rate": 0.0,
  "bad_loss_rate": 1.0
}