{
  "state": "good",
  "episode_index": 14812,
  "state_ordinal": 7406,
  "start_time_wall": 1756994821.8724356,
  "end_time_wall": 1756994821.8755918,
  "wall_time_sec": 0.003156011000100989,
  "steps": 30,
  "packets": 378980,
  "dropped": 0,
  "running_total_steps": 1249939,
  "running_total_packets": 17747430725,
  "running_total_dropped": 175601861,
  "running_total_time_sec": 3121.087619539001,
  "p_gb": 0.00606,
  "p_bg": 0.6,
  "good_loss_rate": 0.0,
  "bad_loss_rate": 1.0
}