{
  "state": "good",
  "episode_index": 17746,
  "state_ordinal": 8873,
  "start_time_wall": 1756995415.1801043,
  "end_time_wall": 1756995415.9312596,
  "wall_time_sec": 0.7511554369993974,
  "steps": 292,
  "packets": 4070414,
  "dropped": 1,
  "running_total_steps": 1489731,
  "running_total_packets": 21152152259,
  "running_total_dropped": 210923449,
  "running_total_time_sec": 3715.1432876120016,
  "p_gb": 0.00606,
  "p_bg": 0.6,
  "good_loss_rate": 0.0,
  "bad_loss_rate": 1.0
}