{
  "state": "good",
  "episode_index": 8758,
  "state_ordinal": 4379,
  "start_time_wall": 1756993522.6477375,
  "end_time_wall": 1756993523.2573984,
  "wall_time_sec": 0.609660583002551,
  "steps": 371,
  "packets": 5279669,
  "dropped": 0,
  "running_total_steps": 732120,
  "running_total_packets": 10395176398,
  "running_total_dropped": 104931536,
  "running_total_time_sec": 1822.469426292002,
  "p_gb": 0.00606,
  "p_bg": 0.6,
  "good_loss_rate": 0.0,
  "bad_loss_rate": 1.0
}