{
  "state": "good",
  "episode_index": 826,
  "state_ordinal": 413,
  "start_time_wall": 1756991840.0166156,
  "end_time_wall": 1756991841.362741,
  "wall_time_sec": 1.3461245799990138,
  "steps": 633,
  "packets": 9107073,
  "dropped": 3,
  "running_total_steps": 66947,
  "running_total_packets": 950682691,
  "running_total_dropped": 9429758,
  "running_total_time_sec": 140.57476886900258,
  "p_gb": 0.00606,
  "p_bg": 0.6,
  "good_loss_rate": 0.0,
  "bad_loss_rate": 1.0
}