{
  "state": "good",
  "episode_index": 9870,
  "state_ordinal": 4935,
  "start_time_wall": 1756993771.2979553,
  "end_time_wall": 1756993771.3015153,
  "wall_time_sec": 0.0035594410001067445,
  "steps": 29,
  "packets": 396340,
  "dropped": 0,
  "running_total_steps": 830721,
  "running_total_packets": 11795117432,
  "running_total_dropped": 117274641,
  "running_total_time_sec": 2070.513543177003,
  "p_gb": 0.00606,
  "p_bg": 0.6,
  "good_loss_rate": 0.0,
  "bad_loss_rate": 1.0
}