{
  "state": "good",
  "episode_index": 16302,
  "state_ordinal": 8151,
  "start_time_wall": 1756995130.732539,
  "end_time_wall": 1756995130.739772,
  "wall_time_sec": 0.007232707997900434,
  "steps": 66,
  "packets": 882366,
  "dropped": 0,
  "running_total_steps": 1367284,
  "running_total_packets": 19413617768,
  "running_total_dropped": 193201120,
  "running_total_time_sec": 3429.951800119001,
  "p_gb": 0.00606,
  "p_bg": 0.6,
  "good_loss_rate": 0.0,
  "bad_loss_rate": 1.0
}