{
  "state": "good",
  "episode_index": 8568,
  "state_ordinal": 4284,
  "start_time_wall": 1756993457.5837595,
  "end_time_wall": 1756993457.595733,
  "wall_time_sec": 0.01197333599702688,
  "steps": 94,
  "packets": 1291706,
  "dropped": 0,
  "running_total_steps": 716662,
  "running_total_packets": 10175699618,
  "running_total_dropped": 102204939,
  "running_total_time_sec": 1756.8077609329994,
  "p_gb": 0.00606,
  "p_bg": 0.6,
  "good_loss_rate": 0.0,
  "bad_loss_rate": 1.0
}