{
  "state": "good",
  "episode_index": 14988,
  "state_ordinal": 7494,
  "start_time_wall": 1756994849.1964917,
  "end_time_wall": 1756994849.202309,
  "wall_time_sec": 0.0058168449977529235,
  "steps": 46,
  "packets": 619096,
  "dropped": 0,
  "running_total_steps": 1262984,
  "running_total_packets": 17932689426,
  "running_total_dropped": 177624023,
  "running_total_time_sec": 3148.4143367290017,
  "p_gb": 0.00606,
  "p_bg": 0.6,
  "good_loss_rate": 0.0,
  "bad_loss_rate": 1.0
}