{
  "state": "good",
  "episode_index": 17254,
  "state_ordinal": 8627,
  "start_time_wall": 1756995331.6960857,
  "end_time_wall": 1756995331.7228227,
  "wall_time_sec": 0.026736902000266127,
  "steps": 206,
  "packets": 2962392,
  "dropped": 0,
  "running_total_steps": 1448825,
  "running_total_packets": 20571457523,
  "running_total_dropped": 204518391,
  "running_total_time_sec": 3630.9348505880043,
  "p_gb": 0.00606,
  "p_bg": 0.6,
  "good_loss_rate": 0.0,
  "bad_loss_rate": 1.0
}