{
  "state": "good",
  "episode_index": 16996,
  "state_ordinal": 8498,
  "start_time_wall": 1756995251.5642252,
  "end_time_wall": 1756995252.1258247,
  "wall_time_sec": 0.5615994450054131,
  "steps": 107,
  "packets": 1595465,
  "dropped": 0,
  "running_total_steps": 1427344,
  "running_total_packets": 20266421100,
  "running_total_dropped": 201545892,
  "running_total_time_sec": 3551.337852729004,
  "p_gb": 0.00606,
  "p_bg": 0.6,
  "good_loss_rate": 0.0,
  "bad_loss_rate": 1.0
}