{
  "state": "good",
  "episode_index": 12578,
  "state_ordinal": 6289,
  "start_time_wall": 1756994349.9931357,
  "end_time_wall": 1756994350.7312894,
  "wall_time_sec": 0.7381538529953104,
  "steps": 61,
  "packets": 1016865,
  "dropped": 1,
  "running_total_steps": 1062731,
  "running_total_packets": 15089447481,
  "running_total_dropped": 147082935,
  "running_total_time_sec": 2649.9433174160004,
  "p_gb": 0.00606,
  "p_bg": 0.6,
  "good_loss_rate": 0.0,
  "bad_loss_rate": 1.0
}