{
  "state": "good",
  "episode_index": 12926,
  "state_ordinal": 6463,
  "start_time_wall": 1756994404.6887293,
  "end_time_wall": 1756994404.6989586,
  "wall_time_sec": 0.010229248997347895,
  "steps": 80,
  "packets": 1092098,
  "dropped": 0,
  "running_total_steps": 1089357,
  "running_total_packets": 15467392605,
  "running_total_dropped": 151428235,
  "running_total_time_sec": 2703.9109866159997,
  "p_gb": 0.00606,
  "p_bg": 0.6,
  "good_loss_rate": 0.0,
  "bad_loss_rate": 1.0
}