{
  "state": "good",
  "episode_index": 5512,
  "state_ordinal": 2756,
  "start_time_wall": 1756992817.3483021,
  "end_time_wall": 1756992817.3663142,
  "wall_time_sec": 0.018011975000263192,
  "steps": 163,
  "packets": 2367885,
  "dropped": 0,
  "running_total_steps": 452813,
  "running_total_packets": 6429388951,
  "running_total_dropped": 65740118,
  "running_total_time_sec": 1116.578342093002,
  "p_gb": 0.00606,
  "p_bg": 0.6,
  "good_loss_rate": 0.0,
  "bad_loss_rate": 1.0
}