{
  "state": "good",
  "episode_index": 18212,
  "state_ordinal": 9106,
  "start_time_wall": 1756995492.170594,
  "end_time_wall": 1756995492.1968951,
  "wall_time_sec": 0.026301099998818245,
  "steps": 232,
  "packets": 3244468,
  "dropped": 0,
  "running_total_steps": 1526954,
  "running_total_packets": 21680625942,
  "running_total_dropped": 216832420,
  "running_total_time_sec": 3791.4089230870013,
  "p_gb": 0.00606,
  "p_bg": 0.6,
  "good_loss_rate": 0.0,
  "bad_loss_rate": 1.0
}