{
  "state": "good",
  "episode_index": 13334,
  "state_ordinal": 6667,
  "start_time_wall": 1756994477.2927651,
  "end_time_wall": 1756994477.297503,
  "wall_time_sec": 0.004737791998195462,
  "steps": 36,
  "packets": 486020,
  "dropped": 0,
  "running_total_steps": 1124275,
  "running_total_packets": 15963232115,
  "running_total_dropped": 157778144,
  "running_total_time_sec": 2776.5095309570024,
  "p_gb": 0.00606,
  "p_bg": 0.6,
  "good_loss_rate": 0.0,
  "bad_loss_rate": 1.0
}