{
  "state": "good",
  "episode_index": 3940,
  "state_ordinal": 1970,
  "start_time_wall": 1756992525.0591786,
  "end_time_wall": 1756992525.6485896,
  "wall_time_sec": 0.5894104160033748,
  "steps": 238,
  "packets": 3371756,
  "dropped": 0,
  "running_total_steps": 333931,
  "running_total_packets": 4741477135,
  "running_total_dropped": 46601681,
  "running_total_time_sec": 824.8606175290042,
  "p_gb": 0.00606,
  "p_bg": 0.6,
  "good_loss_rate": 0.0,
  "bad_loss_rate": 1.0
}