{
  "state": "good",
  "episode_index": 13874,
  "state_ordinal": 6937,
  "start_time_wall": 1756994602.697983,
  "end_time_wall": 1756994603.3008862,
  "wall_time_sec": 0.6029024269955698,
  "steps": 496,
  "packets": 6966286,
  "dropped": 0,
  "running_total_steps": 1169390,
  "running_total_packets": 16603736144,
  "running_total_dropped": 164588151,
  "running_total_time_sec": 2902.5129142369988,
  "p_gb": 0.00606,
  "p_bg": 0.6,
  "good_loss_rate": 0.0,
  "bad_loss_rate": 1.0
}