{
  "state": "good",
  "episode_index": 5776,
  "state_ordinal": 2888,
  "start_time_wall": 1756992859.8199058,
  "end_time_wall": 1756992860.367513,
  "wall_time_sec": 0.5476069720025407,
  "steps": 236,
  "packets": 3338490,
  "dropped": 0,
  "running_total_steps": 473850,
  "running_total_packets": 6728091226,
  "running_total_dropped": 69088732,
  "running_total_time_sec": 1159.579540798004,
  "p_gb": 0.00606,
  "p_bg": 0.6,
  "good_loss_rate": 0.0,
  "bad_loss_rate": 1.0
}