{
  "state": "good",
  "episode_index": 2902,
  "state_ordinal": 1451,
  "start_time_wall": 1756992315.8768094,
  "end_time_wall": 1756992316.4575295,
  "wall_time_sec": 0.5807197610047297,
  "steps": 244,
  "packets": 3397804,
  "dropped": 0,
  "running_total_steps": 249627,
  "running_total_packets": 3544379741,
  "running_total_dropped": 34403393,
  "running_total_time_sec": 615.6695576570055,
  "p_gb": 0.00606,
  "p_bg": 0.6,
  "good_loss_rate": 0.0,
  "bad_loss_rate": 1.0
}