{
  "state": "good",
  "episode_index": 8382,
  "state_ordinal": 4191,
  "start_time_wall": 1756993422.9863915,
  "end_time_wall": 1756993422.994185,
  "wall_time_sec": 0.007793237004079856,
  "steps": 57,
  "packets": 824487,
  "dropped": 0,
  "running_total_steps": 699833,
  "running_total_packets": 9936731439,
  "running_total_dropped": 100041041,
  "running_total_time_sec": 1722.2062128090038,
  "p_gb": 0.00606,
  "p_bg": 0.6,
  "good_loss_rate": 0.0,
  "bad_loss_rate": 1.0
}