{
  "state": "good",
  "episode_index": 12530,
  "state_ordinal": 6265,
  "start_time_wall": 1756994342.4476001,
  "end_time_wall": 1756994343.0927756,
  "wall_time_sec": 0.6451753559958888,
  "steps": 565,
  "packets": 8064154,
  "dropped": 0,
  "running_total_steps": 1059369,
  "running_total_packets": 15041659928,
  "running_total_dropped": 146423371,
  "running_total_time_sec": 2642.304803589999,
  "p_gb": 0.00606,
  "p_bg": 0.6,
  "good_loss_rate": 0.0,
  "bad_loss_rate": 1.0
}