{
  "state": "good",
  "episode_index": 2032,
  "state_ordinal": 1016,
  "start_time_wall": 1756992128.7128594,
  "end_time_wall": 1756992129.3361115,
  "wall_time_sec": 0.623251586999686,
  "steps": 269,
  "packets": 3736301,
  "dropped": 1,
  "running_total_steps": 173664,
  "running_total_packets": 2465784288,
  "running_total_dropped": 24604842,
  "running_total_time_sec": 428.54813952200493,
  "p_gb": 0.00606,
  "p_bg": 0.6,
  "good_loss_rate": 0.0,
  "bad_loss_rate": 1.0
}