{
  "state": "good",
  "episode_index": 656,
  "state_ordinal": 328,
  "start_time_wall": 1756991808.9824433,
  "end_time_wall": 1756991809.0122588,
  "wall_time_sec": 0.029815492998750415,
  "steps": 266,
  "packets": 3707346,
  "dropped": 0,
  "running_total_steps": 51247,
  "running_total_packets": 727641777,
  "running_total_dropped": 7510235,
  "running_total_time_sec": 108.2242866710003,
  "p_gb": 0.00606,
  "p_bg": 0.6,
  "good_loss_rate": 0.0,
  "bad_loss_rate": 1.0
}