{
  "state": "good",
  "episode_index": 13924,
  "state_ordinal": 6962,
  "start_time_wall": 1756994611.3462842,
  "end_time_wall": 1756994611.347729,
  "wall_time_sec": 0.0014441140010603704,
  "steps": 9,
  "packets": 121505,
  "dropped": 0,
  "running_total_steps": 1173471,
  "running_total_packets": 16661770605,
  "running_total_dropped": 165460375,
  "running_total_time_sec": 2910.559756800001,
  "p_gb": 0.00606,
  "p_bg": 0.6,
  "good_loss_rate": 0.0,
  "bad_loss_rate": 1.0
}