{
  "state": "good",
  "episode_index": 2494,
  "state_ordinal": 1247,
  "start_time_wall": 1756992206.1365695,
  "end_time_wall": 1756992206.1379352,
  "wall_time_sec": 0.001365465002891142,
  "steps": 13,
  "packets": 135976,
  "dropped": 0,
  "running_total_steps": 211885,
  "running_total_packets": 3008588287,
  "running_total_dropped": 29754417,
  "running_total_time_sec": 505.3499631590021,
  "p_gb": 0.00606,
  "p_bg": 0.6,
  "good_loss_rate": 0.0,
  "bad_loss_rate": 1.0
}