{
  "state": "good",
  "episode_index": 5390,
  "state_ordinal": 2695,
  "start_time_wall": 1756992798.1553812,
  "end_time_wall": 1756992798.1680324,
  "wall_time_sec": 0.012651144999836106,
  "steps": 120,
  "packets": 1654774,
  "dropped": 0,
  "running_total_steps": 443128,
  "running_total_packets": 6291883096,
  "running_total_dropped": 64371736,
  "running_total_time_sec": 1097.3800605080032,
  "p_gb": 0.00606,
  "p_bg": 0.6,
  "good_loss_rate": 0.0,
  "bad_loss_rate": 1.0
}