{
  "state": "good",
  "episode_index": 17912,
  "state_ordinal": 8956,
  "start_time_wall": 1756995441.5831382,
  "end_time_wall": 1756995442.168856,
  "wall_time_sec": 0.5857167089998256,
  "steps": 227,
  "packets": 3186613,
  "dropped": 0,
  "running_total_steps": 1502543,
  "running_total_packets": 21334086935,
  "running_total_dropped": 213224794,
  "running_total_time_sec": 3741.3808837489996,
  "p_gb": 0.00606,
  "p_bg": 0.6,
  "good_loss_rate": 0.0,
  "bad_loss_rate": 1.0
}