{
  "state": "good",
  "episode_index": 19176,
  "state_ordinal": 9588,
  "start_time_wall": 1756995693.3224342,
  "end_time_wall": 1756995693.878331,
  "wall_time_sec": 0.5558963779985788,
  "steps": 303,
  "packets": 4235309,
  "dropped": 0,
  "running_total_steps": 1607922,
  "running_total_packets": 22830300292,
  "running_total_dropped": 228499805,
  "running_total_time_sec": 3993.090358731999,
  "p_gb": 0.00606,
  "p_bg": 0.6,
  "good_loss_rate": 0.0,
  "bad_loss_rate": 1.0
}