{
  "state": "good",
  "episode_index": 10776,
  "state_ordinal": 5388,
  "start_time_wall": 1756993966.4321382,
  "end_time_wall": 1756993967.011179,
  "wall_time_sec": 0.5790402100028587,
  "steps": 116,
  "packets": 1653344,
  "dropped": 0,
  "running_total_steps": 909610,
  "running_total_packets": 12915263224,
  "running_total_dropped": 127818283,
  "running_total_time_sec": 2266.223207009003,
  "p_gb": 0.00606,
  "p_bg": 0.6,
  "good_loss_rate": 0.0,
  "bad_loss_rate": 1.0
}