{
  "state": "good",
  "episode_index": 6738,
  "state_ordinal": 3369,
  "start_time_wall": 1756993064.7119305,
  "end_time_wall": 1756993064.7291174,
  "wall_time_sec": 0.01718613299453864,
  "steps": 139,
  "packets": 2035201,
  "dropped": 0,
  "running_total_steps": 558055,
  "running_total_packets": 7923716095,
  "running_total_dropped": 79862379,
  "running_total_time_sec": 1363.9411452749991,
  "p_gb": 0.00606,
  "p_bg": 0.6,
  "good_loss_rate": 0.0,
  "bad_loss_rate": 1.0
}