{
  "state": "good",
  "episode_index": 18860,
  "state_ordinal": 9430,
  "start_time_wall": 1756995634.8582954,
  "end_time_wall": 1756995634.8811648,
  "wall_time_sec": 0.022868931999255437,
  "steps": 194,
  "packets": 2732424,
  "dropped": 0,
  "running_total_steps": 1578763,
  "running_total_packets": 22416302967,
  "running_total_dropped": 224709864,
  "running_total_time_sec": 3934.093192789005,
  "p_gb": 0.00606,
  "p_bg": 0.6,
  "good_loss_rate": 0.0,
  "bad_loss_rate": 1.0
}