{
  "state": "good",
  "episode_index": 10816,
  "state_ordinal": 5408,
  "start_time_wall": 1756993975.4079683,
  "end_time_wall": 1756993975.416996,
  "wall_time_sec": 0.009027697997225914,
  "steps": 69,
  "packets": 908396,
  "dropped": 0,
  "running_total_steps": 913722,
  "running_total_packets": 12973600004,
  "running_total_dropped": 128302844,
  "running_total_time_sec": 2274.629023954003,
  "p_gb": 0.00606,
  "p_bg": 0.6,
  "good_loss_rate": 0.0,
  "bad_loss_rate": 1.0
}