{
  "state": "good",
  "episode_index": 4444,
  "state_ordinal": 2222,
  "start_time_wall": 1756992598.546186,
  "end_time_wall": 1756992599.1224837,
  "wall_time_sec": 0.5762976280020666,
  "steps": 171,
  "packets": 2476378,
  "dropped": 0,
  "running_total_steps": 369675,
  "running_total_packets": 5249020166,
  "running_total_dropped": 52821632,
  "running_total_time_sec": 898.3345116250057,
  "p_gb": 0.00606,
  "p_bg": 0.6,
  "good_loss_rate": 0.0,
  "bad_loss_rate": 1.0
}