{
  "state": "good",
  "episode_index": 16692,
  "state_ordinal": 8346,
  "start_time_wall": 1756995198.7695577,
  "end_time_wall": 1756995199.3654306,
  "wall_time_sec": 0.5958725370001048,
  "steps": 206,
  "packets": 2962392,
  "dropped": 0,
  "running_total_steps": 1401368,
  "running_total_packets": 19897509294,
  "running_total_dropped": 197931158,
  "running_total_time_sec": 3498.577458370004,
  "p_gb": 0.00606,
  "p_bg": 0.6,
  "good_loss_rate": 0.0,
  "bad_loss_rate": 1.0
}