{
  "state": "good",
  "episode_index": 4870,
  "state_ordinal": 2435,
  "start_time_wall": 1756992721.197131,
  "end_time_wall": 1756992721.2087348,
  "wall_time_sec": 0.011603573999309447,
  "steps": 85,
  "packets": 1170201,
  "dropped": 1,
  "running_total_steps": 404344,
  "running_total_packets": 5741198620,
  "running_total_dropped": 58383221,
  "running_total_time_sec": 1020.4207625530034,
  "p_gb": 0.00606,
  "p_bg": 0.6,
  "good_loss_rate": 0.0,
  "bad_loss_rate": 1.0
}