{
  "state": "good",
  "episode_index": 12806,
  "state_ordinal": 6403,
  "start_time_wall": 1756994385.282941,
  "end_time_wall": 1756994385.2890675,
  "wall_time_sec": 0.006125720996351447,
  "steps": 55,
  "packets": 729036,
  "dropped": 0,
  "running_total_steps": 1079907,
  "running_total_packets": 15333245482,
  "running_total_dropped": 149829903,
  "running_total_time_sec": 2684.5010955399994,
  "p_gb": 0.00606,
  "p_bg": 0.6,
  "good_loss_rate": 0.0,
  "bad_loss_rate": 1.0
}