{
  "state": "good",
  "episode_index": 6910,
  "state_ordinal": 3455,
  "start_time_wall": 1756993129.1007595,
  "end_time_wall": 1756993129.1050336,
  "wall_time_sec": 0.004273662998457439,
  "steps": 25,
  "packets": 487467,
  "dropped": 0,
  "running_total_steps": 572869,
  "running_total_packets": 8134087249,
  "running_total_dropped": 82131937,
  "running_total_time_sec": 1428.3170617610012,
  "p_gb": 0.00606,
  "p_bg": 0.6,
  "good_loss_rate": 0.0,
  "bad_loss_rate": 1.0
}