{
  "state": "good",
  "episode_index": 12282,
  "state_ordinal": 6141,
  "start_time_wall": 1756994267.3335671,
  "end_time_wall": 1756994267.353898,
  "wall_time_sec": 0.020330015002400614,
  "steps": 169,
  "packets": 2411299,
  "dropped": 0,
  "running_total_steps": 1040066,
  "running_total_packets": 14767573968,
  "running_total_dropped": 143556436,
  "running_total_time_sec": 2566.5659258680025,
  "p_gb": 0.00606,
  "p_bg": 0.6,
  "good_loss_rate": 0.0,
  "bad_loss_rate": 1.0
}