{
  "state": "good",
  "episode_index": 12994,
  "state_ordinal": 6497,
  "start_time_wall": 1756994418.8331637,
  "end_time_wall": 1756994418.8594584,
  "wall_time_sec": 0.0262942129993462,
  "steps": 210,
  "packets": 2975422,
  "dropped": 0,
  "running_total_steps": 1096342,
  "running_total_packets": 15566627326,
  "running_total_dropped": 152189084,
  "running_total_time_sec": 2718.0714864300026,
  "p_gb": 0.00606,
  "p_bg": 0.6,
  "good_loss_rate": 0.0,
  "bad_loss_rate": 1.0
}