{
  "state": "good",
  "episode_index": 11234,
  "state_ordinal": 5617,
  "start_time_wall": 1756994046.5751634,
  "end_time_wall": 1756994046.770964,
  "wall_time_sec": 0.19580061099986779,
  "steps": 41,
  "packets": 679845,
  "dropped": 0,
  "running_total_steps": 948723,
  "running_total_packets": 13470682047,
  "running_total_dropped": 132583149,
  "running_total_time_sec": 2345.9829920180055,
  "p_gb": 0.00606,
  "p_bg": 0.6,
  "good_loss_rate": 0.0,
  "bad_loss_rate": 1.0
}