{
  "state": "good",
  "episode_index": 5052,
  "state_ordinal": 2526,
  "start_time_wall": 1756992749.3980458,
  "end_time_wall": 1756992749.4013827,
  "wall_time_sec": 0.0033363830007147044,
  "steps": 24,
  "packets": 289306,
  "dropped": 0,
  "running_total_steps": 418795,
  "running_total_packets": 5946362425,
  "running_total_dropped": 60401125,
  "running_total_time_sec": 1048.6134105750025,
  "p_gb": 0.00606,
  "p_bg": 0.6,
  "good_loss_rate": 0.0,
  "bad_loss_rate": 1.0
}