{
  "state": "good",
  "episode_index": 4454,
  "state_ordinal": 2227,
  "start_time_wall": 1756992600.3425763,
  "end_time_wall": 1756992600.929625,
  "wall_time_sec": 0.5870484959959867,
  "steps": 70,
  "packets": 1138370,
  "dropped": 0,
  "running_total_steps": 370505,
  "running_total_packets": 5260800343,
  "running_total_dropped": 52878054,
  "running_total_time_sec": 900.1416529720009,
  "p_gb": 0.00606,
  "p_bg": 0.6,
  "good_loss_rate": 0.0,
  "bad_loss_rate": 1.0
}