{
  "state": "good",
  "episode_index": 1126,
  "state_ordinal": 563,
  "start_time_wall": 1756991931.5856235,
  "end_time_wall": 1756991931.5890412,
  "wall_time_sec": 0.0034171840015915222,
  "steps": 30,
  "packets": 376098,
  "dropped": 0,
  "running_total_steps": 94259,
  "running_total_packets": 1338377121,
  "running_total_dropped": 13291838,
  "running_total_time_sec": 230.80106910800532,
  "p_gb": 0.00606,
  "p_bg": 0.6,
  "good_loss_rate": 0.0,
  "bad_loss_rate": 1.0
}