{
  "state": "good",
  "episode_index": 7118,
  "state_ordinal": 3559,
  "start_time_wall": 1756993163.9491043,
  "end_time_wall": 1756993164.5269437,
  "wall_time_sec": 0.5778387480022502,
  "steps": 121,
  "packets": 1760378,
  "dropped": 0,
  "running_total_steps": 590382,
  "running_total_packets": 8382742537,
  "running_total_dropped": 84428985,
  "running_total_time_sec": 1463.738971800005,
  "p_gb": 0.00606,
  "p_bg": 0.6,
  "good_loss_rate": 0.0,
  "bad_loss_rate": 1.0
}