{
  "state": "good",
  "episode_index": 2414,
  "state_ordinal": 1207,
  "start_time_wall": 1756992192.2308662,
  "end_time_wall": 1756992192.2342339,
  "wall_time_sec": 0.0033671979981590994,
  "steps": 22,
  "packets": 338473,
  "dropped": 0,
  "running_total_steps": 204900,
  "running_total_packets": 2909415751,
  "running_total_dropped": 28932831,
  "running_total_time_sec": 491.44626177600003,
  "p_gb": 0.00606,
  "p_bg": 0.6,
  "good_loss_rate": 0.0,
  "bad_loss_rate": 1.0
}