{
  "state": "good",
  "episode_index": 18832,
  "state_ordinal": 9416,
  "start_time_wall": 1756995629.9152625,
  "end_time_wall": 1756995630.5609734,
  "wall_time_sec": 0.6457106990055763,
  "steps": 460,
  "packets": 6532327,
  "dropped": 0,
  "running_total_steps": 1576524,
  "running_total_packets": 22384545359,
  "running_total_dropped": 224300510,
  "running_total_time_sec": 3929.7730012060056,
  "p_gb": 0.00606,
  "p_bg": 0.6,
  "good_loss_rate": 0.0,
  "bad_loss_rate": 1.0
}