{
  "state": "good",
  "episode_index": 270,
  "state_ordinal": 135,
  "start_time_wall": 1756991747.7684467,
  "end_time_wall": 1756991748.395157,
  "wall_time_sec": 0.6267100650002249,
  "steps": 423,
  "packets": 5965309,
  "dropped": 0,
  "running_total_steps": 21472,
  "running_total_packets": 304897546,
  "running_total_dropped": 3160618,
  "running_total_time_sec": 47.60718492500018,
  "p_gb": 0.00606,
  "p_bg": 0.6,
  "good_loss_rate": 0.0,
  "bad_loss_rate": 1.0
}