{
  "state": "good",
  "episode_index": 11360,
  "state_ordinal": 5680,
  "start_time_wall": 1756994066.761751,
  "end_time_wall": 1756994066.7790122,
  "wall_time_sec": 0.0172610480003641,
  "steps": 138,
  "packets": 1867412,
  "dropped": 0,
  "running_total_steps": 958764,
  "running_total_packets": 13613120422,
  "running_total_dropped": 133597180,
  "running_total_time_sec": 2365.9910400840017,
  "p_gb": 0.00606,
  "p_bg": 0.6,
  "good_loss_rate": 0.0,
  "bad_loss_rate": 1.0
}