{
  "state": "good",
  "episode_index": 12094,
  "state_ordinal": 6047,
  "start_time_wall": 1756994236.5487087,
  "end_time_wall": 1756994236.7704558,
  "wall_time_sec": 0.22174647900101263,
  "steps": 253,
  "packets": 3519309,
  "dropped": 0,
  "running_total_steps": 1025241,
  "running_total_packets": 14557037919,
  "running_total_dropped": 141807577,
  "running_total_time_sec": 2535.9824836760017,
  "p_gb": 0.00606,
  "p_bg": 0.6,
  "good_loss_rate": 0.0,
  "bad_loss_rate": 1.0
}