{
  "state": "good",
  "episode_index": 8610,
  "state_ordinal": 4305,
  "start_time_wall": 1756993464.058392,
  "end_time_wall": 1756993464.0624022,
  "wall_time_sec": 0.004009692995168734,
  "steps": 35,
  "packets": 454201,
  "dropped": 0,
  "running_total_steps": 720150,
  "running_total_packets": 10225156428,
  "running_total_dropped": 102944040,
  "running_total_time_sec": 1763.2744303,
  "p_gb": 0.00606,
  "p_bg": 0.6,
  "good_loss_rate": 0.0,
  "bad_loss_rate": 1.0
}