{
  "state": "good",
  "episode_index": 9278,
  "state_ordinal": 4639,
  "start_time_wall": 1756993620.6430752,
  "end_time_wall": 1756993621.2064009,
  "wall_time_sec": 0.5633248999947682,
  "steps": 143,
  "packets": 2017859,
  "dropped": 0,
  "running_total_steps": 779746,
  "running_total_packets": 11071389832,
  "running_total_dropped": 111137076,
  "running_total_time_sec": 1920.4184286029995,
  "p_gb": 0.00606,
  "p_bg": 0.6,
  "good_loss_rate": 0.0,
  "bad_loss_rate": 1.0
}