{
  "state": "good",
  "episode_index": 3292,
  "state_ordinal": 1646,
  "start_time_wall": 1756992378.988897,
  "end_time_wall": 1756992379.0115602,
  "wall_time_sec": 0.022662949995719828,
  "steps": 181,
  "packets": 2599330,
  "dropped": 0,
  "running_total_steps": 280284,
  "running_total_packets": 3979756131,
  "running_total_dropped": 39192708,
  "running_total_time_sec": 678.2235881550005,
  "p_gb": 0.00606,
  "p_bg": 0.6,
  "good_loss_rate": 0.0,
  "bad_loss_rate": 1.0
}