{
  "state": "good",
  "episode_index": 18330,
  "state_ordinal": 9165,
  "start_time_wall": 1756995548.0648777,
  "end_time_wall": 1756995548.0687017,
  "wall_time_sec": 0.0038232520018937066,
  "steps": 27,
  "packets": 364515,
  "dropped": 0,
  "running_total_steps": 1536728,
  "running_total_packets": 21819481370,
  "running_total_dropped": 218226814,
  "running_total_time_sec": 3847.2807296750034,
  "p_gb": 0.00606,
  "p_bg": 0.6,
  "good_loss_rate": 0.0,
  "bad_loss_rate": 1.0
}