{
  "state": "good",
  "episode_index": 12628,
  "state_ordinal": 6314,
  "start_time_wall": 1756994359.6758268,
  "end_time_wall": 1756994360.274307,
  "wall_time_sec": 0.5984801550002885,
  "steps": 291,
  "packets": 4068967,
  "dropped": 0,
  "running_total_steps": 1067630,
  "running_total_packets": 15158925112,
  "running_total_dropped": 147689017,
  "running_total_time_sec": 2659.4863350980013,
  "p_gb": 0.00606,
  "p_bg": 0.6,
  "good_loss_rate": 0.0,
  "bad_loss_rate": 1.0
}