{
  "state": "good",
  "episode_index": 5650,
  "state_ordinal": 2825,
  "start_time_wall": 1756992840.300677,
  "end_time_wall": 1756992840.3265738,
  "wall_time_sec": 0.02589634900505189,
  "steps": 219,
  "packets": 3096927,
  "dropped": 0,
  "running_total_steps": 464043,
  "running_total_packets": 6588843794,
  "running_total_dropped": 67503350,
  "running_total_time_sec": 1139.5386017390047,
  "p_gb": 0.00606,
  "p_bg": 0.6,
  "good_loss_rate": 0.0,
  "bad_loss_rate": 1.0
}