{
  "state": "good",
  "episode_index": 11552,
  "state_ordinal": 5776,
  "start_time_wall": 1756994140.7359793,
  "end_time_wall": 1756994141.3582,
  "wall_time_sec": 0.6222206969978288,
  "steps": 379,
  "packets": 5357790,
  "dropped": 0,
  "running_total_steps": 978325,
  "running_total_packets": 13890938323,
  "running_total_dropped": 135924601,
  "running_total_time_sec": 2440.5702279059988,
  "p_gb": 0.00606,
  "p_bg": 0.6,
  "good_loss_rate": 0.0,
  "bad_loss_rate": 1.0
}