{
  "state": "good",
  "episode_index": 2884,
  "state_ordinal": 1442,
  "start_time_wall": 1756992313.2270846,
  "end_time_wall": 1756992313.245788,
  "wall_time_sec": 0.018703554997046012,
  "steps": 135,
  "packets": 1988917,
  "dropped": 1,
  "running_total_steps": 248089,
  "running_total_packets": 3522643397,
  "running_total_dropped": 34199442,
  "running_total_time_sec": 612.457816135,
  "p_gb": 0.00606,
  "p_bg": 0.6,
  "good_loss_rate": 0.0,
  "bad_loss_rate": 1.0
}