{
  "state": "good",
  "episode_index": 4446,
  "state_ordinal": 2223,
  "start_time_wall": 1756992599.2814944,
  "end_time_wall": 1756992599.5049665,
  "wall_time_sec": 0.22347189600259298,
  "steps": 258,
  "packets": 3597412,
  "dropped": 1,
  "running_total_steps": 369934,
  "running_total_packets": 5252617584,
  "running_total_dropped": 52821639,
  "running_total_time_sec": 898.716994238006,
  "p_gb": 0.00606,
  "p_bg": 0.6,
  "good_loss_rate": 0.0,
  "bad_loss_rate": 1.0
}