{
  "state": "good",
  "episode_index": 5630,
  "state_ordinal": 2815,
  "start_time_wall": 1756992836.143489,
  "end_time_wall": 1756992836.1467447,
  "wall_time_sec": 0.0032556980004301295,
  "steps": 20,
  "packets": 306648,
  "dropped": 0,
  "running_total_steps": 461786,
  "running_total_packets": 6556843176,
  "running_total_dropped": 67263220,
  "running_total_time_sec": 1135.3587728929997,
  "p_gb": 0.00606,
  "p_bg": 0.6,
  "good_loss_rate": 0.0,
  "bad_loss_rate": 1.0
}