{
  "state": "good",
  "episode_index": 15684,
  "state_ordinal": 7842,
  "start_time_wall": 1756995000.4944546,
  "end_time_wall": 1756995001.100514,
  "wall_time_sec": 0.6060596170063945,
  "steps": 248,
  "packets": 3610430,
  "dropped": 0,
  "running_total_steps": 1320394,
  "running_total_packets": 18747894246,
  "running_total_dropped": 185622976,
  "running_total_time_sec": 3300.3125421030054,
  "p_gb": 0.00606,
  "p_bg": 0.6,
  "good_loss_rate": 0.0,
  "bad_loss_rate": 1.0
}