{
  "state": "good",
  "episode_index": 7610,
  "state_ordinal": 3805,
  "start_time_wall": 1756993249.917033,
  "end_time_wall": 1756993250.5129082,
  "wall_time_sec": 0.595875287996023,
  "steps": 229,
  "packets": 3230003,
  "dropped": 0,
  "running_total_steps": 632597,
  "running_total_packets": 8982091149,
  "running_total_dropped": 90583797,
  "running_total_time_sec": 1549.7249361930008,
  "p_gb": 0.00606,
  "p_bg": 0.6,
  "good_loss_rate": 0.0,
  "bad_loss_rate": 1.0
}