{
  "state": "good",
  "episode_index": 5954,
  "state_ordinal": 2977,
  "start_time_wall": 1756992923.0736651,
  "end_time_wall": 1756992924.4761777,
  "wall_time_sec": 1.4025121919985395,
  "steps": 579,
  "packets": 8242073,
  "dropped": 1,
  "running_total_steps": 488262,
  "running_total_packets": 6932767552,
  "running_total_dropped": 70902633,
  "running_total_time_sec": 1223.6882056600007,
  "p_gb": 0.00606,
  "p_bg": 0.6,
  "good_loss_rate": 0.0,
  "bad_loss_rate": 1.0
}