{
  "state": "good",
  "episode_index": 13444,
  "state_ordinal": 6722,
  "start_time_wall": 1756994531.2433162,
  "end_time_wall": 1756994531.257501,
  "wall_time_sec": 0.014184431005560327,
  "steps": 109,
  "packets": 1489879,
  "dropped": 0,
  "running_total_steps": 1133562,
  "running_total_packets": 16095056172,
  "running_total_dropped": 159376488,
  "running_total_time_sec": 2830.4695288030052,
  "p_gb": 0.00606,
  "p_bg": 0.6,
  "good_loss_rate": 0.0,
  "bad_loss_rate": 1.0
}