{
  "state": "good",
  "episode_index": 1892,
  "state_ordinal": 946,
  "start_time_wall": 1756992104.4642894,
  "end_time_wall": 1756992104.4678195,
  "wall_time_sec": 0.0035291679960209876,
  "steps": 24,
  "packets": 319678,
  "dropped": 0,
  "running_total_steps": 161442,
  "running_total_packets": 2292375178,
  "running_total_dropped": 22825662,
  "running_total_time_sec": 403.67984745500144,
  "p_gb": 0.00606,
  "p_bg": 0.6,
  "good_loss_rate": 0.0,
  "bad_loss_rate": 1.0
}