{
  "state": "good",
  "episode_index": 16374,
  "state_ordinal": 8187,
  "start_time_wall": 1756995144.0533087,
  "end_time_wall": 1756995144.642624,
  "wall_time_sec": 0.5893153029974201,
  "steps": 256,
  "packets": 3752177,
  "dropped": 0,
  "running_total_steps": 1374273,
  "running_total_packets": 19512897332,
  "running_total_dropped": 193996734,
  "running_total_time_sec": 3443.854651898,
  "p_gb": 0.00606,
  "p_bg": 0.6,
  "good_loss_rate": 0.0,
  "bad_loss_rate": 1.0
}