{
  "state": "good",
  "episode_index": 9972,
  "state_ordinal": 4986,
  "start_time_wall": 1756993787.166712,
  "end_time_wall": 1756993787.7869494,
  "wall_time_sec": 0.6202372670013574,
  "steps": 307,
  "packets": 4478307,
  "dropped": 1,
  "running_total_steps": 838388,
  "running_total_packets": 11904111594,
  "running_total_dropped": 118511426,
  "running_total_time_sec": 2086.9989773790003,
  "p_gb": 0.00606,
  "p_bg": 0.6,
  "good_loss_rate": 0.0,
  "bad_loss_rate": 1.0
}