{
  "state": "good",
  "episode_index": 17804,
  "state_ordinal": 8902,
  "start_time_wall": 1756995423.4866195,
  "end_time_wall": 1756995423.4970896,
  "wall_time_sec": 0.010470054003235418,
  "steps": 79,
  "packets": 1178883,
  "dropped": 0,
  "running_total_steps": 1493471,
  "running_total_packets": 21205296155,
  "running_total_dropped": 211766715,
  "running_total_time_sec": 3722.7091173510053,
  "p_gb": 0.00606,
  "p_bg": 0.6,
  "good_loss_rate": 0.0,
  "bad_loss_rate": 1.0
}