{
  "state": "good",
  "episode_index": 16446,
  "state_ordinal": 8223,
  "start_time_wall": 1756995156.4140203,
  "end_time_wall": 1756995156.4269445,
  "wall_time_sec": 0.012924167000164744,
  "steps": 124,
  "packets": 1688052,
  "dropped": 0,
  "running_total_steps": 1380202,
  "running_total_packets": 19596997486,
  "running_total_dropped": 195046831,
  "running_total_time_sec": 3455.638972528999,
  "p_gb": 0.00606,
  "p_bg": 0.6,
  "good_loss_rate": 0.0,
  "bad_loss_rate": 1.0
}