{
  "state": "good",
  "episode_index": 3186,
  "state_ordinal": 1593,
  "start_time_wall": 1756992360.775337,
  "end_time_wall": 1756992360.7789574,
  "wall_time_sec": 0.003620203999162186,
  "steps": 34,
  "packets": 422382,
  "dropped": 0,
  "running_total_steps": 271446,
  "running_total_packets": 3854241644,
  "running_total_dropped": 37672436,
  "running_total_time_sec": 659.9909851980046,
  "p_gb": 0.00606,
  "p_bg": 0.6,
  "good_loss_rate": 0.0,
  "bad_loss_rate": 1.0
}