{
  "state": "good",
  "episode_index": 8806,
  "state_ordinal": 4403,
  "start_time_wall": 1756993530.6260183,
  "end_time_wall": 1756993530.8260396,
  "wall_time_sec": 0.20002079899859382,
  "steps": 65,
  "packets": 1031336,
  "dropped": 0,
  "running_total_steps": 735705,
  "running_total_packets": 10446124528,
  "running_total_dropped": 105440735,
  "running_total_time_sec": 1830.0380674240005,
  "p_gb": 0.00606,
  "p_bg": 0.6,
  "good_loss_rate": 0.0,
  "bad_loss_rate": 1.0
}