{
  "state": "good",
  "episode_index": 11060,
  "state_ordinal": 5530,
  "start_time_wall": 1756994018.7330863,
  "end_time_wall": 1756994018.733477,
  "wall_time_sec": 0.00039072000072337687,
  "steps": 1,
  "packets": 11571,
  "dropped": 0,
  "running_total_steps": 934991,
  "running_total_packets": 13275597367,
  "running_total_dropped": 130662149,
  "running_total_time_sec": 2317.945505225005,
  "p_gb": 0.00606,
  "p_bg": 0.6,
  "good_loss_rate": 0.0,
  "bad_loss_rate": 1.0
}