{
  "state": "good",
  "episode_index": 15114,
  "state_ordinal": 7557,
  "start_time_wall": 1756994870.5538175,
  "end_time_wall": 1756994870.5599613,
  "wall_time_sec": 0.006143771999632008,
  "steps": 42,
  "packets": 593060,
  "dropped": 0,
  "running_total_steps": 1273582,
  "running_total_packets": 18083206426,
  "running_total_dropped": 179118216,
  "running_total_time_sec": 3169.7719892960013,
  "p_gb": 0.00606,
  "p_bg": 0.6,
  "good_loss_rate": 0.0,
  "bad_loss_rate": 1.0
}