{
  "state": "good",
  "episode_index": 13306,
  "state_ordinal": 6653,
  "start_time_wall": 1756994472.3226013,
  "end_time_wall": 1756994472.3402622,
  "wall_time_sec": 0.01766033400053857,
  "steps": 150,
  "packets": 1970128,
  "dropped": 1,
  "running_total_steps": 1122149,
  "running_total_packets": 15932958609,
  "running_total_dropped": 157387596,
  "running_total_time_sec": 2771.552290104002,
  "p_gb": 0.00606,
  "p_bg": 0.6,
  "good_loss_rate": 0.0,
  "bad_loss_rate": 1.0
}