{
  "state": "good",
  "episode_index": 4310,
  "state_ordinal": 2155,
  "start_time_wall": 1756992580.431158,
  "end_time_wall": 1756992580.4411697,
  "wall_time_sec": 0.010011206999479327,
  "steps": 93,
  "packets": 1246881,
  "dropped": 0,
  "running_total_steps": 360694,
  "running_total_packets": 5121444442,
  "running_total_dropped": 51502367,
  "running_total_time_sec": 879.6531975820035,
  "p_gb": 0.00606,
  "p_bg": 0.6,
  "good_loss_rate": 0.0,
  "bad_loss_rate": 1.0
}