{
  "state": "good",
  "episode_index": 2424,
  "state_ordinal": 1212,
  "start_time_wall": 1756992193.9984074,
  "end_time_wall": 1756992194.0183709,
  "wall_time_sec": 0.01996298899757676,
  "steps": 167,
  "packets": 2380915,
  "dropped": 0,
  "running_total_steps": 205935,
  "running_total_packets": 2924062875,
  "running_total_dropped": 29019623,
  "running_total_time_sec": 493.23039867600164,
  "p_gb": 0.00606,
  "p_bg": 0.6,
  "good_loss_rate": 0.0,
  "bad_loss_rate": 1.0
}