{
  "state": "good",
  "episode_index": 5384,
  "state_ordinal": 2692,
  "start_time_wall": 1756992796.4295845,
  "end_time_wall": 1756992796.6446857,
  "wall_time_sec": 0.2151011079986347,
  "steps": 200,
  "packets": 2852470,
  "dropped": 0,
  "running_total_steps": 442356,
  "running_total_packets": 6280876792,
  "running_total_dropped": 64354377,
  "running_total_time_sec": 1095.8567136339989,
  "p_gb": 0.00606,
  "p_bg": 0.6,
  "good_loss_rate": 0.0,
  "bad_loss_rate": 1.0
}