{
  "state": "good",
  "episode_index": 11106,
  "state_ordinal": 5553,
  "start_time_wall": 1756994026.24697,
  "end_time_wall": 1756994026.8258855,
  "wall_time_sec": 0.5789152039942564,
  "steps": 137,
  "packets": 2003376,
  "dropped": 0,
  "running_total_steps": 938943,
  "running_total_packets": 13331799130,
  "running_total_dropped": 131203140,
  "running_total_time_sec": 2326.037913300999,
  "p_gb": 0.00606,
  "p_bg": 0.6,
  "good_loss_rate": 0.0,
  "bad_loss_rate": 1.0
}