{
  "state": "good",
  "episode_index": 6022,
  "state_ordinal": 3011,
  "start_time_wall": 1756992935.9821367,
  "end_time_wall": 1756992935.9826624,
  "wall_time_sec": 0.000525131996255368,
  "steps": 1,
  "packets": 6,
  "dropped": 0,
  "running_total_steps": 494085,
  "running_total_packets": 7015473284,
  "running_total_dropped": 71780639,
  "running_total_time_sec": 1235.1946903630014,
  "p_gb": 0.00606,
  "p_bg": 0.6,
  "good_loss_rate": 0.0,
  "bad_loss_rate": 1.0
}