{
  "state": "good",
  "episode_index": 7294,
  "state_ordinal": 3647,
  "start_time_wall": 1756993194.0730424,
  "end_time_wall": 1756993194.076945,
  "wall_time_sec": 0.0039027559978421777,
  "steps": 35,
  "packets": 486014,
  "dropped": 0,
  "running_total_steps": 605135,
  "running_total_packets": 8592172017,
  "running_total_dropped": 87025423,
  "running_total_time_sec": 1493.288973214003,
  "p_gb": 0.00606,
  "p_bg": 0.6,
  "good_loss_rate": 0.0,
  "bad_loss_rate": 1.0
}