{
  "state": "good",
  "episode_index": 8736,
  "state_ordinal": 4368,
  "start_time_wall": 1756993518.5282855,
  "end_time_wall": 1756993519.1263444,
  "wall_time_sec": 0.5980589210012113,
  "steps": 316,
  "packets": 4420464,
  "dropped": 0,
  "running_total_steps": 729967,
  "running_total_packets": 10364575991,
  "running_total_dropped": 104724674,
  "running_total_time_sec": 1818.3383724330051,
  "p_gb": 0.00606,
  "p_bg": 0.6,
  "good_loss_rate": 0.0,
  "bad_loss_rate": 1.0
}