{
  "state": "good",
  "episode_index": 7724,
  "state_ordinal": 3862,
  "start_time_wall": 1756993309.1191573,
  "end_time_wall": 1756993309.1358418,
  "wall_time_sec": 0.016683781999745406,
  "steps": 138,
  "packets": 2003382,
  "dropped": 0,
  "running_total_steps": 644100,
  "running_total_packets": 9145403762,
  "running_total_dropped": 92192274,
  "running_total_time_sec": 1608.3478696810052,
  "p_gb": 0.00606,
  "p_bg": 0.6,
  "good_loss_rate": 0.0,
  "bad_loss_rate": 1.0
}