{
  "state": "good",
  "episode_index": 9730,
  "state_ordinal": 4865,
  "start_time_wall": 1756993748.9718328,
  "end_time_wall": 1756993749.5472074,
  "wall_time_sec": 0.5753743460008991,
  "steps": 193,
  "packets": 2733859,
  "dropped": 0,
  "running_total_steps": 819991,
  "running_total_packets": 11642780757,
  "running_total_dropped": 115823789,
  "running_total_time_sec": 2048.759235325,
  "p_gb": 0.00606,
  "p_bg": 0.6,
  "good_loss_rate": 0.0,
  "bad_loss_rate": 1.0
}