{
  "state": "good",
  "episode_index": 4654,
  "state_ordinal": 2327,
  "start_time_wall": 1756992635.2513165,
  "end_time_wall": 1756992635.8618975,
  "wall_time_sec": 0.610580407002999,
  "steps": 178,
  "packets": 2553052,
  "dropped": 0,
  "running_total_steps": 387373,
  "running_total_packets": 5500286373,
  "running_total_dropped": 55468625,
  "running_total_time_sec": 935.0739253780048,
  "p_gb": 0.00606,
  "p_bg": 0.6,
  "good_loss_rate": 0.0,
  "bad_loss_rate": 1.0
}