{
  "state": "good",
  "episode_index": 8288,
  "state_ordinal": 4144,
  "start_time_wall": 1756993403.0012884,
  "end_time_wall": 1756993403.0029502,
  "wall_time_sec": 0.0016614929991192184,
  "steps": 11,
  "packets": 134523,
  "dropped": 0,
  "running_total_steps": 690209,
  "running_total_packets": 9800012481,
  "running_total_dropped": 98866494,
  "running_total_time_sec": 1702.2149780850013,
  "p_gb": 0.00606,
  "p_bg": 0.6,
  "good_loss_rate": 0.0,
  "bad_loss_rate": 1.0
}