{
  "state": "good",
  "episode_index": 1004,
  "state_ordinal": 502,
  "start_time_wall": 1756991910.4923003,
  "end_time_wall": 1756991910.4928994,
  "wall_time_sec": 0.0005982360016787425,
  "steps": 2,
  "packets": 12,
  "dropped": 0,
  "running_total_steps": 83962,
  "running_total_packets": 1192208258,
  "running_total_dropped": 11812079,
  "running_total_time_sec": 209.7049272370059,
  "p_gb": 0.00606,
  "p_bg": 0.6,
  "good_loss_rate": 0.0,
  "bad_loss_rate": 1.0
}