{
  "state": "good",
  "episode_index": 16278,
  "state_ordinal": 8139,
  "start_time_wall": 1756995092.3786557,
  "end_time_wall": 1756995092.3862154,
  "wall_time_sec": 0.007559058001788799,
  "steps": 27,
  "packets": 364515,
  "dropped": 0,
  "running_total_steps": 1365089,
  "running_total_packets": 19382467679,
  "running_total_dropped": 193001499,
  "running_total_time_sec": 3391.598243434004,
  "p_gb": 0.00606,
  "p_bg": 0.6,
  "good_loss_rate": 0.0,
  "bad_loss_rate": 1.0
}