{
  "state": "good",
  "episode_index": 15726,
  "state_ordinal": 7863,
  "start_time_wall": 1756995009.7287145,
  "end_time_wall": 1756995009.7381325,
  "wall_time_sec": 0.009417524001037236,
  "steps": 86,
  "packets": 1189014,
  "dropped": 0,
  "running_total_steps": 1324771,
  "running_total_packets": 18809923919,
  "running_total_dropped": 186275323,
  "running_total_time_sec": 3308.9501602650053,
  "p_gb": 0.00606,
  "p_bg": 0.6,
  "good_loss_rate": 0.0,
  "bad_loss_rate": 1.0
}