{
  "state": "good",
  "episode_index": 624,
  "state_ordinal": 312,
  "start_time_wall": 1756991800.9497707,
  "end_time_wall": 1756991801.5677605,
  "wall_time_sec": 0.6179892790023587,
  "steps": 467,
  "packets": 6737729,
  "dropped": 1,
  "running_total_steps": 47474,
  "running_total_packets": 674202792,
  "running_total_dropped": 7157288,
  "running_total_time_sec": 100.77978829200583,
  "p_gb": 0.00606,
  "p_bg": 0.6,
  "good_loss_rate": 0.0,
  "bad_loss_rate": 1.0
}