{
  "state": "good",
  "episode_index": 1408,
  "state_ordinal": 704,
  "start_time_wall": 1756991981.831823,
  "end_time_wall": 1756991981.8586514,
  "wall_time_sec": 0.026828041001863312,
  "steps": 204,
  "packets": 2949374,
  "dropped": 0,
  "running_total_steps": 118598,
  "running_total_packets": 1684113312,
  "running_total_dropped": 16887780,
  "running_total_time_sec": 281.07067934200313,
  "p_gb": 0.00606,
  "p_bg": 0.6,
  "good_loss_rate": 0.0,
  "bad_loss_rate": 1.0
}