{
  "state": "good",
  "episode_index": 12510,
  "state_ordinal": 6255,
  "start_time_wall": 1756994339.8627927,
  "end_time_wall": 1756994339.867277,
  "wall_time_sec": 0.004483276999962982,
  "steps": 30,
  "packets": 428159,
  "dropped": 0,
  "running_total_steps": 1057506,
  "running_total_packets": 15015245645,
  "running_total_dropped": 146054517,
  "running_total_time_sec": 2639.07930469,
  "p_gb": 0.00606,
  "p_bg": 0.6,
  "good_loss_rate": 0.0,
  "bad_loss_rate": 1.0
}