{
  "state": "good",
  "episode_index": 19108,
  "state_ordinal": 9554,
  "start_time_wall": 1756995678.0711322,
  "end_time_wall": 1756995678.8324919,
  "wall_time_sec": 0.7613587630039547,
  "steps": 259,
  "packets": 3795573,
  "dropped": 0,
  "running_total_steps": 1600186,
  "running_total_packets": 22720546710,
  "running_total_dropped": 227682458,
  "running_total_time_sec": 3978.0445197470035,
  "p_gb": 0.00606,
  "p_bg": 0.6,
  "good_loss_rate": 0.0,
  "bad_loss_rate": 1.0
}