{
  "state": "good",
  "episode_index": 10288,
  "state_ordinal": 5144,
  "start_time_wall": 1756993845.0593336,
  "end_time_wall": 1756993845.07152,
  "wall_time_sec": 0.012186182997538708,
  "steps": 116,
  "packets": 1578118,
  "dropped": 0,
  "running_total_steps": 866502,
  "running_total_packets": 12303127682,
  "running_total_dropped": 122246328,
  "running_total_time_sec": 2144.28354787,
  "p_gb": 0.00606,
  "p_bg": 0.6,
  "good_loss_rate": 0.0,
  "bad_loss_rate": 1.0
}