{
  "state": "good",
  "episode_index": 492,
  "state_ordinal": 246,
  "start_time_wall": 1756991779.8275795,
  "end_time_wall": 1756991779.831014,
  "wall_time_sec": 0.003434327998547815,
  "steps": 24,
  "packets": 350050,
  "dropped": 0,
  "running_total_steps": 36517,
  "running_total_packets": 518562341,
  "running_total_dropped": 5689085,
  "running_total_time_sec": 79.04304176600272,
  "p_gb": 0.00606,
  "p_bg": 0.6,
  "good_loss_rate": 0.0,
  "bad_loss_rate": 1.0
}