{
  "state": "good",
  "episode_index": 13070,
  "state_ordinal": 6535,
  "start_time_wall": 1756994434.1132176,
  "end_time_wall": 1756994434.1366007,
  "wall_time_sec": 0.02338243900157977,
  "steps": 187,
  "packets": 2674557,
  "dropped": 0,
  "running_total_steps": 1103563,
  "running_total_packets": 15669157159,
  "running_total_dropped": 153937767,
  "running_total_time_sec": 2733.348628701002,
  "p_gb": 0.00606,
  "p_bg": 0.6,
  "good_loss_rate": 0.0,
  "bad_loss_rate": 1.0
}