{
  "state": "good",
  "episode_index": 11976,
  "state_ordinal": 5988,
  "start_time_wall": 1756994215.1030984,
  "end_time_wall": 1756994215.112638,
  "wall_time_sec": 0.009539066995785106,
  "steps": 72,
  "packets": 972040,
  "dropped": 0,
  "running_total_steps": 1014159,
  "running_total_packets": 14399707969,
  "running_total_dropped": 140812334,
  "running_total_time_sec": 2514.324665884,
  "p_gb": 0.00606,
  "p_bg": 0.6,
  "good_loss_rate": 0.0,
  "bad_loss_rate": 1.0
}