{
  "state": "good",
  "episode_index": 14156,
  "state_ordinal": 7078,
  "start_time_wall": 1756994650.3940666,
  "end_time_wall": 1756994650.3969975,
  "wall_time_sec": 0.0029304449999472126,
  "steps": 24,
  "packets": 350050,
  "dropped": 0,
  "running_total_steps": 1192898,
  "running_total_packets": 16937522928,
  "running_total_dropped": 168255012,
  "running_total_time_sec": 2949.6090252290014,
  "p_gb": 0.00606,
  "p_bg": 0.6,
  "good_loss_rate": 0.0,
  "bad_loss_rate": 1.0
}