{
  "state": "good",
  "episode_index": 120,
  "state_ordinal": 60,
  "start_time_wall": 1756991722.7774436,
  "end_time_wall": 1756991722.7865598,
  "wall_time_sec": 0.00911557899962645,
  "steps": 87,
  "packets": 1139841,
  "dropped": 0,
  "running_total_steps": 8965,
  "running_total_packets": 127347167,
  "running_total_dropped": 1543386,
  "running_total_time_sec": 21.998587621004845,
  "p_gb": 0.00606,
  "p_bg": 0.6,
  "good_loss_rate": 0.0,
  "bad_loss_rate": 1.0
}