{
  "state": "good",
  "episode_index": 14142,
  "state_ordinal": 7071,
  "start_time_wall": 1756994648.0162892,
  "end_time_wall": 1756994648.6467109,
  "wall_time_sec": 0.6304213019975577,
  "steps": 461,
  "packets": 6620565,
  "dropped": 0,
  "running_total_steps": 1191979,
  "running_total_packets": 16924530589,
  "running_total_dropped": 168127724,
  "running_total_time_sec": 2947.8587386910003,
  "p_gb": 0.00606,
  "p_bg": 0.6,
  "good_loss_rate": 0.0,
  "bad_loss_rate": 1.0
}