{
  "state": "good",
  "episode_index": 17280,
  "state_ordinal": 8640,
  "start_time_wall": 1756995336.7137907,
  "end_time_wall": 1756995336.7213686,
  "wall_time_sec": 0.007577257994853426,
  "steps": 69,
  "packets": 960457,
  "dropped": 0,
  "running_total_steps": 1451399,
  "running_total_packets": 20607891617,
  "running_total_dropped": 204799030,
  "running_total_time_sec": 3635.933396476001,
  "p_gb": 0.00606,
  "p_bg": 0.6,
  "good_loss_rate": 0.0,
  "bad_loss_rate": 1.0
}