{
  "state": "good",
  "episode_index": 18816,
  "state_ordinal": 9408,
  "start_time_wall": 1756995628.048007,
  "end_time_wall": 1756995628.0583131,
  "wall_time_sec": 0.010306156000297051,
  "steps": 80,
  "packets": 1061726,
  "dropped": 0,
  "running_total_steps": 1575406,
  "running_total_packets": 22368605082,
  "running_total_dropped": 224124031,
  "running_total_time_sec": 3927.270341069001,
  "p_gb": 0.00606,
  "p_bg": 0.6,
  "good_loss_rate": 0.0,
  "bad_loss_rate": 1.0
}