{
  "state": "good",
  "episode_index": 3324,
  "state_ordinal": 1662,
  "start_time_wall": 1756992384.1101732,
  "end_time_wall": 1756992384.7536788,
  "wall_time_sec": 0.6435057019989472,
  "steps": 448,
  "packets": 6326930,
  "dropped": 1,
  "running_total_steps": 282998,
  "running_total_packets": 4018205184,
  "running_total_dropped": 39616527,
  "running_total_time_sec": 683.9657068950037,
  "p_gb": 0.00606,
  "p_bg": 0.6,
  "good_loss_rate": 0.0,
  "bad_loss_rate": 1.0
}