{
  "state": "good",
  "episode_index": 18072,
  "state_ordinal": 9036,
  "start_time_wall": 1756995468.1825233,
  "end_time_wall": 1756995469.129508,
  "wall_time_sec": 0.9469848730004742,
  "steps": 227,
  "packets": 3303776,
  "dropped": 0,
  "running_total_steps": 1515554,
  "running_total_packets": 21518862510,
  "running_total_dropped": 214992457,
  "running_total_time_sec": 3768.341536123,
  "p_gb": 0.00606,
  "p_bg": 0.6,
  "good_loss_rate": 0.0,
  "bad_loss_rate": 1.0
}