{
  "state": "good",
  "episode_index": 18952,
  "state_ordinal": 9476,
  "start_time_wall": 1756995648.8565223,
  "end_time_wall": 1756995649.4580348,
  "wall_time_sec": 0.6015121310047107,
  "steps": 332,
  "packets": 4799432,
  "dropped": 0,
  "running_total_steps": 1585714,
  "running_total_packets": 22515064686,
  "running_total_dropped": 225506903,
  "running_total_time_sec": 3948.670062658006,
  "p_gb": 0.00606,
  "p_bg": 0.6,
  "good_loss_rate": 0.0,
  "bad_loss_rate": 1.0
}