{
  "state": "good",
  "episode_index": 3326,
  "state_ordinal": 1663,
  "start_time_wall": 1756992384.9069202,
  "end_time_wall": 1756992386.2736945,
  "wall_time_sec": 1.3667742980032926,
  "steps": 631,
  "packets": 9094055,
  "dropped": 0,
  "running_total_steps": 283630,
  "running_total_packets": 4027300686,
  "running_total_dropped": 39617974,
  "running_total_time_sec": 685.485722549005,
  "p_gb": 0.00606,
  "p_bg": 0.6,
  "good_loss_rate": 0.0,
  "bad_loss_rate": 1.0
}