{
  "state": "good",
  "episode_index": 17692,
  "state_ordinal": 8846,
  "start_time_wall": 1756995405.2247238,
  "end_time_wall": 1756995405.8489773,
  "wall_time_sec": 0.6242534569973941,
  "steps": 486,
  "packets": 6982186,
  "dropped": 0,
  "running_total_steps": 1484998,
  "running_total_packets": 21085041090,
  "running_total_dropped": 209941326,
  "running_total_time_sec": 3705.061005265001,
  "p_gb": 0.00606,
  "p_bg": 0.6,
  "good_loss_rate": 0.0,
  "bad_loss_rate": 1.0
}