{
  "state": "good",
  "episode_index": 6450,
  "state_ordinal": 3225,
  "start_time_wall": 1756993010.2063272,
  "end_time_wall": 1756993010.2240381,
  "wall_time_sec": 0.01771068700327305,
  "steps": 140,
  "packets": 1929609,
  "dropped": 0,
  "running_total_steps": 530637,
  "running_total_packets": 7534340856,
  "running_total_dropped": 76771116,
  "running_total_time_sec": 1309.436066043003,
  "p_gb": 0.00606,
  "p_bg": 0.6,
  "good_loss_rate": 0.0,
  "bad_loss_rate": 1.0
}