{
  "state": "good",
  "episode_index": 12348,
  "state_ordinal": 6174,
  "start_time_wall": 1756994277.6015813,
  "end_time_wall": 1756994278.1745172,
  "wall_time_sec": 0.5729359079996357,
  "steps": 51,
  "packets": 833169,
  "dropped": 0,
  "running_total_steps": 1045005,
  "running_total_packets": 14837753127,
  "running_total_dropped": 144545781,
  "running_total_time_sec": 2577.386545350004,
  "p_gb": 0.00606,
  "p_bg": 0.6,
  "good_loss_rate": 0.0,
  "bad_loss_rate": 1.0
}