{
  "state": "good",
  "episode_index": 2328,
  "state_ordinal": 1164,
  "start_time_wall": 1756992178.5596492,
  "end_time_wall": 1756992178.562443,
  "wall_time_sec": 0.0027930330033996142,
  "steps": 20,
  "packets": 306648,
  "dropped": 0,
  "running_total_steps": 198365,
  "running_total_packets": 2816573039,
  "running_total_dropped": 27965140,
  "running_total_time_sec": 477.7744708970058,
  "p_gb": 0.00606,
  "p_bg": 0.6,
  "good_loss_rate": 0.0,
  "bad_loss_rate": 1.0
}