{
  "state": "good",
  "episode_index": 18642,
  "state_ordinal": 9321,
  "start_time_wall": 1756995597.8263555,
  "end_time_wall": 1756995597.8332462,
  "wall_time_sec": 0.006890817996463738,
  "steps": 51,
  "packets": 716006,
  "dropped": 0,
  "running_total_steps": 1560945,
  "running_total_packets": 22163276388,
  "running_total_dropped": 221923978,
  "running_total_time_sec": 3897.045274322001,
  "p_gb": 0.00606,
  "p_bg": 0.6,
  "good_loss_rate": 0.0,
  "bad_loss_rate": 1.0
}