{
  "state": "good",
  "episode_index": 2832,
  "state_ordinal": 1416,
  "start_time_wall": 1756992301.358016,
  "end_time_wall": 1756992301.3611476,
  "wall_time_sec": 0.0031315390006056987,
  "steps": 28,
  "packets": 365962,
  "dropped": 0,
  "running_total_steps": 242124,
  "running_total_packets": 3437889440,
  "running_total_dropped": 33730758,
  "running_total_time_sec": 600.5731755960005,
  "p_gb": 0.00606,
  "p_bg": 0.6,
  "good_loss_rate": 0.0,
  "bad_loss_rate": 1.0
}