{
  "state": "good",
  "episode_index": 6096,
  "state_ordinal": 3048,
  "start_time_wall": 1756992951.2647424,
  "end_time_wall": 1756992951.2763104,
  "wall_time_sec": 0.011568123001779895,
  "steps": 83,
  "packets": 1262781,
  "dropped": 0,
  "running_total_steps": 501307,
  "running_total_packets": 7117985757,
  "running_total_dropped": 72596475,
  "running_total_time_sec": 1250.4883385690046,
  "p_gb": 0.00606,
  "p_bg": 0.6,
  "good_loss_rate": 0.0,
  "bad_loss_rate": 1.0
}