{
  "state": "good",
  "episode_index": 6474,
  "state_ordinal": 3237,
  "start_time_wall": 1756993015.1127355,
  "end_time_wall": 1756993015.7346363,
  "wall_time_sec": 0.6219008609987213,
  "steps": 432,
  "packets": 6253156,
  "dropped": 0,
  "running_total_steps": 533476,
  "running_total_packets": 7574733982,
  "running_total_dropped": 76970758,
  "running_total_time_sec": 1314.946664314004,
  "p_gb": 0.00606,
  "p_bg": 0.6,
  "good_loss_rate": 0.0,
  "bad_loss_rate": 1.0
}