{
  "state": "good",
  "episode_index": 18634,
  "state_ordinal": 9317,
  "start_time_wall": 1756995596.1990216,
  "end_time_wall": 1756995596.2131708,
  "wall_time_sec": 0.014148624999506865,
  "steps": 101,
  "packets": 1485543,
  "dropped": 0,
  "running_total_steps": 1560177,
  "running_total_packets": 22152463903,
  "running_total_dropped": 221847315,
  "running_total_time_sec": 3895.425198746001,
  "p_gb": 0.00606,
  "p_bg": 0.6,
  "good_loss_rate": 0.0,
  "bad_loss_rate": 1.0
}