{
  "state": "good",
  "episode_index": 7138,
  "state_ordinal": 3569,
  "start_time_wall": 1756993166.527714,
  "end_time_wall": 1756993166.5389342,
  "wall_time_sec": 0.011219961001188494,
  "steps": 95,
  "packets": 1439247,
  "dropped": 0,
  "running_total_steps": 591420,
  "running_total_packets": 8397434498,
  "running_total_dropped": 84618469,
  "running_total_time_sec": 1465.7509620940036,
  "p_gb": 0.00606,
  "p_bg": 0.6,
  "good_loss_rate": 0.0,
  "bad_loss_rate": 1.0
}