{
  "state": "good",
  "episode_index": 11990,
  "state_ordinal": 5995,
  "start_time_wall": 1756994216.6641474,
  "end_time_wall": 1756994216.6695905,
  "wall_time_sec": 0.00544244000047911,
  "steps": 47,
  "packets": 639350,
  "dropped": 0,
  "running_total_steps": 1015203,
  "running_total_packets": 14414527218,
  "running_total_dropped": 140964215,
  "running_total_time_sec": 2515.8816184660027,
  "p_gb": 0.00606,
  "p_bg": 0.6,
  "good_loss_rate": 0.0,
  "bad_loss_rate": 1.0
}