{
  "state": "good",
  "episode_index": 11032,
  "state_ordinal": 5516,
  "start_time_wall": 1756994012.296672,
  "end_time_wall": 1756994012.3069115,
  "wall_time_sec": 0.01023926700145239,
  "steps": 80,
  "packets": 1092098,
  "dropped": 0,
  "running_total_steps": 931799,
  "running_total_packets": 13230284745,
  "running_total_dropped": 130530501,
  "running_total_time_sec": 2311.5189393420005,
  "p_gb": 0.00606,
  "p_bg": 0.6,
  "good_loss_rate": 0.0,
  "bad_loss_rate": 1.0
}