{
  "state": "good",
  "episode_index": 5214,
  "state_ordinal": 2607,
  "start_time_wall": 1756992772.099758,
  "end_time_wall": 1756992772.838147,
  "wall_time_sec": 0.7383885260060197,
  "steps": 325,
  "packets": 4660573,
  "dropped": 2,
  "running_total_steps": 430593,
  "running_total_packets": 6113936383,
  "running_total_dropped": 62094956,
  "running_total_time_sec": 1072.050174822005,
  "p_gb": 0.00606,
  "p_bg": 0.6,
  "good_loss_rate": 0.0,
  "bad_loss_rate": 1.0
}