{
  "state": "good",
  "episode_index": 8608,
  "state_ordinal": 4304,
  "start_time_wall": 1756993464.0368466,
  "end_time_wall": 1756993464.0392225,
  "wall_time_sec": 0.002375171003222931,
  "steps": 18,
  "packets": 243010,
  "dropped": 0,
  "running_total_steps": 720114,
  "running_total_packets": 10224670408,
  "running_total_dropped": 102912221,
  "running_total_time_sec": 1763.2512503380058,
  "p_gb": 0.00606,
  "p_bg": 0.6,
  "good_loss_rate": 0.0,
  "bad_loss_rate": 1.0
}