{
  "state": "good",
  "episode_index": 17362,
  "state_ordinal": 8681,
  "start_time_wall": 1756995352.0863128,
  "end_time_wall": 1756995352.6595762,
  "wall_time_sec": 0.5732628129990189,
  "steps": 181,
  "packets": 2567517,
  "dropped": 0,
  "running_total_steps": 1459117,
  "running_total_packets": 20717507787,
  "running_total_dropped": 205844816,
  "running_total_time_sec": 3651.8716040610016,
  "p_gb": 0.00606,
  "p_bg": 0.6,
  "good_loss_rate": 0.0,
  "bad_loss_rate": 1.0
}