{
  "state": "good",
  "episode_index": 4872,
  "state_ordinal": 2436,
  "start_time_wall": 1756992721.2268229,
  "end_time_wall": 1756992721.2467668,
  "wall_time_sec": 0.019943961000535637,
  "steps": 164,
  "packets": 2367891,
  "dropped": 0,
  "running_total_steps": 404510,
  "running_total_packets": 5743598336,
  "running_total_dropped": 58415046,
  "running_total_time_sec": 1020.4587947969994,
  "p_gb": 0.00606,
  "p_bg": 0.6,
  "good_loss_rate": 0.0,
  "bad_loss_rate": 1.0
}