{
  "state": "good",
  "episode_index": 7268,
  "state_ordinal": 3634,
  "start_time_wall": 1756993190.7206128,
  "end_time_wall": 1756993190.7341695,
  "wall_time_sec": 0.013556521000282373,
  "steps": 109,
  "packets": 1458066,
  "dropped": 0,
  "running_total_steps": 603355,
  "running_total_packets": 8566851291,
  "running_total_dropped": 86666683,
  "running_total_time_sec": 1489.9461975369995,
  "p_gb": 0.00606,
  "p_bg": 0.6,
  "good_loss_rate": 0.0,
  "bad_loss_rate": 1.0
}