{
  "state": "good",
  "episode_index": 5948,
  "state_ordinal": 2974,
  "start_time_wall": 1756992921.6091418,
  "end_time_wall": 1756992922.1571429,
  "wall_time_sec": 0.5480010469982517,
  "steps": 292,
  "packets": 4070414,
  "dropped": 1,
  "running_total_steps": 487117,
  "running_total_packets": 6916451195,
  "running_total_dropped": 70856348,
  "running_total_time_sec": 1221.369170775004,
  "p_gb": 0.00606,
  "p_bg": 0.6,
  "good_loss_rate": 0.0,
  "bad_loss_rate": 1.0
}