{
  "state": "good",
  "episode_index": 10882,
  "state_ordinal": 5441,
  "start_time_wall": 1756993986.868837,
  "end_time_wall": 1756993986.8746104,
  "wall_time_sec": 0.005772566997620743,
  "steps": 26,
  "packets": 468666,
  "dropped": 1,
  "running_total_steps": 919395,
  "running_total_packets": 13054253175,
  "running_total_dropped": 128997156,
  "running_total_time_sec": 2286.0866382480017,
  "p_gb": 0.00606,
  "p_bg": 0.6,
  "good_loss_rate": 0.0,
  "bad_loss_rate": 1.0
}