{
  "state": "good",
  "episode_index": 1642,
  "state_ordinal": 821,
  "start_time_wall": 1756992019.2434447,
  "end_time_wall": 1756992019.865939,
  "wall_time_sec": 0.6224941609980306,
  "steps": 411,
  "packets": 5829339,
  "dropped": 0,
  "running_total_steps": 137551,
  "running_total_packets": 1953125017,
  "running_total_dropped": 19808185,
  "running_total_time_sec": 319.077966937999,
  "p_gb": 0.00606,
  "p_bg": 0.6,
  "good_loss_rate": 0.0,
  "bad_loss_rate": 1.0
}