{
  "state": "good",
  "episode_index": 13286,
  "state_ordinal": 6643,
  "start_time_wall": 1756994470.3648338,
  "end_time_wall": 1756994470.376069,
  "wall_time_sec": 0.011234719000640325,
  "steps": 85,
  "packets": 1157195,
  "dropped": 0,
  "running_total_steps": 1121122,
  "running_total_packets": 15918419978,
  "running_total_dropped": 157049126,
  "running_total_time_sec": 2769.5880971850056,
  "p_gb": 0.00606,
  "p_bg": 0.6,
  "good_loss_rate": 0.0,
  "bad_loss_rate": 1.0
}