{
  "state": "good",
  "episode_index": 17596,
  "state_ordinal": 8798,
  "start_time_wall": 1756995389.6213455,
  "end_time_wall": 1756995390.2007911,
  "wall_time_sec": 0.5794447840016801,
  "steps": 121,
  "packets": 1760378,
  "dropped": 0,
  "running_total_steps": 1477266,
  "running_total_packets": 20975196381,
  "running_total_dropped": 208814474,
  "running_total_time_sec": 3689.4128190400006,
  "p_gb": 0.00606,
  "p_bg": 0.6,
  "good_loss_rate": 0.0,
  "bad_loss_rate": 1.0
}