{
  "state": "good",
  "episode_index": 14056,
  "state_ordinal": 7028,
  "start_time_wall": 1756994634.9307895,
  "end_time_wall": 1756994635.4757848,
  "wall_time_sec": 0.5449953310017008,
  "steps": 60,
  "packets": 922861,
  "dropped": 0,
  "running_total_steps": 1185336,
  "running_total_packets": 16830228376,
  "running_total_dropped": 167164362,
  "running_total_time_sec": 2934.687812645003,
  "p_gb": 0.00606,
  "p_bg": 0.6,
  "good_loss_rate": 0.0,
  "bad_loss_rate": 1.0
}