{
  "state": "good",
  "episode_index": 4320,
  "state_ordinal": 2160,
  "start_time_wall": 1756992581.2389693,
  "end_time_wall": 1756992581.7933269,
  "wall_time_sec": 0.5543573390023084,
  "steps": 65,
  "packets": 1029895,
  "dropped": 0,
  "running_total_steps": 361200,
  "running_total_packets": 5128682656,
  "running_total_dropped": 51550104,
  "running_total_time_sec": 881.0053547620046,
  "p_gb": 0.00606,
  "p_bg": 0.6,
  "good_loss_rate": 0.0,
  "bad_loss_rate": 1.0
}