{
  "state": "good",
  "episode_index": 10430,
  "state_ordinal": 5215,
  "start_time_wall": 1756993873.1794043,
  "end_time_wall": 1756993873.4073343,
  "wall_time_sec": 0.2279300139998668,
  "steps": 268,
  "packets": 3730488,
  "dropped": 1,
  "running_total_steps": 880484,
  "running_total_packets": 12501699840,
  "running_total_dropped": 123909841,
  "running_total_time_sec": 2172.6193623220024,
  "p_gb": 0.00606,
  "p_bg": 0.6,
  "good_loss_rate": 0.0,
  "bad_loss_rate": 1.0
}