{
  "state": "good",
  "episode_index": 1446,
  "state_ordinal": 723,
  "start_time_wall": 1756991987.7248807,
  "end_time_wall": 1756991987.7301998,
  "wall_time_sec": 0.005319096002494916,
  "steps": 47,
  "packets": 671163,
  "dropped": 0,
  "running_total_steps": 121483,
  "running_total_packets": 1725008371,
  "running_total_dropped": 17483688,
  "running_total_time_sec": 286.94222766100575,
  "p_gb": 0.00606,
  "p_bg": 0.6,
  "good_loss_rate": 0.0,
  "bad_loss_rate": 1.0
}