{
  "state": "good",
  "episode_index": 17778,
  "state_ordinal": 8889,
  "start_time_wall": 1756995419.4513063,
  "end_time_wall": 1756995419.465141,
  "wall_time_sec": 0.013834579003741965,
  "steps": 133,
  "packets": 1809557,
  "dropped": 0,
  "running_total_steps": 1491610,
  "running_total_packets": 21178796534,
  "running_total_dropped": 211432584,
  "running_total_time_sec": 3718.6771689040033,
  "p_gb": 0.00606,
  "p_bg": 0.6,
  "good_loss_rate": 0.0,
  "bad_loss_rate": 1.0
}