{
  "state": "good",
  "episode_index": 7552,
  "state_ordinal": 3776,
  "start_time_wall": 1756993238.2846963,
  "end_time_wall": 1756993238.289802,
  "wall_time_sec": 0.005105013005959336,
  "steps": 36,
  "packets": 486020,
  "dropped": 0,
  "running_total_steps": 626561,
  "running_total_packets": 8896447591,
  "running_total_dropped": 89995074,
  "running_total_time_sec": 1537.5018299530057,
  "p_gb": 0.00606,
  "p_bg": 0.6,
  "good_loss_rate": 0.0,
  "bad_loss_rate": 1.0
}