{
  "state": "good",
  "episode_index": 9238,
  "state_ordinal": 4619,
  "start_time_wall": 1756993614.0083158,
  "end_time_wall": 1756993614.0288496,
  "wall_time_sec": 0.020532993999950122,
  "steps": 159,
  "packets": 2278223,
  "dropped": 0,
  "running_total_steps": 776308,
  "running_total_packets": 11022615768,
  "running_total_dropped": 110383460,
  "running_total_time_sec": 1913.2408774690048,
  "p_gb": 0.00606,
  "p_bg": 0.6,
  "good_loss_rate": 0.0,
  "bad_loss_rate": 1.0
}