{
  "state": "good",
  "episode_index": 876,
  "state_ordinal": 438,
  "start_time_wall": 1756991847.4810312,
  "end_time_wall": 1756991848.2196171,
  "wall_time_sec": 0.7385857870031032,
  "steps": 247,
  "packets": 3629231,
  "dropped": 3,
  "running_total_steps": 70389,
  "running_total_packets": 999550777,
  "running_total_dropped": 10203613,
  "running_total_time_sec": 147.43164496600366,
  "p_gb": 0.00606,
  "p_bg": 0.6,
  "good_loss_rate": 0.0,
  "bad_loss_rate": 1.0
}