{
  "state": "good",
  "episode_index": 15400,
  "state_ordinal": 7700,
  "start_time_wall": 1756994952.4060242,
  "end_time_wall": 1756994952.9932563,
  "wall_time_sec": 0.5872321719944011,
  "steps": 255,
  "packets": 3582947,
  "dropped": 0,
  "running_total_steps": 1297148,
  "running_total_packets": 18417748276,
  "running_total_dropped": 182537630,
  "running_total_time_sec": 3252.2052845069993,
  "p_gb": 0.00606,
  "p_bg": 0.6,
  "good_loss_rate": 0.0,
  "bad_loss_rate": 1.0
}