{
  "state": "good",
  "episode_index": 540,
  "state_ordinal": 270,
  "start_time_wall": 1756991787.1509454,
  "end_time_wall": 1756991787.3697264,
  "wall_time_sec": 0.2187810859977617,
  "steps": 204,
  "packets": 2898754,
  "dropped": 0,
  "running_total_steps": 40233,
  "running_total_packets": 571386559,
  "running_total_dropped": 6386301,
  "running_total_time_sec": 86.58175452399882,
  "p_gb": 0.00606,
  "p_bg": 0.6,
  "good_loss_rate": 0.0,
  "bad_loss_rate": 1.0
}