{
  "state": "good",
  "episode_index": 16114,
  "state_ordinal": 8057,
  "start_time_wall": 1756995067.2006986,
  "end_time_wall": 1756995067.2058315,
  "wall_time_sec": 0.005132364000019152,
  "steps": 45,
  "packets": 607525,
  "dropped": 0,
  "running_total_steps": 1352801,
  "running_total_packets": 19208014227,
  "running_total_dropped": 191115244,
  "running_total_time_sec": 3366.4178593350007,
  "p_gb": 0.00606,
  "p_bg": 0.6,
  "good_loss_rate": 0.0,
  "bad_loss_rate": 1.0
}