{
  "state": "good",
  "episode_index": 3446,
  "state_ordinal": 1723,
  "start_time_wall": 1756992404.991565,
  "end_time_wall": 1756992405.011556,
  "wall_time_sec": 0.019990386994322762,
  "steps": 152,
  "packets": 2169736,
  "dropped": 1,
  "running_total_steps": 292758,
  "running_total_packets": 4156833514,
  "running_total_dropped": 41005155,
  "running_total_time_sec": 704.2235838039996,
  "p_gb": 0.00606,
  "p_bg": 0.6,
  "good_loss_rate": 0.0,
  "bad_loss_rate": 1.0
}