{
  "state": "good",
  "episode_index": 13392,
  "state_ordinal": 6696,
  "start_time_wall": 1756994523.11435,
  "end_time_wall": 1756994523.7243865,
  "wall_time_sec": 0.6100364970043302,
  "steps": 441,
  "packets": 6206878,
  "dropped": 0,
  "running_total_steps": 1130070,
  "running_total_packets": 16045522706,
  "running_total_dropped": 158512962,
  "running_total_time_sec": 2822.936414544005,
  "p_gb": 0.00606,
  "p_bg": 0.6,
  "good_loss_rate": 0.0,
  "bad_loss_rate": 1.0
}