{
  "state": "good",
  "episode_index": 15504,
  "state_ordinal": 7752,
  "start_time_wall": 1756994968.0516427,
  "end_time_wall": 1756994968.0556264,
  "wall_time_sec": 0.003983850998338312,
  "steps": 31,
  "packets": 390551,
  "dropped": 0,
  "running_total_steps": 1304366,
  "running_total_packets": 18520246278,
  "running_total_dropped": 183563218,
  "running_total_time_sec": 3267.267654629002,
  "p_gb": 0.00606,
  "p_bg": 0.6,
  "good_loss_rate": 0.0,
  "bad_loss_rate": 1.0
}