{
  "state": "good",
  "episode_index": 9506,
  "state_ordinal": 4753,
  "start_time_wall": 1756993662.7149663,
  "end_time_wall": 1756993662.7423809,
  "wall_time_sec": 0.02741372200398473,
  "steps": 212,
  "packets": 2975434,
  "dropped": 0,
  "running_total_steps": 800410,
  "running_total_packets": 11364842798,
  "running_total_dropped": 113474631,
  "running_total_time_sec": 1961.9544086290043,
  "p_gb": 0.00606,
  "p_bg": 0.6,
  "good_loss_rate": 0.0,
  "bad_loss_rate": 1.0
}