{
  "state": "good",
  "episode_index": 17154,
  "state_ordinal": 8577,
  "start_time_wall": 1756995280.2230706,
  "end_time_wall": 1756995280.2425697,
  "wall_time_sec": 0.019498139998177066,
  "steps": 152,
  "packets": 2033766,
  "dropped": 0,
  "running_total_steps": 1441137,
  "running_total_packets": 20462156707,
  "running_total_dropped": 203449452,
  "running_total_time_sec": 3579.454597639,
  "p_gb": 0.00606,
  "p_bg": 0.6,
  "good_loss_rate": 0.0,
  "bad_loss_rate": 1.0
}