{
  "state": "good",
  "episode_index": 14944,
  "state_ordinal": 7472,
  "start_time_wall": 1756994841.0470402,
  "end_time_wall": 1756994841.6491036,
  "wall_time_sec": 0.6020630689963582,
  "steps": 220,
  "packets": 3214096,
  "dropped": 0,
  "running_total_steps": 1259481,
  "running_total_packets": 17883004071,
  "running_total_dropped": 176989042,
  "running_total_time_sec": 3140.861131534999,
  "p_gb": 0.00606,
  "p_bg": 0.6,
  "good_loss_rate": 0.0,
  "bad_loss_rate": 1.0
}