{
  "state": "good",
  "episode_index": 14800,
  "state_ordinal": 7400,
  "start_time_wall": 1756994820.2780108,
  "end_time_wall": 1756994820.8447592,
  "wall_time_sec": 0.566747655000654,
  "steps": 43,
  "packets": 710229,
  "dropped": 0,
  "running_total_steps": 1249235,
  "running_total_packets": 17737529525,
  "running_total_dropped": 175491933,
  "running_total_time_sec": 3120.0567871900057,
  "p_gb": 0.00606,
  "p_bg": 0.6,
  "good_loss_rate": 0.0,
  "bad_loss_rate": 1.0
}