{
  "state": "good",
  "episode_index": 7260,
  "state_ordinal": 3630,
  "start_time_wall": 1756993189.7035387,
  "end_time_wall": 1756993189.704116,
  "wall_time_sec": 0.0005771239957539365,
  "steps": 3,
  "packets": 14465,
  "dropped": 0,
  "running_total_steps": 602831,
  "running_total_packets": 8559468423,
  "running_total_dropped": 86571214,
  "running_total_time_sec": 1488.9161442309996,
  "p_gb": 0.00606,
  "p_bg": 0.6,
  "good_loss_rate": 0.0,
  "bad_loss_rate": 1.0
}