{
  "state": "good",
  "episode_index": 16312,
  "state_ordinal": 8156,
  "start_time_wall": 1756995132.3458858,
  "end_time_wall": 1756995132.3639581,
  "wall_time_sec": 0.01807203100179322,
  "steps": 146,
  "packets": 2123440,
  "dropped": 0,
  "running_total_steps": 1368081,
  "running_total_packets": 19424924949,
  "running_total_dropped": 193419528,
  "running_total_time_sec": 3431.575985896001,
  "p_gb": 0.00606,
  "p_bg": 0.6,
  "good_loss_rate": 0.0,
  "bad_loss_rate": 1.0
}