{
  "state": "good",
  "episode_index": 15968,
  "state_ordinal": 7984,
  "start_time_wall": 1756995043.7217247,
  "end_time_wall": 1756995043.7435782,
  "wall_time_sec": 0.021853506004845258,
  "steps": 177,
  "packets": 2503867,
  "dropped": 1,
  "running_total_steps": 1341238,
  "running_total_packets": 19043716568,
  "running_total_dropped": 189539967,
  "running_total_time_sec": 3342.9556061180047,
  "p_gb": 0.00606,
  "p_bg": 0.6,
  "good_loss_rate": 0.0,
  "bad_loss_rate": 1.0
}