{
  "state": "good",
  "episode_index": 13566,
  "state_ordinal": 6783,
  "start_time_wall": 1756994550.2704957,
  "end_time_wall": 1756994550.2748456,
  "wall_time_sec": 0.004349333998106886,
  "steps": 39,
  "packets": 497603,
  "dropped": 0,
  "running_total_steps": 1142978,
  "running_total_packets": 16228779472,
  "running_total_dropped": 160967588,
  "running_total_time_sec": 2849.486873542999,
  "p_gb": 0.00606,
  "p_bg": 0.6,
  "good_loss_rate": 0.0,
  "bad_loss_rate": 1.0
}