{
  "state": "good",
  "episode_index": 10264,
  "state_ordinal": 5132,
  "start_time_wall": 1756993842.606747,
  "end_time_wall": 1756993843.1837127,
  "wall_time_sec": 0.57696562899946,
  "steps": 131,
  "packets": 1884771,
  "dropped": 0,
  "running_total_steps": 865372,
  "running_total_packets": 12287158474,
  "running_total_dropped": 121984516,
  "running_total_time_sec": 2142.395740662003,
  "p_gb": 0.00606,
  "p_bg": 0.6,
  "good_loss_rate": 0.0,
  "bad_loss_rate": 1.0
}