{
  "state": "good",
  "episode_index": 13452,
  "state_ordinal": 6726,
  "start_time_wall": 1756994532.3080318,
  "end_time_wall": 1756994532.9064019,
  "wall_time_sec": 0.5983697210031096,
  "steps": 211,
  "packets": 3007241,
  "dropped": 0,
  "running_total_steps": 1134420,
  "running_total_packets": 16107200870,
  "running_total_dropped": 159484965,
  "running_total_time_sec": 2832.118429728005,
  "p_gb": 0.00606,
  "p_bg": 0.6,
  "good_loss_rate": 0.0,
  "bad_loss_rate": 1.0
}