{
  "state": "good",
  "episode_index": 8526,
  "state_ordinal": 4263,
  "start_time_wall": 1756993449.3849778,
  "end_time_wall": 1756993449.9887977,
  "wall_time_sec": 0.60381914699974,
  "steps": 202,
  "packets": 2885736,
  "dropped": 0,
  "running_total_steps": 713044,
  "running_total_packets": 10124329112,
  "running_total_dropped": 101695770,
  "running_total_time_sec": 1749.2008257090056,
  "p_gb": 0.00606,
  "p_bg": 0.6,
  "good_loss_rate": 0.0,
  "bad_loss_rate": 1.0
}