{
  "state": "good",
  "episode_index": 10022,
  "state_ordinal": 5011,
  "start_time_wall": 1756993796.2717924,
  "end_time_wall": 1756993796.9062278,
  "wall_time_sec": 0.6344349430000875,
  "steps": 470,
  "packets": 6653838,
  "dropped": 0,
  "running_total_steps": 843157,
  "running_total_packets": 11971695777,
  "running_total_dropped": 119006161,
  "running_total_time_sec": 2096.1182556700005,
  "p_gb": 0.00606,
  "p_bg": 0.6,
  "good_loss_rate": 0.0,
  "bad_loss_rate": 1.0
}