{
  "state": "good",
  "episode_index": 18384,
  "state_ordinal": 9192,
  "start_time_wall": 1756995553.0691175,
  "end_time_wall": 1756995553.0884907,
  "wall_time_sec": 0.01937326799816219,
  "steps": 177,
  "packets": 2502426,
  "dropped": 0,
  "running_total_steps": 1539432,
  "running_total_packets": 21857798788,
  "running_total_dropped": 218896529,
  "running_total_time_sec": 3852.3005187300005,
  "p_gb": 0.00606,
  "p_bg": 0.6,
  "good_loss_rate": 0.0,
  "bad_loss_rate": 1.0
}