{
  "state": "good",
  "episode_index": 12120,
  "state_ordinal": 6060,
  "start_time_wall": 1756994240.8663452,
  "end_time_wall": 1756994240.880234,
  "wall_time_sec": 0.013888238005165476,
  "steps": 117,
  "packets": 1715535,
  "dropped": 0,
  "running_total_steps": 1027212,
  "running_total_packets": 14585046232,
  "running_total_dropped": 142143166,
  "running_total_time_sec": 2540.0922619590056,
  "p_gb": 0.00606,
  "p_bg": 0.6,
  "good_loss_rate": 0.0,
  "bad_loss_rate": 1.0
}