{
  "state": "good",
  "episode_index": 13368,
  "state_ordinal": 6684,
  "start_time_wall": 1756994517.3657558,
  "end_time_wall": 1756994517.940357,
  "wall_time_sec": 0.5746006929985015,
  "steps": 130,
  "packets": 1701100,
  "dropped": 0,
  "running_total_steps": 1127007,
  "running_total_packets": 16001912619,
  "running_total_dropped": 158115173,
  "running_total_time_sec": 2817.1523853149993,
  "p_gb": 0.00606,
  "p_bg": 0.6,
  "good_loss_rate": 0.0,
  "bad_loss_rate": 1.0
}