{
  "state": "good",
  "episode_index": 18510,
  "state_ordinal": 9255,
  "start_time_wall": 1756995575.6286633,
  "end_time_wall": 1756995576.3815796,
  "wall_time_sec": 0.752915954006312,
  "steps": 242,
  "packets": 3535203,
  "dropped": 1,
  "running_total_steps": 1550554,
  "running_total_packets": 22015797012,
  "running_total_dropped": 220635182,
  "running_total_time_sec": 3875.5936073840057,
  "p_gb": 0.00606,
  "p_bg": 0.6,
  "good_loss_rate": 0.0,
  "bad_loss_rate": 1.0
}