{
  "state": "good",
  "episode_index": 17756,
  "state_ordinal": 8878,
  "start_time_wall": 1756995416.8103764,
  "end_time_wall": 1756995416.8242195,
  "wall_time_sec": 0.01384236800367944,
  "steps": 71,
  "packets": 940221,
  "dropped": 0,
  "running_total_steps": 1490119,
  "running_total_packets": 21157693739,
  "running_total_dropped": 211130288,
  "running_total_time_sec": 3716.0362473640052,
  "p_gb": 0.00606,
  "p_bg": 0.6,
  "good_loss_rate": 0.0,
  "bad_loss_rate": 1.0
}