{
  "state": "good",
  "episode_index": 15826,
  "state_ordinal": 7913,
  "start_time_wall": 1756995022.255246,
  "end_time_wall": 1756995022.26226,
  "wall_time_sec": 0.00701369399757823,
  "steps": 62,
  "packets": 818716,
  "dropped": 0,
  "running_total_steps": 1330752,
  "running_total_packets": 18894870254,
  "running_total_dropped": 187267619,
  "running_total_time_sec": 3321.4742880470003,
  "p_gb": 0.00606,
  "p_bg": 0.6,
  "good_loss_rate": 0.0,
  "bad_loss_rate": 1.0
}