{
  "state": "good",
  "episode_index": 3240,
  "state_ordinal": 1620,
  "start_time_wall": 1756992367.5238917,
  "end_time_wall": 1756992367.5291882,
  "wall_time_sec": 0.005296307994285598,
  "steps": 48,
  "packets": 682734,
  "dropped": 0,
  "running_total_steps": 274708,
  "running_total_packets": 3900543660,
  "running_total_dropped": 38321928,
  "running_total_time_sec": 666.7412159439991,
  "p_gb": 0.00606,
  "p_bg": 0.6,
  "good_loss_rate": 0.0,
  "bad_loss_rate": 1.0
}