{
  "state": "good",
  "episode_index": 14448,
  "state_ordinal": 7224,
  "start_time_wall": 1756994757.148575,
  "end_time_wall": 1756994757.7260118,
  "wall_time_sec": 0.5774361660005525,
  "steps": 46,
  "packets": 724694,
  "dropped": 0,
  "running_total_steps": 1218705,
  "running_total_packets": 17304023435,
  "running_total_dropped": 171490892,
  "running_total_time_sec": 3056.938039780005,
  "p_gb": 0.00606,
  "p_bg": 0.6,
  "good_loss_rate": 0.0,
  "bad_loss_rate": 1.0
}