{
  "state": "good",
  "episode_index": 14528,
  "state_ordinal": 7264,
  "start_time_wall": 1756994773.5158548,
  "end_time_wall": 1756994773.5422645,
  "wall_time_sec": 0.026409527003124822,
  "steps": 204,
  "packets": 2868382,
  "dropped": 0,
  "running_total_steps": 1226525,
  "running_total_packets": 17415051369,
  "running_total_dropped": 172188141,
  "running_total_time_sec": 3072.7542925840025,
  "p_gb": 0.00606,
  "p_bg": 0.6,
  "good_loss_rate": 0.0,
  "bad_loss_rate": 1.0
}