{
  "state": "good",
  "episode_index": 18688,
  "state_ordinal": 9344,
  "start_time_wall": 1756995603.9523747,
  "end_time_wall": 1756995604.5117612,
  "wall_time_sec": 0.559385870998085,
  "steps": 55,
  "packets": 846199,
  "dropped": 0,
  "running_total_steps": 1564013,
  "running_total_packets": 22206899517,
  "running_total_dropped": 222553172,
  "running_total_time_sec": 3903.7237890920005,
  "p_gb": 0.00606,
  "p_bg": 0.6,
  "good_loss_rate": 0.0,
  "bad_loss_rate": 1.0
}