{
  "state": "good",
  "episode_index": 14248,
  "state_ordinal": 7124,
  "start_time_wall": 1756994667.1827412,
  "end_time_wall": 1756994667.9370387,
  "wall_time_sec": 0.7542966690016328,
  "steps": 465,
  "packets": 6558369,
  "dropped": 2,
  "running_total_steps": 1201527,
  "running_total_packets": 17060044633,
  "running_total_dropped": 169111388,
  "running_total_time_sec": 2967.149066445003,
  "p_gb": 0.00606,
  "p_bg": 0.6,
  "good_loss_rate": 0.0,
  "bad_loss_rate": 1.0
}