{
  "state": "good",
  "episode_index": 172,
  "state_ordinal": 86,
  "start_time_wall": 1756991730.2575483,
  "end_time_wall": 1756991730.268864,
  "wall_time_sec": 0.011315513998852111,
  "steps": 107,
  "packets": 1446489,
  "dropped": 0,
  "running_total_steps": 12610,
  "running_total_packets": 179082188,
  "running_total_dropped": 2103187,
  "running_total_time_sec": 29.480891928003985,
  "p_gb": 0.00606,
  "p_bg": 0.6,
  "good_loss_rate": 0.0,
  "bad_loss_rate": 1.0
}