{
  "state": "good",
  "episode_index": 11712,
  "state_ordinal": 5856,
  "start_time_wall": 1756994170.4408424,
  "end_time_wall": 1756994171.015639,
  "wall_time_sec": 0.5747962840032415,
  "steps": 32,
  "packets": 558340,
  "dropped": 0,
  "running_total_steps": 992760,
  "running_total_packets": 14095932880,
  "running_total_dropped": 137742853,
  "running_total_time_sec": 2470.227666855004,
  "p_gb": 0.00606,
  "p_bg": 0.6,
  "good_loss_rate": 0.0,
  "bad_loss_rate": 1.0
}