{
  "state": "good",
  "episode_index": 11230,
  "state_ordinal": 5615,
  "start_time_wall": 1756994045.7985435,
  "end_time_wall": 1756994045.8334973,
  "wall_time_sec": 0.03495372099860106,
  "steps": 287,
  "packets": 4042931,
  "dropped": 0,
  "running_total_steps": 948418,
  "running_total_packets": 13466297750,
  "running_total_dropped": 132571566,
  "running_total_time_sec": 2345.045525309004,
  "p_gb": 0.00606,
  "p_bg": 0.6,
  "good_loss_rate": 0.0,
  "bad_loss_rate": 1.0
}