{
  "state": "good",
  "episode_index": 19002,
  "state_ordinal": 9501,
  "start_time_wall": 1756995654.8554034,
  "end_time_wall": 1756995654.8692417,
  "wall_time_sec": 0.013838178005244117,
  "steps": 131,
  "packets": 1779173,
  "dropped": 0,
  "running_total_steps": 1588462,
  "running_total_packets": 22553988182,
  "running_total_dropped": 226325638,
  "running_total_time_sec": 3954.081269660004,
  "p_gb": 0.00606,
  "p_bg": 0.6,
  "good_loss_rate": 0.0,
  "bad_loss_rate": 1.0
}