{
  "state": "good",
  "episode_index": 8370,
  "state_ordinal": 4185,
  "start_time_wall": 1756993420.3713822,
  "end_time_wall": 1756993420.3758216,
  "wall_time_sec": 0.004438773001311347,
  "steps": 9,
  "packets": 121505,
  "dropped": 0,
  "running_total_steps": 698518,
  "running_total_packets": 9918118058,
  "running_total_dropped": 99916642,
  "running_total_time_sec": 1719.5878494860008,
  "p_gb": 0.00606,
  "p_bg": 0.6,
  "good_loss_rate": 0.0,
  "bad_loss_rate": 1.0
}