{
  "state": "good",
  "episode_index": 2392,
  "state_ordinal": 1196,
  "start_time_wall": 1756992188.2808757,
  "end_time_wall": 1756992188.853134,
  "wall_time_sec": 0.5722580290021142,
  "steps": 153,
  "packets": 2233368,
  "dropped": 0,
  "running_total_steps": 203292,
  "running_total_packets": 2886584415,
  "running_total_dropped": 28610282,
  "running_total_time_sec": 488.06516191000264,
  "p_gb": 0.00606,
  "p_bg": 0.6,
  "good_loss_rate": 0.0,
  "bad_loss_rate": 1.0
}