{
  "state": "good",
  "episode_index": 16984,
  "state_ordinal": 8492,
  "start_time_wall": 1756995249.7624233,
  "end_time_wall": 1756995249.7754967,
  "wall_time_sec": 0.013072781999653671,
  "steps": 101,
  "packets": 1485543,
  "dropped": 0,
  "running_total_steps": 1426339,
  "running_total_packets": 20252151515,
  "running_total_dropped": 201459075,
  "running_total_time_sec": 3548.987524700002,
  "p_gb": 0.00606,
  "p_bg": 0.6,
  "good_loss_rate": 0.0,
  "bad_loss_rate": 1.0
}