{
  "state": "good",
  "episode_index": 19222,
  "state_ordinal": 9611,
  "start_time_wall": 1756995752.309817,
  "end_time_wall": 1756995752.341347,
  "wall_time_sec": 0.031529533000139054,
  "steps": 272,
  "packets": 3794138,
  "dropped": 0,
  "running_total_steps": 1611813,
  "running_total_packets": 22885496755,
  "running_total_dropped": 229175289,
  "running_total_time_sec": 4051.553375018004,
  "p_gb": 0.00606,
  "p_bg": 0.6,
  "good_loss_rate": 0.0,
  "bad_loss_rate": 1.0
}