{
  "state": "good",
  "episode_index": 4562,
  "state_ordinal": 2281,
  "start_time_wall": 1756992620.7925603,
  "end_time_wall": 1756992620.8079083,
  "wall_time_sec": 0.01534777400229359,
  "steps": 119,
  "packets": 1643203,
  "dropped": 0,
  "running_total_steps": 380233,
  "running_total_packets": 5398850085,
  "running_total_dropped": 54188561,
  "running_total_time_sec": 920.0199361940031,
  "p_gb": 0.00606,
  "p_bg": 0.6,
  "good_loss_rate": 0.0,
  "bad_loss_rate": 1.0
}