{
  "state": "good",
  "episode_index": 7230,
  "state_ordinal": 3615,
  "start_time_wall": 1756993182.6446,
  "end_time_wall": 1756993183.2231977,
  "wall_time_sec": 0.5785974299942609,
  "steps": 132,
  "packets": 1945521,
  "dropped": 0,
  "running_total_steps": 599601,
  "running_total_packets": 8513658204,
  "running_total_dropped": 86009998,
  "running_total_time_sec": 1482.4352257749997,
  "p_gb": 0.00606,
  "p_bg": 0.6,
  "good_loss_rate": 0.0,
  "bad_loss_rate": 1.0
}