{
  "state": "good",
  "episode_index": 10316,
  "state_ordinal": 5158,
  "start_time_wall": 1756993849.3034394,
  "end_time_wall": 1756993849.8483112,
  "wall_time_sec": 0.5448710659984499,
  "steps": 40,
  "packets": 698646,
  "dropped": 0,
  "running_total_steps": 868528,
  "running_total_packets": 12332045820,
  "running_total_dropped": 122606496,
  "running_total_time_sec": 2149.060339222,
  "p_gb": 0.00606,
  "p_bg": 0.6,
  "good_loss_rate": 0.0,
  "bad_loss_rate": 1.0
}