{
  "state": "good",
  "episode_index": 5872,
  "state_ordinal": 2936,
  "start_time_wall": 1756992875.0484254,
  "end_time_wall": 1756992875.639627,
  "wall_time_sec": 0.5912013620036305,
  "steps": 248,
  "packets": 3525080,
  "dropped": 0,
  "running_total_steps": 481564,
  "running_total_packets": 6837588768,
  "running_total_dropped": 69780202,
  "running_total_time_sec": 1174.8516549870037,
  "p_gb": 0.00606,
  "p_bg": 0.6,
  "good_loss_rate": 0.0,
  "bad_loss_rate": 1.0
}