{
  "state": "good",
  "episode_index": 14606,
  "state_ordinal": 7303,
  "start_time_wall": 1756994785.954018,
  "end_time_wall": 1756994786.5324304,
  "wall_time_sec": 0.5784120909956982,
  "steps": 73,
  "packets": 1139829,
  "dropped": 0,
  "running_total_steps": 1232763,
  "running_total_packets": 17503631283,
  "running_total_dropped": 173327937,
  "running_total_time_sec": 3085.7444582669996,
  "p_gb": 0.00606,
  "p_bg": 0.6,
  "good_loss_rate": 0.0,
  "bad_loss_rate": 1.0
}