{
  "state": "good",
  "episode_index": 516,
  "state_ordinal": 258,
  "start_time_wall": 1756991783.1334288,
  "end_time_wall": 1756991783.6996,
  "wall_time_sec": 0.5661706020036945,
  "steps": 52,
  "packets": 851982,
  "dropped": 0,
  "running_total_steps": 38401,
  "running_total_packets": 545400441,
  "running_total_dropped": 6005864,
  "running_total_time_sec": 82.91162770300434,
  "p_gb": 0.00606,
  "p_bg": 0.6,
  "good_loss_rate": 0.0,
  "bad_loss_rate": 1.0
}