{
  "state": "good",
  "episode_index": 6326,
  "state_ordinal": 3163,
  "start_time_wall": 1756992991.6951072,
  "end_time_wall": 1756992991.7115571,
  "wall_time_sec": 0.016449276998173445,
  "steps": 154,
  "packets": 2097404,
  "dropped": 0,
  "running_total_steps": 521564,
  "running_total_packets": 7405550070,
  "running_total_dropped": 75415750,
  "running_total_time_sec": 1290.9235851260019,
  "p_gb": 0.00606,
  "p_bg": 0.6,
  "good_loss_rate": 0.0,
  "bad_loss_rate": 1.0
}