{
  "state": "good",
  "episode_index": 10408,
  "state_ordinal": 5204,
  "start_time_wall": 1756993868.5047953,
  "end_time_wall": 1756993869.121736,
  "wall_time_sec": 0.6169404259999283,
  "steps": 382,
  "packets": 5464812,
  "dropped": 0,
  "running_total_steps": 878504,
  "running_total_packets": 12473620642,
  "running_total_dropped": 123564123,
  "running_total_time_sec": 2168.333763817005,
  "p_gb": 0.00606,
  "p_bg": 0.6,
  "good_loss_rate": 0.0,
  "bad_loss_rate": 1.0
}