{
  "state": "good",
  "episode_index": 11116,
  "state_ordinal": 5558,
  "start_time_wall": 1756994028.6129444,
  "end_time_wall": 1756994028.6140885,
  "wall_time_sec": 0.0011439000008977018,
  "steps": 6,
  "packets": 108481,
  "dropped": 0,
  "running_total_steps": 939774,
  "running_total_packets": 13343579313,
  "running_total_dropped": 131315964,
  "running_total_time_sec": 2327.8261163800053,
  "p_gb": 0.00606,
  "p_bg": 0.6,
  "good_loss_rate": 0.0,
  "bad_loss_rate": 1.0
}