{
  "state": "good",
  "episode_index": 10750,
  "state_ordinal": 5375,
  "start_time_wall": 1756993962.1428735,
  "end_time_wall": 1756993962.1452527,
  "wall_time_sec": 0.002379039993684273,
  "steps": 15,
  "packets": 211179,
  "dropped": 0,
  "running_total_steps": 907255,
  "running_total_packets": 12881820459,
  "running_total_dropped": 127523185,
  "running_total_time_sec": 2261.357280529999,
  "p_gb": 0.00606,
  "p_bg": 0.6,
  "good_loss_rate": 0.0,
  "bad_loss_rate": 1.0
}