{
  "state": "good",
  "episode_index": 9912,
  "state_ordinal": 4956,
  "start_time_wall": 1756993778.7367332,
  "end_time_wall": 1756993778.7375665,
  "wall_time_sec": 0.000833099998999387,
  "steps": 4,
  "packets": 63650,
  "dropped": 0,
  "running_total_steps": 834160,
  "running_total_packets": 11844057844,
  "running_total_dropped": 117710072,
  "running_total_time_sec": 2077.949594496,
  "p_gb": 0.00606,
  "p_bg": 0.6,
  "good_loss_rate": 0.0,
  "bad_loss_rate": 1.0
}