{
  "state": "good",
  "episode_index": 422,
  "state_ordinal": 211,
  "start_time_wall": 1756991769.8327932,
  "end_time_wall": 1756991770.4013376,
  "wall_time_sec": 0.5685442230023909,
  "steps": 119,
  "packets": 1748801,
  "dropped": 0,
  "running_total_steps": 32014,
  "running_total_packets": 454682622,
  "running_total_dropped": 5010633,
  "running_total_time_sec": 69.61336565800593,
  "p_gb": 0.00606,
  "p_bg": 0.6,
  "good_loss_rate": 0.0,
  "bad_loss_rate": 1.0
}