{
  "state": "good",
  "episode_index": 8018,
  "state_ordinal": 4009,
  "start_time_wall": 1756993357.1069486,
  "end_time_wall": 1756993357.6884086,
  "wall_time_sec": 0.5814599590012222,
  "steps": 106,
  "packets": 1563646,
  "dropped": 0,
  "running_total_steps": 667956,
  "running_total_packets": 9484169350,
  "running_total_dropped": 95364541,
  "running_total_time_sec": 1656.900436474003,
  "p_gb": 0.00606,
  "p_bg": 0.6,
  "good_loss_rate": 0.0,
  "bad_loss_rate": 1.0
}