{
  "state": "good",
  "episode_index": 9950,
  "state_ordinal": 4975,
  "start_time_wall": 1756993783.9149973,
  "end_time_wall": 1756993783.9292138,
  "wall_time_sec": 0.014216119998309296,
  "steps": 141,
  "packets": 1848623,
  "dropped": 0,
  "running_total_steps": 836738,
  "running_total_packets": 11880517974,
  "running_total_dropped": 118230788,
  "running_total_time_sec": 2083.141241562,
  "p_gb": 0.00606,
  "p_bg": 0.6,
  "good_loss_rate": 0.0,
  "bad_loss_rate": 1.0
}