{
  "state": "good",
  "episode_index": 18520,
  "state_ordinal": 9260,
  "start_time_wall": 1756995577.9248607,
  "end_time_wall": 1756995577.9276574,
  "wall_time_sec": 0.0027966320049017668,
  "steps": 19,
  "packets": 244457,
  "dropped": 0,
  "running_total_steps": 1551147,
  "running_total_packets": 22024235811,
  "running_total_dropped": 220691602,
  "running_total_time_sec": 3877.139685345006,
  "p_gb": 0.00606,
  "p_bg": 0.6,
  "good_loss_rate": 0.0,
  "bad_loss_rate": 1.0
}