{
  "state": "good",
  "episode_index": 2454,
  "state_ordinal": 1227,
  "start_time_wall": 1756992200.5236142,
  "end_time_wall": 1756992201.094186,
  "wall_time_sec": 0.5705717379969428,
  "steps": 235,
  "packets": 3326919,
  "dropped": 0,
  "running_total_steps": 209296,
  "running_total_packets": 2971837416,
  "running_total_dropped": 29298803,
  "running_total_time_sec": 500.3062139559988,
  "p_gb": 0.00606,
  "p_bg": 0.6,
  "good_loss_rate": 0.0,
  "bad_loss_rate": 1.0
}