{
  "state": "good",
  "episode_index": 15058,
  "state_ordinal": 7529,
  "start_time_wall": 1756994860.7628684,
  "end_time_wall": 1756994860.7912703,
  "wall_time_sec": 0.02840158500475809,
  "steps": 217,
  "packets": 3096915,
  "dropped": 0,
  "running_total_steps": 1268792,
  "running_total_packets": 18015198426,
  "running_total_dropped": 178585889,
  "running_total_time_sec": 3160.0032981660042,
  "p_gb": 0.00606,
  "p_bg": 0.6,
  "good_loss_rate": 0.0,
  "bad_loss_rate": 1.0
}