{
  "state": "good",
  "episode_index": 8524,
  "state_ordinal": 4262,
  "start_time_wall": 1756993449.3599803,
  "end_time_wall": 1756993449.3658335,
  "wall_time_sec": 0.005852898000739515,
  "steps": 53,
  "packets": 697211,
  "dropped": 0,
  "running_total_steps": 712841,
  "running_total_packets": 10121411557,
  "running_total_dropped": 101663951,
  "running_total_time_sec": 1748.5778614390001,
  "p_gb": 0.00606,
  "p_bg": 0.6,
  "good_loss_rate": 0.0,
  "bad_loss_rate": 1.0
}