{
  "state": "good",
  "episode_index": 18766,
  "state_ordinal": 9383,
  "start_time_wall": 1756995618.8582711,
  "end_time_wall": 1756995618.8630352,
  "wall_time_sec": 0.004763843993714545,
  "steps": 43,
  "packets": 594507,
  "dropped": 0,
  "running_total_steps": 1571197,
  "running_total_packets": 22308826161,
  "running_total_dropped": 223525185,
  "running_total_time_sec": 3918.075063078999,
  "p_gb": 0.00606,
  "p_bg": 0.6,
  "good_loss_rate": 0.0,
  "bad_loss_rate": 1.0
}