{
  "state": "good",
  "episode_index": 12392,
  "state_ordinal": 6196,
  "start_time_wall": 1756994321.728316,
  "end_time_wall": 1756994321.7380152,
  "wall_time_sec": 0.009698667003249284,
  "steps": 68,
  "packets": 1094980,
  "dropped": 0,
  "running_total_steps": 1048862,
  "running_total_packets": 14892527208,
  "running_total_dropped": 144960937,
  "running_total_time_sec": 2620.9500432710047,
  "p_gb": 0.00606,
  "p_bg": 0.6,
  "good_loss_rate": 0.0,
  "bad_loss_rate": 1.0
}