{
  "state": "good",
  "episode_index": 3656,
  "state_ordinal": 1828,
  "start_time_wall": 1756992439.1124423,
  "end_time_wall": 1756992439.6858945,
  "wall_time_sec": 0.5734520179976244,
  "steps": 109,
  "packets": 1625849,
  "dropped": 0,
  "running_total_steps": 309432,
  "running_total_packets": 4393587120,
  "running_total_dropped": 43388996,
  "running_total_time_sec": 738.8979224590003,
  "p_gb": 0.00606,
  "p_bg": 0.6,
  "good_loss_rate": 0.0,
  "bad_loss_rate": 1.0
}