{
  "state": "good",
  "episode_index": 9266,
  "state_ordinal": 4633,
  "start_time_wall": 1756993619.6602736,
  "end_time_wall": 1756993619.6661565,
  "wall_time_sec": 0.005882509998627938,
  "steps": 18,
  "packets": 243010,
  "dropped": 0,
  "running_total_steps": 778900,
  "running_total_packets": 11059441848,
  "running_total_dropped": 110818856,
  "running_total_time_sec": 1918.8781845550038,
  "p_gb": 0.00606,
  "p_bg": 0.6,
  "good_loss_rate": 0.0,
  "bad_loss_rate": 1.0
}