{
  "state": "good",
  "episode_index": 4462,
  "state_ordinal": 2231,
  "start_time_wall": 1756992601.940917,
  "end_time_wall": 1756992602.5458775,
  "wall_time_sec": 0.6049604639993049,
  "steps": 264,
  "packets": 3853428,
  "dropped": 1,
  "running_total_steps": 371254,
  "running_total_packets": 5271455162,
  "running_total_dropped": 52943158,
  "running_total_time_sec": 901.7579054270027,
  "p_gb": 0.00606,
  "p_bg": 0.6,
  "good_loss_rate": 0.0,
  "bad_loss_rate": 1.0
}