{
  "state": "good",
  "episode_index": 10450,
  "state_ordinal": 5225,
  "start_time_wall": 1756993877.4018838,
  "end_time_wall": 1756993877.9721746,
  "wall_time_sec": 0.570290687996021,
  "steps": 143,
  "packets": 2110416,
  "dropped": 0,
  "running_total_steps": 882627,
  "running_total_packets": 12532216350,
  "running_total_dropped": 124154281,
  "running_total_time_sec": 2177.184202523,
  "p_gb": 0.00606,
  "p_bg": 0.6,
  "good_loss_rate": 0.0,
  "bad_loss_rate": 1.0
}