{
  "state": "good",
  "episode_index": 6354,
  "state_ordinal": 3177,
  "start_time_wall": 1756992997.3803136,
  "end_time_wall": 1756992997.3826475,
  "wall_time_sec": 0.002333819000341464,
  "steps": 14,
  "packets": 199608,
  "dropped": 0,
  "running_total_steps": 524131,
  "running_total_packets": 7442011647,
  "running_total_dropped": 75754243,
  "running_total_time_sec": 1296.5946755590048,
  "p_gb": 0.00606,
  "p_bg": 0.6,
  "good_loss_rate": 0.0,
  "bad_loss_rate": 1.0
}