{
  "state": "good",
  "episode_index": 2838,
  "state_ordinal": 1419,
  "start_time_wall": 1756992302.1094751,
  "end_time_wall": 1756992302.1451116,
  "wall_time_sec": 0.03563612599828048,
  "steps": 319,
  "packets": 4433488,
  "dropped": 0,
  "running_total_steps": 242606,
  "running_total_packets": 3444677807,
  "running_total_dropped": 33743788,
  "running_total_time_sec": 601.3571395239996,
  "p_gb": 0.00606,
  "p_bg": 0.6,
  "good_loss_rate": 0.0,
  "bad_loss_rate": 1.0
}