{
  "state": "good",
  "episode_index": 3226,
  "state_ordinal": 1613,
  "start_time_wall": 1756992365.9401398,
  "end_time_wall": 1756992365.9424143,
  "wall_time_sec": 0.0022745759997633286,
  "steps": 17,
  "packets": 243004,
  "dropped": 0,
  "running_total_steps": 273816,
  "running_total_packets": 3887944767,
  "running_total_dropped": 38281414,
  "running_total_time_sec": 665.1544422630031,
  "p_gb": 0.00606,
  "p_bg": 0.6,
  "good_loss_rate": 0.0,
  "bad_loss_rate": 1.0
}