{
  "state": "good",
  "episode_index": 14190,
  "state_ordinal": 7095,
  "start_time_wall": 1756994657.670099,
  "end_time_wall": 1756994657.6989682,
  "wall_time_sec": 0.02886896499694558,
  "steps": 231,
  "packets": 3231456,
  "dropped": 0,
  "running_total_steps": 1196409,
  "running_total_packets": 16987436821,
  "running_total_dropped": 168655695,
  "running_total_time_sec": 2956.9109959359994,
  "p_gb": 0.00606,
  "p_bg": 0.6,
  "good_loss_rate": 0.0,
  "bad_loss_rate": 1.0
}