{
  "state": "good",
  "episode_index": 8224,
  "state_ordinal": 4112,
  "start_time_wall": 1756993392.3966596,
  "end_time_wall": 1756993392.9933007,
  "wall_time_sec": 0.5966402240010211,
  "steps": 224,
  "packets": 3277746,
  "dropped": 0,
  "running_total_steps": 685228,
  "running_total_packets": 9729426852,
  "running_total_dropped": 98156248,
  "running_total_time_sec": 1692.2053286510054,
  "p_gb": 0.00606,
  "p_bg": 0.6,
  "good_loss_rate": 0.0,
  "bad_loss_rate": 1.0
}