{
  "state": "good",
  "episode_index": 182,
  "state_ordinal": 91,
  "start_time_wall": 1756991731.1098173,
  "end_time_wall": 1756991731.6953895,
  "wall_time_sec": 0.5855721640036791,
  "steps": 99,
  "packets": 1421905,
  "dropped": 0,
  "running_total_steps": 13115,
  "running_total_packets": 186318955,
  "running_total_dropped": 2178414,
  "running_total_time_sec": 30.90741753700422,
  "p_gb": 0.00606,
  "p_bg": 0.6,
  "good_loss_rate": 0.0,
  "bad_loss_rate": 1.0
}