{
  "state": "good",
  "episode_index": 19052,
  "state_ordinal": 9526,
  "start_time_wall": 1756995666.801457,
  "end_time_wall": 1756995666.806518,
  "wall_time_sec": 0.005060922005213797,
  "steps": 48,
  "packets": 620549,
  "dropped": 0,
  "running_total_steps": 1594497,
  "running_total_packets": 22639650541,
  "running_total_dropped": 226901367,
  "running_total_time_sec": 3966.0185459050044,
  "p_gb": 0.00606,
  "p_bg": 0.6,
  "good_loss_rate": 0.0,
  "bad_loss_rate": 1.0
}