{
  "state": "good",
  "episode_index": 14894,
  "state_ordinal": 7447,
  "start_time_wall": 1756994834.1814835,
  "end_time_wall": 1756994834.1885736,
  "wall_time_sec": 0.007089859995176084,
  "steps": 20,
  "packets": 254587,
  "dropped": 0,
  "running_total_steps": 1255721,
  "running_total_packets": 17829583899,
  "running_total_dropped": 176229684,
  "running_total_time_sec": 3133.400601647001,
  "p_gb": 0.00606,
  "p_bg": 0.6,
  "good_loss_rate": 0.0,
  "bad_loss_rate": 1.0
}