{
  "state": "good",
  "episode_index": 2202,
  "state_ordinal": 1101,
  "start_time_wall": 1756992159.776249,
  "end_time_wall": 1756992160.3466363,
  "wall_time_sec": 0.5703869160061004,
  "steps": 117,
  "packets": 1715535,
  "dropped": 0,
  "running_total_steps": 189225,
  "running_total_packets": 2686823249,
  "running_total_dropped": 26855663,
  "running_total_time_sec": 459.5586643570059,
  "p_gb": 0.00606,
  "p_bg": 0.6,
  "good_loss_rate": 0.0,
  "bad_loss_rate": 1.0
}