{
  "state": "good",
  "episode_index": 13450,
  "state_ordinal": 6725,
  "start_time_wall": 1756994532.2852943,
  "end_time_wall": 1756994532.3001692,
  "wall_time_sec": 0.014874240005156025,
  "steps": 141,
  "packets": 1868871,
  "dropped": 0,
  "running_total_steps": 1134208,
  "running_total_packets": 16104182058,
  "running_total_dropped": 159473394,
  "running_total_time_sec": 2831.512197191005,
  "p_gb": 0.00606,
  "p_bg": 0.6,
  "good_loss_rate": 0.0,
  "bad_loss_rate": 1.0
}