{
  "state": "good",
  "episode_index": 6300,
  "state_ordinal": 3150,
  "start_time_wall": 1756992987.0177426,
  "end_time_wall": 1756992987.0215163,
  "wall_time_sec": 0.003773065000132192,
  "steps": 29,
  "packets": 428153,
  "dropped": 0,
  "running_total_steps": 519125,
  "running_total_packets": 7370938551,
  "running_total_dropped": 75168385,
  "running_total_time_sec": 1286.2335441530013,
  "p_gb": 0.00606,
  "p_bg": 0.6,
  "good_loss_rate": 0.0,
  "bad_loss_rate": 1.0
}