{
  "state": "good",
  "episode_index": 6466,
  "state_ordinal": 3233,
  "start_time_wall": 1756993012.7738473,
  "end_time_wall": 1756993013.5357015,
  "wall_time_sec": 0.7618534180001006,
  "steps": 398,
  "packets": 5631178,
  "dropped": 1,
  "running_total_steps": 532167,
  "running_total_packets": 7556091671,
  "running_total_dropped": 76912890,
  "running_total_time_sec": 1312.7477293210031,
  "p_gb": 0.00606,
  "p_bg": 0.6,
  "good_loss_rate": 0.0,
  "bad_loss_rate": 1.0
}