{
  "state": "good",
  "episode_index": 838,
  "state_ordinal": 419,
  "start_time_wall": 1756991842.4075117,
  "end_time_wall": 1756991842.4249494,
  "wall_time_sec": 0.017437470000004396,
  "steps": 171,
  "packets": 2308595,
  "dropped": 0,
  "running_total_steps": 67711,
  "running_total_packets": 961419961,
  "running_total_dropped": 9571506,
  "running_total_time_sec": 141.63697743100056,
  "p_gb": 0.00606,
  "p_bg": 0.6,
  "good_loss_rate": 0.0,
  "bad_loss_rate": 1.0
}