{
  "state": "good",
  "episode_index": 12104,
  "state_ordinal": 6052,
  "start_time_wall": 1756994239.1294477,
  "end_time_wall": 1756994239.1297545,
  "wall_time_sec": 0.0003070980019401759,
  "steps": 1,
  "packets": 1447,
  "dropped": 0,
  "running_total_steps": 1026154,
  "running_total_packets": 14570049064,
  "running_total_dropped": 141907389,
  "running_total_time_sec": 2538.341782733005,
  "p_gb": 0.00606,
  "p_bg": 0.6,
  "good_loss_rate": 0.0,
  "bad_loss_rate": 1.0
}