{
  "state": "good",
  "episode_index": 4912,
  "state_ordinal": 2456,
  "start_time_wall": 1756992725.4404373,
  "end_time_wall": 1756992725.9850519,
  "wall_time_sec": 0.544614124999498,
  "steps": 12,
  "packets": 302312,
  "dropped": 0,
  "running_total_steps": 407031,
  "running_total_packets": 5779420569,
  "running_total_dropped": 58914086,
  "running_total_time_sec": 1025.1970798590046,
  "p_gb": 0.00606,
  "p_bg": 0.6,
  "good_loss_rate": 0.0,
  "bad_loss_rate": 1.0
}