{
  "state": "good",
  "episode_index": 7414,
  "state_ordinal": 3707,
  "start_time_wall": 1756993215.4385648,
  "end_time_wall": 1756993215.4422054,
  "wall_time_sec": 0.003640064998762682,
  "steps": 32,
  "packets": 378992,
  "dropped": 0,
  "running_total_steps": 615520,
  "running_total_packets": 8739618138,
  "running_total_dropped": 88382286,
  "running_total_time_sec": 1514.654233346002,
  "p_gb": 0.00606,
  "p_bg": 0.6,
  "good_loss_rate": 0.0,
  "bad_loss_rate": 1.0
}