{
  "state": "good",
  "episode_index": 3564,
  "state_ordinal": 1782,
  "start_time_wall": 1756992424.4711537,
  "end_time_wall": 1756992425.8662806,
  "wall_time_sec": 1.3951266590011073,
  "steps": 765,
  "packets": 10916624,
  "dropped": 0,
  "running_total_steps": 302823,
  "running_total_packets": 4299759350,
  "running_total_dropped": 42518189,
  "running_total_time_sec": 725.0783082900016,
  "p_gb": 0.00606,
  "p_bg": 0.6,
  "good_loss_rate": 0.0,
  "bad_loss_rate": 1.0
}