{
  "state": "good",
  "episode_index": 9974,
  "state_ordinal": 4987,
  "start_time_wall": 1756993787.9535506,
  "end_time_wall": 1756993787.9575102,
  "wall_time_sec": 0.0039596520000486635,
  "steps": 31,
  "packets": 378986,
  "dropped": 0,
  "running_total_steps": 838420,
  "running_total_packets": 11904490586,
  "running_total_dropped": 118511432,
  "running_total_time_sec": 2087.169538236005,
  "p_gb": 0.00606,
  "p_bg": 0.6,
  "good_loss_rate": 0.0,
  "bad_loss_rate": 1.0
}