{
  "state": "good",
  "episode_index": 4764,
  "state_ordinal": 2382,
  "start_time_wall": 1756992652.8656383,
  "end_time_wall": 1756992653.4834049,
  "wall_time_sec": 0.6177664989954792,
  "steps": 415,
  "packets": 5843810,
  "dropped": 0,
  "running_total_steps": 396163,
  "running_total_packets": 5624963349,
  "running_total_dropped": 56883274,
  "running_total_time_sec": 952.6954327540006,
  "p_gb": 0.00606,
  "p_bg": 0.6,
  "good_loss_rate": 0.0,
  "bad_loss_rate": 1.0
}