{
  "state": "good",
  "episode_index": 8358,
  "state_ordinal": 4179,
  "start_time_wall": 1756993417.1150463,
  "end_time_wall": 1756993417.1269147,
  "wall_time_sec": 0.011868594003317412,
  "steps": 111,
  "packets": 1553517,
  "dropped": 0,
  "running_total_steps": 697220,
  "running_total_packets": 9899630518,
  "running_total_dropped": 99699656,
  "running_total_time_sec": 1716.338942803006,
  "p_gb": 0.00606,
  "p_bg": 0.6,
  "good_loss_rate": 0.0,
  "bad_loss_rate": 1.0
}