{
  "state": "good",
  "episode_index": 17038,
  "state_ordinal": 8519,
  "start_time_wall": 1756995258.0179586,
  "end_time_wall": 1756995258.7857387,
  "wall_time_sec": 0.767779920999601,
  "steps": 476,
  "packets": 6692892,
  "dropped": 2,
  "running_total_steps": 1430910,
  "running_total_packets": 20316926618,
  "running_total_dropped": 202143280,
  "running_total_time_sec": 3557.9977666480045,
  "p_gb": 0.00606,
  "p_bg": 0.6,
  "good_loss_rate": 0.0,
  "bad_loss_rate": 1.0
}