{
  "state": "good",
  "episode_index": 3260,
  "state_ordinal": 1630,
  "start_time_wall": 1756992370.7161555,
  "end_time_wall": 1756992370.7220473,
  "wall_time_sec": 0.005891373002668843,
  "steps": 54,
  "packets": 729030,
  "dropped": 0,
  "running_total_steps": 276330,
  "running_total_packets": 3923541350,
  "running_total_dropped": 38510003,
  "running_total_time_sec": 669.9340750620031,
  "p_gb": 0.00606,
  "p_bg": 0.6,
  "good_loss_rate": 0.0,
  "bad_loss_rate": 1.0
}