{
  "state": "good",
  "episode_index": 9438,
  "state_ordinal": 4719,
  "start_time_wall": 1756993650.390774,
  "end_time_wall": 1756993650.4077842,
  "wall_time_sec": 0.017009805000270717,
  "steps": 103,
  "packets": 1549181,
  "dropped": 0,
  "running_total_steps": 794422,
  "running_total_packets": 11279800982,
  "running_total_dropped": 112655916,
  "running_total_time_sec": 1949.619812265002,
  "p_gb": 0.00606,
  "p_bg": 0.6,
  "good_loss_rate": 0.0,
  "bad_loss_rate": 1.0
}