{
  "state": "good",
  "episode_index": 18804,
  "state_ordinal": 9402,
  "start_time_wall": 1756995626.353797,
  "end_time_wall": 1756995626.35859,
  "wall_time_sec": 0.00479322399769444,
  "steps": 34,
  "packets": 454195,
  "dropped": 0,
  "running_total_steps": 1574575,
  "running_total_packets": 22356824899,
  "running_total_dropped": 223941787,
  "running_total_time_sec": 3925.5706180220004,
  "p_gb": 0.00606,
  "p_bg": 0.6,
  "good_loss_rate": 0.0,
  "bad_loss_rate": 1.0
}