{
  "state": "good",
  "episode_index": 8244,
  "state_ordinal": 4122,
  "start_time_wall": 1756993394.8445916,
  "end_time_wall": 1756993394.8511543,
  "wall_time_sec": 0.006562788003066089,
  "steps": 21,
  "packets": 256034,
  "dropped": 0,
  "running_total_steps": 686142,
  "running_total_packets": 9742313598,
  "running_total_dropped": 98368880,
  "running_total_time_sec": 1694.063182374004,
  "p_gb": 0.00606,
  "p_bg": 0.6,
  "good_loss_rate": 0.0,
  "bad_loss_rate": 1.0
}