{
  "state": "good",
  "episode_index": 6938,
  "state_ordinal": 3469,
  "start_time_wall": 1756993132.2798584,
  "end_time_wall": 1756993132.2901218,
  "wall_time_sec": 0.010262524003337603,
  "steps": 96,
  "packets": 1291718,
  "dropped": 0,
  "running_total_steps": 574614,
  "running_total_packets": 8158754178,
  "running_total_dropped": 82425593,
  "running_total_time_sec": 1431.502149773005,
  "p_gb": 0.00606,
  "p_bg": 0.6,
  "good_loss_rate": 0.0,
  "bad_loss_rate": 1.0
}