{
  "state": "good",
  "episode_index": 7688,
  "state_ordinal": 3844,
  "start_time_wall": 1756993266.4745078,
  "end_time_wall": 1756993266.4772835,
  "wall_time_sec": 0.00277547599398531,
  "steps": 22,
  "packets": 338473,
  "dropped": 0,
  "running_total_steps": 640575,
  "running_total_packets": 9095311950,
  "running_total_dropped": 91824857,
  "running_total_time_sec": 1565.6893113879996,
  "p_gb": 0.00606,
  "p_bg": 0.6,
  "good_loss_rate": 0.0,
  "bad_loss_rate": 1.0
}