{
  "state": "good",
  "episode_index": 1214,
  "state_ordinal": 607,
  "start_time_wall": 1756991948.8393292,
  "end_time_wall": 1756991949.4387228,
  "wall_time_sec": 0.5993933839999954,
  "steps": 199,
  "packets": 2840899,
  "dropped": 0,
  "running_total_steps": 102883,
  "running_total_packets": 1460840971,
  "running_total_dropped": 14394021,
  "running_total_time_sec": 248.6507507320057,
  "p_gb": 0.00606,
  "p_bg": 0.6,
  "good_loss_rate": 0.0,
  "bad_loss_rate": 1.0
}