{
  "state": "good",
  "episode_index": 6928,
  "state_ordinal": 3464,
  "start_time_wall": 1756993130.7671225,
  "end_time_wall": 1756993131.3436522,
  "wall_time_sec": 0.5765297809994081,
  "steps": 235,
  "packets": 3339925,
  "dropped": 0,
  "running_total_steps": 574043,
  "running_total_packets": 8150665417,
  "running_total_dropped": 82348919,
  "running_total_time_sec": 1430.555680354002,
  "p_gb": 0.00606,
  "p_bg": 0.6,
  "good_loss_rate": 0.0,
  "bad_loss_rate": 1.0
}