{
  "state": "good",
  "episode_index": 13712,
  "state_ordinal": 6856,
  "start_time_wall": 1756994573.769057,
  "end_time_wall": 1756994573.7954214,
  "wall_time_sec": 0.026363833996583708,
  "steps": 193,
  "packets": 2732418,
  "dropped": 2,
  "running_total_steps": 1154643,
  "running_total_packets": 16394416586,
  "running_total_dropped": 162727940,
  "running_total_time_sec": 2873.0074494380024,
  "p_gb": 0.00606,
  "p_bg": 0.6,
  "good_loss_rate": 0.0,
  "bad_loss_rate": 1.0
}