{
  "state": "good",
  "episode_index": 17630,
  "state_ordinal": 8815,
  "start_time_wall": 1756995393.6766798,
  "end_time_wall": 1756995393.6799161,
  "wall_time_sec": 0.003236074000597,
  "steps": 30,
  "packets": 378980,
  "dropped": 0,
  "running_total_steps": 1479106,
  "running_total_packets": 21001260620,
  "running_total_dropped": 209158750,
  "running_total_time_sec": 3692.8919440460013,
  "p_gb": 0.00606,
  "p_bg": 0.6,
  "good_loss_rate": 0.0,
  "bad_loss_rate": 1.0
}