{
  "state": "good",
  "episode_index": 8014,
  "state_ordinal": 4007,
  "start_time_wall": 1756993357.0549717,
  "end_time_wall": 1756993357.084032,
  "wall_time_sec": 0.029059672000585124,
  "steps": 230,
  "packets": 3218444,
  "dropped": 0,
  "running_total_steps": 667768,
  "running_total_packets": 9481500588,
  "running_total_dropped": 95341399,
  "running_total_time_sec": 1656.296059829001,
  "p_gb": 0.00606,
  "p_bg": 0.6,
  "good_loss_rate": 0.0,
  "bad_loss_rate": 1.0
}