{
  "state": "good",
  "episode_index": 8532,
  "state_ordinal": 4266,
  "start_time_wall": 1756993450.9632626,
  "end_time_wall": 1756993451.5611577,
  "wall_time_sec": 0.5978949470008956,
  "steps": 265,
  "packets": 3872241,
  "dropped": 0,
  "running_total_steps": 713761,
  "running_total_packets": 10134561561,
  "running_total_dropped": 101740613,
  "running_total_time_sec": 1750.7731854950034,
  "p_gb": 0.00606,
  "p_bg": 0.6,
  "good_loss_rate": 0.0,
  "bad_loss_rate": 1.0
}