{
  "state": "good",
  "episode_index": 1824,
  "state_ordinal": 912,
  "start_time_wall": 1756992055.8358078,
  "end_time_wall": 1756992056.3813407,
  "wall_time_sec": 0.5455324169961386,
  "steps": 277,
  "packets": 3851993,
  "dropped": 0,
  "running_total_steps": 155450,
  "running_total_packets": 2207256706,
  "running_total_dropped": 21859405,
  "running_total_time_sec": 355.59336855199945,
  "p_gb": 0.00606,
  "p_bg": 0.6,
  "good_loss_rate": 0.0,
  "bad_loss_rate": 1.0
}