{
  "state": "good",
  "episode_index": 17004,
  "state_ordinal": 8502,
  "start_time_wall": 1756995252.4049075,
  "end_time_wall": 1756995252.4142256,
  "wall_time_sec": 0.009318069001892582,
  "steps": 87,
  "packets": 1203467,
  "dropped": 0,
  "running_total_steps": 1427636,
  "running_total_packets": 20270521886,
  "running_total_dropped": 201684740,
  "running_total_time_sec": 3551.6262536580034,
  "p_gb": 0.00606,
  "p_bg": 0.6,
  "good_loss_rate": 0.0,
  "bad_loss_rate": 1.0
}