{
  "state": "good",
  "episode_index": 17960,
  "state_ordinal": 8980,
  "start_time_wall": 1756995449.839744,
  "end_time_wall": 1756995449.8621,
  "wall_time_sec": 0.022355672997946385,
  "steps": 172,
  "packets": 2477825,
  "dropped": 0,
  "running_total_steps": 1506339,
  "running_total_packets": 21388042306,
  "running_total_dropped": 213777386,
  "running_total_time_sec": 3749.074127991,
  "p_gb": 0.00606,
  "p_bg": 0.6,
  "good_loss_rate": 0.0,
  "bad_loss_rate": 1.0
}