{
  "state": "good",
  "episode_index": 13714,
  "state_ordinal": 6857,
  "start_time_wall": 1756994573.8035674,
  "end_time_wall": 1756994574.3899477,
  "wall_time_sec": 0.5863801239975146,
  "steps": 217,
  "packets": 3085350,
  "dropped": 0,
  "running_total_steps": 1154862,
  "running_total_packets": 16397513513,
  "running_total_dropped": 162739517,
  "running_total_time_sec": 2873.6019756550013,
  "p_gb": 0.00606,
  "p_bg": 0.6,
  "good_loss_rate": 0.0,
  "bad_loss_rate": 1.0
}