{
  "state": "good",
  "episode_index": 3660,
  "state_ordinal": 1830,
  "start_time_wall": 1756992440.0840588,
  "end_time_wall": 1756992440.093858,
  "wall_time_sec": 0.009799091996683273,
  "steps": 96,
  "packets": 1261346,
  "dropped": 0,
  "running_total_steps": 309733,
  "running_total_packets": 4397779039,
  "running_total_dropped": 43433833,
  "running_total_time_sec": 739.305886039001,
  "p_gb": 0.00606,
  "p_bg": 0.6,
  "good_loss_rate": 0.0,
  "bad_loss_rate": 1.0
}