{
  "state": "good",
  "episode_index": 18682,
  "state_ordinal": 9341,
  "start_time_wall": 1756995602.893946,
  "end_time_wall": 1756995602.8949647,
  "wall_time_sec": 0.001018795999698341,
  "steps": 6,
  "packets": 57861,
  "dropped": 0,
  "running_total_steps": 1563519,
  "running_total_packets": 22199827645,
  "running_total_dropped": 222457713,
  "running_total_time_sec": 3902.106992781002,
  "p_gb": 0.00606,
  "p_bg": 0.6,
  "good_loss_rate": 0.0,
  "bad_loss_rate": 1.0
}