{
  "state": "good",
  "episode_index": 9526,
  "state_ordinal": 4763,
  "start_time_wall": 1756993665.956146,
  "end_time_wall": 1756993666.5520484,
  "wall_time_sec": 0.5959022979950532,
  "steps": 286,
  "packets": 4128275,
  "dropped": 0,
  "running_total_steps": 802474,
  "running_total_packets": 11394110998,
  "running_total_dropped": 113719095,
  "running_total_time_sec": 1965.7640763029995,
  "p_gb": 0.00606,
  "p_bg": 0.6,
  "good_loss_rate": 0.0,
  "bad_loss_rate": 1.0
}