{
  "state": "good",
  "episode_index": 13628,
  "state_ordinal": 6814,
  "start_time_wall": 1756994559.9246314,
  "end_time_wall": 1756994559.9384422,
  "wall_time_sec": 0.013810714997816831,
  "steps": 110,
  "packets": 1627296,
  "dropped": 0,
  "running_total_steps": 1147786,
  "running_total_packets": 16297033364,
  "running_total_dropped": 161786286,
  "running_total_time_sec": 2859.150470091001,
  "p_gb": 0.00606,
  "p_bg": 0.6,
  "good_loss_rate": 0.0,
  "bad_loss_rate": 1.0
}