{
  "state": "good",
  "episode_index": 13028,
  "state_ordinal": 6514,
  "start_time_wall": 1756994426.5220466,
  "end_time_wall": 1756994427.0957966,
  "wall_time_sec": 0.5737495299981674,
  "steps": 41,
  "packets": 666839,
  "dropped": 0,
  "running_total_steps": 1100101,
  "running_total_packets": 15620033045,
  "running_total_dropped": 153000499,
  "running_total_time_sec": 2726.3078244499993,
  "p_gb": 0.00606,
  "p_bg": 0.6,
  "good_loss_rate": 0.0,
  "bad_loss_rate": 1.0
}