{
  "state": "good",
  "episode_index": 6596,
  "state_ordinal": 3298,
  "start_time_wall": 1756993036.9043522,
  "end_time_wall": 1756993036.9266875,
  "wall_time_sec": 0.022335300003760494,
  "steps": 191,
  "packets": 2730965,
  "dropped": 0,
  "running_total_steps": 544052,
  "running_total_packets": 7724835842,
  "running_total_dropped": 78683393,
  "running_total_time_sec": 1336.1387155340053,
  "p_gb": 0.00606,
  "p_bg": 0.6,
  "good_loss_rate": 0.0,
  "bad_loss_rate": 1.0
}