{
  "state": "good",
  "episode_index": 2286,
  "state_ordinal": 1143,
  "start_time_wall": 1756992171.2464082,
  "end_time_wall": 1756992172.7765398,
  "wall_time_sec": 1.5301316030017915,
  "steps": 758,
  "packets": 10796572,
  "dropped": 1,
  "running_total_steps": 195376,
  "running_total_packets": 2774202578,
  "running_total_dropped": 27651241,
  "running_total_time_sec": 471.9885679470026,
  "p_gb": 0.00606,
  "p_bg": 0.6,
  "good_loss_rate": 0.0,
  "bad_loss_rate": 1.0
}