{
  "state": "good",
  "episode_index": 738,
  "state_ordinal": 369,
  "start_time_wall": 1756991822.172583,
  "end_time_wall": 1756991823.487392,
  "wall_time_sec": 1.3148088399975677,
  "steps": 603,
  "packets": 8561751,
  "dropped": 0,
  "running_total_steps": 58152,
  "running_total_packets": 825813331,
  "running_total_dropped": 8436027,
  "running_total_time_sec": 122.69941992800159,
  "p_gb": 0.00606,
  "p_bg": 0.6,
  "good_loss_rate": 0.0,
  "bad_loss_rate": 1.0
}