{
  "state": "good",
  "episode_index": 970,
  "state_ordinal": 485,
  "start_time_wall": 1756991867.3878753,
  "end_time_wall": 1756991867.401293,
  "wall_time_sec": 0.013417104004474822,
  "steps": 105,
  "packets": 1382851,
  "dropped": 0,
  "running_total_steps": 79963,
  "running_total_packets": 1135387393,
  "running_total_dropped": 11331886,
  "running_total_time_sec": 166.61332089300413,
  "p_gb": 0.00606,
  "p_bg": 0.6,
  "good_loss_rate": 0.0,
  "bad_loss_rate": 1.0
}