{
  "state": "good",
  "episode_index": 8196,
  "state_ordinal": 4098,
  "start_time_wall": 1756993385.9643219,
  "end_time_wall": 1756993386.589009,
  "wall_time_sec": 0.6246870640025008,
  "steps": 431,
  "packets": 6085367,
  "dropped": 0,
  "running_total_steps": 682323,
  "running_total_packets": 9688089175,
  "running_total_dropped": 97969629,
  "running_total_time_sec": 1685.8010371760029,
  "p_gb": 0.00606,
  "p_bg": 0.6,
  "good_loss_rate": 0.0,
  "bad_loss_rate": 1.0
}