{
  "state": "good",
  "episode_index": 11292,
  "state_ordinal": 5646,
  "start_time_wall": 1756994055.54842,
  "end_time_wall": 1756994056.1382005,
  "wall_time_sec": 0.5897806670036516,
  "steps": 195,
  "packets": 2745436,
  "dropped": 0,
  "running_total_steps": 953418,
  "running_total_packets": 13537294178,
  "running_total_dropped": 133044615,
  "running_total_time_sec": 2355.350228590003,
  "p_gb": 0.00606,
  "p_bg": 0.6,
  "good_loss_rate": 0.0,
  "bad_loss_rate": 1.0
}