{
  "state": "good",
  "episode_index": 8858,
  "state_ordinal": 4429,
  "start_time_wall": 1756993539.006215,
  "end_time_wall": 1756993539.0068111,
  "wall_time_sec": 0.0005956550012342632,
  "steps": 3,
  "packets": 14465,
  "dropped": 0,
  "running_total_steps": 739784,
  "running_total_packets": 10503957940,
  "running_total_dropped": 106133667,
  "running_total_time_sec": 1838.2188390330048,
  "p_gb": 0.00606,
  "p_bg": 0.6,
  "good_loss_rate": 0.0,
  "bad_loss_rate": 1.0
}