{
  "state": "good",
  "episode_index": 16898,
  "state_ordinal": 8449,
  "start_time_wall": 1756995235.072202,
  "end_time_wall": 1756995235.6128078,
  "wall_time_sec": 0.540604940004414,
  "steps": 73,
  "packets": 1089209,
  "dropped": 0,
  "running_total_steps": 1419266,
  "running_total_packets": 20151714762,
  "running_total_dropped": 200267240,
  "running_total_time_sec": 3534.8248356770055,
  "p_gb": 0.00606,
  "p_bg": 0.6,
  "good_loss_rate": 0.0,
  "bad_loss_rate": 1.0
}