{
  "state": "good",
  "episode_index": 13648,
  "state_ordinal": 6824,
  "start_time_wall": 1756994562.2350285,
  "end_time_wall": 1756994562.240487,
  "wall_time_sec": 0.005458553998323623,
  "steps": 40,
  "packets": 593048,
  "dropped": 0,
  "running_total_steps": 1148903,
  "running_total_packets": 16312868037,
  "running_total_dropped": 161893331,
  "running_total_time_sec": 2861.4525150629997,
  "p_gb": 0.00606,
  "p_bg": 0.6,
  "good_loss_rate": 0.0,
  "bad_loss_rate": 1.0
}