{
  "state": "good",
  "episode_index": 4492,
  "state_ordinal": 2246,
  "start_time_wall": 1756992605.3112638,
  "end_time_wall": 1756992605.923288,
  "wall_time_sec": 0.6120243790064706,
  "steps": 301,
  "packets": 4339454,
  "dropped": 0,
  "running_total_steps": 373090,
  "running_total_packets": 5297504930,
  "running_total_dropped": 53327928,
  "running_total_time_sec": 905.1353160210056,
  "p_gb": 0.00606,
  "p_bg": 0.6,
  "good_loss_rate": 0.0,
  "bad_loss_rate": 1.0
}