{
  "state": "good",
  "episode_index": 18250,
  "state_ordinal": 9125,
  "start_time_wall": 1756995534.0872412,
  "end_time_wall": 1756995534.1025445,
  "wall_time_sec": 0.015302854997571558,
  "steps": 127,
  "packets": 1732889,
  "dropped": 1,
  "running_total_steps": 1530199,
  "running_total_packets": 21726716767,
  "running_total_dropped": 217235997,
  "running_total_time_sec": 3833.3145725020004,
  "p_gb": 0.00606,
  "p_bg": 0.6,
  "good_loss_rate": 0.0,
  "bad_loss_rate": 1.0
}