{
  "state": "good",
  "episode_index": 11718,
  "state_ordinal": 5859,
  "start_time_wall": 1756994172.2063518,
  "end_time_wall": 1756994172.2111795,
  "wall_time_sec": 0.00482765900233062,
  "steps": 36,
  "packets": 486020,
  "dropped": 0,
  "running_total_steps": 993316,
  "running_total_packets": 14103707746,
  "running_total_dropped": 137809391,
  "running_total_time_sec": 2471.4232074750034,
  "p_gb": 0.00606,
  "p_bg": 0.6,
  "good_loss_rate": 0.0,
  "bad_loss_rate": 1.0
}