{
  "state": "good",
  "episode_index": 894,
  "state_ordinal": 447,
  "start_time_wall": 1756991851.2333064,
  "end_time_wall": 1756991851.2385192,
  "wall_time_sec": 0.0052126680020592175,
  "steps": 36,
  "packets": 486020,
  "dropped": 0,
  "running_total_steps": 71873,
  "running_total_packets": 1020608711,
  "running_total_dropped": 10475538,
  "running_total_time_sec": 150.45054735000303,
  "p_gb": 0.00606,
  "p_bg": 0.6,
  "good_loss_rate": 0.0,
  "bad_loss_rate": 1.0
}