{
  "state": "good",
  "episode_index": 3060,
  "state_ordinal": 1530,
  "start_time_wall": 1756992339.3583028,
  "end_time_wall": 1756992339.9252741,
  "wall_time_sec": 0.5669709470021189,
  "steps": 232,
  "packets": 3264716,
  "dropped": 0,
  "running_total_steps": 261132,
  "running_total_packets": 3707841342,
  "running_total_dropped": 36263554,
  "running_total_time_sec": 639.1373021180043,
  "p_gb": 0.00606,
  "p_bg": 0.6,
  "good_loss_rate": 0.0,
  "bad_loss_rate": 1.0
}