{
  "state": "good",
  "episode_index": 1626,
  "state_ordinal": 813,
  "start_time_wall": 1756992017.489231,
  "end_time_wall": 1756992017.4965563,
  "wall_time_sec": 0.007324926998990122,
  "steps": 54,
  "packets": 878006,
  "dropped": 0,
  "running_total_steps": 136330,
  "running_total_packets": 1935833714,
  "running_total_dropped": 19711257,
  "running_total_time_sec": 316.7085841480002,
  "p_gb": 0.00606,
  "p_bg": 0.6,
  "good_loss_rate": 0.0,
  "bad_loss_rate": 1.0
}