{
  "state": "good",
  "episode_index": 9132,
  "state_ordinal": 4566,
  "start_time_wall": 1756993593.244024,
  "end_time_wall": 1756993593.2481852,
  "wall_time_sec": 0.004160946002230048,
  "steps": 7,
  "packets": 108487,
  "dropped": 0,
  "running_total_steps": 766176,
  "running_total_packets": 10878658584,
  "running_total_dropped": 108840105,
  "running_total_time_sec": 1892.460213080005,
  "p_gb": 0.00606,
  "p_bg": 0.6,
  "good_loss_rate": 0.0,
  "bad_loss_rate": 1.0
}