{
  "state": "good",
  "episode_index": 6796,
  "state_ordinal": 3398,
  "start_time_wall": 1756993074.3946178,
  "end_time_wall": 1756993108.6665802,
  "wall_time_sec": 34.27196236600139,
  "steps": 115,
  "packets": 1664903,
  "dropped": 0,
  "running_total_steps": 562895,
  "running_total_packets": 7992389475,
  "running_total_dropped": 80517645,
  "running_total_time_sec": 1407.8786082190054,
  "p_gb": 0.00606,
  "p_bg": 0.6,
  "good_loss_rate": 0.0,
  "bad_loss_rate": 1.0
}