{
  "state": "good",
  "episode_index": 15512,
  "state_ordinal": 7756,
  "start_time_wall": 1756994971.971925,
  "end_time_wall": 1756994972.190038,
  "wall_time_sec": 0.21811249799793586,
  "steps": 227,
  "packets": 3206861,
  "dropped": 0,
  "running_total_steps": 1306672,
  "running_total_packets": 18552949884,
  "running_total_dropped": 183651454,
  "running_total_time_sec": 3271.402065836999,
  "p_gb": 0.00606,
  "p_bg": 0.6,
  "good_loss_rate": 0.0,
  "bad_loss_rate": 1.0
}