{
  "state": "good",
  "episode_index": 8620,
  "state_ordinal": 4310,
  "start_time_wall": 1756993466.4217288,
  "end_time_wall": 1756993466.424188,
  "wall_time_sec": 0.002458843002386857,
  "steps": 15,
  "packets": 228545,
  "dropped": 0,
  "running_total_steps": 721007,
  "running_total_packets": 10237435649,
  "running_total_dropped": 103121959,
  "running_total_time_sec": 1765.6362157860058,
  "p_gb": 0.00606,
  "p_bg": 0.6,
  "good_loss_rate": 0.0,
  "bad_loss_rate": 1.0
}