{
  "state": "good",
  "episode_index": 11030,
  "state_ordinal": 5515,
  "start_time_wall": 1756994012.2924552,
  "end_time_wall": 1756994012.2950609,
  "wall_time_sec": 0.002605825000500772,
  "steps": 19,
  "packets": 254581,
  "dropped": 0,
  "running_total_steps": 931718,
  "running_total_packets": 13229191200,
  "running_total_dropped": 130529054,
  "running_total_time_sec": 2311.5070890450006,
  "p_gb": 0.00606,
  "p_bg": 0.6,
  "good_loss_rate": 0.0,
  "bad_loss_rate": 1.0
}