{
  "state": "good",
  "episode_index": 4992,
  "state_ordinal": 2496,
  "start_time_wall": 1756992739.8363667,
  "end_time_wall": 1756992740.4077604,
  "wall_time_sec": 0.5713935469975695,
  "steps": 267,
  "packets": 3718917,
  "dropped": 1,
  "running_total_steps": 414338,
  "running_total_packets": 5883101802,
  "running_total_dropped": 59800830,
  "running_total_time_sec": 1039.6197883600034,
  "p_gb": 0.00606,
  "p_bg": 0.6,
  "good_loss_rate": 0.0,
  "bad_loss_rate": 1.0
}