{
  "state": "good",
  "episode_index": 1476,
  "state_ordinal": 738,
  "start_time_wall": 1756991991.7297795,
  "end_time_wall": 1756991992.506009,
  "wall_time_sec": 0.7762288489975617,
  "steps": 628,
  "packets": 8862628,
  "dropped": 2,
  "running_total_steps": 123957,
  "running_total_packets": 1760074091,
  "running_total_dropped": 17806256,
  "running_total_time_sec": 291.71803694400296,
  "p_gb": 0.00606,
  "p_bg": 0.6,
  "good_loss_rate": 0.0,
  "bad_loss_rate": 1.0
}