{
  "state": "good",
  "episode_index": 18694,
  "state_ordinal": 9347,
  "start_time_wall": 1756995606.2995489,
  "end_time_wall": 1756995606.9059372,
  "wall_time_sec": 0.6063880950023304,
  "steps": 234,
  "packets": 3325472,
  "dropped": 0,
  "running_total_steps": 1565260,
  "running_total_packets": 22224604508,
  "running_total_dropped": 222600915,
  "running_total_time_sec": 3906.117965123005,
  "p_gb": 0.00606,
  "p_bg": 0.6,
  "good_loss_rate": 0.0,
  "bad_loss_rate": 1.0
}