{
  "state": "good",
  "episode_index": 13164,
  "state_ordinal": 6582,
  "start_time_wall": 1756994452.441368,
  "end_time_wall": 1756994452.4521954,
  "wall_time_sec": 0.010826448997249827,
  "steps": 99,
  "packets": 1336555,
  "dropped": 0,
  "running_total_steps": 1112486,
  "running_total_packets": 15795823040,
  "running_total_dropped": 155499943,
  "running_total_time_sec": 2751.6642232360027,
  "p_gb": 0.00606,
  "p_bg": 0.6,
  "good_loss_rate": 0.0,
  "bad_loss_rate": 1.0
}