{
  "state": "good",
  "episode_index": 17566,
  "state_ordinal": 8783,
  "start_time_wall": 1756995385.1665187,
  "end_time_wall": 1756995385.1899211,
  "wall_time_sec": 0.023401508005918004,
  "steps": 209,
  "packets": 2943603,
  "dropped": 0,
  "running_total_steps": 1475133,
  "running_total_packets": 20944833195,
  "running_total_dropped": 208212766,
  "running_total_time_sec": 3684.4019490230057,
  "p_gb": 0.00606,
  "p_bg": 0.6,
  "good_loss_rate": 0.0,
  "bad_loss_rate": 1.0
}