{
  "state": "good",
  "episode_index": 10724,
  "state_ordinal": 5362,
  "start_time_wall": 1756993957.346538,
  "end_time_wall": 1756993957.924997,
  "wall_time_sec": 0.5784584950015415,
  "steps": 110,
  "packets": 1607048,
  "dropped": 0,
  "running_total_steps": 905119,
  "running_total_packets": 12851580219,
  "running_total_dropped": 127238205,
  "running_total_time_sec": 2257.1370251000044,
  "p_gb": 0.00606,
  "p_bg": 0.6,
  "good_loss_rate": 0.0,
  "bad_loss_rate": 1.0
}