{
  "state": "good",
  "episode_index": 10438,
  "state_ordinal": 5219,
  "start_time_wall": 1756993874.9845111,
  "end_time_wall": 1756993875.5753536,
  "wall_time_sec": 0.5908415900048567,
  "steps": 226,
  "packets": 3341384,
  "dropped": 0,
  "running_total_steps": 881404,
  "running_total_packets": 12514849844,
  "running_total_dropped": 124016869,
  "running_total_time_sec": 2174.7873815050043,
  "p_gb": 0.00606,
  "p_bg": 0.6,
  "good_loss_rate": 0.0,
  "bad_loss_rate": 1.0
}