{
  "state": "good",
  "episode_index": 16610,
  "state_ordinal": 8305,
  "start_time_wall": 1756995182.5648255,
  "end_time_wall": 1756995183.1239488,
  "wall_time_sec": 0.559122375001607,
  "steps": 89,
  "packets": 1288829,
  "dropped": 0,
  "running_total_steps": 1393162,
  "running_total_packets": 19781058496,
  "running_total_dropped": 196963453,
  "running_total_time_sec": 3482.3359766860012,
  "p_gb": 0.00606,
  "p_bg": 0.6,
  "good_loss_rate": 0.0,
  "bad_loss_rate": 1.0
}