{
  "state": "good",
  "episode_index": 11726,
  "state_ordinal": 5863,
  "start_time_wall": 1756994173.0395157,
  "end_time_wall": 1756994173.6798856,
  "wall_time_sec": 0.6403692990061245,
  "steps": 476,
  "packets": 6723264,
  "dropped": 0,
  "running_total_steps": 994032,
  "running_total_packets": 14113951754,
  "running_total_dropped": 137886047,
  "running_total_time_sec": 2472.891913406005,
  "p_gb": 0.00606,
  "p_bg": 0.6,
  "good_loss_rate": 0.0,
  "bad_loss_rate": 1.0
}