{
  "state": "good",
  "episode_index": 11176,
  "state_ordinal": 5588,
  "start_time_wall": 1756994037.6644037,
  "end_time_wall": 1756994037.6825168,
  "wall_time_sec": 0.018113001002348028,
  "steps": 166,
  "packets": 2367903,
  "dropped": 0,
  "running_total_steps": 944460,
  "running_total_packets": 13410069939,
  "running_total_dropped": 132111499,
  "running_total_time_sec": 2336.894544752002,
  "p_gb": 0.00606,
  "p_bg": 0.6,
  "good_loss_rate": 0.0,
  "bad_loss_rate": 1.0
}