{
  "state": "good",
  "episode_index": 10614,
  "state_ordinal": 5307,
  "start_time_wall": 1756993938.5493498,
  "end_time_wall": 1756993938.5606368,
  "wall_time_sec": 0.011286894005024806,
  "steps": 78,
  "packets": 1197684,
  "dropped": 0,
  "running_total_steps": 895662,
  "running_total_packets": 12717292796,
  "running_total_dropped": 126088250,
  "running_total_time_sec": 2237.7726647580057,
  "p_gb": 0.00606,
  "p_bg": 0.6,
  "good_loss_rate": 0.0,
  "bad_loss_rate": 1.0
}