{
  "state": "good",
  "episode_index": 11428,
  "state_ordinal": 5714,
  "start_time_wall": 1756994114.5322328,
  "end_time_wall": 1756994115.1297326,
  "wall_time_sec": 0.5974997990051634,
  "steps": 161,
  "packets": 2353426,
  "dropped": 0,
  "running_total_steps": 965538,
  "running_total_packets": 13709366709,
  "running_total_dropped": 134399983,
  "running_total_time_sec": 2414.341760453004,
  "p_gb": 0.00606,
  "p_bg": 0.6,
  "good_loss_rate": 0.0,
  "bad_loss_rate": 1.0
}