{
  "state": "good",
  "episode_index": 2248,
  "state_ordinal": 1124,
  "start_time_wall": 1756992165.4612825,
  "end_time_wall": 1756992165.4694734,
  "wall_time_sec": 0.00818992799759144,
  "steps": 74,
  "packets": 1035678,
  "dropped": 0,
  "running_total_steps": 191834,
  "running_total_packets": 2723911140,
  "running_total_dropped": 27314201,
  "running_total_time_sec": 464.68150135200267,
  "p_gb": 0.00606,
  "p_bg": 0.6,
  "good_loss_rate": 0.0,
  "bad_loss_rate": 1.0
}