{
  "state": "good",
  "episode_index": 11738,
  "state_ordinal": 5869,
  "start_time_wall": 1756994175.562506,
  "end_time_wall": 1756994175.574385,
  "wall_time_sec": 0.01187860299978638,
  "steps": 100,
  "packets": 1504344,
  "dropped": 0,
  "running_total_steps": 995032,
  "running_total_packets": 14128163484,
  "running_total_dropped": 138116036,
  "running_total_time_sec": 2474.7864127010034,
  "p_gb": 0.00606,
  "p_bg": 0.6,
  "good_loss_rate": 0.0,
  "bad_loss_rate": 1.0
}