{
  "state": "good",
  "episode_index": 7226,
  "state_ordinal": 3613,
  "start_time_wall": 1756993182.5704165,
  "end_time_wall": 1756993182.581034,
  "wall_time_sec": 0.010616860003210604,
  "steps": 64,
  "packets": 882354,
  "dropped": 1,
  "running_total_steps": 599269,
  "running_total_packets": 8508890585,
  "running_total_dropped": 85946360,
  "running_total_time_sec": 1481.7930619130057,
  "p_gb": 0.00606,
  "p_bg": 0.6,
  "good_loss_rate": 0.0,
  "bad_loss_rate": 1.0
}