{
  "state": "good",
  "episode_index": 13342,
  "state_ordinal": 6671,
  "start_time_wall": 1756994477.3657687,
  "end_time_wall": 1756994477.368691,
  "wall_time_sec": 0.0029215649992693216,
  "steps": 20,
  "packets": 306648,
  "dropped": 0,
  "running_total_steps": 1124528,
  "running_total_packets": 15966815050,
  "running_total_dropped": 157836007,
  "running_total_time_sec": 2776.5807189210027,
  "p_gb": 0.00606,
  "p_bg": 0.6,
  "good_loss_rate": 0.0,
  "bad_loss_rate": 1.0
}