{
  "state": "good",
  "episode_index": 4810,
  "state_ordinal": 2405,
  "start_time_wall": 1756992662.6239848,
  "end_time_wall": 1756992663.2484336,
  "wall_time_sec": 0.6244485569986864,
  "steps": 534,
  "packets": 7466765,
  "dropped": 1,
  "running_total_steps": 400788,
  "running_total_packets": 5690646830,
  "running_total_dropped": 57735198,
  "running_total_time_sec": 962.460461527,
  "p_gb": 0.00606,
  "p_bg": 0.6,
  "good_loss_rate": 0.0,
  "bad_loss_rate": 1.0
}