{
  "state": "good",
  "episode_index": 18902,
  "state_ordinal": 9451,
  "start_time_wall": 1756995642.1530318,
  "end_time_wall": 1756995642.1747901,
  "wall_time_sec": 0.02175822800199967,
  "steps": 148,
  "packets": 2051108,
  "dropped": 0,
  "running_total_steps": 1582259,
  "running_total_packets": 22465913089,
  "running_total_dropped": 224970258,
  "running_total_time_sec": 3941.386818193001,
  "p_gb": 0.00606,
  "p_bg": 0.6,
  "good_loss_rate": 0.0,
  "bad_loss_rate": 1.0
}