{
  "state": "good",
  "episode_index": 12334,
  "state_ordinal": 6167,
  "start_time_wall": 1756994275.8386476,
  "end_time_wall": 1756994276.4451098,
  "wall_time_sec": 0.6064620750039467,
  "steps": 235,
  "packets": 3326919,
  "dropped": 2,
  "running_total_steps": 1044259,
  "running_total_packets": 14827130139,
  "running_total_dropped": 144272411,
  "running_total_time_sec": 2575.657137772003,
  "p_gb": 0.00606,
  "p_bg": 0.6,
  "good_loss_rate": 0.0,
  "bad_loss_rate": 1.0
}