{
  "state": "good",
  "episode_index": 6788,
  "state_ordinal": 3394,
  "start_time_wall": 1756993072.86958,
  "end_time_wall": 1756993073.463346,
  "wall_time_sec": 0.5937658749971888,
  "steps": 292,
  "packets": 4249762,
  "dropped": 0,
  "running_total_steps": 562469,
  "running_total_packets": 7986412583,
  "running_total_dropped": 80449642,
  "running_total_time_sec": 1372.675373846003,
  "p_gb": 0.00606,
  "p_bg": 0.6,
  "good_loss_rate": 0.0,
  "bad_loss_rate": 1.0
}