{
  "state": "good",
  "episode_index": 17958,
  "state_ordinal": 8979,
  "start_time_wall": 1756995449.0795784,
  "end_time_wall": 1756995449.6708748,
  "wall_time_sec": 0.5912964489980368,
  "steps": 164,
  "packets": 2356326,
  "dropped": 0,
  "running_total_steps": 1506166,
  "running_total_packets": 21385552910,
  "running_total_dropped": 213765815,
  "running_total_time_sec": 3748.8829028440014,
  "p_gb": 0.00606,
  "p_bg": 0.6,
  "good_loss_rate": 0.0,
  "bad_loss_rate": 1.0
}