{
  "state": "good",
  "episode_index": 13626,
  "state_ordinal": 6813,
  "start_time_wall": 1756994559.9092863,
  "end_time_wall": 1756994559.9150414,
  "wall_time_sec": 0.005754871999670286,
  "steps": 41,
  "packets": 561241,
  "dropped": 0,
  "running_total_steps": 1147673,
  "running_total_packets": 16295391603,
  "running_total_dropped": 161771821,
  "running_total_time_sec": 2859.1270694230043,
  "p_gb": 0.00606,
  "p_bg": 0.6,
  "good_loss_rate": 0.0,
  "bad_loss_rate": 1.0
}