{
  "state": "good",
  "episode_index": 9150,
  "state_ordinal": 4575,
  "start_time_wall": 1756993596.670409,
  "end_time_wall": 1756993596.6750867,
  "wall_time_sec": 0.0046778699979768135,
  "steps": 42,
  "packets": 593060,
  "dropped": 0,
  "running_total_steps": 767983,
  "running_total_packets": 10904330819,
  "running_total_dropped": 108997772,
  "running_total_time_sec": 1895.887114889003,
  "p_gb": 0.00606,
  "p_bg": 0.6,
  "good_loss_rate": 0.0,
  "bad_loss_rate": 1.0
}