{
  "state": "good",
  "episode_index": 11842,
  "state_ordinal": 5921,
  "start_time_wall": 1756994192.2250285,
  "end_time_wall": 1756994192.2262943,
  "wall_time_sec": 0.0012656619946938008,
  "steps": 11,
  "packets": 134523,
  "dropped": 0,
  "running_total_steps": 1003182,
  "running_total_packets": 14243791242,
  "running_total_dropped": 139234172,
  "running_total_time_sec": 2491.438322271999,
  "p_gb": 0.00606,
  "p_bg": 0.6,
  "good_loss_rate": 0.0,
  "bad_loss_rate": 1.0
}