{
  "state": "good",
  "episode_index": 18216,
  "state_ordinal": 9108,
  "start_time_wall": 1756995492.9667902,
  "end_time_wall": 1756995493.5386598,
  "wall_time_sec": 0.5718696749972878,
  "steps": 172,
  "packets": 2486508,
  "dropped": 0,
  "running_total_steps": 1527410,
  "running_total_packets": 21687229148,
  "running_total_dropped": 216865686,
  "running_total_time_sec": 3792.750687808999,
  "p_gb": 0.00606,
  "p_bg": 0.6,
  "good_loss_rate": 0.0,
  "bad_loss_rate": 1.0
}