{
  "state": "good",
  "episode_index": 15466,
  "state_ordinal": 7733,
  "start_time_wall": 1756994962.987523,
  "end_time_wall": 1756994963.004687,
  "wall_time_sec": 0.017163873999379575,
  "steps": 127,
  "packets": 1868859,
  "dropped": 0,
  "running_total_steps": 1302099,
  "running_total_packets": 18488111143,
  "running_total_dropped": 183185670,
  "running_total_time_sec": 3262.2167151520043,
  "p_gb": 0.00606,
  "p_bg": 0.6,
  "good_loss_rate": 0.0,
  "bad_loss_rate": 1.0
}