{
  "state": "good",
  "episode_index": 18644,
  "state_ordinal": 9322,
  "start_time_wall": 1756995597.842386,
  "end_time_wall": 1756995597.843089,
  "wall_time_sec": 0.0007032479988993146,
  "steps": 3,
  "packets": 44837,
  "dropped": 0,
  "running_total_steps": 1560951,
  "running_total_packets": 22163334249,
  "running_total_dropped": 221937002,
  "running_total_time_sec": 3897.0551172760024,
  "p_gb": 0.00606,
  "p_bg": 0.6,
  "good_loss_rate": 0.0,
  "bad_loss_rate": 1.0
}