{
  "state": "good",
  "episode_index": 17954,
  "state_ordinal": 8977,
  "start_time_wall": 1756995449.031772,
  "end_time_wall": 1756995449.0480213,
  "wall_time_sec": 0.016249325999524444,
  "steps": 126,
  "packets": 1701070,
  "dropped": 0,
  "running_total_steps": 1505871,
  "running_total_packets": 21381303130,
  "running_total_dropped": 213741214,
  "running_total_time_sec": 3748.2600492170022,
  "p_gb": 0.00606,
  "p_bg": 0.6,
  "good_loss_rate": 0.0,
  "bad_loss_rate": 1.0
}