{
  "state": "good",
  "episode_index": 1444,
  "state_ordinal": 722,
  "start_time_wall": 1756991987.7058122,
  "end_time_wall": 1756991987.7165504,
  "wall_time_sec": 0.010737873999460135,
  "steps": 80,
  "packets": 1197696,
  "dropped": 0,
  "running_total_steps": 121434,
  "running_total_packets": 1724324190,
  "running_total_dropped": 17470670,
  "running_total_time_sec": 286.9285782260049,
  "p_gb": 0.00606,
  "p_bg": 0.6,
  "good_loss_rate": 0.0,
  "bad_loss_rate": 1.0
}