{
  "state": "good",
  "episode_index": 3802,
  "state_ordinal": 1901,
  "start_time_wall": 1756992461.32916,
  "end_time_wall": 1756992461.9490802,
  "wall_time_sec": 0.61992045599618,
  "steps": 396,
  "packets": 5600794,
  "dropped": 0,
  "running_total_steps": 320269,
  "running_total_packets": 4547457075,
  "running_total_dropped": 44771914,
  "running_total_time_sec": 761.1611082939999,
  "p_gb": 0.00606,
  "p_bg": 0.6,
  "good_loss_rate": 0.0,
  "bad_loss_rate": 1.0
}