{
  "state": "good",
  "episode_index": 6666,
  "state_ordinal": 3333,
  "start_time_wall": 1756993047.3020265,
  "end_time_wall": 1756993047.302842,
  "wall_time_sec": 0.0008154710012604482,
  "steps": 4,
  "packets": 26036,
  "dropped": 0,
  "running_total_steps": 549098,
  "running_total_packets": 7796441242,
  "running_total_dropped": 79231671,
  "running_total_time_sec": 1346.5148699700003,
  "p_gb": 0.00606,
  "p_bg": 0.6,
  "good_loss_rate": 0.0,
  "bad_loss_rate": 1.0
}