{
  "state": "good",
  "episode_index": 8090,
  "state_ordinal": 4045,
  "start_time_wall": 1756993367.0839539,
  "end_time_wall": 1756993367.8686435,
  "wall_time_sec": 0.7846895300026517,
  "steps": 634,
  "packets": 8972550,
  "dropped": 1,
  "running_total_steps": 673098,
  "running_total_packets": 9557096840,
  "running_total_dropped": 96378513,
  "running_total_time_sec": 1667.0806716700026,
  "p_gb": 0.00606,
  "p_bg": 0.6,
  "good_loss_rate": 0.0,
  "bad_loss_rate": 1.0
}