{
  "state": "good",
  "episode_index": 12418,
  "state_ordinal": 6209,
  "start_time_wall": 1756994325.886343,
  "end_time_wall": 1756994325.898617,
  "wall_time_sec": 0.012273549000383355,
  "steps": 113,
  "packets": 1533281,
  "dropped": 0,
  "running_total_steps": 1051001,
  "running_total_packets": 14922779031,
  "running_total_dropped": 145101290,
  "running_total_time_sec": 2625.1106450049992,
  "p_gb": 0.00606,
  "p_bg": 0.6,
  "good_loss_rate": 0.0,
  "bad_loss_rate": 1.0
}