{
  "state": "good",
  "episode_index": 18574,
  "state_ordinal": 9287,
  "start_time_wall": 1756995587.9646199,
  "end_time_wall": 1756995587.976175,
  "wall_time_sec": 0.011555229000805411,
  "steps": 87,
  "packets": 1202026,
  "dropped": 0,
  "running_total_steps": 1556085,
  "running_total_packets": 22094296360,
  "running_total_dropped": 221287551,
  "running_total_time_sec": 3887.188203000005,
  "p_gb": 0.00606,
  "p_bg": 0.6,
  "good_loss_rate": 0.0,
  "bad_loss_rate": 1.0
}