{
  "state": "good",
  "episode_index": 4834,
  "state_ordinal": 2417,
  "start_time_wall": 1756992665.8506544,
  "end_time_wall": 1756992665.8549306,
  "wall_time_sec": 0.004276189996744506,
  "steps": 31,
  "packets": 441171,
  "dropped": 0,
  "running_total_steps": 401860,
  "running_total_packets": 5705979576,
  "running_total_dropped": 58050513,
  "running_total_time_sec": 965.0669585750002,
  "p_gb": 0.00606,
  "p_bg": 0.6,
  "good_loss_rate": 0.0,
  "bad_loss_rate": 1.0
}