{
  "state": "bad",
  "episode_index": 421,
  "state_ordinal": 210,
  "start_time_wall": 1756963982.6350996,
  "end_time_wall": 1756963982.7775233,
  "wall_time_sec": 0.14242357300099684,
  "steps": 1,
  "packets": 11571,
  "dropped": 11571,
  "running_total_steps": 227645,
  "running_total_packets": 3232298929,
  "running_total_dropped": 14749821,
  "running_total_time_sec": 728.8953285639982,
  "p_gb": 0.001,
  "p_bg": 0.2,
  "good_loss_rate": 0.0,
  "bad_loss_rate": 1.0
}