{
  "state": "bad",
  "episode_index": 81,
  "state_ordinal": 40,
  "start_time_wall": 1756963384.0925767,
  "end_time_wall": 1756963384.2957015,
  "wall_time_sec": 0.20312518699938664,
  "steps": 5,
  "packets": 108475,
  "dropped": 108475,
  "running_total_steps": 45899,
  "running_total_packets": 651845893,
  "running_total_dropped": 2722248,
  "running_total_time_sec": 130.41350711599807,
  "p_gb": 0.001,
  "p_bg": 0.2,
  "good_loss_rate": 0.0,
  "bad_loss_rate": 1.0
}