{
  "state": "bad",
  "episode_index": 417,
  "state_ordinal": 208,
  "start_time_wall": 1756963978.6085372,
  "end_time_wall": 1756963978.627113,
  "wall_time_sec": 0.018576340000436176,
  "steps": 1,
  "packets": 31819,
  "dropped": 31819,
  "running_total_steps": 225700,
  "running_total_packets": 3204673932,
  "running_total_dropped": 14506811,
  "running_total_time_sec": 724.7449186039994,
  "p_gb": 0.001,
  "p_bg": 0.2,
  "good_loss_rate": 0.0,
  "bad_loss_rate": 1.0
}