{
  "state": "bad",
  "episode_index": 327,
  "state_ordinal": 163,
  "start_time_wall": 1756963823.9756422,
  "end_time_wall": 1756963823.9771554,
  "wall_time_sec": 0.0015134370005398523,
  "steps": 1,
  "packets": 1447,
  "dropped": 1447,
  "running_total_steps": 182820,
  "running_total_packets": 2595862420,
  "running_total_dropped": 12013025,
  "running_total_time_sec": 570.0949607809998,
  "p_gb": 0.001,
  "p_bg": 0.2,
  "good_loss_rate": 0.0,
  "bad_loss_rate": 1.0
}