{
  "state": "bad",
  "episode_index": 67,
  "state_ordinal": 33,
  "start_time_wall": 1756963366.2360795,
  "end_time_wall": 1756963366.3985593,
  "wall_time_sec": 0.1624798289994942,
  "steps": 2,
  "packets": 12,
  "dropped": 12,
  "running_total_steps": 36838,
  "running_total_packets": 523176630,
  "running_total_dropped": 2320131,
  "running_total_time_sec": 112.5163645649991,
  "p_gb": 0.001,
  "p_bg": 0.2,
  "good_loss_rate": 0.0,
  "bad_loss_rate": 1.0
}