{
  "state": "bad",
  "episode_index": 99,
  "state_ordinal": 49,
  "start_time_wall": 1756963400.6946797,
  "end_time_wall": 1756963400.8439603,
  "wall_time_sec": 0.14928100999895833,
  "steps": 2,
  "packets": 11577,
  "dropped": 11577,
  "running_total_steps": 53906,
  "running_total_packets": 765528136,
  "running_total_dropped": 3461398,
  "running_total_time_sec": 146.96176609999748,
  "p_gb": 0.001,
  "p_bg": 0.2,
  "good_loss_rate": 0.0,
  "bad_loss_rate": 1.0
}