{
  "state": "bad",
  "episode_index": 185,
  "state_ordinal": 92,
  "start_time_wall": 1756963574.6273437,
  "end_time_wall": 1756963574.8047729,
  "wall_time_sec": 0.17742949899911764,
  "steps": 5,
  "packets": 26042,
  "dropped": 26042,
  "running_total_steps": 104021,
  "running_total_packets": 1477018469,
  "running_total_dropped": 6672657,
  "running_total_time_sec": 320.92257843399784,
  "p_gb": 0.001,
  "p_bg": 0.2,
  "good_loss_rate": 0.0,
  "bad_loss_rate": 1.0
}