{
  "state": "good",
  "episode_index": 400,
  "state_ordinal": 200,
  "start_time_wall": 1756963920.7033334,
  "end_time_wall": 1756963921.631753,
  "wall_time_sec": 0.9284194070023659,
  "steps": 340,
  "packets": 4858746,
  "dropped": 1,
  "running_total_steps": 214122,
  "running_total_packets": 3040344442,
  "running_total_dropped": 13777806,
  "running_total_time_sec": 667.7495581809999,
  "p_gb": 0.001,
  "p_bg": 0.2,
  "good_loss_rate": 0.0,
  "bad_loss_rate": 1.0
}