{
  "state": "good",
  "episode_index": 384,
  "state_ordinal": 192,
  "start_time_wall": 1756963910.822888,
  "end_time_wall": 1756963911.5954452,
  "wall_time_sec": 0.7725569270005508,
  "steps": 426,
  "packets": 6060766,
  "dropped": 0,
  "running_total_steps": 209285,
  "running_total_packets": 2971715899,
  "running_total_dropped": 13332272,
  "running_total_time_sec": 657.7132506359994,
  "p_gb": 0.001,
  "p_bg": 0.2,
  "good_loss_rate": 0.0,
  "bad_loss_rate": 1.0
}