{
  "state": "good",
  "episode_index": 292,
  "state_ordinal": 146,
  "start_time_wall": 1756963718.2793639,
  "end_time_wall": 1756963722.1697054,
  "wall_time_sec": 3.890341147998697,
  "steps": 2149,
  "packets": 30405147,
  "dropped": 1,
  "running_total_steps": 158945,
  "running_total_packets": 2256852375,
  "running_total_dropped": 10586805,
  "running_total_time_sec": 468.2875106799984,
  "p_gb": 0.001,
  "p_bg": 0.2,
  "good_loss_rate": 0.0,
  "bad_loss_rate": 1.0
}