{
  "state": "good",
  "episode_index": 378,
  "state_ordinal": 189,
  "start_time_wall": 1756963903.4716914,
  "end_time_wall": 1756963903.5021331,
  "wall_time_sec": 0.030441729999438394,
  "steps": 240,
  "packets": 3352961,
  "dropped": 0,
  "running_total_steps": 205470,
  "running_total_packets": 2917504506,
  "running_total_dropped": 13139884,
  "running_total_time_sec": 649.6199384519969,
  "p_gb": 0.001,
  "p_bg": 0.2,
  "good_loss_rate": 0.0,
  "bad_loss_rate": 1.0
}