{
  "state": "good",
  "episode_index": 392,
  "state_ordinal": 196,
  "start_time_wall": 1756963917.2929943,
  "end_time_wall": 1756963918.842534,
  "wall_time_sec": 1.5495399089995772,
  "steps": 952,
  "packets": 13466776,
  "dropped": 0,
  "running_total_steps": 213020,
  "running_total_packets": 3024665970,
  "running_total_dropped": 13449455,
  "running_total_time_sec": 664.9603395119993,
  "p_gb": 0.001,
  "p_bg": 0.2,
  "good_loss_rate": 0.0,
  "bad_loss_rate": 1.0
}