{
  "state": "good",
  "episode_index": 30,
  "state_ordinal": 15,
  "start_time_wall": 1756963287.8615842,
  "end_time_wall": 1756963290.3445697,
  "wall_time_sec": 2.4829852280017803,
  "steps": 1411,
  "packets": 20023703,
  "dropped": 0,
  "running_total_steps": 16140,
  "running_total_packets": 229281034,
  "running_total_dropped": 909822,
  "running_total_time_sec": 36.46237479699994,
  "p_gb": 0.001,
  "p_bg": 0.2,
  "good_loss_rate": 0.0,
  "bad_loss_rate": 1.0
}