{
  "state": "good",
  "episode_index": 94,
  "state_ordinal": 47,
  "start_time_wall": 1756963392.654491,
  "end_time_wall": 1756963394.176304,
  "wall_time_sec": 1.5218128469969088,
  "steps": 737,
  "packets": 10488477,
  "dropped": 1,
  "running_total_steps": 50517,
  "running_total_packets": 717377509,
  "running_total_dropped": 3347114,
  "running_total_time_sec": 140.29410949599696,
  "p_gb": 0.001,
  "p_bg": 0.2,
  "good_loss_rate": 0.0,
  "bad_loss_rate": 1.0
}