{
  "state": "good",
  "episode_index": 214,
  "state_ordinal": 107,
  "start_time_wall": 1756963589.295966,
  "end_time_wall": 1756963589.2988057,
  "wall_time_sec": 0.0028395810004440136,
  "steps": 20,
  "packets": 245904,
  "dropped": 0,
  "running_total_steps": 110791,
  "running_total_packets": 1573189541,
  "running_total_dropped": 7559356,
  "running_total_time_sec": 335.41661095699965,
  "p_gb": 0.001,
  "p_bg": 0.2,
  "good_loss_rate": 0.0,
  "bad_loss_rate": 1.0
}