{
  "state": "good",
  "episode_index": 584,
  "state_ordinal": 292,
  "start_time_wall": 1756964217.2093906,
  "end_time_wall": 1756964218.5893161,
  "wall_time_sec": 1.3799252819990215,
  "steps": 653,
  "packets": 9352977,
  "dropped": 0,
  "running_total_steps": 309562,
  "running_total_packets": 4395470444,
  "running_total_dropped": 20858367,
  "running_total_time_sec": 964.7071214659991,
  "p_gb": 0.001,
  "p_bg": 0.2,
  "good_loss_rate": 0.0,
  "bad_loss_rate": 1.0
}