{
  "state": "good",
  "episode_index": 284,
  "state_ordinal": 142,
  "start_time_wall": 1756963710.9301038,
  "end_time_wall": 1756963715.398925,
  "wall_time_sec": 4.4688211680004315,
  "steps": 2233,
  "packets": 31712753,
  "dropped": 0,
  "running_total_steps": 155533,
  "running_total_packets": 2208413889,
  "running_total_dropped": 9966301,
  "running_total_time_sec": 461.51673027599827,
  "p_gb": 0.001,
  "p_bg": 0.2,
  "good_loss_rate": 0.0,
  "bad_loss_rate": 1.0
}