{
  "state": "bad",
  "episode_index": 2927,
  "state_ordinal": 1463,
  "start_time_wall": 1756951839.4800448,
  "end_time_wall": 1756951839.6418638,
  "wall_time_sec": 0.16181903800043074,
  "steps": 1,
  "packets": 11571,
  "dropped": 7512,
  "running_total_steps": 292523,
  "running_total_packets": 4153506595,
  "running_total_dropped": 46561349,
  "running_total_time_sec": 1362.0964905180008,
  "p_gb": 0.005,
  "p_bg": 0.3,
  "good_loss_rate": 0.0,
  "bad_loss_rate": 0.65
}