{
  "state": "bad",
  "episode_index": 2159,
  "state_ordinal": 1079,
  "start_time_wall": 1756951469.2089434,
  "end_time_wall": 1756951469.3925917,
  "wall_time_sec": 0.1836484939994989,
  "steps": 2,
  "packets": 13018,
  "dropped": 8527,
  "running_total_steps": 215694,
  "running_total_packets": 3062689758,
  "running_total_dropped": 35094731,
  "running_total_time_sec": 991.8472183510003,
  "p_gb": 0.005,
  "p_bg": 0.3,
  "good_loss_rate": 0.0,
  "bad_loss_rate": 0.65
}