{
  "state": "bad",
  "episode_index": 467,
  "state_ordinal": 233,
  "start_time_wall": 1756950652.7471557,
  "end_time_wall": 1756950652.9114428,
  "wall_time_sec": 0.16428709800038632,
  "steps": 2,
  "packets": 11577,
  "dropped": 7546,
  "running_total_steps": 44870,
  "running_total_packets": 637223376,
  "running_total_dropped": 8329214,
  "running_total_time_sec": 175.36606934800056,
  "p_gb": 0.005,
  "p_bg": 0.3,
  "good_loss_rate": 0.0,
  "bad_loss_rate": 0.65
}