{
  "state": "bad",
  "episode_index": 975,
  "state_ordinal": 487,
  "start_time_wall": 1756950890.6138785,
  "end_time_wall": 1756950890.6185887,
  "wall_time_sec": 0.00471026100058225,
  "steps": 2,
  "packets": 13018,
  "dropped": 8528,
  "running_total_steps": 95430,
  "running_total_packets": 1355016050,
  "running_total_dropped": 16646940,
  "running_total_time_sec": 413.07321522000075,
  "p_gb": 0.005,
  "p_bg": 0.3,
  "good_loss_rate": 0.0,
  "bad_loss_rate": 0.65
}