{
  "state": "bad",
  "episode_index": 513,
  "state_ordinal": 256,
  "start_time_wall": 1756950699.3517394,
  "end_time_wall": 1756950699.54454,
  "wall_time_sec": 0.192800367000018,
  "steps": 7,
  "packets": 89680,
  "dropped": 58193,
  "running_total_steps": 49789,
  "running_total_packets": 707010537,
  "running_total_dropped": 9073158,
  "running_total_time_sec": 221.99916646600013,
  "p_gb": 0.005,
  "p_bg": 0.3,
  "good_loss_rate": 0.0,
  "bad_loss_rate": 0.65
}