{
  "state": "bad",
  "episode_index": 401,
  "state_ordinal": 200,
  "start_time_wall": 1756950638.3444564,
  "end_time_wall": 1756950638.5213962,
  "wall_time_sec": 0.17693980000058218,
  "steps": 2,
  "packets": 31825,
  "dropped": 20726,
  "running_total_steps": 38409,
  "running_total_packets": 545521940,
  "running_total_dropped": 7029014,
  "running_total_time_sec": 160.9760228210007,
  "p_gb": 0.005,
  "p_bg": 0.3,
  "good_loss_rate": 0.0,
  "bad_loss_rate": 0.65
}