{
  "state": "bad",
  "episode_index": 411,
  "state_ordinal": 205,
  "start_time_wall": 1756950642.1601837,
  "end_time_wall": 1756950642.1782868,
  "wall_time_sec": 0.018103870000231836,
  "steps": 4,
  "packets": 46284,
  "dropped": 30193,
  "running_total_steps": 40341,
  "running_total_packets": 572844619,
  "running_total_dropped": 7126046,
  "running_total_time_sec": 164.63291385000048,
  "p_gb": 0.005,
  "p_bg": 0.3,
  "good_loss_rate": 0.0,
  "bad_loss_rate": 0.65
}