{
  "state": "bad",
  "episode_index": 1221,
  "state_ordinal": 610,
  "start_time_wall": 1756951018.3471048,
  "end_time_wall": 1756951018.395237,
  "wall_time_sec": 0.04813184400063619,
  "steps": 9,
  "packets": 121505,
  "dropped": 79056,
  "running_total_steps": 119869,
  "running_total_packets": 1702087361,
  "running_total_dropped": 20503872,
  "running_total_time_sec": 540.8498633670006,
  "p_gb": 0.005,
  "p_bg": 0.3,
  "good_loss_rate": 0.0,
  "bad_loss_rate": 0.65
}