{
  "state": "bad",
  "episode_index": 69,
  "state_ordinal": 34,
  "start_time_wall": 1756950495.3246467,
  "end_time_wall": 1756950495.3375227,
  "wall_time_sec": 0.012876256000708963,
  "steps": 1,
  "packets": 31819,
  "dropped": 20671,
  "running_total_steps": 6620,
  "running_total_packets": 94057726,
  "running_total_dropped": 1378964,
  "running_total_time_sec": 17.792149309000706,
  "p_gb": 0.005,
  "p_bg": 0.3,
  "good_loss_rate": 0.0,
  "bad_loss_rate": 0.65
}