{
  "state": "bad",
  "episode_index": 2109,
  "state_ordinal": 1054,
  "start_time_wall": 1756951461.2482011,
  "end_time_wall": 1756951461.2616515,
  "wall_time_sec": 0.013450548999571765,
  "steps": 1,
  "packets": 31819,
  "dropped": 20584,
  "running_total_steps": 212327,
  "running_total_packets": 3014889169,
  "running_total_dropped": 34275081,
  "running_total_time_sec": 983.716278164,
  "p_gb": 0.005,
  "p_bg": 0.3,
  "good_loss_rate": 0.0,
  "bad_loss_rate": 0.65
}