{
  "state": "bad",
  "episode_index": 985,
  "state_ordinal": 492,
  "start_time_wall": 1756950931.6022387,
  "end_time_wall": 1756950931.606791,
  "wall_time_sec": 0.004552262000288465,
  "steps": 1,
  "packets": 11571,
  "dropped": 7603,
  "running_total_steps": 97403,
  "running_total_packets": 1383067753,
  "running_total_dropped": 16724061,
  "running_total_time_sec": 454.0614174150005,
  "p_gb": 0.005,
  "p_bg": 0.3,
  "good_loss_rate": 0.0,
  "bad_loss_rate": 0.65
}