{
  "state": "bad",
  "episode_index": 577,
  "state_ordinal": 288,
  "start_time_wall": 1756950713.1736586,
  "end_time_wall": 1756950713.1778235,
  "wall_time_sec": 0.004164986999967368,
  "steps": 2,
  "packets": 11577,
  "dropped": 7512,
  "running_total_steps": 55988,
  "running_total_packets": 795039346,
  "running_total_dropped": 9948409,
  "running_total_time_sec": 235.63245004600049,
  "p_gb": 0.005,
  "p_bg": 0.3,
  "good_loss_rate": 0.0,
  "bad_loss_rate": 0.65
}