{
  "state": "bad",
  "episode_index": 127,
  "state_ordinal": 63,
  "start_time_wall": 1756950504.9380476,
  "end_time_wall": 1756950505.1873713,
  "wall_time_sec": 0.24932371999966563,
  "steps": 19,
  "packets": 254581,
  "dropped": 165442,
  "running_total_steps": 10886,
  "running_total_packets": 154682858,
  "running_total_dropped": 2494886,
  "running_total_time_sec": 27.641997929000354,
  "p_gb": 0.005,
  "p_bg": 0.3,
  "good_loss_rate": 0.0,
  "bad_loss_rate": 0.65
}