{
  "state": "bad",
  "episode_index": 1829,
  "state_ordinal": 914,
  "start_time_wall": 1756951322.3268998,
  "end_time_wall": 1756951322.3737466,
  "wall_time_sec": 0.04684691100010241,
  "steps": 8,
  "packets": 121499,
  "dropped": 78935,
  "running_total_steps": 182487,
  "running_total_packets": 2591113602,
  "running_total_dropped": 29907949,
  "running_total_time_sec": 844.828373196,
  "p_gb": 0.005,
  "p_bg": 0.3,
  "good_loss_rate": 0.0,
  "bad_loss_rate": 0.65
}