{
  "state": "bad",
  "episode_index": 221,
  "state_ordinal": 110,
  "start_time_wall": 1756950557.9583066,
  "end_time_wall": 1756950557.9716816,
  "wall_time_sec": 0.013375065000218456,
  "steps": 1,
  "packets": 31819,
  "dropped": 20743,
  "running_total_steps": 18460,
  "running_total_packets": 262164000,
  "running_total_dropped": 4094122,
  "running_total_time_sec": 80.4263082690004,
  "p_gb": 0.005,
  "p_bg": 0.3,
  "good_loss_rate": 0.0,
  "bad_loss_rate": 0.65
}