{
  "state": "bad",
  "episode_index": 465,
  "state_ordinal": 232,
  "start_time_wall": 1756950652.1389122,
  "end_time_wall": 1756950652.1712286,
  "wall_time_sec": 0.032317049999619485,
  "steps": 3,
  "packets": 75209,
  "dropped": 48851,
  "running_total_steps": 44755,
  "running_total_packets": 635541107,
  "running_total_dropped": 8321668,
  "running_total_time_sec": 174.62585570400006,
  "p_gb": 0.005,
  "p_bg": 0.3,
  "good_loss_rate": 0.0,
  "bad_loss_rate": 0.65
}