{
  "state": "bad",
  "episode_index": 1083,
  "state_ordinal": 541,
  "start_time_wall": 1756950949.8039014,
  "end_time_wall": 1756950949.8172746,
  "wall_time_sec": 0.013373275000049034,
  "steps": 1,
  "packets": 31819,
  "dropped": 20561,
  "running_total_steps": 105448,
  "running_total_packets": 1497302536,
  "running_total_dropped": 18114257,
  "running_total_time_sec": 472.27190115100075,
  "p_gb": 0.005,
  "p_bg": 0.3,
  "good_loss_rate": 0.0,
  "bad_loss_rate": 0.65
}