{
  "state": "bad",
  "episode_index": 1225,
  "state_ordinal": 612,
  "start_time_wall": 1756951020.7546628,
  "end_time_wall": 1756951020.923574,
  "wall_time_sec": 0.16891151000072568,
  "steps": 1,
  "packets": 6,
  "dropped": 4,
  "running_total_steps": 120865,
  "running_total_packets": 1716235441,
  "running_total_dropped": 20581849,
  "running_total_time_sec": 543.3782007220007,
  "p_gb": 0.005,
  "p_bg": 0.3,
  "good_loss_rate": 0.0,
  "bad_loss_rate": 0.65
}