{
  "state": "bad",
  "episode_index": 1991,
  "state_ordinal": 995,
  "start_time_wall": 1756951400.0662072,
  "end_time_wall": 1756951400.0797617,
  "wall_time_sec": 0.013554573999499553,
  "steps": 3,
  "packets": 31831,
  "dropped": 20714,
  "running_total_steps": 201109,
  "running_total_packets": 2855555849,
  "running_total_dropped": 32471272,
  "running_total_time_sec": 922.5343883320002,
  "p_gb": 0.005,
  "p_bg": 0.3,
  "good_loss_rate": 0.0,
  "bad_loss_rate": 0.65
}