{
  "state": "bad",
  "episode_index": 2953,
  "state_ordinal": 1476,
  "start_time_wall": 1756951843.4452975,
  "end_time_wall": 1756951843.4730816,
  "wall_time_sec": 0.02778399300041201,
  "steps": 4,
  "packets": 63650,
  "dropped": 41231,
  "running_total_steps": 294127,
  "running_total_packets": 4176311895,
  "running_total_dropped": 47180117,
  "running_total_time_sec": 1365.9277080970005,
  "p_gb": 0.005,
  "p_bg": 0.3,
  "good_loss_rate": 0.0,
  "bad_loss_rate": 0.65
}