{
  "state": "bad",
  "episode_index": 423,
  "state_ordinal": 211,
  "start_time_wall": 1756950644.5320067,
  "end_time_wall": 1756950644.6869733,
  "wall_time_sec": 0.15496685600010096,
  "steps": 1,
  "packets": 11571,
  "dropped": 7483,
  "running_total_steps": 41420,
  "running_total_packets": 588235232,
  "running_total_dropped": 7254447,
  "running_total_time_sec": 167.1416000400004,
  "p_gb": 0.005,
  "p_bg": 0.3,
  "good_loss_rate": 0.0,
  "bad_loss_rate": 0.65
}