{
  "state": "bad",
  "episode_index": 1495,
  "state_ordinal": 747,
  "start_time_wall": 1756951152.138187,
  "end_time_wall": 1756951152.15069,
  "wall_time_sec": 0.012503415999162826,
  "steps": 1,
  "packets": 31819,
  "dropped": 20600,
  "running_total_steps": 147018,
  "running_total_packets": 2087545516,
  "running_total_dropped": 24976942,
  "running_total_time_sec": 674.605317089,
  "p_gb": 0.005,
  "p_bg": 0.3,
  "good_loss_rate": 0.0,
  "bad_loss_rate": 0.65
}