{
  "state": "bad",
  "episode_index": 2819,
  "state_ordinal": 1409,
  "start_time_wall": 1756951779.369532,
  "end_time_wall": 1756951779.38994,
  "wall_time_sec": 0.02040777500042168,
  "steps": 6,
  "packets": 46296,
  "dropped": 30049,
  "running_total_steps": 281347,
  "running_total_packets": 3994769217,
  "running_total_dropped": 44851267,
  "running_total_time_sec": 1301.8445665530007,
  "p_gb": 0.005,
  "p_bg": 0.3,
  "good_loss_rate": 0.0,
  "bad_loss_rate": 0.65
}