{
  "state": "bad",
  "episode_index": 2261,
  "state_ordinal": 1130,
  "start_time_wall": 1756951533.7180114,
  "end_time_wall": 1756951533.7316048,
  "wall_time_sec": 0.013593939000202226,
  "steps": 1,
  "packets": 31819,
  "dropped": 20720,
  "running_total_steps": 228416,
  "running_total_packets": 3243324034,
  "running_total_dropped": 36932218,
  "running_total_time_sec": 1056.1862317680007,
  "p_gb": 0.005,
  "p_bg": 0.3,
  "good_loss_rate": 0.0,
  "bad_loss_rate": 0.65
}