{
  "state": "bad",
  "episode_index": 2823,
  "state_ordinal": 1411,
  "start_time_wall": 1756951779.5830803,
  "end_time_wall": 1756951779.5883312,
  "wall_time_sec": 0.005251157999737188,
  "steps": 4,
  "packets": 14471,
  "dropped": 9423,
  "running_total_steps": 281521,
  "running_total_packets": 3997258619,
  "running_total_dropped": 44860700,
  "running_total_time_sec": 1302.042957791,
  "p_gb": 0.005,
  "p_bg": 0.3,
  "good_loss_rate": 0.0,
  "bad_loss_rate": 0.65
}