{
  "state": "bad",
  "episode_index": 2767,
  "state_ordinal": 1383,
  "start_time_wall": 1756951767.4246495,
  "end_time_wall": 1756951767.6138458,
  "wall_time_sec": 0.1891963839998425,
  "steps": 4,
  "packets": 46284,
  "dropped": 29988,
  "running_total_steps": 276033,
  "running_total_packets": 3919395715,
  "running_total_dropped": 43889861,
  "running_total_time_sec": 1290.068472379,
  "p_gb": 0.005,
  "p_bg": 0.3,
  "good_loss_rate": 0.0,
  "bad_loss_rate": 0.65
}