{
  "state": "bad",
  "episode_index": 2243,
  "state_ordinal": 1121,
  "start_time_wall": 1756951528.2129953,
  "end_time_wall": 1756951528.2151647,
  "wall_time_sec": 0.002169426000364183,
  "steps": 2,
  "packets": 2894,
  "dropped": 1869,
  "running_total_steps": 225853,
  "running_total_packets": 3206845115,
  "running_total_dropped": 36588011,
  "running_total_time_sec": 1050.6697912650006,
  "p_gb": 0.005,
  "p_bg": 0.3,
  "good_loss_rate": 0.0,
  "bad_loss_rate": 0.65
}