{
  "state": "bad",
  "episode_index": 2317,
  "state_ordinal": 1158,
  "start_time_wall": 1756951549.0901232,
  "end_time_wall": 1756951549.2633739,
  "wall_time_sec": 0.17325047900067148,
  "steps": 2,
  "packets": 31825,
  "dropped": 20765,
  "running_total_steps": 235443,
  "running_total_packets": 3343089630,
  "running_total_dropped": 37656868,
  "running_total_time_sec": 1071.7180003130006,
  "p_gb": 0.005,
  "p_bg": 0.3,
  "good_loss_rate": 0.0,
  "bad_loss_rate": 0.65
}