{
  "state": "bad",
  "episode_index": 3051,
  "state_ordinal": 1525,
  "start_time_wall": 1756951863.154628,
  "end_time_wall": 1756951863.155123,
  "wall_time_sec": 0.0004948929999954998,
  "steps": 1,
  "packets": 6,
  "dropped": 5,
  "running_total_steps": 302943,
  "running_total_packets": 4301519722,
  "running_total_dropped": 48723002,
  "running_total_time_sec": 1385.6097495740005,
  "p_gb": 0.005,
  "p_bg": 0.3,
  "good_loss_rate": 0.0,
  "bad_loss_rate": 0.65
}