{
  "state": "bad",
  "episode_index": 3027,
  "state_ordinal": 1513,
  "start_time_wall": 1756951856.3063195,
  "end_time_wall": 1756951856.3074806,
  "wall_time_sec": 0.0011612689995672554,
  "steps": 1,
  "packets": 1447,
  "dropped": 938,
  "running_total_steps": 300003,
  "running_total_packets": 4259696031,
  "running_total_dropped": 48346322,
  "running_total_time_sec": 1378.762107081,
  "p_gb": 0.005,
  "p_bg": 0.3,
  "good_loss_rate": 0.0,
  "bad_loss_rate": 0.65
}