{
  "state": "bad",
  "episode_index": 119,
  "state_ordinal": 59,
  "start_time_wall": 1756950502.6481686,
  "end_time_wall": 1756950502.6525989,
  "wall_time_sec": 0.00443042200004129,
  "steps": 1,
  "packets": 6,
  "dropped": 2,
  "running_total_steps": 9702,
  "running_total_packets": 137897829,
  "running_total_dropped": 2291890,
  "running_total_time_sec": 25.107225450999977,
  "p_gb": 0.005,
  "p_bg": 0.3,
  "good_loss_rate": 0.0,
  "bad_loss_rate": 0.65
}