{
  "state": "bad",
  "episode_index": 1353,
  "state_ordinal": 676,
  "start_time_wall": 1756951081.5376887,
  "end_time_wall": 1756951081.5813339,
  "wall_time_sec": 0.043645046000165166,
  "steps": 8,
  "packets": 109934,
  "dropped": 71201,
  "running_total_steps": 131995,
  "running_total_packets": 1874187381,
  "running_total_dropped": 22345000,
  "running_total_time_sec": 604.0359604000005,
  "p_gb": 0.005,
  "p_bg": 0.3,
  "good_loss_rate": 0.0,
  "bad_loss_rate": 0.65
}