{
  "state": "good",
  "episode_index": 18,
  "state_ordinal": 9,
  "start_time_wall": 1756950485.4527245,
  "end_time_wall": 1756950485.4561515,
  "wall_time_sec": 0.0034268950003024656,
  "steps": 25,
  "packets": 300877,
  "dropped": 0,
  "running_total_steps": 1932,
  "running_total_packets": 27503462,
  "running_total_dropped": 433163,
  "running_total_time_sec": 7.910778199000561,
  "p_gb": 0.005,
  "p_bg": 0.3,
  "good_loss_rate": 0.0,
  "bad_loss_rate": 0.65
}