{
  "state": "good",
  "episode_index": 1760,
  "state_ordinal": 880,
  "start_time_wall": 1756951269.30814,
  "end_time_wall": 1756951269.3152108,
  "wall_time_sec": 0.007070042000123067,
  "steps": 55,
  "packets": 729036,
  "dropped": 0,
  "running_total_steps": 174402,
  "running_total_packets": 2476349397,
  "running_total_dropped": 28910236,
  "running_total_time_sec": 791.7698373040002,
  "p_gb": 0.005,
  "p_bg": 0.3,
  "good_loss_rate": 0.0,
  "bad_loss_rate": 0.65
}