{
  "state": "good",
  "episode_index": 2904,
  "state_ordinal": 1452,
  "start_time_wall": 1756951796.5721245,
  "end_time_wall": 1756951832.7465446,
  "wall_time_sec": 36.17442002699954,
  "steps": 655,
  "packets": 9227143,
  "dropped": 1,
  "running_total_steps": 289625,
  "running_total_packets": 4112277405,
  "running_total_dropped": 46102985,
  "running_total_time_sec": 1355.2011710770003,
  "p_gb": 0.005,
  "p_bg": 0.3,
  "good_loss_rate": 0.0,
  "bad_loss_rate": 0.65
}