{
  "state": "good",
  "episode_index": 1494,
  "state_ordinal": 747,
  "start_time_wall": 1756951152.1274045,
  "end_time_wall": 1756951152.138187,
  "wall_time_sec": 0.010782511000797967,
  "steps": 82,
  "packets": 1105116,
  "dropped": 0,
  "running_total_steps": 147017,
  "running_total_packets": 2087513697,
  "running_total_dropped": 24956342,
  "running_total_time_sec": 674.5928136730008,
  "p_gb": 0.005,
  "p_bg": 0.3,
  "good_loss_rate": 0.0,
  "bad_loss_rate": 0.65
}