{
  "state": "good",
  "episode_index": 1832,
  "state_ordinal": 916,
  "start_time_wall": 1756951322.5664408,
  "end_time_wall": 1756951323.3029406,
  "wall_time_sec": 0.7364999500005069,
  "steps": 33,
  "packets": 559787,
  "dropped": 1,
  "running_total_steps": 182714,
  "running_total_packets": 2594417378,
  "running_total_dropped": 29915370,
  "running_total_time_sec": 845.7575672580006,
  "p_gb": 0.005,
  "p_bg": 0.3,
  "good_loss_rate": 0.0,
  "bad_loss_rate": 0.65
}