{
  "state": "good",
  "episode_index": 1914,
  "state_ordinal": 957,
  "start_time_wall": 1756951341.3708289,
  "end_time_wall": 1756951341.9999964,
  "wall_time_sec": 0.6291673260002426,
  "steps": 428,
  "packets": 6072343,
  "dropped": 0,
  "running_total_steps": 191294,
  "running_total_packets": 2716199924,
  "running_total_dropped": 31452021,
  "running_total_time_sec": 864.4546229670004,
  "p_gb": 0.005,
  "p_bg": 0.3,
  "good_loss_rate": 0.0,
  "bad_loss_rate": 0.65
}