{
  "state": "good",
  "episode_index": 630,
  "state_ordinal": 315,
  "start_time_wall": 1756950726.7427309,
  "end_time_wall": 1756950726.7462494,
  "wall_time_sec": 0.003518617999361595,
  "steps": 34,
  "packets": 422382,
  "dropped": 0,
  "running_total_steps": 61994,
  "running_total_packets": 880306806,
  "running_total_dropped": 10581232,
  "running_total_time_sec": 249.20087601500018,
  "p_gb": 0.005,
  "p_bg": 0.3,
  "good_loss_rate": 0.0,
  "bad_loss_rate": 0.65
}