{
  "state": "good",
  "episode_index": 336,
  "state_ordinal": 168,
  "start_time_wall": 1756950584.1869416,
  "end_time_wall": 1756950584.1906798,
  "wall_time_sec": 0.00373792099981074,
  "steps": 33,
  "packets": 454189,
  "dropped": 0,
  "running_total_steps": 30265,
  "running_total_packets": 429816073,
  "running_total_dropped": 5534227,
  "running_total_time_sec": 106.64530620900041,
  "p_gb": 0.005,
  "p_bg": 0.3,
  "good_loss_rate": 0.0,
  "bad_loss_rate": 0.65
}