{
  "state": "good",
  "episode_index": 1252,
  "state_ordinal": 626,
  "start_time_wall": 1756951027.4548542,
  "end_time_wall": 1756951028.0513375,
  "wall_time_sec": 0.5964831359997333,
  "steps": 208,
  "packets": 2972528,
  "dropped": 0,
  "running_total_steps": 124118,
  "running_total_packets": 1762395704,
  "running_total_dropped": 20994332,
  "running_total_time_sec": 550.5059639560004,
  "p_gb": 0.005,
  "p_bg": 0.3,
  "good_loss_rate": 0.0,
  "bad_loss_rate": 0.65
}