{
  "state": "good",
  "episode_index": 1662,
  "state_ordinal": 831,
  "start_time_wall": 1756951247.1192818,
  "end_time_wall": 1756951247.127777,
  "wall_time_sec": 0.008495088000017859,
  "steps": 63,
  "packets": 850535,
  "dropped": 0,
  "running_total_steps": 164376,
  "running_total_packets": 2333954418,
  "running_total_dropped": 27396291,
  "running_total_time_sec": 769.5824036150007,
  "p_gb": 0.005,
  "p_bg": 0.3,
  "good_loss_rate": 0.0,
  "bad_loss_rate": 0.65
}