{
  "state": "good",
  "episode_index": 770,
  "state_ordinal": 385,
  "start_time_wall": 1756950795.1470037,
  "end_time_wall": 1756950795.7466452,
  "wall_time_sec": 0.5996415250001519,
  "steps": 390,
  "packets": 5405522,
  "dropped": 0,
  "running_total_steps": 76775,
  "running_total_packets": 1090100807,
  "running_total_dropped": 12988128,
  "running_total_time_sec": 318.2012717080006,
  "p_gb": 0.005,
  "p_bg": 0.3,
  "good_loss_rate": 0.0,
  "bad_loss_rate": 0.65
}