{
  "state": "good",
  "episode_index": 940,
  "state_ordinal": 470,
  "start_time_wall": 1756950885.9724019,
  "end_time_wall": 1756950885.9733164,
  "wall_time_sec": 0.0009144409996224567,
  "steps": 6,
  "packets": 57861,
  "dropped": 0,
  "running_total_steps": 93441,
  "running_total_packets": 1326764727,
  "running_total_dropped": 15941480,
  "running_total_time_sec": 408.4279428640002,
  "p_gb": 0.005,
  "p_bg": 0.3,
  "good_loss_rate": 0.0,
  "bad_loss_rate": 0.65
}