{
  "state": "good",
  "episode_index": 1588,
  "state_ordinal": 794,
  "start_time_wall": 1756951170.524203,
  "end_time_wall": 1756951171.1037617,
  "wall_time_sec": 0.57955847500034,
  "steps": 182,
  "packets": 2610901,
  "dropped": 0,
  "running_total_steps": 155508,
  "running_total_packets": 2208081199,
  "running_total_dropped": 26303045,
  "running_total_time_sec": 693.5583881270004,
  "p_gb": 0.005,
  "p_bg": 0.3,
  "good_loss_rate": 0.0,
  "bad_loss_rate": 0.65
}