{
  "state": "good",
  "episode_index": 1360,
  "state_ordinal": 680,
  "start_time_wall": 1756951083.3111384,
  "end_time_wall": 1756951083.8992898,
  "wall_time_sec": 0.5881515179999042,
  "steps": 288,
  "packets": 4005323,
  "dropped": 0,
  "running_total_steps": 132966,
  "running_total_packets": 1888014336,
  "running_total_dropped": 22388206,
  "running_total_time_sec": 606.3539164990007,
  "p_gb": 0.005,
  "p_bg": 0.3,
  "good_loss_rate": 0.0,
  "bad_loss_rate": 0.65
}