{
  "state": "good",
  "episode_index": 2446,
  "state_ordinal": 1223,
  "start_time_wall": 1756951630.97039,
  "end_time_wall": 1756951631.7106543,
  "wall_time_sec": 0.7402640439995594,
  "steps": 246,
  "packets": 3461442,
  "dropped": 1,
  "running_total_steps": 248016,
  "running_total_packets": 3521503568,
  "running_total_dropped": 39720023,
  "running_total_time_sec": 1154.1652807150003,
  "p_gb": 0.005,
  "p_bg": 0.3,
  "good_loss_rate": 0.0,
  "bad_loss_rate": 0.65
}