{
  "state": "good",
  "episode_index": 2636,
  "state_ordinal": 1318,
  "start_time_wall": 1756951706.6706948,
  "end_time_wall": 1756951706.8538647,
  "wall_time_sec": 0.18316966600013984,
  "steps": 126,
  "packets": 1870294,
  "dropped": 0,
  "running_total_steps": 265427,
  "running_total_packets": 3768809277,
  "running_total_dropped": 42137800,
  "running_total_time_sec": 1229.3084910960006,
  "p_gb": 0.005,
  "p_bg": 0.3,
  "good_loss_rate": 0.0,
  "bad_loss_rate": 0.65
}