{
  "state": "good",
  "episode_index": 1246,
  "state_ordinal": 623,
  "start_time_wall": 1756951025.6775348,
  "end_time_wall": 1756951025.6799295,
  "wall_time_sec": 0.0023946930004967726,
  "steps": 22,
  "packets": 256040,
  "dropped": 0,
  "running_total_steps": 123150,
  "running_total_packets": 1748613586,
  "running_total_dropped": 20966963,
  "running_total_time_sec": 548.1345559890005,
  "p_gb": 0.005,
  "p_bg": 0.3,
  "good_loss_rate": 0.0,
  "bad_loss_rate": 0.65
}