{
  "state": "good",
  "episode_index": 448,
  "state_ordinal": 224,
  "start_time_wall": 1756950650.1403716,
  "end_time_wall": 1756950650.1787937,
  "wall_time_sec": 0.03842217199962761,
  "steps": 332,
  "packets": 4633090,
  "dropped": 0,
  "running_total_steps": 43987,
  "running_total_packets": 624611459,
  "running_total_dropped": 7844876,
  "running_total_time_sec": 172.63342029100022,
  "p_gb": 0.005,
  "p_bg": 0.3,
  "good_loss_rate": 0.0,
  "bad_loss_rate": 0.65
}