{
  "state": "good",
  "episode_index": 210,
  "state_ordinal": 105,
  "start_time_wall": 1756950556.34036,
  "end_time_wall": 1756950556.3428855,
  "wall_time_sec": 0.002525447999687458,
  "steps": 22,
  "packets": 289294,
  "dropped": 0,
  "running_total_steps": 17829,
  "running_total_packets": 253205915,
  "running_total_dropped": 3939442,
  "running_total_time_sec": 78.79751202900025,
  "p_gb": 0.005,
  "p_bg": 0.3,
  "good_loss_rate": 0.0,
  "bad_loss_rate": 0.65
}