{
  "state": "good",
  "episode_index": 1050,
  "state_ordinal": 525,
  "start_time_wall": 1756950945.0658705,
  "end_time_wall": 1756950945.6499426,
  "wall_time_sec": 0.5840718339995874,
  "steps": 36,
  "packets": 652362,
  "dropped": 0,
  "running_total_steps": 103526,
  "running_total_packets": 1470081120,
  "running_total_dropped": 17584338,
  "running_total_time_sec": 468.1045691090003,
  "p_gb": 0.005,
  "p_bg": 0.3,
  "good_loss_rate": 0.0,
  "bad_loss_rate": 0.65
}