{
  "state": "good",
  "episode_index": 1800,
  "state_ordinal": 900,
  "start_time_wall": 1756951316.9861102,
  "end_time_wall": 1756951317.1840656,
  "wall_time_sec": 0.1979551280001033,
  "steps": 268,
  "packets": 3781108,
  "dropped": 0,
  "running_total_steps": 180211,
  "running_total_packets": 2558838155,
  "running_total_dropped": 29522752,
  "running_total_time_sec": 839.6386919460001,
  "p_gb": 0.005,
  "p_bg": 0.3,
  "good_loss_rate": 0.0,
  "bad_loss_rate": 0.65
}