{
  "state": "good",
  "episode_index": 1504,
  "state_ordinal": 752,
  "start_time_wall": 1756951154.8612497,
  "end_time_wall": 1756951154.8974285,
  "wall_time_sec": 0.036178552999444946,
  "steps": 299,
  "packets": 4189025,
  "dropped": 0,
  "running_total_steps": 148484,
  "running_total_packets": 2108327186,
  "running_total_dropped": 25008013,
  "running_total_time_sec": 677.3520549049999,
  "p_gb": 0.005,
  "p_bg": 0.3,
  "good_loss_rate": 0.0,
  "bad_loss_rate": 0.65
}