{
  "state": "good",
  "episode_index": 2618,
  "state_ordinal": 1309,
  "start_time_wall": 1756951704.1200922,
  "end_time_wall": 1756951704.13302,
  "wall_time_sec": 0.012927675999890198,
  "steps": 97,
  "packets": 1323537,
  "dropped": 0,
  "running_total_steps": 264022,
  "running_total_packets": 3748831870,
  "running_total_dropped": 42040915,
  "running_total_time_sec": 1226.5876465320007,
  "p_gb": 0.005,
  "p_bg": 0.3,
  "good_loss_rate": 0.0,
  "bad_loss_rate": 0.65
}