{
  "state": "good",
  "episode_index": 530,
  "state_ordinal": 265,
  "start_time_wall": 1756950702.3763528,
  "end_time_wall": 1756950702.3766456,
  "wall_time_sec": 0.0002928379999502795,
  "steps": 1,
  "packets": 6,
  "dropped": 0,
  "running_total_steps": 51252,
  "running_total_packets": 727748811,
  "running_total_dropped": 9315832,
  "running_total_time_sec": 224.83127235700067,
  "p_gb": 0.005,
  "p_bg": 0.3,
  "good_loss_rate": 0.0,
  "bad_loss_rate": 0.65
}