{
  "state": "good",
  "episode_index": 394,
  "state_ordinal": 197,
  "start_time_wall": 1756950634.354452,
  "end_time_wall": 1756950634.3627877,
  "wall_time_sec": 0.008335706999787362,
  "steps": 66,
  "packets": 1031342,
  "dropped": 0,
  "running_total_steps": 36629,
  "running_total_packets": 520212779,
  "running_total_dropped": 6989468,
  "running_total_time_sec": 156.81741427399993,
  "p_gb": 0.005,
  "p_bg": 0.3,
  "good_loss_rate": 0.0,
  "bad_loss_rate": 0.65
}