{
  "state": "good",
  "episode_index": 1864,
  "state_ordinal": 932,
  "start_time_wall": 1756951327.8739717,
  "end_time_wall": 1756951328.0737565,
  "wall_time_sec": 0.19978455300042697,
  "steps": 258,
  "packets": 3646591,
  "dropped": 0,
  "running_total_steps": 185118,
  "running_total_packets": 2628457533,
  "running_total_dropped": 30514123,
  "running_total_time_sec": 850.5283829140008,
  "p_gb": 0.005,
  "p_bg": 0.3,
  "good_loss_rate": 0.0,
  "bad_loss_rate": 0.65
}