{
  "state": "good",
  "episode_index": 2792,
  "state_ordinal": 1396,
  "start_time_wall": 1756951774.1401324,
  "end_time_wall": 1756951774.7075233,
  "wall_time_sec": 0.5673908589997154,
  "steps": 73,
  "packets": 1139829,
  "dropped": 0,
  "running_total_steps": 279244,
  "running_total_packets": 3965000532,
  "running_total_dropped": 44408731,
  "running_total_time_sec": 1297.162149922,
  "p_gb": 0.005,
  "p_bg": 0.3,
  "good_loss_rate": 0.0,
  "bad_loss_rate": 0.65
}