{
  "state": "good",
  "episode_index": 356,
  "state_ordinal": 178,
  "start_time_wall": 1756950587.9131072,
  "end_time_wall": 1756950588.5015683,
  "wall_time_sec": 0.5884610470002372,
  "steps": 113,
  "packets": 1682257,
  "dropped": 0,
  "running_total_steps": 31974,
  "running_total_packets": 454132952,
  "running_total_dropped": 5989065,
  "running_total_time_sec": 110.95619491100024,
  "p_gb": 0.005,
  "p_bg": 0.3,
  "good_loss_rate": 0.0,
  "bad_loss_rate": 0.65
}