{
  "state": "good",
  "episode_index": 266,
  "state_ordinal": 133,
  "start_time_wall": 1756950571.5585263,
  "end_time_wall": 1756950571.562215,
  "wall_time_sec": 0.003689021000354842,
  "steps": 24,
  "packets": 351491,
  "dropped": 0,
  "running_total_steps": 24411,
  "running_total_packets": 346719790,
  "running_total_dropped": 4766762,
  "running_total_time_sec": 94.01684185400063,
  "p_gb": 0.005,
  "p_bg": 0.3,
  "good_loss_rate": 0.0,
  "bad_loss_rate": 0.65
}