{
  "state": "good",
  "episode_index": 2612,
  "state_ordinal": 1306,
  "start_time_wall": 1756951703.0894861,
  "end_time_wall": 1756951703.099672,
  "wall_time_sec": 0.01018543700047303,
  "steps": 79,
  "packets": 1050155,
  "dropped": 0,
  "running_total_steps": 263650,
  "running_total_packets": 3743503016,
  "running_total_dropped": 41913083,
  "running_total_time_sec": 1225.5542985620004,
  "p_gb": 0.005,
  "p_bg": 0.3,
  "good_loss_rate": 0.0,
  "bad_loss_rate": 0.65
}