{
  "state": "good",
  "episode_index": 946,
  "state_ordinal": 473,
  "start_time_wall": 1756950886.7662857,
  "end_time_wall": 1756950886.76905,
  "wall_time_sec": 0.0027642850000120234,
  "steps": 13,
  "packets": 216968,
  "dropped": 0,
  "running_total_steps": 93582,
  "running_total_packets": 1328831753,
  "running_total_dropped": 16048943,
  "running_total_time_sec": 409.2236765010002,
  "p_gb": 0.005,
  "p_bg": 0.3,
  "good_loss_rate": 0.0,
  "bad_loss_rate": 0.65
}