{
  "state": "good",
  "episode_index": 1586,
  "state_ordinal": 793,
  "start_time_wall": 1756951169.5336714,
  "end_time_wall": 1756951170.5234058,
  "wall_time_sec": 0.9897343689999616,
  "steps": 736,
  "packets": 10384314,
  "dropped": 0,
  "running_total_steps": 155324,
  "running_total_packets": 2205470286,
  "running_total_dropped": 26303035,
  "running_total_time_sec": 692.9780324310004,
  "p_gb": 0.005,
  "p_bg": 0.3,
  "good_loss_rate": 0.0,
  "bad_loss_rate": 0.65
}