{
  "state": "good",
  "episode_index": 2258,
  "state_ordinal": 1129,
  "start_time_wall": 1756951531.9748852,
  "end_time_wall": 1756951531.9814172,
  "wall_time_sec": 0.0065319280001858715,
  "steps": 61,
  "packets": 786897,
  "dropped": 0,
  "running_total_steps": 227618,
  "running_total_packets": 3231934414,
  "running_total_dropped": 36870116,
  "running_total_time_sec": 1054.4360435880008,
  "p_gb": 0.005,
  "p_bg": 0.3,
  "good_loss_rate": 0.0,
  "bad_loss_rate": 0.65
}