{
  "state": "good",
  "episode_index": 744,
  "state_ordinal": 372,
  "start_time_wall": 1756950790.5324233,
  "end_time_wall": 1756950791.1249447,
  "wall_time_sec": 0.5925214840008266,
  "steps": 187,
  "packets": 2706370,
  "dropped": 0,
  "running_total_steps": 74598,
  "running_total_packets": 1059348505,
  "running_total_dropped": 12614820,
  "running_total_time_sec": 313.5795712020008,
  "p_gb": 0.005,
  "p_bg": 0.3,
  "good_loss_rate": 0.0,
  "bad_loss_rate": 0.65
}