{
  "state": "good",
  "episode_index": 676,
  "state_ordinal": 338,
  "start_time_wall": 1756950775.3305793,
  "end_time_wall": 1756950775.34453,
  "wall_time_sec": 0.013951042999906349,
  "steps": 136,
  "packets": 1854394,
  "dropped": 0,
  "running_total_steps": 67713,
  "running_total_packets": 961463351,
  "running_total_dropped": 11267861,
  "running_total_time_sec": 297.7991567850004,
  "p_gb": 0.005,
  "p_bg": 0.3,
  "good_loss_rate": 0.0,
  "bad_loss_rate": 0.65
}