{
  "state": "good",
  "episode_index": 2920,
  "state_ordinal": 1460,
  "start_time_wall": 1756951836.1674147,
  "end_time_wall": 1756951837.7017696,
  "wall_time_sec": 1.5343545030000314,
  "steps": 687,
  "packets": 9836103,
  "dropped": 1,
  "running_total_steps": 291729,
  "running_total_packets": 4142244251,
  "running_total_dropped": 46412481,
  "running_total_time_sec": 1360.1563960530002,
  "p_gb": 0.005,
  "p_bg": 0.3,
  "good_loss_rate": 0.0,
  "bad_loss_rate": 0.65
}