{
  "state": "good",
  "episode_index": 1238,
  "state_ordinal": 619,
  "start_time_wall": 1756951022.8461618,
  "end_time_wall": 1756951022.8756773,
  "wall_time_sec": 0.029515098999581824,
  "steps": 230,
  "packets": 3218444,
  "dropped": 0,
  "running_total_steps": 121861,
  "running_total_packets": 1730383521,
  "running_total_dropped": 20833463,
  "running_total_time_sec": 545.3303039980001,
  "p_gb": 0.005,
  "p_bg": 0.3,
  "good_loss_rate": 0.0,
  "bad_loss_rate": 0.65
}