{
  "state": "good",
  "episode_index": 2660,
  "state_ordinal": 1330,
  "start_time_wall": 1756951710.273083,
  "end_time_wall": 1756951710.2739184,
  "wall_time_sec": 0.0008354310002687271,
  "steps": 5,
  "packets": 14477,
  "dropped": 0,
  "running_total_steps": 266893,
  "running_total_packets": 3789530203,
  "running_total_dropped": 42322685,
  "running_total_time_sec": 1232.7285450650006,
  "p_gb": 0.005,
  "p_bg": 0.3,
  "good_loss_rate": 0.0,
  "bad_loss_rate": 0.65
}