{
  "state": "good",
  "episode_index": 1852,
  "state_ordinal": 926,
  "start_time_wall": 1756951325.9949408,
  "end_time_wall": 1756951326.1936462,
  "wall_time_sec": 0.19870524399993883,
  "steps": 183,
  "packets": 2610907,
  "dropped": 1,
  "running_total_steps": 184159,
  "running_total_packets": 2614944455,
  "running_total_dropped": 30256632,
  "running_total_time_sec": 848.6482726250006,
  "p_gb": 0.005,
  "p_bg": 0.3,
  "good_loss_rate": 0.0,
  "bad_loss_rate": 0.65
}