{
  "state": "good",
  "episode_index": 572,
  "state_ordinal": 286,
  "start_time_wall": 1756950711.3684564,
  "end_time_wall": 1756950711.9610138,
  "wall_time_sec": 0.5925571529996887,
  "steps": 66,
  "packets": 1031342,
  "dropped": 0,
  "running_total_steps": 55296,
  "running_total_packets": 785263992,
  "running_total_dropped": 9829169,
  "running_total_time_sec": 234.41564028500034,
  "p_gb": 0.005,
  "p_bg": 0.3,
  "good_loss_rate": 0.0,
  "bad_loss_rate": 0.65
}