{
  "state": "good",
  "episode_index": 1112,
  "state_ordinal": 556,
  "start_time_wall": 1756950955.2634022,
  "end_time_wall": 1756950955.8537989,
  "wall_time_sec": 0.5903966269997909,
  "steps": 244,
  "packets": 3397804,
  "dropped": 0,
  "running_total_steps": 108132,
  "running_total_packets": 1535343678,
  "running_total_dropped": 18597238,
  "running_total_time_sec": 478.308425573,
  "p_gb": 0.005,
  "p_bg": 0.3,
  "good_loss_rate": 0.0,
  "bad_loss_rate": 0.65
}