{
  "state": "good",
  "episode_index": 2736,
  "state_ordinal": 1368,
  "start_time_wall": 1756951762.0891824,
  "end_time_wall": 1756951762.095045,
  "wall_time_sec": 0.005862670000169601,
  "steps": 54,
  "packets": 729030,
  "dropped": 0,
  "running_total_steps": 273938,
  "running_total_packets": 3889550374,
  "running_total_dropped": 43364444,
  "running_total_time_sec": 1284.5496716960006,
  "p_gb": 0.005,
  "p_bg": 0.3,
  "good_loss_rate": 0.0,
  "bad_loss_rate": 0.65
}