{
  "state": "good",
  "episode_index": 1702,
  "state_ordinal": 851,
  "start_time_wall": 1756951255.0263376,
  "end_time_wall": 1756951256.5591798,
  "wall_time_sec": 1.5328420099995128,
  "steps": 766,
  "packets": 10866010,
  "dropped": 1,
  "running_total_steps": 168645,
  "running_total_packets": 2394675007,
  "running_total_dropped": 27899167,
  "running_total_time_sec": 779.0138062870001,
  "p_gb": 0.005,
  "p_bg": 0.3,
  "good_loss_rate": 0.0,
  "bad_loss_rate": 0.65
}