{
  "state": "good",
  "episode_index": 278,
  "state_ordinal": 139,
  "start_time_wall": 1756950574.2190726,
  "end_time_wall": 1756950574.9981048,
  "wall_time_sec": 0.7790319150008145,
  "steps": 386,
  "packets": 5496649,
  "dropped": 0,
  "running_total_steps": 26073,
  "running_total_packets": 370280156,
  "running_total_dropped": 4932169,
  "running_total_time_sec": 97.45273130000078,
  "p_gb": 0.005,
  "p_bg": 0.3,
  "good_loss_rate": 0.0,
  "bad_loss_rate": 0.65
}