{
  "state": "good",
  "episode_index": 1210,
  "state_ordinal": 605,
  "start_time_wall": 1756951015.4837632,
  "end_time_wall": 1756951016.1430595,
  "wall_time_sec": 0.6592956919994322,
  "steps": 556,
  "packets": 7805238,
  "dropped": 0,
  "running_total_steps": 118979,
  "running_total_packets": 1689397329,
  "running_total_dropped": 20262856,
  "running_total_time_sec": 538.5976859550001,
  "p_gb": 0.005,
  "p_bg": 0.3,
  "good_loss_rate": 0.0,
  "bad_loss_rate": 0.65
}