{
  "state": "good",
  "episode_index": 2624,
  "state_ordinal": 1312,
  "start_time_wall": 1756951704.1581755,
  "end_time_wall": 1756951704.779055,
  "wall_time_sec": 0.6208795960001225,
  "steps": 347,
  "packets": 4841387,
  "dropped": 0,
  "running_total_steps": 264483,
  "running_total_packets": 3755326589,
  "running_total_dropped": 42058800,
  "running_total_time_sec": 1227.2336817120004,
  "p_gb": 0.005,
  "p_bg": 0.3,
  "good_loss_rate": 0.0,
  "bad_loss_rate": 0.65
}