{
  "state": "good",
  "episode_index": 3028,
  "state_ordinal": 1514,
  "start_time_wall": 1756951856.3074806,
  "end_time_wall": 1756951857.0529912,
  "wall_time_sec": 0.745510767000269,
  "steps": 231,
  "packets": 3263269,
  "dropped": 1,
  "running_total_steps": 300234,
  "running_total_packets": 4262959300,
  "running_total_dropped": 48346323,
  "running_total_time_sec": 1379.5076178480003,
  "p_gb": 0.005,
  "p_bg": 0.3,
  "good_loss_rate": 0.0,
  "bad_loss_rate": 0.65
}