{
  "state": "good",
  "episode_index": 1452,
  "state_ordinal": 726,
  "start_time_wall": 1756951103.8951125,
  "end_time_wall": 1756951105.465373,
  "wall_time_sec": 1.5702603449999515,
  "steps": 941,
  "packets": 13301881,
  "dropped": 0,
  "running_total_steps": 142687,
  "running_total_packets": 2026006211,
  "running_total_dropped": 24032997,
  "running_total_time_sec": 627.9199995320005,
  "p_gb": 0.005,
  "p_bg": 0.3,
  "good_loss_rate": 0.0,
  "bad_loss_rate": 0.65
}