{
  "state": "good",
  "episode_index": 2264,
  "state_ordinal": 1132,
  "start_time_wall": 1756951534.5102618,
  "end_time_wall": 1756951534.522257,
  "wall_time_sec": 0.011995166999440698,
  "steps": 91,
  "packets": 1246869,
  "dropped": 0,
  "running_total_steps": 228707,
  "running_total_packets": 3247393001,
  "running_total_dropped": 36982922,
  "running_total_time_sec": 1056.9768836510002,
  "p_gb": 0.005,
  "p_bg": 0.3,
  "good_loss_rate": 0.0,
  "bad_loss_rate": 0.65
}