{
  "state": "good",
  "episode_index": 2126,
  "state_ordinal": 1063,
  "start_time_wall": 1756951464.8187478,
  "end_time_wall": 1756951464.8193302,
  "wall_time_sec": 0.0005824249992656405,
  "steps": 3,
  "packets": 31831,
  "dropped": 0,
  "running_total_steps": 213991,
  "running_total_packets": 3038449547,
  "running_total_dropped": 34466520,
  "running_total_time_sec": 987.2739567389999,
  "p_gb": 0.005,
  "p_bg": 0.3,
  "good_loss_rate": 0.0,
  "bad_loss_rate": 0.65
}