{
  "state": "good",
  "episode_index": 2474,
  "state_ordinal": 1237,
  "start_time_wall": 1756951638.7618515,
  "end_time_wall": 1756951638.7632868,
  "wall_time_sec": 0.0014349969997056178,
  "steps": 10,
  "packets": 121511,
  "dropped": 0,
  "running_total_steps": 251377,
  "running_total_packets": 3569278109,
  "running_total_dropped": 40076978,
  "running_total_time_sec": 1161.2179132350002,
  "p_gb": 0.005,
  "p_bg": 0.3,
  "good_loss_rate": 0.0,
  "bad_loss_rate": 0.65
}