{
  "state": "good",
  "episode_index": 2224,
  "state_ordinal": 1112,
  "start_time_wall": 1756951487.3854084,
  "end_time_wall": 1756951487.396244,
  "wall_time_sec": 0.010835553000106302,
  "steps": 84,
  "packets": 1274352,
  "dropped": 0,
  "running_total_steps": 223968,
  "running_total_packets": 3180173351,
  "running_total_dropped": 36247624,
  "running_total_time_sec": 1009.8508705480008,
  "p_gb": 0.005,
  "p_bg": 0.3,
  "good_loss_rate": 0.0,
  "bad_loss_rate": 0.65
}