{
  "state": "good",
  "episode_index": 1374,
  "state_ordinal": 687,
  "start_time_wall": 1756951085.92327,
  "end_time_wall": 1756951086.5284748,
  "wall_time_sec": 0.6052052609993552,
  "steps": 264,
  "packets": 3840422,
  "dropped": 1,
  "running_total_steps": 134088,
  "running_total_packets": 1903999456,
  "running_total_dropped": 22623917,
  "running_total_time_sec": 608.9831016580001,
  "p_gb": 0.005,
  "p_bg": 0.3,
  "good_loss_rate": 0.0,
  "bad_loss_rate": 0.65
}