{
  "state": "good",
  "episode_index": 352,
  "state_ordinal": 176,
  "start_time_wall": 1756950587.1103537,
  "end_time_wall": 1756950587.1146424,
  "wall_time_sec": 0.004288285999791697,
  "steps": 36,
  "packets": 486020,
  "dropped": 0,
  "running_total_steps": 31480,
  "running_total_packets": 447061080,
  "running_total_dropped": 5909199,
  "running_total_time_sec": 109.56926899900009,
  "p_gb": 0.005,
  "p_bg": 0.3,
  "good_loss_rate": 0.0,
  "bad_loss_rate": 0.65
}