{
  "state": "good",
  "episode_index": 1750,
  "state_ordinal": 875,
  "start_time_wall": 1756951266.756948,
  "end_time_wall": 1756951268.29441,
  "wall_time_sec": 1.5374618779997036,
  "steps": 850,
  "packets": 12023199,
  "dropped": 1,
  "running_total_steps": 174147,
  "running_total_packets": 2472766450,
  "running_total_dropped": 28716005,
  "running_total_time_sec": 790.7490363690004,
  "p_gb": 0.005,
  "p_bg": 0.3,
  "good_loss_rate": 0.0,
  "bad_loss_rate": 0.65
}