{
  "state": "good",
  "episode_index": 1450,
  "state_ordinal": 725,
  "start_time_wall": 1756951103.1536856,
  "end_time_wall": 1756951103.7195692,
  "wall_time_sec": 0.5658836889997474,
  "steps": 73,
  "packets": 1139829,
  "dropped": 0,
  "running_total_steps": 141744,
  "running_total_packets": 2012691312,
  "running_total_dropped": 24024492,
  "running_total_time_sec": 626.1741958120001,
  "p_gb": 0.005,
  "p_bg": 0.3,
  "good_loss_rate": 0.0,
  "bad_loss_rate": 0.65
}