{
  "state": "good",
  "episode_index": 390,
  "state_ordinal": 195,
  "start_time_wall": 1756950632.55026,
  "end_time_wall": 1756950633.5431612,
  "wall_time_sec": 0.9929011329995774,
  "steps": 663,
  "packets": 9399262,
  "dropped": 2,
  "running_total_steps": 36261,
  "running_total_packets": 514979388,
  "running_total_dropped": 6865530,
  "running_total_time_sec": 155.997787581,
  "p_gb": 0.005,
  "p_bg": 0.3,
  "good_loss_rate": 0.0,
  "bad_loss_rate": 0.65
}