{
  "state": "good",
  "episode_index": 248,
  "state_ordinal": 124,
  "start_time_wall": 1756950564.4491804,
  "end_time_wall": 1756950565.4269202,
  "wall_time_sec": 0.9777392979995057,
  "steps": 524,
  "packets": 7468218,
  "dropped": 1,
  "running_total_steps": 21718,
  "running_total_packets": 308525330,
  "running_total_dropped": 4599202,
  "running_total_time_sec": 87.88154664000012,
  "p_gb": 0.005,
  "p_bg": 0.3,
  "good_loss_rate": 0.0,
  "bad_loss_rate": 0.65
}