{
  "state": "good",
  "episode_index": 1522,
  "state_ordinal": 761,
  "start_time_wall": 1756951157.5453496,
  "end_time_wall": 1756951157.739604,
  "wall_time_sec": 0.19425411399970471,
  "steps": 240,
  "packets": 3371768,
  "dropped": 0,
  "running_total_steps": 149707,
  "running_total_packets": 2125682127,
  "running_total_dropped": 25229935,
  "running_total_time_sec": 680.1942304490003,
  "p_gb": 0.005,
  "p_bg": 0.3,
  "good_loss_rate": 0.0,
  "bad_loss_rate": 0.65
}