{
  "state": "good",
  "episode_index": 868,
  "state_ordinal": 434,
  "start_time_wall": 1756950868.8934813,
  "end_time_wall": 1756950868.9021857,
  "wall_time_sec": 0.008704452999154455,
  "steps": 80,
  "packets": 1081974,
  "dropped": 0,
  "running_total_steps": 85789,
  "running_total_packets": 1218136521,
  "running_total_dropped": 14789229,
  "running_total_time_sec": 391.35681221899995,
  "p_gb": 0.005,
  "p_bg": 0.3,
  "good_loss_rate": 0.0,
  "bad_loss_rate": 0.65
}