{
  "state": "good",
  "episode_index": 2658,
  "state_ordinal": 1329,
  "start_time_wall": 1756951709.4446158,
  "end_time_wall": 1756951710.2316854,
  "wall_time_sec": 0.7870693559998472,
  "steps": 246,
  "packets": 3461442,
  "dropped": 2,
  "running_total_steps": 266884,
  "running_total_packets": 3789408698,
  "running_total_dropped": 42253312,
  "running_total_time_sec": 1232.6863119280006,
  "p_gb": 0.005,
  "p_bg": 0.3,
  "good_loss_rate": 0.0,
  "bad_loss_rate": 0.65
}