{
  "state": "good",
  "episode_index": 782,
  "state_ordinal": 391,
  "start_time_wall": 1756950799.4514108,
  "end_time_wall": 1756950799.4595075,
  "wall_time_sec": 0.008096514000499155,
  "steps": 64,
  "packets": 1019765,
  "dropped": 0,
  "running_total_steps": 78435,
  "running_total_packets": 1113815938,
  "running_total_dropped": 13190369,
  "running_total_time_sec": 321.9141338900008,
  "p_gb": 0.005,
  "p_bg": 0.3,
  "good_loss_rate": 0.0,
  "bad_loss_rate": 0.65
}