{
  "state": "good",
  "episode_index": 1730,
  "state_ordinal": 865,
  "start_time_wall": 1756951263.1123767,
  "end_time_wall": 1756951264.0600865,
  "wall_time_sec": 0.947709254000074,
  "steps": 496,
  "packets": 6935914,
  "dropped": 0,
  "running_total_steps": 172176,
  "running_total_packets": 2444726324,
  "running_total_dropped": 28400958,
  "running_total_time_sec": 786.5147130920004,
  "p_gb": 0.005,
  "p_bg": 0.3,
  "good_loss_rate": 0.0,
  "bad_loss_rate": 0.65
}