{
  "state": "good",
  "episode_index": 644,
  "state_ordinal": 322,
  "start_time_wall": 1756950730.2210598,
  "end_time_wall": 1756950730.2272377,
  "wall_time_sec": 0.0061772159997417475,
  "steps": 44,
  "packets": 607519,
  "dropped": 0,
  "running_total_steps": 63360,
  "running_total_packets": 899772163,
  "running_total_dropped": 10884636,
  "running_total_time_sec": 252.6818640800002,
  "p_gb": 0.005,
  "p_bg": 0.3,
  "good_loss_rate": 0.0,
  "bad_loss_rate": 0.65
}