{
  "state": "good",
  "episode_index": 180,
  "state_ordinal": 90,
  "start_time_wall": 1756950514.8917294,
  "end_time_wall": 1756950515.672035,
  "wall_time_sec": 0.780305700000099,
  "steps": 510,
  "packets": 7165894,
  "dropped": 0,
  "running_total_steps": 15651,
  "running_total_packets": 222254011,
  "running_total_dropped": 3329993,
  "running_total_time_sec": 38.12666161500056,
  "p_gb": 0.005,
  "p_bg": 0.3,
  "good_loss_rate": 0.0,
  "bad_loss_rate": 0.65
}