{
  "state": "good",
  "episode_index": 892,
  "state_ordinal": 446,
  "start_time_wall": 1756950874.9950001,
  "end_time_wall": 1756950875.000608,
  "wall_time_sec": 0.0056079070000123465,
  "steps": 42,
  "packets": 543881,
  "dropped": 0,
  "running_total_steps": 88371,
  "running_total_packets": 1254809277,
  "running_total_dropped": 15196517,
  "running_total_time_sec": 397.4552346160008,
  "p_gb": 0.005,
  "p_bg": 0.3,
  "good_loss_rate": 0.0,
  "bad_loss_rate": 0.65
}