{
  "state": "good",
  "episode_index": 1488,
  "state_ordinal": 744,
  "start_time_wall": 1756951150.5610929,
  "end_time_wall": 1756951150.5630465,
  "wall_time_sec": 0.0019533200002115336,
  "steps": 13,
  "packets": 185155,
  "dropped": 0,
  "running_total_steps": 146491,
  "running_total_packets": 2080019455,
  "running_total_dropped": 24910281,
  "running_total_time_sec": 673.0176729490004,
  "p_gb": 0.005,
  "p_bg": 0.3,
  "good_loss_rate": 0.0,
  "bad_loss_rate": 0.65
}