{
  "state": "good",
  "episode_index": 1412,
  "state_ordinal": 706,
  "start_time_wall": 1756951095.8458505,
  "end_time_wall": 1756951096.4103134,
  "wall_time_sec": 0.5644627609999588,
  "steps": 138,
  "packets": 2003382,
  "dropped": 1,
  "running_total_steps": 138559,
  "running_total_packets": 1967469811,
  "running_total_dropped": 23291107,
  "running_total_time_sec": 618.8649400230006,
  "p_gb": 0.005,
  "p_bg": 0.3,
  "good_loss_rate": 0.0,
  "bad_loss_rate": 0.65
}