{
  "state": "good",
  "episode_index": 2238,
  "state_ordinal": 1119,
  "start_time_wall": 1756951527.4086826,
  "end_time_wall": 1756951527.4199214,
  "wall_time_sec": 0.011238709000281233,
  "steps": 90,
  "packets": 1382833,
  "dropped": 0,
  "running_total_steps": 225603,
  "running_total_packets": 3203369202,
  "running_total_dropped": 36535082,
  "running_total_time_sec": 1049.8745479400004,
  "p_gb": 0.005,
  "p_bg": 0.3,
  "good_loss_rate": 0.0,
  "bad_loss_rate": 0.65
}