{
  "state": "good",
  "episode_index": 2196,
  "state_ordinal": 1098,
  "start_time_wall": 1756951480.24076,
  "end_time_wall": 1756951480.8353302,
  "wall_time_sec": 0.594570181000563,
  "steps": 67,
  "packets": 1063161,
  "dropped": 0,
  "running_total_steps": 220905,
  "running_total_packets": 3136693427,
  "running_total_dropped": 35851250,
  "running_total_time_sec": 1003.2899568460007,
  "p_gb": 0.005,
  "p_bg": 0.3,
  "good_loss_rate": 0.0,
  "bad_loss_rate": 0.65
}