{
  "state": "good",
  "episode_index": 1430,
  "state_ordinal": 715,
  "start_time_wall": 1756951098.533664,
  "end_time_wall": 1756951099.135891,
  "wall_time_sec": 0.6022271260007983,
  "steps": 231,
  "packets": 3282076,
  "dropped": 0,
  "running_total_steps": 139803,
  "running_total_packets": 1985111158,
  "running_total_dropped": 23647558,
  "running_total_time_sec": 621.5905176190008,
  "p_gb": 0.005,
  "p_bg": 0.3,
  "good_loss_rate": 0.0,
  "bad_loss_rate": 0.65
}