{
  "state": "good",
  "episode_index": 1038,
  "state_ordinal": 519,
  "start_time_wall": 1756950942.4981074,
  "end_time_wall": 1756950943.0875273,
  "wall_time_sec": 0.5894196120007109,
  "steps": 314,
  "packets": 4407446,
  "dropped": 0,
  "running_total_steps": 102445,
  "running_total_packets": 1454647117,
  "running_total_dropped": 17481128,
  "running_total_time_sec": 465.5421536500007,
  "p_gb": 0.005,
  "p_bg": 0.3,
  "good_loss_rate": 0.0,
  "bad_loss_rate": 0.65
}