{
  "state": "good",
  "episode_index": 536,
  "state_ordinal": 268,
  "start_time_wall": 1756950703.3582215,
  "end_time_wall": 1756950703.3630645,
  "wall_time_sec": 0.004842864999773155,
  "steps": 46,
  "packets": 608972,
  "dropped": 0,
  "running_total_steps": 51505,
  "running_total_packets": 731405531,
  "running_total_dropped": 9365413,
  "running_total_time_sec": 225.8176910990005,
  "p_gb": 0.005,
  "p_bg": 0.3,
  "good_loss_rate": 0.0,
  "bad_loss_rate": 0.65
}