{
  "state": "good",
  "episode_index": 1668,
  "state_ordinal": 834,
  "start_time_wall": 1756951248.1763463,
  "end_time_wall": 1756951248.7595344,
  "wall_time_sec": 0.5831873789993551,
  "steps": 198,
  "packets": 2758460,
  "dropped": 1,
  "running_total_steps": 165071,
  "running_total_packets": 2343880207,
  "running_total_dropped": 27528165,
  "running_total_time_sec": 771.2141608860002,
  "p_gb": 0.005,
  "p_bg": 0.3,
  "good_loss_rate": 0.0,
  "bad_loss_rate": 0.65
}