{
  "state": "good",
  "episode_index": 110,
  "state_ordinal": 55,
  "start_time_wall": 1756950501.6505005,
  "end_time_wall": 1756950502.227937,
  "wall_time_sec": 0.5774363270002141,
  "steps": 166,
  "packets": 2399716,
  "dropped": 1,
  "running_total_steps": 9507,
  "running_total_packets": 135101773,
  "running_total_dropped": 2183300,
  "running_total_time_sec": 24.682563526000195,
  "p_gb": 0.005,
  "p_bg": 0.3,
  "good_loss_rate": 0.0,
  "bad_loss_rate": 0.65
}