{
  "state": "good",
  "episode_index": 1704,
  "state_ordinal": 852,
  "start_time_wall": 1756951256.7349145,
  "end_time_wall": 1756951256.9290516,
  "wall_time_sec": 0.19413702600013494,
  "steps": 203,
  "packets": 2885742,
  "dropped": 0,
  "running_total_steps": 168849,
  "running_total_packets": 2397592568,
  "running_total_dropped": 27919817,
  "running_total_time_sec": 779.3836781970003,
  "p_gb": 0.005,
  "p_bg": 0.3,
  "good_loss_rate": 0.0,
  "bad_loss_rate": 0.65
}