{
  "state": "good",
  "episode_index": 344,
  "state_ordinal": 172,
  "start_time_wall": 1756950586.0717678,
  "end_time_wall": 1756950586.0838323,
  "wall_time_sec": 0.01206366699989303,
  "steps": 110,
  "packets": 1521698,
  "dropped": 0,
  "running_total_steps": 31106,
  "running_total_packets": 441749580,
  "running_total_dropped": 5807839,
  "running_total_time_sec": 108.53845879200071,
  "p_gb": 0.005,
  "p_bg": 0.3,
  "good_loss_rate": 0.0,
  "bad_loss_rate": 0.65
}