{
  "state": "good",
  "episode_index": 1160,
  "state_ordinal": 580,
  "start_time_wall": 1756951001.957247,
  "end_time_wall": 1756951002.532563,
  "wall_time_sec": 0.5753159720006806,
  "steps": 173,
  "packets": 2457583,
  "dropped": 0,
  "running_total_steps": 112793,
  "running_total_packets": 1601618777,
  "running_total_dropped": 19246267,
  "running_total_time_sec": 524.9871896150007,
  "p_gb": 0.005,
  "p_bg": 0.3,
  "good_loss_rate": 0.0,
  "bad_loss_rate": 0.65
}