{
  "state": "bad",
  "episode_index": 873,
  "state_ordinal": 436,
  "start_time_wall": 1756971907.931219,
  "end_time_wall": 1756971908.0966413,
  "wall_time_sec": 0.16542229900005623,
  "steps": 1,
  "packets": 31819,
  "dropped": 31819,
  "running_total_steps": 455059,
  "running_total_packets": 6461236239,
  "running_total_dropped": 6508070,
  "running_total_time_sec": 1084.9291454310005,
  "p_gb": 0.00098,
  "p_bg": 0.98,
  "good_loss_rate": 0.0,
  "bad_loss_rate": 1.0
}