{
  "state": "bad",
  "episode_index": 973,
  "state_ordinal": 486,
  "start_time_wall": 1756972066.6522303,
  "end_time_wall": 1756972066.8177583,
  "wall_time_sec": 0.16552819500066107,
  "steps": 1,
  "packets": 11571,
  "dropped": 11571,
  "running_total_steps": 518105,
  "running_total_packets": 7356437539,
  "running_total_dropped": 7227013,
  "running_total_time_sec": 1243.650262231,
  "p_gb": 0.00098,
  "p_bg": 0.98,
  "good_loss_rate": 0.0,
  "bad_loss_rate": 1.0
}