{
  "state": "bad",
  "episode_index": 751,
  "state_ordinal": 375,
  "start_time_wall": 1756971743.9101021,
  "end_time_wall": 1756971744.0823839,
  "wall_time_sec": 0.17228195999996387,
  "steps": 1,
  "packets": 31819,
  "dropped": 31819,
  "running_total_steps": 395518,
  "running_total_packets": 5615869282,
  "running_total_dropped": 5627145,
  "running_total_time_sec": 920.9148879490021,
  "p_gb": 0.00098,
  "p_bg": 0.98,
  "good_loss_rate": 0.0,
  "bad_loss_rate": 1.0
}