{
  "state": "bad",
  "episode_index": 601,
  "state_ordinal": 300,
  "start_time_wall": 1756971609.8842967,
  "end_time_wall": 1756971610.028793,
  "wall_time_sec": 0.14449656800206867,
  "steps": 1,
  "packets": 1447,
  "dropped": 1447,
  "running_total_steps": 326436,
  "running_total_packets": 4635076520,
  "running_total_dropped": 4537893,
  "running_total_time_sec": 786.8612970940012,
  "p_gb": 0.00098,
  "p_bg": 0.98,
  "good_loss_rate": 0.0,
  "bad_loss_rate": 1.0
}