{
  "state": "bad",
  "episode_index": 731,
  "state_ordinal": 365,
  "start_time_wall": 1756971726.7063534,
  "end_time_wall": 1756971726.8738713,
  "wall_time_sec": 0.16751810400091927,
  "steps": 1,
  "packets": 11571,
  "dropped": 11571,
  "running_total_steps": 386564,
  "running_total_packets": 5488775236,
  "running_total_dropped": 5361014,
  "running_total_time_sec": 903.7063753490002,
  "p_gb": 0.00098,
  "p_bg": 0.98,
  "good_loss_rate": 0.0,
  "bad_loss_rate": 1.0
}