{
  "state": "bad",
  "episode_index": 253,
  "state_ordinal": 126,
  "start_time_wall": 1756971116.9889083,
  "end_time_wall": 1756971117.1466877,
  "wall_time_sec": 0.15777948999675573,
  "steps": 1,
  "packets": 1447,
  "dropped": 1447,
  "running_total_steps": 130204,
  "running_total_packets": 1848745138,
  "running_total_dropped": 1741673,
  "running_total_time_sec": 293.97919179499877,
  "p_gb": 0.00098,
  "p_bg": 0.98,
  "good_loss_rate": 0.0,
  "bad_loss_rate": 1.0
}