{
  "state": "bad",
  "episode_index": 905,
  "state_ordinal": 452,
  "start_time_wall": 1756971942.9567685,
  "end_time_wall": 1756971943.110023,
  "wall_time_sec": 0.1532544820001931,
  "steps": 1,
  "packets": 31819,
  "dropped": 31819,
  "running_total_steps": 473268,
  "running_total_packets": 6719817322,
  "running_total_dropped": 6758330,
  "running_total_time_sec": 1119.942526832001,
  "p_gb": 0.00098,
  "p_bg": 0.98,
  "good_loss_rate": 0.0,
  "bad_loss_rate": 1.0
}