{
  "state": "bad",
  "episode_index": 427,
  "state_ordinal": 213,
  "start_time_wall": 1756971329.250064,
  "end_time_wall": 1756971329.424098,
  "wall_time_sec": 0.17403447800097638,
  "steps": 1,
  "packets": 31819,
  "dropped": 31819,
  "running_total_steps": 220675,
  "running_total_packets": 3133326007,
  "running_total_dropped": 3396506,
  "running_total_time_sec": 506.2566023040017,
  "p_gb": 0.00098,
  "p_bg": 0.98,
  "good_loss_rate": 0.0,
  "bad_loss_rate": 1.0
}