{
  "state": "bad",
  "episode_index": 463,
  "state_ordinal": 231,
  "start_time_wall": 1756971414.4092534,
  "end_time_wall": 1756971414.429437,
  "wall_time_sec": 0.02018363800016232,
  "steps": 1,
  "packets": 31819,
  "dropped": 31819,
  "running_total_steps": 245600,
  "running_total_packets": 3487243534,
  "running_total_dropped": 3610612,
  "running_total_time_sec": 591.2619409850013,
  "p_gb": 0.00098,
  "p_bg": 0.98,
  "good_loss_rate": 0.0,
  "bad_loss_rate": 1.0
}