{
  "state": "bad",
  "episode_index": 1021,
  "state_ordinal": 510,
  "start_time_wall": 1756972122.6565895,
  "end_time_wall": 1756972122.8388786,
  "wall_time_sec": 0.18228943899885053,
  "steps": 1,
  "packets": 31819,
  "dropped": 31819,
  "running_total_steps": 546152,
  "running_total_packets": 7754759286,
  "running_total_dropped": 7485975,
  "running_total_time_sec": 1299.6713830139997,
  "p_gb": 0.00098,
  "p_bg": 0.98,
  "good_loss_rate": 0.0,
  "bad_loss_rate": 1.0
}