{
  "state": "bad",
  "episode_index": 775,
  "state_ordinal": 387,
  "start_time_wall": 1756971818.6866674,
  "end_time_wall": 1756971818.8433557,
  "wall_time_sec": 0.15668826700130012,
  "steps": 1,
  "packets": 1447,
  "dropped": 1447,
  "running_total_steps": 409941,
  "running_total_packets": 5820667125,
  "running_total_dropped": 5774690,
  "running_total_time_sec": 995.6758597730004,
  "p_gb": 0.00098,
  "p_bg": 0.98,
  "good_loss_rate": 0.0,
  "bad_loss_rate": 1.0
}