{
  "state": "bad",
  "episode_index": 241,
  "state_ordinal": 120,
  "start_time_wall": 1756971104.2117512,
  "end_time_wall": 1756971104.2307038,
  "wall_time_sec": 0.01895299299940234,
  "steps": 1,
  "packets": 31819,
  "dropped": 31819,
  "running_total_steps": 123958,
  "running_total_packets": 1760105910,
  "running_total_dropped": 1704048,
  "running_total_time_sec": 281.06320795899956,
  "p_gb": 0.00098,
  "p_bg": 0.98,
  "good_loss_rate": 0.0,
  "bad_loss_rate": 1.0
}