{
  "state": "bad",
  "episode_index": 739,
  "state_ordinal": 369,
  "start_time_wall": 1756971733.8063145,
  "end_time_wall": 1756971733.989354,
  "wall_time_sec": 0.18303973699948983,
  "steps": 1,
  "packets": 31819,
  "dropped": 31819,
  "running_total_steps": 390219,
  "running_total_packets": 5540663581,
  "running_total_dropped": 5488292,
  "running_total_time_sec": 910.8218581049987,
  "p_gb": 0.00098,
  "p_bg": 0.98,
  "good_loss_rate": 0.0,
  "bad_loss_rate": 1.0
}