{
  "state": "bad",
  "episode_index": 639,
  "state_ordinal": 319,
  "start_time_wall": 1756971654.1185539,
  "end_time_wall": 1756971654.2429435,
  "wall_time_sec": 0.12438981199738919,
  "steps": 1,
  "packets": 6,
  "dropped": 6,
  "running_total_steps": 349538,
  "running_total_packets": 4962961651,
  "running_total_dropped": 4752010,
  "running_total_time_sec": 831.0754474919995,
  "p_gb": 0.00098,
  "p_bg": 0.98,
  "good_loss_rate": 0.0,
  "bad_loss_rate": 1.0
}