{
  "state": "bad",
  "episode_index": 379,
  "state_ordinal": 189,
  "start_time_wall": 1756971269.5008085,
  "end_time_wall": 1756971269.5012648,
  "wall_time_sec": 0.00045658100134460256,
  "steps": 1,
  "packets": 6,
  "dropped": 6,
  "running_total_steps": 190509,
  "running_total_packets": 2705027272,
  "running_total_dropped": 2962559,
  "running_total_time_sec": 446.3337689510008,
  "p_gb": 0.00098,
  "p_bg": 0.98,
  "good_loss_rate": 0.0,
  "bad_loss_rate": 1.0
}