{
  "state": "bad",
  "episode_index": 1317,
  "state_ordinal": 658,
  "start_time_wall": 1756972493.564887,
  "end_time_wall": 1756972493.7362955,
  "wall_time_sec": 0.17140859900246141,
  "steps": 1,
  "packets": 11571,
  "dropped": 11571,
  "running_total_steps": 700121,
  "running_total_packets": 9940871291,
  "running_total_dropped": 9483754,
  "running_total_time_sec": 1670.568799517001,
  "p_gb": 0.00098,
  "p_bg": 0.98,
  "good_loss_rate": 0.0,
  "bad_loss_rate": 1.0
}