{
  "state": "bad",
  "episode_index": 1293,
  "state_ordinal": 646,
  "start_time_wall": 1756972464.5572186,
  "end_time_wall": 1756972464.722534,
  "wall_time_sec": 0.16531521300203167,
  "steps": 1,
  "packets": 1447,
  "dropped": 1447,
  "running_total_steps": 685624,
  "running_total_packets": 9735027646,
  "running_total_dropped": 9362225,
  "running_total_time_sec": 1641.5550377860018,
  "p_gb": 0.00098,
  "p_bg": 0.98,
  "good_loss_rate": 0.0,
  "bad_loss_rate": 1.0
}