{
  "state": "bad",
  "episode_index": 1057,
  "state_ordinal": 528,
  "start_time_wall": 1756972196.257043,
  "end_time_wall": 1756972196.424254,
  "wall_time_sec": 0.16721156499988865,
  "steps": 1,
  "packets": 31819,
  "dropped": 31819,
  "running_total_steps": 566414,
  "running_total_packets": 8042338076,
  "running_total_dropped": 7643701,
  "running_total_time_sec": 1373.2567583810014,
  "p_gb": 0.00098,
  "p_bg": 0.98,
  "good_loss_rate": 0.0,
  "bad_loss_rate": 1.0
}