{
  "state": "bad",
  "episode_index": 557,
  "state_ordinal": 278,
  "start_time_wall": 1756971524.4179223,
  "end_time_wall": 1756971524.5940957,
  "wall_time_sec": 0.17617347299892572,
  "steps": 1,
  "packets": 31819,
  "dropped": 31819,
  "running_total_steps": 300975,
  "running_total_packets": 4273524433,
  "running_total_dropped": 4215320,
  "running_total_time_sec": 701.4265996309987,
  "p_gb": 0.00098,
  "p_bg": 0.98,
  "good_loss_rate": 0.0,
  "bad_loss_rate": 1.0
}