{
  "state": "good",
  "episode_index": 336,
  "state_ordinal": 168,
  "start_time_wall": 1756971232.8497932,
  "end_time_wall": 1756971233.4613948,
  "wall_time_sec": 0.6116012929996941,
  "steps": 388,
  "packets": 5554480,
  "dropped": 0,
  "running_total_steps": 172042,
  "running_total_packets": 2442799598,
  "running_total_dropped": 2527150,
  "running_total_time_sec": 410.29389853799876,
  "p_gb": 0.00098,
  "p_bg": 0.98,
  "good_loss_rate": 0.0,
  "bad_loss_rate": 1.0
}