{
  "state": "good",
  "episode_index": 770,
  "state_ordinal": 385,
  "start_time_wall": 1756971813.5294886,
  "end_time_wall": 1756971813.5335772,
  "wall_time_sec": 0.004088336998393061,
  "steps": 30,
  "packets": 396346,
  "dropped": 0,
  "running_total_steps": 407062,
  "running_total_packets": 5779848734,
  "running_total_dropped": 5750101,
  "running_total_time_sec": 990.3660810389993,
  "p_gb": 0.00098,
  "p_bg": 0.98,
  "good_loss_rate": 0.0,
  "bad_loss_rate": 1.0
}