{
  "state": "good",
  "episode_index": 1016,
  "state_ordinal": 508,
  "start_time_wall": 1756972119.7597394,
  "end_time_wall": 1756972120.3612137,
  "wall_time_sec": 0.6014743209998414,
  "steps": 245,
  "packets": 3449871,
  "dropped": 0,
  "running_total_steps": 545095,
  "running_total_packets": 7739594341,
  "running_total_dropped": 7442574,
  "running_total_time_sec": 1297.1937176329993,
  "p_gb": 0.00098,
  "p_bg": 0.98,
  "good_loss_rate": 0.0,
  "bad_loss_rate": 1.0
}