{
  "state": "good",
  "episode_index": 778,
  "state_ordinal": 389,
  "start_time_wall": 1756971819.0715904,
  "end_time_wall": 1756971819.6681614,
  "wall_time_sec": 0.5965708240000822,
  "steps": 366,
  "packets": 5221814,
  "dropped": 0,
  "running_total_steps": 410570,
  "running_total_packets": 5829591944,
  "running_total_dropped": 5786261,
  "running_total_time_sec": 996.5006652029988,
  "p_gb": 0.00098,
  "p_bg": 0.98,
  "good_loss_rate": 0.0,
  "bad_loss_rate": 1.0
}