{
  "state": "good",
  "episode_index": 1008,
  "state_ordinal": 504,
  "start_time_wall": 1756972116.6710787,
  "end_time_wall": 1756972117.311276,
  "wall_time_sec": 0.6401970359984261,
  "steps": 450,
  "packets": 6329824,
  "dropped": 0,
  "running_total_steps": 543698,
  "running_total_packets": 7719749998,
  "running_total_dropped": 7396290,
  "running_total_time_sec": 1294.1437799429987,
  "p_gb": 0.00098,
  "p_bg": 0.98,
  "good_loss_rate": 0.0,
  "bad_loss_rate": 1.0
}