{
  "state": "good",
  "episode_index": 1342,
  "state_ordinal": 671,
  "start_time_wall": 1756972527.9217334,
  "end_time_wall": 1756972532.0239825,
  "wall_time_sec": 4.102248879997205,
  "steps": 2146,
  "packets": 30393564,
  "dropped": 1,
  "running_total_steps": 719739,
  "running_total_packets": 10219327089,
  "running_total_dropped": 9577797,
  "running_total_time_sec": 1708.856486454999,
  "p_gb": 0.00098,
  "p_bg": 0.98,
  "good_loss_rate": 0.0,
  "bad_loss_rate": 1.0
}