{
  "state": "good",
  "episode_index": 906,
  "state_ordinal": 453,
  "start_time_wall": 1756971943.110023,
  "end_time_wall": 1756971943.705642,
  "wall_time_sec": 0.5956191149998631,
  "steps": 210,
  "packets": 2975422,
  "dropped": 0,
  "running_total_steps": 473478,
  "running_total_packets": 6722792744,
  "running_total_dropped": 6758330,
  "running_total_time_sec": 1120.5381459470009,
  "p_gb": 0.00098,
  "p_bg": 0.98,
  "good_loss_rate": 0.0,
  "bad_loss_rate": 1.0
}