{
  "state": "good",
  "episode_index": 368,
  "state_ordinal": 184,
  "start_time_wall": 1756971256.0769336,
  "end_time_wall": 1756971256.6890917,
  "wall_time_sec": 0.6121579419996124,
  "steps": 341,
  "packets": 4889124,
  "dropped": 0,
  "running_total_steps": 183987,
  "running_total_packets": 2612486878,
  "running_total_dropped": 2949510,
  "running_total_time_sec": 433.52159553800084,
  "p_gb": 0.00098,
  "p_bg": 0.98,
  "good_loss_rate": 0.0,
  "bad_loss_rate": 1.0
}