{
  "state": "good",
  "episode_index": 556,
  "state_ordinal": 278,
  "start_time_wall": 1756971523.0176709,
  "end_time_wall": 1756971524.4179223,
  "wall_time_sec": 1.4002511260005122,
  "steps": 801,
  "packets": 11320211,
  "dropped": 1,
  "running_total_steps": 300974,
  "running_total_packets": 4273492614,
  "running_total_dropped": 4183501,
  "running_total_time_sec": 701.2504261579998,
  "p_gb": 0.00098,
  "p_bg": 0.98,
  "good_loss_rate": 0.0,
  "bad_loss_rate": 1.0
}