{
  "state": "good",
  "episode_index": 1074,
  "state_ordinal": 537,
  "start_time_wall": 1756972209.0852137,
  "end_time_wall": 1756972211.2457967,
  "wall_time_sec": 2.1605825860024197,
  "steps": 1405,
  "packets": 19913781,
  "dropped": 2,
  "running_total_steps": 574224,
  "running_total_packets": 8153212686,
  "running_total_dropped": 7847641,
  "running_total_time_sec": 1388.078300434001,
  "p_gb": 0.00098,
  "p_bg": 0.98,
  "good_loss_rate": 0.0,
  "bad_loss_rate": 1.0
}