{
  "state": "good",
  "episode_index": 128,
  "state_ordinal": 64,
  "start_time_wall": 1756970948.3943365,
  "end_time_wall": 1756970950.578898,
  "wall_time_sec": 2.1845614759986347,
  "steps": 1165,
  "packets": 16542013,
  "dropped": 2,
  "running_total_steps": 63437,
  "running_total_packets": 900770245,
  "running_total_dropped": 886739,
  "running_total_time_sec": 127.41140188099962,
  "p_gb": 0.00098,
  "p_bg": 0.98,
  "good_loss_rate": 0.0,
  "bad_loss_rate": 1.0
}