{
  "state": "good",
  "episode_index": 548,
  "state_ordinal": 274,
  "start_time_wall": 1756971510.4692547,
  "end_time_wall": 1756971512.6570795,
  "wall_time_sec": 2.187824869000906,
  "steps": 1206,
  "packets": 17123502,
  "dropped": 1,
  "running_total_steps": 295217,
  "running_total_packets": 4191701061,
  "running_total_dropped": 4108284,
  "running_total_time_sec": 689.4895834320014,
  "p_gb": 0.00098,
  "p_bg": 0.98,
  "good_loss_rate": 0.0,
  "bad_loss_rate": 1.0
}