{
  "state": "good",
  "episode_index": 954,
  "state_ordinal": 477,
  "start_time_wall": 1756972043.8623998,
  "end_time_wall": 1756972046.777811,
  "wall_time_sec": 2.915410838002572,
  "steps": 1473,
  "packets": 20839537,
  "dropped": 1,
  "running_total_steps": 508064,
  "running_total_packets": 7213863194,
  "running_total_dropped": 7091034,
  "running_total_time_sec": 1223.6103147530011,
  "p_gb": 0.00098,
  "p_bg": 0.98,
  "good_loss_rate": 0.0,
  "bad_loss_rate": 1.0
}