{
  "state": "good",
  "episode_index": 838,
  "state_ordinal": 419,
  "start_time_wall": 1756971865.287621,
  "end_time_wall": 1756971865.9243364,
  "wall_time_sec": 0.6367148319986882,
  "steps": 389,
  "packets": 5509673,
  "dropped": 0,
  "running_total_steps": 433806,
  "running_total_packets": 6159554218,
  "running_total_dropped": 6273717,
  "running_total_time_sec": 1042.756840127,
  "p_gb": 0.00098,
  "p_bg": 0.98,
  "good_loss_rate": 0.0,
  "bad_loss_rate": 1.0
}