{
  "state": "good",
  "episode_index": 478,
  "state_ordinal": 239,
  "start_time_wall": 1756971434.2686327,
  "end_time_wall": 1756971442.0361266,
  "wall_time_sec": 7.767494072999398,
  "steps": 4018,
  "packets": 57014702,
  "dropped": 3,
  "running_total_steps": 259761,
  "running_total_packets": 3688349943,
  "running_total_dropped": 3707545,
  "running_total_time_sec": 618.8686306060008,
  "p_gb": 0.00098,
  "p_bg": 0.98,
  "good_loss_rate": 0.0,
  "bad_loss_rate": 1.0
}