{
  "state": "good",
  "episode_index": 866,
  "state_ordinal": 433,
  "start_time_wall": 1756971904.0188386,
  "end_time_wall": 1756971905.397346,
  "wall_time_sec": 1.3785071650017926,
  "steps": 574,
  "packets": 8153846,
  "dropped": 2,
  "running_total_steps": 453742,
  "running_total_packets": 6442579468,
  "running_total_dropped": 6421289,
  "running_total_time_sec": 1082.2298498220007,
  "p_gb": 0.00098,
  "p_bg": 0.98,
  "good_loss_rate": 0.0,
  "bad_loss_rate": 1.0
}