{
  "state": "good",
  "episode_index": 1128,
  "state_ordinal": 564,
  "start_time_wall": 1756972256.368614,
  "end_time_wall": 1756972261.838011,
  "wall_time_sec": 5.469397150001896,
  "steps": 2832,
  "packets": 40197848,
  "dropped": 2,
  "running_total_steps": 599735,
  "running_total_packets": 8515480773,
  "running_total_dropped": 8306187,
  "running_total_time_sec": 1438.6705150390007,
  "p_gb": 0.00098,
  "p_bg": 0.98,
  "good_loss_rate": 0.0,
  "bad_loss_rate": 1.0
}