{
  "state": "good",
  "episode_index": 176,
  "state_ordinal": 88,
  "start_time_wall": 1756971036.36653,
  "end_time_wall": 1756971036.9681573,
  "wall_time_sec": 0.6016266529986751,
  "steps": 280,
  "packets": 3883824,
  "dropped": 0,
  "running_total_steps": 89559,
  "running_total_packets": 1271689769,
  "running_total_dropped": 1215130,
  "running_total_time_sec": 213.8006609289987,
  "p_gb": 0.00098,
  "p_bg": 0.98,
  "good_loss_rate": 0.0,
  "bad_loss_rate": 1.0
}