{
  "state": "good",
  "episode_index": 260,
  "state_ordinal": 130,
  "start_time_wall": 1756971120.352357,
  "end_time_wall": 1756971120.3608027,
  "wall_time_sec": 0.008445572999335127,
  "steps": 68,
  "packets": 876577,
  "dropped": 0,
  "running_total_steps": 131804,
  "running_total_packets": 1871466540,
  "running_total_dropped": 1785070,
  "running_total_time_sec": 297.19330646399976,
  "p_gb": 0.00098,
  "p_bg": 0.98,
  "good_loss_rate": 0.0,
  "bad_loss_rate": 1.0
}