{
  "state": "good",
  "episode_index": 460,
  "state_ordinal": 230,
  "start_time_wall": 1756971411.0789375,
  "end_time_wall": 1756971413.2740839,
  "wall_time_sec": 2.195146231999388,
  "steps": 1166,
  "packets": 16611446,
  "dropped": 1,
  "running_total_steps": 245119,
  "running_total_packets": 3480442167,
  "running_total_dropped": 3567220,
  "running_total_time_sec": 590.1065877500005,
  "p_gb": 0.00098,
  "p_bg": 0.98,
  "good_loss_rate": 0.0,
  "bad_loss_rate": 1.0
}