{
  "state": "good",
  "episode_index": 868,
  "state_ordinal": 434,
  "start_time_wall": 1756971905.5613058,
  "end_time_wall": 1756971906.1726644,
  "wall_time_sec": 0.611358422000194,
  "steps": 389,
  "packets": 5560293,
  "dropped": 0,
  "running_total_steps": 454132,
  "running_total_packets": 6448151332,
  "running_total_dropped": 6432860,
  "running_total_time_sec": 1083.0051681850018,
  "p_gb": 0.00098,
  "p_bg": 0.98,
  "good_loss_rate": 0.0,
  "bad_loss_rate": 1.0
}