{
  "state": "good",
  "episode_index": 814,
  "state_ordinal": 407,
  "start_time_wall": 1756971846.6988416,
  "end_time_wall": 1756971848.833291,
  "wall_time_sec": 2.134449229997699,
  "steps": 1023,
  "packets": 14512595,
  "dropped": 1,
  "running_total_steps": 425147,
  "running_total_packets": 6036605795,
  "running_total_dropped": 6084233,
  "running_total_time_sec": 1025.6657948979991,
  "p_gb": 0.00098,
  "p_bg": 0.98,
  "good_loss_rate": 0.0,
  "bad_loss_rate": 1.0
}