{
  "state": "good",
  "episode_index": 882,
  "state_ordinal": 441,
  "start_time_wall": 1756971917.4139836,
  "end_time_wall": 1756971918.033457,
  "wall_time_sec": 0.6194736219986225,
  "steps": 370,
  "packets": 5236285,
  "dropped": 0,
  "running_total_steps": 460312,
  "running_total_packets": 6535908194,
  "running_total_dropped": 6551478,
  "running_total_time_sec": 1094.8659610409995,
  "p_gb": 0.00098,
  "p_bg": 0.98,
  "good_loss_rate": 0.0,
  "bad_loss_rate": 1.0
}