{
  "state": "good",
  "episode_index": 104,
  "state_ordinal": 52,
  "start_time_wall": 1756970926.1566863,
  "end_time_wall": 1756970926.8058536,
  "wall_time_sec": 0.6491672029987967,
  "steps": 588,
  "packets": 8333206,
  "dropped": 0,
  "running_total_steps": 51569,
  "running_total_packets": 732267637,
  "running_total_dropped": 784002,
  "running_total_time_sec": 103.63835751700026,
  "p_gb": 0.00098,
  "p_bg": 0.98,
  "good_loss_rate": 0.0,
  "bad_loss_rate": 1.0
}