{
  "state": "good",
  "episode_index": 1174,
  "state_ordinal": 587,
  "start_time_wall": 1756972296.4075112,
  "end_time_wall": 1756972296.4399154,
  "wall_time_sec": 0.03240406199984136,
  "steps": 272,
  "packets": 3824510,
  "dropped": 0,
  "running_total_steps": 617180,
  "running_total_packets": 8763175610,
  "running_total_dropped": 8572383,
  "running_total_time_sec": 1473.2724194699986,
  "p_gb": 0.00098,
  "p_bg": 0.98,
  "good_loss_rate": 0.0,
  "bad_loss_rate": 1.0
}