{
  "state": "good",
  "episode_index": 244,
  "state_ordinal": 122,
  "start_time_wall": 1756971104.9793928,
  "end_time_wall": 1756971107.433139,
  "wall_time_sec": 2.4537463699998625,
  "steps": 1578,
  "packets": 22286014,
  "dropped": 3,
  "running_total_steps": 125605,
  "running_total_packets": 1783455097,
  "running_total_dropped": 1704057,
  "running_total_time_sec": 284.2656431639989,
  "p_gb": 0.00098,
  "p_bg": 0.98,
  "good_loss_rate": 0.0,
  "bad_loss_rate": 1.0
}