{
  "state": "good",
  "episode_index": 736,
  "state_ordinal": 368,
  "start_time_wall": 1756971731.477325,
  "end_time_wall": 1756971733.2115178,
  "wall_time_sec": 1.7341922640007397,
  "steps": 1021,
  "packets": 14448957,
  "dropped": 0,
  "running_total_steps": 389981,
  "running_total_packets": 5537291825,
  "running_total_dropped": 5424654,
  "running_total_time_sec": 910.0440215620001,
  "p_gb": 0.00098,
  "p_bg": 0.98,
  "good_loss_rate": 0.0,
  "bad_loss_rate": 1.0
}