{
  "state": "good",
  "episode_index": 502,
  "state_ordinal": 251,
  "start_time_wall": 1756971465.4015007,
  "end_time_wall": 1756971466.0195613,
  "wall_time_sec": 0.6180605310000828,
  "steps": 257,
  "packets": 3614772,
  "dropped": 0,
  "running_total_steps": 271704,
  "running_total_packets": 3857888235,
  "running_total_dropped": 3850771,
  "running_total_time_sec": 642.8520652449988,
  "p_gb": 0.00098,
  "p_bg": 0.98,
  "good_loss_rate": 0.0,
  "bad_loss_rate": 1.0
}