{
  "state": "good",
  "episode_index": 850,
  "state_ordinal": 425,
  "start_time_wall": 1756971880.4651618,
  "end_time_wall": 1756971883.5080023,
  "wall_time_sec": 3.042840584002988,
  "steps": 1337,
  "packets": 19016956,
  "dropped": 0,
  "running_total_steps": 442520,
  "running_total_packets": 6283243242,
  "running_total_dropped": 6351833,
  "running_total_time_sec": 1060.3405061430021,
  "p_gb": 0.00098,
  "p_bg": 0.98,
  "good_loss_rate": 0.0,
  "bad_loss_rate": 1.0
}