{
  "state": "good",
  "episode_index": 1242,
  "state_ordinal": 621,
  "start_time_wall": 1756972412.6774096,
  "end_time_wall": 1756972415.0120437,
  "wall_time_sec": 2.334634000002552,
  "steps": 1468,
  "packets": 20814936,
  "dropped": 0,
  "running_total_steps": 660577,
  "running_total_packets": 9379367101,
  "running_total_dropped": 8892120,
  "running_total_time_sec": 1591.8445475260014,
  "p_gb": 0.00098,
  "p_bg": 0.98,
  "good_loss_rate": 0.0,
  "bad_loss_rate": 1.0
}