{
  "state": "bad",
  "episode_index": 47,
  "state_ordinal": 23,
  "start_time_wall": 1766016142.1353207,
  "end_time_wall": 1766016170.9320762,
  "wall_time_sec": 28.796755900999415,
  "steps": 44,
  "packets": 16409608,
  "dropped": 738432,
  "running_total_steps": 2928,
  "running_total_packets": 1608496989,
  "running_total_dropped": 33550472,
  "running_total_time_sec": 2232.1216666410037,
  "lrb": 0.045,
  "lrg": 0.0
}