{
  "state": "bad",
  "episode_index": 21,
  "state_ordinal": 10,
  "start_time_wall": 1766014903.9954543,
  "end_time_wall": 1766014956.3626254,
  "wall_time_sec": 52.367171563997545,
  "steps": 44,
  "packets": 41737415,
  "dropped": 1878183,
  "running_total_steps": 1342,
  "running_total_packets": 749847098,
  "running_total_dropped": 11670432,
  "running_total_time_sec": 1017.5592735439932,
  "lrb": 0.045,
  "lrg": 0.0
}