{
  "state": "bad",
  "episode_index": 15,
  "state_ordinal": 7,
  "start_time_wall": 1766026551.801559,
  "end_time_wall": 1766026594.1233668,
  "wall_time_sec": 42.321807761999935,
  "steps": 44,
  "packets": 31748985,
  "dropped": 1428704,
  "running_total_steps": 976,
  "running_total_packets": 546510824,
  "running_total_dropped": 6453255,
  "running_total_time_sec": 601.461711477,
  "lrb": 0.045,
  "lrg": 0.0
}