{
  "state": "bad",
  "episode_index": 27,
  "state_ordinal": 13,
  "start_time_wall": 1766015179.7085793,
  "end_time_wall": 1766015236.280483,
  "wall_time_sec": 56.57190479700148,
  "steps": 44,
  "packets": 45304711,
  "dropped": 2038712,
  "running_total_steps": 1708,
  "running_total_packets": 955323752,
  "running_total_dropped": 18011308,
  "running_total_time_sec": 1297.4755200109976,
  "lrb": 0.045,
  "lrg": 0.0
}