{
  "state": "bad",
  "episode_index": 67,
  "state_ordinal": 33,
  "start_time_wall": 1766028629.991016,
  "end_time_wall": 1766028677.9133255,
  "wall_time_sec": 47.92230977999998,
  "steps": 44,
  "packets": 3924069,
  "dropped": 176583,
  "running_total_steps": 4148,
  "running_total_packets": 2255962550,
  "running_total_dropped": 35476832,
  "running_total_time_sec": 2685.2358977190006,
  "lrb": 0.045,
  "lrg": 0.0
}