{
  "state": "bad",
  "episode_index": 55,
  "state_ordinal": 27,
  "start_time_wall": 1766016498.6412575,
  "end_time_wall": 1766016514.2324927,
  "wall_time_sec": 15.59123500900023,
  "steps": 44,
  "packets": 3210611,
  "dropped": 144477,
  "running_total_steps": 3416,
  "running_total_packets": 1866056295,
  "running_total_dropped": 35171816,
  "running_total_time_sec": 2575.419934552003,
  "lrb": 0.045,
  "lrg": 0.0
}