{
  "state": "good",
  "episode_index": 102,
  "state_ordinal": 51,
  "start_time_wall": 1766018630.919116,
  "end_time_wall": 1766018667.777176,
  "wall_time_sec": 36.858060272999865,
  "steps": 78,
  "packets": 28538452,
  "dropped": 0,
  "running_total_steps": 6300,
  "running_total_packets": 3439237003,
  "running_total_dropped": 61755357,
  "running_total_time_sec": 4728.948986438998,
  "lrb": 0.045,
  "lrg": 0.0
}