{
  "state": "good",
  "episode_index": 50,
  "state_ordinal": 25,
  "start_time_wall": 1766028069.1743882,
  "end_time_wall": 1766028112.450388,
  "wall_time_sec": 43.27600056600022,
  "steps": 78,
  "packets": 54222988,
  "dropped": 0,
  "running_total_steps": 3128,
  "running_total_packets": 1727644897,
  "running_total_dropped": 34272852,
  "running_total_time_sec": 2119.7783002220012,
  "lrb": 0.045,
  "lrg": 0.0
}