{
  "state": "good",
  "episode_index": 42,
  "state_ordinal": 21,
  "start_time_wall": 1766027757.0538301,
  "end_time_wall": 1766027791.6124487,
  "wall_time_sec": 34.55861864799999,
  "steps": 78,
  "packets": 38170153,
  "dropped": 0,
  "running_total_steps": 2640,
  "running_total_packets": 1454032756,
  "running_total_dropped": 30628850,
  "running_total_time_sec": 1798.9427234990003,
  "lrb": 0.045,
  "lrg": 0.0
}