{
  "state": "good",
  "episode_index": 68,
  "state_ordinal": 34,
  "start_time_wall": 1766028677.9136362,
  "end_time_wall": 1766028727.4232745,
  "wall_time_sec": 49.50963839799988,
  "steps": 78,
  "packets": 61000851,
  "dropped": 0,
  "running_total_steps": 4226,
  "running_total_packets": 2316963401,
  "running_total_dropped": 35476832,
  "running_total_time_sec": 2734.7455361170005,
  "lrb": 0.045,
  "lrg": 0.0
}