{
  "state": "bad",
  "episode_index": 823,
  "state_ordinal": 411,
  "start_time_wall": 1756970533.5441544,
  "end_time_wall": 1756970533.702593,
  "wall_time_sec": 0.15843880499960505,
  "steps": 1,
  "packets": 1447,
  "dropped": 1447,
  "running_total_steps": 406708,
  "running_total_packets": 5774762890,
  "running_total_dropped": 6458807,
  "running_total_time_sec": 1035.982716339,
  "p_gb": 0.00098,
  "p_bg": 0.98,
  "good_loss_rate": 0.0,
  "bad_loss_rate": 1.0
}