{
  "state": "bad",
  "episode_index": 293,
  "state_ordinal": 146,
  "start_time_wall": 1756969857.3205712,
  "end_time_wall": 1756969857.3400402,
  "wall_time_sec": 0.01946911399863893,
  "steps": 1,
  "packets": 31819,
  "dropped": 31819,
  "running_total_steps": 144799,
  "running_total_packets": 2056062743,
  "running_total_dropped": 2103278,
  "running_total_time_sec": 359.62016354599837,
  "p_gb": 0.00098,
  "p_bg": 0.98,
  "good_loss_rate": 0.0,
  "bad_loss_rate": 1.0
}