{
  "state": "bad",
  "episode_index": 805,
  "state_ordinal": 402,
  "start_time_wall": 1756970505.3763168,
  "end_time_wall": 1756970505.5365102,
  "wall_time_sec": 0.16019361999860848,
  "steps": 1,
  "packets": 1447,
  "dropped": 1447,
  "running_total_steps": 392245,
  "running_total_packets": 5569402371,
  "running_total_dropped": 6358981,
  "running_total_time_sec": 1007.8166334419984,
  "p_gb": 0.00098,
  "p_bg": 0.98,
  "good_loss_rate": 0.0,
  "bad_loss_rate": 1.0
}