{
  "state": "bad",
  "episode_index": 891,
  "state_ordinal": 445,
  "start_time_wall": 1756970609.671502,
  "end_time_wall": 1756970609.6901708,
  "wall_time_sec": 0.01866901000175858,
  "steps": 1,
  "packets": 31819,
  "dropped": 31819,
  "running_total_steps": 444737,
  "running_total_packets": 6314746251,
  "running_total_dropped": 6982472,
  "running_total_time_sec": 1111.9702944070013,
  "p_gb": 0.00098,
  "p_bg": 0.98,
  "good_loss_rate": 0.0,
  "bad_loss_rate": 1.0
}