{
  "state": "bad",
  "episode_index": 839,
  "state_ordinal": 419,
  "start_time_wall": 1756970560.0042202,
  "end_time_wall": 1756970560.1871364,
  "wall_time_sec": 0.1829164419978042,
  "steps": 1,
  "packets": 31819,
  "dropped": 31819,
  "running_total_steps": 419914,
  "running_total_packets": 5962346086,
  "running_total_dropped": 6578878,
  "running_total_time_sec": 1062.467259877998,
  "p_gb": 0.00098,
  "p_bg": 0.98,
  "good_loss_rate": 0.0,
  "bad_loss_rate": 1.0
}