{
  "state": "bad",
  "episode_index": 971,
  "state_ordinal": 485,
  "start_time_wall": 1756970731.6785114,
  "end_time_wall": 1756970731.6790073,
  "wall_time_sec": 0.0004959720026818104,
  "steps": 1,
  "packets": 6,
  "dropped": 6,
  "running_total_steps": 488611,
  "running_total_packets": 6937629199,
  "running_total_dropped": 7487319,
  "running_total_time_sec": 1233.9591305030008,
  "p_gb": 0.00098,
  "p_bg": 0.98,
  "good_loss_rate": 0.0,
  "bad_loss_rate": 1.0
}