{
  "state": "bad",
  "episode_index": 735,
  "state_ordinal": 367,
  "start_time_wall": 1756970428.177174,
  "end_time_wall": 1756970428.3198533,
  "wall_time_sec": 0.14267945800020243,
  "steps": 1,
  "packets": 11571,
  "dropped": 11571,
  "running_total_steps": 371585,
  "running_total_packets": 5276053551,
  "running_total_dropped": 5761590,
  "running_total_time_sec": 930.5999767059984,
  "p_gb": 0.00098,
  "p_bg": 0.98,
  "good_loss_rate": 0.0,
  "bad_loss_rate": 1.0
}