{
  "state": "bad",
  "episode_index": 983,
  "state_ordinal": 491,
  "start_time_wall": 1756970747.5841558,
  "end_time_wall": 1756970747.7307212,
  "wall_time_sec": 0.14656551599910017,
  "steps": 1,
  "packets": 11571,
  "dropped": 11571,
  "running_total_steps": 496529,
  "running_total_packets": 7050110845,
  "running_total_dropped": 7555311,
  "running_total_time_sec": 1250.0108445980004,
  "p_gb": 0.00098,
  "p_bg": 0.98,
  "good_loss_rate": 0.0,
  "bad_loss_rate": 1.0
}