{
  "state": "bad",
  "episode_index": 281,
  "state_ordinal": 140,
  "start_time_wall": 1756969847.6675777,
  "end_time_wall": 1756969847.8358943,
  "wall_time_sec": 0.16831608999927994,
  "steps": 1,
  "packets": 31819,
  "dropped": 31819,
  "running_total_steps": 139865,
  "running_total_packets": 1985961687,
  "running_total_dropped": 2068543,
  "running_total_time_sec": 350.1160175519981,
  "p_gb": 0.00098,
  "p_bg": 0.98,
  "good_loss_rate": 0.0,
  "bad_loss_rate": 1.0
}