{
  "state": "bad",
  "episode_index": 991,
  "state_ordinal": 495,
  "start_time_wall": 1756970752.393201,
  "end_time_wall": 1756970752.5565786,
  "wall_time_sec": 0.16337771200051066,
  "steps": 1,
  "packets": 6,
  "dropped": 6,
  "running_total_steps": 498808,
  "running_total_packets": 7082449936,
  "running_total_dropped": 7588589,
  "running_total_time_sec": 1254.8367019670004,
  "p_gb": 0.00098,
  "p_bg": 0.98,
  "good_loss_rate": 0.0,
  "bad_loss_rate": 1.0
}