{
  "state": "bad",
  "episode_index": 755,
  "state_ordinal": 377,
  "start_time_wall": 1756970445.0825267,
  "end_time_wall": 1756970445.2537556,
  "wall_time_sec": 0.1712290129980829,
  "steps": 1,
  "packets": 1447,
  "dropped": 1447,
  "running_total_steps": 379738,
  "running_total_packets": 5391851992,
  "running_total_dropped": 5956856,
  "running_total_time_sec": 947.5338789609996,
  "p_gb": 0.00098,
  "p_bg": 0.98,
  "good_loss_rate": 0.0,
  "bad_loss_rate": 1.0
}