{
  "state": "bad",
  "episode_index": 677,
  "state_ordinal": 338,
  "start_time_wall": 1756970362.871677,
  "end_time_wall": 1756970363.0291057,
  "wall_time_sec": 0.15742891000263626,
  "steps": 1,
  "packets": 1447,
  "dropped": 1447,
  "running_total_steps": 338787,
  "running_total_packets": 4810380507,
  "running_total_dropped": 5381132,
  "running_total_time_sec": 865.3092289410015,
  "p_gb": 0.00098,
  "p_bg": 0.98,
  "good_loss_rate": 0.0,
  "bad_loss_rate": 1.0
}