{
  "state": "bad",
  "episode_index": 283,
  "state_ordinal": 141,
  "start_time_wall": 1756969847.855916,
  "end_time_wall": 1756969847.856447,
  "wall_time_sec": 0.0005309930020303,
  "steps": 1,
  "packets": 6,
  "dropped": 6,
  "running_total_steps": 140040,
  "running_total_packets": 1988451095,
  "running_total_dropped": 2068549,
  "running_total_time_sec": 350.1365701670002,
  "p_gb": 0.00098,
  "p_bg": 0.98,
  "good_loss_rate": 0.0,
  "bad_loss_rate": 1.0
}