{
  "state": "bad",
  "episode_index": 883,
  "state_ordinal": 441,
  "start_time_wall": 1756970605.5168273,
  "end_time_wall": 1756970605.5354154,
  "wall_time_sec": 0.018588238999655005,
  "steps": 1,
  "packets": 31819,
  "dropped": 31819,
  "running_total_steps": 442735,
  "running_total_packets": 6286296767,
  "running_total_dropped": 6895687,
  "running_total_time_sec": 1107.8155389120002,
  "p_gb": 0.00098,
  "p_bg": 0.98,
  "good_loss_rate": 0.0,
  "bad_loss_rate": 1.0
}