{
  "state": "bad",
  "episode_index": 197,
  "state_ordinal": 98,
  "start_time_wall": 1756969736.4830103,
  "end_time_wall": 1756969736.4847033,
  "wall_time_sec": 0.0016930640013015363,
  "steps": 1,
  "packets": 1447,
  "dropped": 1447,
  "running_total_steps": 100264,
  "running_total_packets": 1423633010,
  "running_total_dropped": 1559350,
  "running_total_time_sec": 238.764826472001,
  "p_gb": 0.00098,
  "p_bg": 0.98,
  "good_loss_rate": 0.0,
  "bad_loss_rate": 1.0
}