{
  "state": "bad",
  "episode_index": 731,
  "state_ordinal": 365,
  "start_time_wall": 1756970421.8236873,
  "end_time_wall": 1756970421.842031,
  "wall_time_sec": 0.01834399400104303,
  "steps": 1,
  "packets": 31819,
  "dropped": 31819,
  "running_total_steps": 368294,
  "running_total_packets": 5229407256,
  "running_total_dropped": 5738444,
  "running_total_time_sec": 924.1221546550005,
  "p_gb": 0.00098,
  "p_bg": 0.98,
  "good_loss_rate": 0.0,
  "bad_loss_rate": 1.0
}