{
  "state": "bad",
  "episode_index": 705,
  "state_ordinal": 352,
  "start_time_wall": 1756970389.179521,
  "end_time_wall": 1756970389.3514035,
  "wall_time_sec": 0.1718826309988799,
  "steps": 2,
  "packets": 13018,
  "dropped": 13018,
  "running_total_steps": 351999,
  "running_total_packets": 4998009999,
  "running_total_dropped": 5582200,
  "running_total_time_sec": 891.6315269539991,
  "p_gb": 0.00098,
  "p_bg": 0.98,
  "good_loss_rate": 0.0,
  "bad_loss_rate": 1.0
}