{
  "state": "good",
  "episode_index": 994,
  "state_ordinal": 497,
  "start_time_wall": 1756970752.5749533,
  "end_time_wall": 1756970754.740574,
  "wall_time_sec": 2.165620717998536,
  "steps": 1244,
  "packets": 17673160,
  "dropped": 0,
  "running_total_steps": 500140,
  "running_total_packets": 7101423484,
  "running_total_dropped": 7600160,
  "running_total_time_sec": 1257.0206971529988,
  "p_gb": 0.00098,
  "p_bg": 0.98,
  "good_loss_rate": 0.0,
  "bad_loss_rate": 1.0
}