{
  "state": "good",
  "episode_index": 296,
  "state_ordinal": 148,
  "start_time_wall": 1756969858.8596234,
  "end_time_wall": 1756969860.3741696,
  "wall_time_sec": 1.514545903999533,
  "steps": 766,
  "packets": 10866010,
  "dropped": 1,
  "running_total_steps": 146286,
  "running_total_packets": 2077101888,
  "running_total_dropped": 2135098,
  "running_total_time_sec": 362.6542927240007,
  "p_gb": 0.00098,
  "p_bg": 0.98,
  "good_loss_rate": 0.0,
  "bad_loss_rate": 1.0
}