{
  "state": "good",
  "episode_index": 312,
  "state_ordinal": 156,
  "start_time_wall": 1756969873.7534566,
  "end_time_wall": 1756969873.7753706,
  "wall_time_sec": 0.021913822998612886,
  "steps": 171,
  "packets": 2476378,
  "dropped": 0,
  "running_total_steps": 153198,
  "running_total_packets": 2175351557,
  "running_total_dropped": 2288417,
  "running_total_time_sec": 376.05549377699936,
  "p_gb": 0.00098,
  "p_bg": 0.98,
  "good_loss_rate": 0.0,
  "bad_loss_rate": 1.0
}