{
  "state": "good",
  "episode_index": 678,
  "state_ordinal": 339,
  "start_time_wall": 1756970363.0291057,
  "end_time_wall": 1756970363.8135622,
  "wall_time_sec": 0.7844564049992186,
  "steps": 390,
  "packets": 5573305,
  "dropped": 1,
  "running_total_steps": 339177,
  "running_total_packets": 4815953812,
  "running_total_dropped": 5381133,
  "running_total_time_sec": 866.0936853460007,
  "p_gb": 0.00098,
  "p_bg": 0.98,
  "good_loss_rate": 0.0,
  "bad_loss_rate": 1.0
}