{
  "state": "good",
  "episode_index": 944,
  "state_ordinal": 472,
  "start_time_wall": 1756970695.3802044,
  "end_time_wall": 1756970703.080708,
  "wall_time_sec": 7.700503264997678,
  "steps": 3949,
  "packets": 56138119,
  "dropped": 4,
  "running_total_steps": 474082,
  "running_total_packets": 6731386314,
  "running_total_dropped": 7296389,
  "running_total_time_sec": 1205.360831271999,
  "p_gb": 0.00098,
  "p_bg": 0.98,
  "good_loss_rate": 0.0,
  "bad_loss_rate": 1.0
}