{
  "state": "good",
  "episode_index": 938,
  "state_ordinal": 469,
  "start_time_wall": 1756970691.3145483,
  "end_time_wall": 1756970693.462423,
  "wall_time_sec": 2.1478744199994253,
  "steps": 1151,
  "packets": 16362653,
  "dropped": 0,
  "running_total_steps": 469203,
  "running_total_packets": 6662131457,
  "running_total_dropped": 7200927,
  "running_total_time_sec": 1195.742546376001,
  "p_gb": 0.00098,
  "p_bg": 0.98,
  "good_loss_rate": 0.0,
  "bad_loss_rate": 1.0
}