{
  "state": "good",
  "episode_index": 86,
  "state_ordinal": 43,
  "start_time_wall": 1756969573.8821115,
  "end_time_wall": 1756969580.9050922,
  "wall_time_sec": 7.022980967998592,
  "steps": 3386,
  "packets": 48126038,
  "dropped": 4,
  "running_total_steps": 39652,
  "running_total_packets": 563131468,
  "running_total_dropped": 642242,
  "running_total_time_sec": 83.18521569699806,
  "p_gb": 0.00098,
  "p_bg": 0.98,
  "good_loss_rate": 0.0,
  "bad_loss_rate": 1.0
}