{
  "state": "good",
  "episode_index": 40,
  "state_ordinal": 20,
  "start_time_wall": 1756969547.2256284,
  "end_time_wall": 1756969548.5908902,
  "wall_time_sec": 1.365261808001378,
  "steps": 477,
  "packets": 6860681,
  "dropped": 0,
  "running_total_steps": 23520,
  "running_total_packets": 334102096,
  "running_total_dropped": 309544,
  "running_total_time_sec": 50.87101345400151,
  "p_gb": 0.00098,
  "p_bg": 0.98,
  "good_loss_rate": 0.0,
  "bad_loss_rate": 1.0
}