{
  "state": "good",
  "episode_index": 776,
  "state_ordinal": 388,
  "start_time_wall": 1756970453.3199427,
  "end_time_wall": 1756970454.7208476,
  "wall_time_sec": 1.400904589001584,
  "steps": 831,
  "packets": 11780183,
  "dropped": 1,
  "running_total_steps": 384574,
  "running_total_packets": 5460542714,
  "running_total_dropped": 6131874,
  "running_total_time_sec": 957.0009708819998,
  "p_gb": 0.00098,
  "p_bg": 0.98,
  "good_loss_rate": 0.0,
  "bad_loss_rate": 1.0
}