{
  "state": "good",
  "episode_index": 272,
  "state_ordinal": 136,
  "start_time_wall": 1756969840.0379367,
  "end_time_wall": 1756969840.6275399,
  "wall_time_sec": 0.589602907999506,
  "steps": 180,
  "packets": 2535698,
  "dropped": 0,
  "running_total_steps": 136180,
  "running_total_packets": 1933633618,
  "running_total_dropped": 2010684,
  "running_total_time_sec": 342.907663209,
  "p_gb": 0.00098,
  "p_bg": 0.98,
  "good_loss_rate": 0.0,
  "bad_loss_rate": 1.0
}