{
  "state": "good",
  "episode_index": 810,
  "state_ordinal": 405,
  "start_time_wall": 1756970511.1418195,
  "end_time_wall": 1756970516.5625715,
  "wall_time_sec": 5.420752072997857,
  "steps": 2795,
  "packets": 39711822,
  "dropped": 0,
  "running_total_steps": 397860,
  "running_total_packets": 5649176071,
  "running_total_dropped": 6390806,
  "running_total_time_sec": 1018.8426947519984,
  "p_gb": 0.00098,
  "p_bg": 0.98,
  "good_loss_rate": 0.0,
  "bad_loss_rate": 1.0
}