{
  "state": "good",
  "episode_index": 548,
  "state_ordinal": 274,
  "start_time_wall": 1756970189.005991,
  "end_time_wall": 1756970191.124037,
  "wall_time_sec": 2.118045510000229,
  "steps": 1084,
  "packets": 15299492,
  "dropped": 0,
  "running_total_steps": 277668,
  "running_total_packets": 3942591566,
  "running_total_dropped": 4326592,
  "running_total_time_sec": 693.4041602569996,
  "p_gb": 0.00098,
  "p_bg": 0.98,
  "good_loss_rate": 0.0,
  "bad_loss_rate": 1.0
}