{
  "state": "good",
  "episode_index": 56,
  "state_ordinal": 28,
  "start_time_wall": 1756969559.1611524,
  "end_time_wall": 1756969559.9603014,
  "wall_time_sec": 0.7991489639971405,
  "steps": 431,
  "packets": 6085367,
  "dropped": 0,
  "running_total_steps": 29339,
  "running_total_packets": 416576395,
  "running_total_dropped": 361620,
  "running_total_time_sec": 62.24042456299867,
  "p_gb": 0.00098,
  "p_bg": 0.98,
  "good_loss_rate": 0.0,
  "bad_loss_rate": 1.0
}