{
  "state": "good",
  "episode_index": 722,
  "state_ordinal": 361,
  "start_time_wall": 1756970410.3715715,
  "end_time_wall": 1756970412.7718968,
  "wall_time_sec": 2.400325400998554,
  "steps": 1249,
  "packets": 17731015,
  "dropped": 2,
  "running_total_steps": 363662,
  "running_total_packets": 5163645660,
  "running_total_dropped": 5695030,
  "running_total_time_sec": 915.0520200639985,
  "p_gb": 0.00098,
  "p_bg": 0.98,
  "good_loss_rate": 0.0,
  "bad_loss_rate": 1.0
}