{
  "state": "good",
  "episode_index": 82,
  "state_ordinal": 41,
  "start_time_wall": 1756969571.3289,
  "end_time_wall": 1756969571.361227,
  "wall_time_sec": 0.03232660600042436,
  "steps": 275,
  "packets": 3889595,
  "dropped": 0,
  "running_total_steps": 35153,
  "running_total_packets": 499192435,
  "running_total_dropped": 630659,
  "running_total_time_sec": 73.64135029200042,
  "p_gb": 0.00098,
  "p_bg": 0.98,
  "good_loss_rate": 0.0,
  "bad_loss_rate": 1.0
}