{
  "state": "good",
  "episode_index": 336,
  "state_ordinal": 168,
  "start_time_wall": 1756969894.1395288,
  "end_time_wall": 1756969897.1742578,
  "wall_time_sec": 3.034728573002212,
  "steps": 1378,
  "packets": 19549266,
  "dropped": 1,
  "running_total_steps": 165107,
  "running_total_packets": 2344366227,
  "running_total_dropped": 2391140,
  "running_total_time_sec": 399.4543808720009,
  "p_gb": 0.00098,
  "p_bg": 0.98,
  "good_loss_rate": 0.0,
  "bad_loss_rate": 1.0
}