{
  "state": "good",
  "episode_index": 714,
  "state_ordinal": 357,
  "start_time_wall": 1756970406.3812828,
  "end_time_wall": 1756970407.0207744,
  "wall_time_sec": 0.6394913920012186,
  "steps": 288,
  "packets": 4203478,
  "dropped": 0,
  "running_total_steps": 361030,
  "running_total_packets": 5126269910,
  "running_total_dropped": 5629935,
  "running_total_time_sec": 909.3008975400007,
  "p_gb": 0.00098,
  "p_bg": 0.98,
  "good_loss_rate": 0.0,
  "bad_loss_rate": 1.0
}