{
  "state": "good",
  "episode_index": 288,
  "state_ordinal": 144,
  "start_time_wall": 1756969851.8416579,
  "end_time_wall": 1756969852.46427,
  "wall_time_sec": 0.6226121029976639,
  "steps": 459,
  "packets": 6449888,
  "dropped": 0,
  "running_total_steps": 142419,
  "running_total_packets": 2022225103,
  "running_total_dropped": 2068563,
  "running_total_time_sec": 354.7443931509988,
  "p_gb": 0.00098,
  "p_bg": 0.98,
  "good_loss_rate": 0.0,
  "bad_loss_rate": 1.0
}