{
  "state": "good",
  "episode_index": 130,
  "state_ordinal": 65,
  "start_time_wall": 1756969628.6803951,
  "end_time_wall": 1756969665.9948084,
  "wall_time_sec": 37.3144128189997,
  "steps": 1160,
  "packets": 16484158,
  "dropped": 1,
  "running_total_steps": 64598,
  "running_total_packets": 917286222,
  "running_total_dropped": 918559,
  "running_total_time_sec": 168.27493145799963,
  "p_gb": 0.00098,
  "p_bg": 0.98,
  "good_loss_rate": 0.0,
  "bad_loss_rate": 1.0
}