{
  "state": "good",
  "episode_index": 924,
  "state_ordinal": 462,
  "start_time_wall": 1756970676.1014948,
  "end_time_wall": 1756970677.5442033,
  "wall_time_sec": 1.442707887999859,
  "steps": 1053,
  "packets": 14908941,
  "dropped": 0,
  "running_total_steps": 461203,
  "running_total_packets": 6548524447,
  "running_total_dropped": 7132927,
  "running_total_time_sec": 1179.8243264109988,
  "p_gb": 0.00098,
  "p_bg": 0.98,
  "good_loss_rate": 0.0,
  "bad_loss_rate": 1.0
}