{
  "state": "good",
  "episode_index": 1010,
  "state_ordinal": 505,
  "start_time_wall": 1756970766.8988495,
  "end_time_wall": 1756970767.4932714,
  "wall_time_sec": 0.5944216590032738,
  "steps": 77,
  "packets": 1165865,
  "dropped": 0,
  "running_total_steps": 506333,
  "running_total_packets": 7189345253,
  "running_total_dropped": 7697093,
  "running_total_time_sec": 1269.7733944950014,
  "p_gb": 0.00098,
  "p_bg": 0.98,
  "good_loss_rate": 0.0,
  "bad_loss_rate": 1.0
}