{
  "state": "bad",
  "episode_index": 1099,
  "state_ordinal": 549,
  "start_time_wall": 1756996699.5269,
  "end_time_wall": 1756996699.5343657,
  "wall_time_sec": 0.007465772003342863,
  "steps": 1,
  "packets": 11571,
  "dropped": 11571,
  "running_total_steps": 174158,
  "running_total_packets": 2472899532,
  "running_total_dropped": 14680410,
  "running_total_time_sec": 774.915829743004,
  "p_gb": 0.00303,
  "p_bg": 0.6,
  "good_loss_rate": 0.0,
  "bad_loss_rate": 1.0
}