{
  "state": "bad",
  "episode_index": 249,
  "state_ordinal": 124,
  "start_time_wall": 1756996074.0339406,
  "end_time_wall": 1756996074.229813,
  "wall_time_sec": 0.1958728190002148,
  "steps": 2,
  "packets": 63638,
  "dropped": 63638,
  "running_total_steps": 34129,
  "running_total_packets": 484648021,
  "running_total_dropped": 3167809,
  "running_total_time_sec": 149.6112773440036,
  "p_gb": 0.00303,
  "p_bg": 0.6,
  "good_loss_rate": 0.0,
  "bad_loss_rate": 1.0
}