{
  "state": "bad",
  "episode_index": 827,
  "state_ordinal": 413,
  "start_time_wall": 1756996471.6742473,
  "end_time_wall": 1756996471.8269157,
  "wall_time_sec": 0.1526687809964642,
  "steps": 1,
  "packets": 1447,
  "dropped": 1447,
  "running_total_steps": 127800,
  "running_total_packets": 1814618192,
  "running_total_dropped": 11120678,
  "running_total_time_sec": 547.2083798340027,
  "p_gb": 0.00303,
  "p_bg": 0.6,
  "good_loss_rate": 0.0,
  "bad_loss_rate": 1.0
}