{
  "state": "bad",
  "episode_index": 691,
  "state_ordinal": 345,
  "start_time_wall": 1756996385.6813273,
  "end_time_wall": 1756996385.6818502,
  "wall_time_sec": 0.0005227729998296127,
  "steps": 1,
  "packets": 6,
  "dropped": 6,
  "running_total_steps": 105103,
  "running_total_packets": 1492355563,
  "running_total_dropped": 9026198,
  "running_total_time_sec": 461.0633140570062,
  "p_gb": 0.00303,
  "p_bg": 0.6,
  "good_loss_rate": 0.0,
  "bad_loss_rate": 1.0
}