{
  "state": "bad",
  "episode_index": 1301,
  "state_ordinal": 650,
  "start_time_wall": 1756996893.0745637,
  "end_time_wall": 1756996893.0761273,
  "wall_time_sec": 0.001563410995004233,
  "steps": 1,
  "packets": 1447,
  "dropped": 1447,
  "running_total_steps": 213252,
  "running_total_packets": 3027897432,
  "running_total_dropped": 16984646,
  "running_total_time_sec": 968.4575912569999,
  "p_gb": 0.00303,
  "p_bg": 0.6,
  "good_loss_rate": 0.0,
  "bad_loss_rate": 1.0
}