{
  "state": "bad",
  "episode_index": 945,
  "state_ordinal": 472,
  "start_time_wall": 1756996584.6344159,
  "end_time_wall": 1756996584.6531672,
  "wall_time_sec": 0.01875212199956877,
  "steps": 1,
  "packets": 31819,
  "dropped": 31819,
  "running_total_steps": 147018,
  "running_total_packets": 2087545516,
  "running_total_dropped": 12880991,
  "running_total_time_sec": 660.0346318100055,
  "p_gb": 0.00303,
  "p_bg": 0.6,
  "good_loss_rate": 0.0,
  "bad_loss_rate": 1.0
}