{
  "state": "bad",
  "episode_index": 1357,
  "state_ordinal": 678,
  "start_time_wall": 1756996909.748395,
  "end_time_wall": 1756996909.8983335,
  "wall_time_sec": 0.14993855300417636,
  "steps": 1,
  "packets": 11571,
  "dropped": 11571,
  "running_total_steps": 220838,
  "running_total_packets": 3135630266,
  "running_total_dropped": 17866962,
  "running_total_time_sec": 985.2797975280046,
  "p_gb": 0.00303,
  "p_bg": 0.6,
  "good_loss_rate": 0.0,
  "bad_loss_rate": 1.0
}