{
  "state": "bad",
  "episode_index": 1165,
  "state_ordinal": 582,
  "start_time_wall": 1756996760.7965114,
  "end_time_wall": 1756996760.8043988,
  "wall_time_sec": 0.007887627005402464,
  "steps": 1,
  "packets": 11571,
  "dropped": 11571,
  "running_total_steps": 186092,
  "running_total_packets": 2642267140,
  "running_total_dropped": 15480299,
  "running_total_time_sec": 836.1858629410053,
  "p_gb": 0.00303,
  "p_bg": 0.6,
  "good_loss_rate": 0.0,
  "bad_loss_rate": 1.0
}