{
  "state": "bad",
  "episode_index": 519,
  "state_ordinal": 259,
  "start_time_wall": 1756996301.4498045,
  "end_time_wall": 1756996301.6255383,
  "wall_time_sec": 0.17573376599466428,
  "steps": 4,
  "packets": 76656,
  "dropped": 76656,
  "running_total_steps": 82597,
  "running_total_packets": 1172806533,
  "running_total_dropped": 6491934,
  "running_total_time_sec": 377.00700232500094,
  "p_gb": 0.00303,
  "p_bg": 0.6,
  "good_loss_rate": 0.0,
  "bad_loss_rate": 1.0
}