{
  "state": "bad",
  "episode_index": 1055,
  "state_ordinal": 527,
  "start_time_wall": 1756996684.4600062,
  "end_time_wall": 1756996684.6434002,
  "wall_time_sec": 0.18339422699500574,
  "steps": 2,
  "packets": 43390,
  "dropped": 43390,
  "running_total_steps": 167145,
  "running_total_packets": 2373301731,
  "running_total_dropped": 14114853,
  "running_total_time_sec": 760.024864416002,
  "p_gb": 0.00303,
  "p_bg": 0.6,
  "good_loss_rate": 0.0,
  "bad_loss_rate": 1.0
}