{
  "state": "bad",
  "episode_index": 507,
  "state_ordinal": 253,
  "start_time_wall": 1756996243.33827,
  "end_time_wall": 1756996243.53615,
  "wall_time_sec": 0.19787998600077117,
  "steps": 3,
  "packets": 75209,
  "dropped": 75209,
  "running_total_steps": 79984,
  "running_total_packets": 1135705612,
  "running_total_dropped": 6211331,
  "running_total_time_sec": 318.9176140300042,
  "p_gb": 0.00303,
  "p_bg": 0.6,
  "good_loss_rate": 0.0,
  "bad_loss_rate": 1.0
}