{
  "state": "bad",
  "episode_index": 1183,
  "state_ordinal": 591,
  "start_time_wall": 1756996767.5323293,
  "end_time_wall": 1756996767.7173448,
  "wall_time_sec": 0.1850159889945644,
  "steps": 1,
  "packets": 31819,
  "dropped": 31819,
  "running_total_steps": 189220,
  "running_total_packets": 2686778400,
  "running_total_dropped": 15659655,
  "running_total_time_sec": 843.0988090259998,
  "p_gb": 0.00303,
  "p_bg": 0.6,
  "good_loss_rate": 0.0,
  "bad_loss_rate": 1.0
}