{
  "state": "bad",
  "episode_index": 931,
  "state_ordinal": 465,
  "start_time_wall": 1756996580.973864,
  "end_time_wall": 1756996581.148482,
  "wall_time_sec": 0.17461832799745025,
  "steps": 1,
  "packets": 31819,
  "dropped": 31819,
  "running_total_steps": 145464,
  "running_total_packets": 2065443210,
  "running_total_dropped": 12739244,
  "running_total_time_sec": 656.5299465030039,
  "p_gb": 0.00303,
  "p_bg": 0.6,
  "good_loss_rate": 0.0,
  "bad_loss_rate": 1.0
}