{
  "state": "bad",
  "episode_index": 405,
  "state_ordinal": 202,
  "start_time_wall": 1756996172.5332084,
  "end_time_wall": 1756996172.5523937,
  "wall_time_sec": 0.01918560900230659,
  "steps": 2,
  "packets": 31825,
  "dropped": 31825,
  "running_total_steps": 63141,
  "running_total_packets": 896675236,
  "running_total_dropped": 4790895,
  "running_total_time_sec": 247.9338579250034,
  "p_gb": 0.00303,
  "p_bg": 0.6,
  "good_loss_rate": 0.0,
  "bad_loss_rate": 1.0
}