{
  "state": "bad",
  "episode_index": 1109,
  "state_ordinal": 554,
  "start_time_wall": 1756996704.7052903,
  "end_time_wall": 1756996704.7141557,
  "wall_time_sec": 0.008865681003953796,
  "steps": 2,
  "packets": 13018,
  "dropped": 13018,
  "running_total_steps": 176661,
  "running_total_packets": 2508363033,
  "running_total_dropped": 14784557,
  "running_total_time_sec": 780.0956198210042,
  "p_gb": 0.00303,
  "p_bg": 0.6,
  "good_loss_rate": 0.0,
  "bad_loss_rate": 1.0
}