{
  "state": "bad",
  "episode_index": 717,
  "state_ordinal": 358,
  "start_time_wall": 1756996394.2393134,
  "end_time_wall": 1756996394.4088295,
  "wall_time_sec": 0.16951651500130538,
  "steps": 2,
  "packets": 43390,
  "dropped": 43390,
  "running_total_steps": 109056,
  "running_total_packets": 1548519718,
  "running_total_dropped": 9220036,
  "running_total_time_sec": 469.79029383700254,
  "p_gb": 0.00303,
  "p_bg": 0.6,
  "good_loss_rate": 0.0,
  "bad_loss_rate": 1.0
}