{
  "state": "bad",
  "episode_index": 457,
  "state_ordinal": 228,
  "start_time_wall": 1756996225.0541773,
  "end_time_wall": 1756996225.246831,
  "wall_time_sec": 0.1926536370010581,
  "steps": 2,
  "packets": 63638,
  "dropped": 63638,
  "running_total_steps": 71434,
  "running_total_packets": 1014383038,
  "running_total_dropped": 5434574,
  "running_total_time_sec": 300.62829495700134,
  "p_gb": 0.00303,
  "p_bg": 0.6,
  "good_loss_rate": 0.0,
  "bad_loss_rate": 1.0
}