{
  "state": "bad",
  "episode_index": 1245,
  "state_ordinal": 622,
  "start_time_wall": 1756996837.308801,
  "end_time_wall": 1756996837.3165796,
  "wall_time_sec": 0.007778653998684604,
  "steps": 1,
  "packets": 11571,
  "dropped": 11571,
  "running_total_steps": 204455,
  "running_total_packets": 2903111969,
  "running_total_dropped": 16296111,
  "running_total_time_sec": 912.6980436310041,
  "p_gb": 0.00303,
  "p_bg": 0.6,
  "good_loss_rate": 0.0,
  "bad_loss_rate": 1.0
}