{
  "state": "bad",
  "episode_index": 817,
  "state_ordinal": 408,
  "start_time_wall": 1756996467.6409264,
  "end_time_wall": 1756996467.6595373,
  "wall_time_sec": 0.018611487997986842,
  "steps": 1,
  "packets": 31819,
  "dropped": 31819,
  "running_total_steps": 125834,
  "running_total_packets": 1786854324,
  "running_total_dropped": 11071499,
  "running_total_time_sec": 543.0410017640024,
  "p_gb": 0.00303,
  "p_bg": 0.6,
  "good_loss_rate": 0.0,
  "bad_loss_rate": 1.0
}