{
  "state": "bad",
  "episode_index": 1367,
  "state_ordinal": 683,
  "start_time_wall": 1756996913.216825,
  "end_time_wall": 1756996913.4001725,
  "wall_time_sec": 0.18334797200077446,
  "steps": 1,
  "packets": 31819,
  "dropped": 31819,
  "running_total_steps": 222175,
  "running_total_packets": 3154699283,
  "running_total_dropped": 18037652,
  "running_total_time_sec": 988.7816370330038,
  "p_gb": 0.00303,
  "p_bg": 0.6,
  "good_loss_rate": 0.0,
  "bad_loss_rate": 1.0
}