{
  "state": "bad",
  "episode_index": 595,
  "state_ordinal": 297,
  "start_time_wall": 1756996326.8068347,
  "end_time_wall": 1756996326.8073306,
  "wall_time_sec": 0.000495952001074329,
  "steps": 1,
  "packets": 6,
  "dropped": 6,
  "running_total_steps": 94122,
  "running_total_packets": 1336542969,
  "running_total_dropped": 7861729,
  "running_total_time_sec": 402.1887945240014,
  "p_gb": 0.00303,
  "p_bg": 0.6,
  "good_loss_rate": 0.0,
  "bad_loss_rate": 1.0
}