{
  "state": "bad",
  "episode_index": 1259,
  "state_ordinal": 629,
  "start_time_wall": 1756996841.947339,
  "end_time_wall": 1756996841.9487097,
  "wall_time_sec": 0.0013706669997191057,
  "steps": 1,
  "packets": 1447,
  "dropped": 1447,
  "running_total_steps": 206812,
  "running_total_packets": 2936452030,
  "running_total_dropped": 16517404,
  "running_total_time_sec": 917.330173565002,
  "p_gb": 0.00303,
  "p_bg": 0.6,
  "good_loss_rate": 0.0,
  "bad_loss_rate": 1.0
}