{
  "state": "bad",
  "episode_index": 1365,
  "state_ordinal": 682,
  "start_time_wall": 1756996911.5480819,
  "end_time_wall": 1756996911.6949048,
  "wall_time_sec": 0.14682297200488392,
  "steps": 2,
  "packets": 12,
  "dropped": 12,
  "running_total_steps": 221566,
  "running_total_packets": 3146047858,
  "running_total_dropped": 18005833,
  "running_total_time_sec": 987.0763688440056,
  "p_gb": 0.00303,
  "p_bg": 0.6,
  "good_loss_rate": 0.0,
  "bad_loss_rate": 1.0
}