{
  "state": "bad",
  "episode_index": 381,
  "state_ordinal": 190,
  "start_time_wall": 1756996164.024127,
  "end_time_wall": 1756996164.0249927,
  "wall_time_sec": 0.0008658229999127798,
  "steps": 2,
  "packets": 12,
  "dropped": 12,
  "running_total_steps": 59257,
  "running_total_packets": 841419477,
  "running_total_dropped": 4620179,
  "running_total_time_sec": 239.40645675600535,
  "p_gb": 0.00303,
  "p_bg": 0.6,
  "good_loss_rate": 0.0,
  "bad_loss_rate": 1.0
}