{
  "state": "bad",
  "episode_index": 849,
  "state_ordinal": 424,
  "start_time_wall": 1756996514.8835723,
  "end_time_wall": 1756996515.0617807,
  "wall_time_sec": 0.17820860099891433,
  "steps": 4,
  "packets": 63650,
  "dropped": 63650,
  "running_total_steps": 131617,
  "running_total_packets": 1868829597,
  "running_total_dropped": 11548823,
  "running_total_time_sec": 590.4432447190047,
  "p_gb": 0.00303,
  "p_bg": 0.6,
  "good_loss_rate": 0.0,
  "bad_loss_rate": 1.0
}