{
  "state": "bad",
  "episode_index": 145,
  "state_ordinal": 72,
  "start_time_wall": 1756996002.0684047,
  "end_time_wall": 1756996002.2283967,
  "wall_time_sec": 0.1599919049986056,
  "steps": 1,
  "packets": 1447,
  "dropped": 1447,
  "running_total_steps": 17580,
  "running_total_packets": 249699636,
  "running_total_dropped": 2033728,
  "running_total_time_sec": 77.60986052000226,
  "p_gb": 0.00303,
  "p_bg": 0.6,
  "good_loss_rate": 0.0,
  "bad_loss_rate": 1.0
}