{
  "state": "bad",
  "episode_index": 635,
  "state_ordinal": 317,
  "start_time_wall": 1756996373.1961558,
  "end_time_wall": 1756996373.2551367,
  "wall_time_sec": 0.05898096899909433,
  "steps": 4,
  "packets": 95463,
  "dropped": 95463,
  "running_total_steps": 99492,
  "running_total_packets": 1412688891,
  "running_total_dropped": 8456218,
  "running_total_time_sec": 448.6366008710029,
  "p_gb": 0.00303,
  "p_bg": 0.6,
  "good_loss_rate": 0.0,
  "bad_loss_rate": 1.0
}