{
  "state": "bad",
  "episode_index": 745,
  "state_ordinal": 372,
  "start_time_wall": 1756996444.8072057,
  "end_time_wall": 1756996444.9539127,
  "wall_time_sec": 0.1467075289983768,
  "steps": 2,
  "packets": 13018,
  "dropped": 13018,
  "running_total_steps": 115521,
  "running_total_packets": 1640286245,
  "running_total_dropped": 9920100,
  "running_total_time_sec": 520.3353769610039,
  "p_gb": 0.00303,
  "p_bg": 0.6,
  "good_loss_rate": 0.0,
  "bad_loss_rate": 1.0
}