{
  "state": "bad",
  "episode_index": 597,
  "state_ordinal": 298,
  "start_time_wall": 1756996327.3932385,
  "end_time_wall": 1756996327.5623648,
  "wall_time_sec": 0.16912652600149158,
  "steps": 1,
  "packets": 31819,
  "dropped": 31819,
  "running_total_steps": 94456,
  "running_total_packets": 1341187636,
  "running_total_dropped": 7893548,
  "running_total_time_sec": 402.94382900400524,
  "p_gb": 0.00303,
  "p_bg": 0.6,
  "good_loss_rate": 0.0,
  "bad_loss_rate": 1.0
}