{
  "state": "bad",
  "episode_index": 263,
  "state_ordinal": 131,
  "start_time_wall": 1756996079.4022026,
  "end_time_wall": 1756996079.5593367,
  "wall_time_sec": 0.15713414499623468,
  "steps": 1,
  "packets": 6,
  "dropped": 6,
  "running_total_steps": 36561,
  "running_total_packets": 519169860,
  "running_total_dropped": 3364551,
  "running_total_time_sec": 154.94080072799989,
  "p_gb": 0.00303,
  "p_bg": 0.6,
  "good_loss_rate": 0.0,
  "bad_loss_rate": 1.0
}