{
  "state": "bad",
  "episode_index": 167,
  "state_ordinal": 83,
  "start_time_wall": 1756996009.1475692,
  "end_time_wall": 1756996009.3205957,
  "wall_time_sec": 0.17302673100493848,
  "steps": 1,
  "packets": 11571,
  "dropped": 11571,
  "running_total_steps": 20771,
  "running_total_packets": 295010811,
  "running_total_dropped": 2312888,
  "running_total_time_sec": 84.70205986700603,
  "p_gb": 0.00303,
  "p_bg": 0.6,
  "good_loss_rate": 0.0,
  "bad_loss_rate": 1.0
}