{
  "state": "good",
  "episode_index": 976,
  "state_ordinal": 488,
  "start_time_wall": 1756996598.5522513,
  "end_time_wall": 1756996598.5728662,
  "wall_time_sec": 0.02061434000643203,
  "steps": 158,
  "packets": 2110434,
  "dropped": 0,
  "running_total_steps": 153546,
  "running_total_packets": 2180162578,
  "running_total_dropped": 13186210,
  "running_total_time_sec": 673.9543301370068,
  "p_gb": 0.00303,
  "p_bg": 0.6,
  "good_loss_rate": 0.0,
  "bad_loss_rate": 1.0
}