{
  "state": "good",
  "episode_index": 1034,
  "state_ordinal": 517,
  "start_time_wall": 1756996676.7950096,
  "end_time_wall": 1756996677.7736018,
  "wall_time_sec": 0.9785921200018493,
  "steps": 591,
  "packets": 8427222,
  "dropped": 0,
  "running_total_steps": 164088,
  "running_total_packets": 2329949095,
  "running_total_dropped": 13864619,
  "running_total_time_sec": 753.1550656090039,
  "p_gb": 0.00303,
  "p_bg": 0.6,
  "good_loss_rate": 0.0,
  "bad_loss_rate": 1.0
}