{
  "state": "good",
  "episode_index": 380,
  "state_ordinal": 190,
  "start_time_wall": 1756996163.9994369,
  "end_time_wall": 1756996164.024127,
  "wall_time_sec": 0.024689707002835348,
  "steps": 210,
  "packets": 2975422,
  "dropped": 0,
  "running_total_steps": 59255,
  "running_total_packets": 841419465,
  "running_total_dropped": 4620167,
  "running_total_time_sec": 239.40559093300544,
  "p_gb": 0.00303,
  "p_bg": 0.6,
  "good_loss_rate": 0.0,
  "bad_loss_rate": 1.0
}