{
  "state": "good",
  "episode_index": 664,
  "state_ordinal": 332,
  "start_time_wall": 1756996382.0317557,
  "end_time_wall": 1756996382.6162362,
  "wall_time_sec": 0.5844803260042681,
  "steps": 36,
  "packets": 652362,
  "dropped": 0,
  "running_total_steps": 103526,
  "running_total_packets": 1470081120,
  "running_total_dropped": 8752777,
  "running_total_time_sec": 457.99770021000586,
  "p_gb": 0.00303,
  "p_bg": 0.6,
  "good_loss_rate": 0.0,
  "bad_loss_rate": 1.0
}