{
  "state": "good",
  "episode_index": 516,
  "state_ordinal": 258,
  "start_time_wall": 1756996299.9000664,
  "end_time_wall": 1756996300.8476665,
  "wall_time_sec": 0.9476001470029587,
  "steps": 573,
  "packets": 8182771,
  "dropped": 0,
  "running_total_steps": 82135,
  "running_total_packets": 1166279995,
  "running_total_dropped": 6403707,
  "running_total_time_sec": 376.2291303450038,
  "p_gb": 0.00303,
  "p_bg": 0.6,
  "good_loss_rate": 0.0,
  "bad_loss_rate": 1.0
}