{
  "state": "good",
  "episode_index": 890,
  "state_ordinal": 445,
  "start_time_wall": 1756996529.9751358,
  "end_time_wall": 1756996530.5486026,
  "wall_time_sec": 0.5734670320016448,
  "steps": 154,
  "packets": 2214567,
  "dropped": 1,
  "running_total_steps": 138559,
  "running_total_packets": 1967469811,
  "running_total_dropped": 12124497,
  "running_total_time_sec": 605.930066699002,
  "p_gb": 0.00303,
  "p_bg": 0.6,
  "good_loss_rate": 0.0,
  "bad_loss_rate": 1.0
}