{
  "state": "good",
  "episode_index": 1246,
  "state_ordinal": 623,
  "start_time_wall": 1756996837.3165796,
  "end_time_wall": 1756996837.9453554,
  "wall_time_sec": 0.6287759600018035,
  "steps": 383,
  "packets": 5453253,
  "dropped": 0,
  "running_total_steps": 204838,
  "running_total_packets": 2908565222,
  "running_total_dropped": 16296111,
  "running_total_time_sec": 913.3268195910059,
  "p_gb": 0.00303,
  "p_bg": 0.6,
  "good_loss_rate": 0.0,
  "bad_loss_rate": 1.0
}