{
  "state": "good",
  "episode_index": 1268,
  "state_ordinal": 634,
  "start_time_wall": 1756996846.19662,
  "end_time_wall": 1756996884.1458642,
  "wall_time_sec": 37.949243481998565,
  "steps": 632,
  "packets": 8958091,
  "dropped": 0,
  "running_total_steps": 209157,
  "running_total_packets": 2969834028,
  "running_total_dropped": 16595515,
  "running_total_time_sec": 959.5273281120026,
  "p_gb": 0.00303,
  "p_bg": 0.6,
  "good_loss_rate": 0.0,
  "bad_loss_rate": 1.0
}