{
  "state": "good",
  "episode_index": 612,
  "state_ordinal": 306,
  "start_time_wall": 1756996331.0085406,
  "end_time_wall": 1756996331.0372758,
  "wall_time_sec": 0.028734719999192748,
  "steps": 223,
  "packets": 3122963,
  "dropped": 0,
  "running_total_steps": 96119,
  "running_total_packets": 1364865171,
  "running_total_dropped": 8045432,
  "running_total_time_sec": 406.4187398380018,
  "p_gb": 0.00303,
  "p_bg": 0.6,
  "good_loss_rate": 0.0,
  "bad_loss_rate": 1.0
}