{
  "state": "good",
  "episode_index": 1338,
  "state_ordinal": 669,
  "start_time_wall": 1756996901.0645554,
  "end_time_wall": 1756996901.0999868,
  "wall_time_sec": 0.03543104200070957,
  "steps": 291,
  "packets": 4068967,
  "dropped": 0,
  "running_total_steps": 216817,
  "running_total_packets": 3078540355,
  "running_total_dropped": 17495227,
  "running_total_time_sec": 976.4814506010007,
  "p_gb": 0.00303,
  "p_bg": 0.6,
  "good_loss_rate": 0.0,
  "bad_loss_rate": 1.0
}