{
  "state": "good",
  "episode_index": 196,
  "state_ordinal": 98,
  "start_time_wall": 1756996021.8235312,
  "end_time_wall": 1756996021.8372722,
  "wall_time_sec": 0.013740519003476948,
  "steps": 130,
  "packets": 1808098,
  "dropped": 0,
  "running_total_steps": 26684,
  "running_total_packets": 378963406,
  "running_total_dropped": 2690413,
  "running_total_time_sec": 97.21873583800334,
  "p_gb": 0.00303,
  "p_bg": 0.6,
  "good_loss_rate": 0.0,
  "bad_loss_rate": 1.0
}