{
  "state": "good",
  "episode_index": 986,
  "state_ordinal": 493,
  "start_time_wall": 1756996600.4406338,
  "end_time_wall": 1756996600.627421,
  "wall_time_sec": 0.18678667600033805,
  "steps": 141,
  "packets": 2014965,
  "dropped": 0,
  "running_total_steps": 154496,
  "running_total_packets": 2193701686,
  "running_total_dropped": 13478381,
  "running_total_time_sec": 676.0088849260064,
  "p_gb": 0.00303,
  "p_bg": 0.6,
  "good_loss_rate": 0.0,
  "bad_loss_rate": 1.0
}