{
  "state": "good",
  "episode_index": 176,
  "state_ordinal": 88,
  "start_time_wall": 1756996015.5133195,
  "end_time_wall": 1756996015.5459454,
  "wall_time_sec": 0.03262564099713927,
  "steps": 264,
  "packets": 3704452,
  "dropped": 0,
  "running_total_steps": 23819,
  "running_total_packets": 338291121,
  "running_total_dropped": 2432949,
  "running_total_time_sec": 90.92740922200028,
  "p_gb": 0.00303,
  "p_bg": 0.6,
  "good_loss_rate": 0.0,
  "bad_loss_rate": 1.0
}