{
  "state": "good",
  "episode_index": 1346,
  "state_ordinal": 673,
  "start_time_wall": 1756996903.672861,
  "end_time_wall": 1756996904.6658983,
  "wall_time_sec": 0.9930367540000589,
  "steps": 737,
  "packets": 10372755,
  "dropped": 1,
  "running_total_steps": 218434,
  "running_total_packets": 3101493196,
  "running_total_dropped": 17660123,
  "running_total_time_sec": 980.0473620040066,
  "p_gb": 0.00303,
  "p_bg": 0.6,
  "good_loss_rate": 0.0,
  "bad_loss_rate": 1.0
}