{
  "state": "good",
  "episode_index": 124,
  "state_ordinal": 62,
  "start_time_wall": 1756995960.0682697,
  "end_time_wall": 1756995960.6889145,
  "wall_time_sec": 0.6206440969981486,
  "steps": 405,
  "packets": 5719417,
  "dropped": 0,
  "running_total_steps": 15131,
  "running_total_packets": 214965165,
  "running_total_dropped": 1544830,
  "running_total_time_sec": 36.07037836800009,
  "p_gb": 0.00303,
  "p_bg": 0.6,
  "good_loss_rate": 0.0,
  "bad_loss_rate": 1.0
}