{
  "state": "good",
  "episode_index": 1304,
  "state_ordinal": 652,
  "start_time_wall": 1756996893.8161607,
  "end_time_wall": 1756996894.4062397,
  "wall_time_sec": 0.5900787260034122,
  "steps": 102,
  "packets": 1517362,
  "dropped": 0,
  "running_total_steps": 213712,
  "running_total_packets": 3034516550,
  "running_total_dropped": 16986093,
  "running_total_time_sec": 969.787703591006,
  "p_gb": 0.00303,
  "p_bg": 0.6,
  "good_loss_rate": 0.0,
  "bad_loss_rate": 1.0
}