{
  "state": "good",
  "episode_index": 438,
  "state_ordinal": 219,
  "start_time_wall": 1756996220.9111738,
  "end_time_wall": 1756996220.9203384,
  "wall_time_sec": 0.009164370996586513,
  "steps": 85,
  "packets": 1139829,
  "dropped": 0,
  "running_total_steps": 69741,
  "running_total_packets": 990245531,
  "running_total_dropped": 5125043,
  "running_total_time_sec": 296.30180236900196,
  "p_gb": 0.00303,
  "p_bg": 0.6,
  "good_loss_rate": 0.0,
  "bad_loss_rate": 1.0
}