{
  "state": "good",
  "episode_index": 162,
  "state_ordinal": 81,
  "start_time_wall": 1756996006.7815921,
  "end_time_wall": 1756996006.8041365,
  "wall_time_sec": 0.022544368999660946,
  "steps": 199,
  "packets": 2822092,
  "dropped": 0,
  "running_total_steps": 19894,
  "running_total_packets": 282505934,
  "running_total_dropped": 2257921,
  "running_total_time_sec": 82.18560045800405,
  "p_gb": 0.00303,
  "p_bg": 0.6,
  "good_loss_rate": 0.0,
  "bad_loss_rate": 1.0
}