{
  "state": "good",
  "episode_index": 1186,
  "state_ordinal": 593,
  "start_time_wall": 1756996767.7670262,
  "end_time_wall": 1756996767.7687068,
  "wall_time_sec": 0.001680564004345797,
  "steps": 15,
  "packets": 147553,
  "dropped": 0,
  "running_total_steps": 189482,
  "running_total_packets": 2690419214,
  "running_total_dropped": 15691475,
  "running_total_time_sec": 843.1501708480064,
  "p_gb": 0.00303,
  "p_bg": 0.6,
  "good_loss_rate": 0.0,
  "bad_loss_rate": 1.0
}