{
  "state": "good",
  "episode_index": 414,
  "state_ordinal": 207,
  "start_time_wall": 1756996210.6168346,
  "end_time_wall": 1756996210.6198373,
  "wall_time_sec": 0.0030024849984329194,
  "steps": 22,
  "packets": 269046,
  "dropped": 0,
  "running_total_steps": 64580,
  "running_total_packets": 917043212,
  "running_total_dropped": 4847316,
  "running_total_time_sec": 286.00130110000464,
  "p_gb": 0.00303,
  "p_bg": 0.6,
  "good_loss_rate": 0.0,
  "bad_loss_rate": 1.0
}