{
  "state": "good",
  "episode_index": 1136,
  "state_ordinal": 568,
  "start_time_wall": 1756996752.7569456,
  "end_time_wall": 1756996752.7629468,
  "wall_time_sec": 0.006001145993650425,
  "steps": 44,
  "packets": 595954,
  "dropped": 0,
  "running_total_steps": 182479,
  "running_total_packets": 2590992103,
  "running_total_dropped": 15037700,
  "running_total_time_sec": 828.1444108590003,
  "p_gb": 0.00303,
  "p_bg": 0.6,
  "good_loss_rate": 0.0,
  "bad_loss_rate": 1.0
}