{
  "state": "good",
  "episode_index": 334,
  "state_ordinal": 167,
  "start_time_wall": 1756996145.251993,
  "end_time_wall": 1756996145.2611766,
  "wall_time_sec": 0.009183732996461913,
  "steps": 85,
  "packets": 1200573,
  "dropped": 0,
  "running_total_steps": 50339,
  "running_total_packets": 714875077,
  "running_total_dropped": 4222368,
  "running_total_time_sec": 220.6426404840022,
  "p_gb": 0.00303,
  "p_bg": 0.6,
  "good_loss_rate": 0.0,
  "bad_loss_rate": 1.0
}