{
  "state": "good",
  "episode_index": 368,
  "state_ordinal": 184,
  "start_time_wall": 1756996159.6806195,
  "end_time_wall": 1756996159.861519,
  "wall_time_sec": 0.18089952900481876,
  "steps": 109,
  "packets": 1607042,
  "dropped": 0,
  "running_total_steps": 57154,
  "running_total_packets": 811633426,
  "running_total_dropped": 4540605,
  "running_total_time_sec": 235.2429830290057,
  "p_gb": 0.00303,
  "p_bg": 0.6,
  "good_loss_rate": 0.0,
  "bad_loss_rate": 1.0
}