{
  "state": "good",
  "episode_index": 342,
  "state_ordinal": 171,
  "start_time_wall": 1756996149.3855271,
  "end_time_wall": 1756996149.3904989,
  "wall_time_sec": 0.00497160400118446,
  "steps": 38,
  "packets": 499038,
  "dropped": 0,
  "running_total_steps": 52217,
  "running_total_packets": 741436913,
  "running_total_dropped": 4267219,
  "running_total_time_sec": 224.77196273700247,
  "p_gb": 0.00303,
  "p_bg": 0.6,
  "good_loss_rate": 0.0,
  "bad_loss_rate": 1.0
}