{
  "state": "good",
  "episode_index": 830,
  "state_ordinal": 415,
  "start_time_wall": 1756996472.797817,
  "end_time_wall": 1756996473.3887477,
  "wall_time_sec": 0.5909303720036405,
  "steps": 200,
  "packets": 2822098,
  "dropped": 0,
  "running_total_steps": 128581,
  "running_total_packets": 1825746001,
  "running_total_dropped": 11152499,
  "running_total_time_sec": 548.7702117060035,
  "p_gb": 0.00303,
  "p_bg": 0.6,
  "good_loss_rate": 0.0,
  "bad_loss_rate": 1.0
}