{
  "state": "good",
  "episode_index": 230,
  "state_ordinal": 115,
  "start_time_wall": 1756996031.2141328,
  "end_time_wall": 1756996031.8064198,
  "wall_time_sec": 0.5922871449947706,
  "steps": 86,
  "packets": 1285929,
  "dropped": 0,
  "running_total_steps": 31193,
  "running_total_packets": 443035515,
  "running_total_dropped": 2908896,
  "running_total_time_sec": 107.18788395600131,
  "p_gb": 0.00303,
  "p_bg": 0.6,
  "good_loss_rate": 0.0,
  "bad_loss_rate": 1.0
}