{
  "state": "bad",
  "episode_index": 155,
  "state_ordinal": 77,
  "start_time_wall": 1756965791.9585497,
  "end_time_wall": 1756965792.1149309,
  "wall_time_sec": 0.15638131300147506,
  "steps": 1,
  "packets": 6,
  "dropped": 6,
  "running_total_steps": 78306,
  "running_total_packets": 1111934061,
  "running_total_dropped": 5748355,
  "running_total_time_sec": 159.93291559600038,
  "p_gb": 0.001,
  "p_bg": 0.2,
  "good_loss_rate": 0.0,
  "bad_loss_rate": 1.0
}