{
  "state": "bad",
  "episode_index": 1397,
  "state_ordinal": 698,
  "start_time_wall": 1756967435.8627741,
  "end_time_wall": 1756967436.045189,
  "wall_time_sec": 0.18241605200091726,
  "steps": 3,
  "packets": 44837,
  "dropped": 44837,
  "running_total_steps": 736077,
  "running_total_packets": 10451404203,
  "running_total_dropped": 50365807,
  "running_total_time_sec": 1803.8631743529986,
  "p_gb": 0.001,
  "p_bg": 0.2,
  "good_loss_rate": 0.0,
  "bad_loss_rate": 1.0
}