{
  "state": "bad",
  "episode_index": 639,
  "state_ordinal": 319,
  "start_time_wall": 1756966465.9353585,
  "end_time_wall": 1756966466.1055026,
  "wall_time_sec": 0.17014497699710773,
  "steps": 5,
  "packets": 57855,
  "dropped": 57855,
  "running_total_steps": 345450,
  "running_total_packets": 4904969120,
  "running_total_dropped": 25124338,
  "running_total_time_sec": 833.9234878609968,
  "p_gb": 0.001,
  "p_bg": 0.2,
  "good_loss_rate": 0.0,
  "bad_loss_rate": 1.0
}