{
  "state": "bad",
  "episode_index": 975,
  "state_ordinal": 487,
  "start_time_wall": 1756966888.1030436,
  "end_time_wall": 1756966888.1221817,
  "wall_time_sec": 0.01913864800008014,
  "steps": 1,
  "packets": 31819,
  "dropped": 31819,
  "running_total_steps": 513486,
  "running_total_packets": 7290843732,
  "running_total_dropped": 36476346,
  "running_total_time_sec": 1255.9401667389975,
  "p_gb": 0.001,
  "p_bg": 0.2,
  "good_loss_rate": 0.0,
  "bad_loss_rate": 1.0
}