{
  "state": "bad",
  "episode_index": 43,
  "state_ordinal": 21,
  "start_time_wall": 1756965684.5500543,
  "end_time_wall": 1756965684.7364097,
  "wall_time_sec": 0.1863561589998426,
  "steps": 2,
  "packets": 43390,
  "dropped": 43390,
  "running_total_steps": 24810,
  "running_total_packets": 352363980,
  "running_total_dropped": 1502864,
  "running_total_time_sec": 52.55439491599827,
  "p_gb": 0.001,
  "p_bg": 0.2,
  "good_loss_rate": 0.0,
  "bad_loss_rate": 1.0
}