{
  "state": "bad",
  "episode_index": 1319,
  "state_ordinal": 659,
  "start_time_wall": 1756967306.1205192,
  "end_time_wall": 1756967306.2689056,
  "wall_time_sec": 0.14838670500103035,
  "steps": 3,
  "packets": 11583,
  "dropped": 11583,
  "running_total_steps": 689048,
  "running_total_packets": 9783662846,
  "running_total_dropped": 48271278,
  "running_total_time_sec": 1674.086890317998,
  "p_gb": 0.001,
  "p_bg": 0.2,
  "good_loss_rate": 0.0,
  "bad_loss_rate": 1.0
}