{
  "state": "bad",
  "episode_index": 201,
  "state_ordinal": 100,
  "start_time_wall": 1756965877.011734,
  "end_time_wall": 1756965877.1560733,
  "wall_time_sec": 0.14433925800040015,
  "steps": 3,
  "packets": 14465,
  "dropped": 14465,
  "running_total_steps": 103828,
  "running_total_packets": 1474274486,
  "running_total_dropped": 6775386,
  "running_total_time_sec": 244.97405771699778,
  "p_gb": 0.001,
  "p_bg": 0.2,
  "good_loss_rate": 0.0,
  "bad_loss_rate": 1.0
}