{
  "state": "bad",
  "episode_index": 1023,
  "state_ordinal": 511,
  "start_time_wall": 1756966948.7193058,
  "end_time_wall": 1756966948.902886,
  "wall_time_sec": 0.18358119700133102,
  "steps": 3,
  "packets": 44837,
  "dropped": 44837,
  "running_total_steps": 544203,
  "running_total_packets": 7727007013,
  "running_total_dropped": 38242532,
  "running_total_time_sec": 1316.7208712799984,
  "p_gb": 0.001,
  "p_bg": 0.2,
  "good_loss_rate": 0.0,
  "bad_loss_rate": 1.0
}