{
  "state": "bad",
  "episode_index": 57,
  "state_ordinal": 28,
  "start_time_wall": 1756965693.4537878,
  "end_time_wall": 1756965693.6391242,
  "wall_time_sec": 0.18533716399906552,
  "steps": 2,
  "packets": 63638,
  "dropped": 63638,
  "running_total_steps": 29341,
  "running_total_packets": 416640033,
  "running_total_dropped": 1880377,
  "running_total_time_sec": 61.45710962999874,
  "p_gb": 0.001,
  "p_bg": 0.2,
  "good_loss_rate": 0.0,
  "bad_loss_rate": 1.0
}