{
  "state": "bad",
  "episode_index": 1033,
  "state_ordinal": 516,
  "start_time_wall": 1756966952.97853,
  "end_time_wall": 1756966952.981105,
  "wall_time_sec": 0.002575133999926038,
  "steps": 2,
  "packets": 2894,
  "dropped": 2894,
  "running_total_steps": 546184,
  "running_total_packets": 7755138278,
  "running_total_dropped": 38653330,
  "running_total_time_sec": 1320.799089704,
  "p_gb": 0.001,
  "p_bg": 0.2,
  "good_loss_rate": 0.0,
  "bad_loss_rate": 1.0
}