{
  "state": "bad",
  "episode_index": 697,
  "state_ordinal": 348,
  "start_time_wall": 1756966505.858765,
  "end_time_wall": 1756966506.0738752,
  "wall_time_sec": 0.21511127200210467,
  "steps": 5,
  "packets": 108475,
  "dropped": 108475,
  "running_total_steps": 365012,
  "running_total_packets": 5182713242,
  "running_total_dropped": 27531286,
  "running_total_time_sec": 873.8918605409999,
  "p_gb": 0.001,
  "p_bg": 0.2,
  "good_loss_rate": 0.0,
  "bad_loss_rate": 1.0
}