{
  "state": "bad",
  "episode_index": 977,
  "state_ordinal": 488,
  "start_time_wall": 1756966892.6995988,
  "end_time_wall": 1756966892.9156482,
  "wall_time_sec": 0.21604942100020708,
  "steps": 8,
  "packets": 121499,
  "dropped": 121499,
  "running_total_steps": 515802,
  "running_total_packets": 7323817825,
  "running_total_dropped": 36597846,
  "running_total_time_sec": 1260.7336326589975,
  "p_gb": 0.001,
  "p_bg": 0.2,
  "good_loss_rate": 0.0,
  "bad_loss_rate": 1.0
}