{
  "state": "bad",
  "episode_index": 723,
  "state_ordinal": 361,
  "start_time_wall": 1756966520.4677343,
  "end_time_wall": 1756966520.834719,
  "wall_time_sec": 0.36698498300029314,
  "steps": 26,
  "packets": 352944,
  "dropped": 352944,
  "running_total_steps": 372241,
  "running_total_packets": 5285332761,
  "running_total_dropped": 28568421,
  "running_total_time_sec": 888.6527035649997,
  "p_gb": 0.001,
  "p_bg": 0.2,
  "good_loss_rate": 0.0,
  "bad_loss_rate": 1.0
}