{
  "state": "bad",
  "episode_index": 1399,
  "state_ordinal": 699,
  "start_time_wall": 1756967436.6674526,
  "end_time_wall": 1756967436.8961468,
  "wall_time_sec": 0.22869427499972517,
  "steps": 10,
  "packets": 121511,
  "dropped": 121511,
  "running_total_steps": 736435,
  "running_total_packets": 10456387355,
  "running_total_dropped": 50487319,
  "running_total_time_sec": 1804.7141313129978,
  "p_gb": 0.001,
  "p_bg": 0.2,
  "good_loss_rate": 0.0,
  "bad_loss_rate": 1.0
}