{
  "state": "bad",
  "episode_index": 1291,
  "state_ordinal": 645,
  "start_time_wall": 1756967278.9634545,
  "end_time_wall": 1756967279.1387317,
  "wall_time_sec": 0.17527738900025724,
  "steps": 2,
  "packets": 31825,
  "dropped": 31825,
  "running_total_steps": 675267,
  "running_total_packets": 9587946046,
  "running_total_dropped": 47812706,
  "running_total_time_sec": 1646.9567162669991,
  "p_gb": 0.001,
  "p_bg": 0.2,
  "good_loss_rate": 0.0,
  "bad_loss_rate": 1.0
}