{
  "state": "bad",
  "episode_index": 449,
  "state_ordinal": 224,
  "start_time_wall": 1756966167.922981,
  "end_time_wall": 1756966167.9318435,
  "wall_time_sec": 0.008862860999215627,
  "steps": 2,
  "packets": 13018,
  "dropped": 13018,
  "running_total_steps": 232467,
  "running_total_packets": 3300779919,
  "running_total_dropped": 17411524,
  "running_total_time_sec": 535.7498282909983,
  "p_gb": 0.001,
  "p_bg": 0.2,
  "good_loss_rate": 0.0,
  "bad_loss_rate": 1.0
}