{
  "state": "good",
  "episode_index": 1028,
  "state_ordinal": 514,
  "start_time_wall": 1756966950.5822437,
  "end_time_wall": 1756966951.9827888,
  "wall_time_sec": 1.4005452320016047,
  "steps": 857,
  "packets": 12311034,
  "dropped": 4,
  "running_total_steps": 545961,
  "running_total_packets": 7752026880,
  "running_total_dropped": 38471069,
  "running_total_time_sec": 1319.8007733449995,
  "p_gb": 0.001,
  "p_bg": 0.2,
  "good_loss_rate": 0.0,
  "bad_loss_rate": 1.0
}