{
  "state": "good",
  "episode_index": 1296,
  "state_ordinal": 648,
  "start_time_wall": 1756967284.76363,
  "end_time_wall": 1756967286.1311963,
  "wall_time_sec": 1.3675662560017372,
  "steps": 576,
  "packets": 8197236,
  "dropped": 1,
  "running_total_steps": 678888,
  "running_total_packets": 9639329576,
  "running_total_dropped": 47838759,
  "running_total_time_sec": 1653.9491806469996,
  "p_gb": 0.001,
  "p_bg": 0.2,
  "good_loss_rate": 0.0,
  "bad_loss_rate": 1.0
}