{
  "state": "good",
  "episode_index": 202,
  "state_ordinal": 101,
  "start_time_wall": 1756965877.1560733,
  "end_time_wall": 1756965879.6767097,
  "wall_time_sec": 2.520636261000618,
  "steps": 941,
  "packets": 13417603,
  "dropped": 3,
  "running_total_steps": 104769,
  "running_total_packets": 1487692089,
  "running_total_dropped": 6775389,
  "running_total_time_sec": 247.4946939779984,
  "p_gb": 0.001,
  "p_bg": 0.2,
  "good_loss_rate": 0.0,
  "bad_loss_rate": 1.0
}