{
  "state": "good",
  "episode_index": 480,
  "state_ordinal": 240,
  "start_time_wall": 1756966249.9637642,
  "end_time_wall": 1756966257.7305264,
  "wall_time_sec": 7.766762121998909,
  "steps": 4016,
  "packets": 57014690,
  "dropped": 3,
  "running_total_steps": 259761,
  "running_total_packets": 3688349943,
  "running_total_dropped": 18772692,
  "running_total_time_sec": 625.5485108539979,
  "p_gb": 0.001,
  "p_bg": 0.2,
  "good_loss_rate": 0.0,
  "bad_loss_rate": 1.0
}