{
  "state": "good",
  "episode_index": 110,
  "state_ordinal": 55,
  "start_time_wall": 1756965745.0294077,
  "end_time_wall": 1756965746.3899934,
  "wall_time_sec": 1.3605850640014978,
  "steps": 698,
  "packets": 10021246,
  "dropped": 0,
  "running_total_steps": 55328,
  "running_total_packets": 785736982,
  "running_total_dropped": 4203458,
  "running_total_time_sec": 114.20797793699967,
  "p_gb": 0.001,
  "p_bg": 0.2,
  "good_loss_rate": 0.0,
  "bad_loss_rate": 1.0
}