{
  "state": "good",
  "episode_index": 648,
  "state_ordinal": 324,
  "start_time_wall": 1756966475.9233768,
  "end_time_wall": 1756966476.5435593,
  "wall_time_sec": 0.620182434002345,
  "steps": 356,
  "packets": 5100303,
  "dropped": 0,
  "running_total_steps": 350370,
  "running_total_packets": 4974922629,
  "running_total_dropped": 25309491,
  "running_total_time_sec": 844.361543862,
  "p_gb": 0.001,
  "p_bg": 0.2,
  "good_loss_rate": 0.0,
  "bad_loss_rate": 1.0
}