{
  "state": "good",
  "episode_index": 400,
  "state_ordinal": 200,
  "start_time_wall": 1756966122.0718288,
  "end_time_wall": 1756966122.730715,
  "wall_time_sec": 0.6588861900017946,
  "steps": 620,
  "packets": 8793190,
  "dropped": 1,
  "running_total_steps": 209917,
  "running_total_packets": 2980642177,
  "running_total_dropped": 15379196,
  "running_total_time_sec": 490.5486995680003,
  "p_gb": 0.001,
  "p_bg": 0.2,
  "good_loss_rate": 0.0,
  "bad_loss_rate": 1.0
}