{
  "state": "good",
  "episode_index": 364,
  "state_ordinal": 182,
  "start_time_wall": 1756966068.882863,
  "end_time_wall": 1756966070.2912772,
  "wall_time_sec": 1.4084132930001942,
  "steps": 791,
  "packets": 11187135,
  "dropped": 2,
  "running_total_steps": 183205,
  "running_total_packets": 2601328691,
  "running_total_dropped": 13750418,
  "running_total_time_sec": 438.1092615359994,
  "p_gb": 0.001,
  "p_bg": 0.2,
  "good_loss_rate": 0.0,
  "bad_loss_rate": 1.0
}