{
  "state": "good",
  "episode_index": 254,
  "state_ordinal": 127,
  "start_time_wall": 1756965929.9619832,
  "end_time_wall": 1756965930.5573733,
  "wall_time_sec": 0.5953899609994551,
  "steps": 262,
  "packets": 3789790,
  "dropped": 0,
  "running_total_steps": 130472,
  "running_total_packets": 1852641968,
  "running_total_dropped": 8694854,
  "running_total_time_sec": 298.3753576909985,
  "p_gb": 0.001,
  "p_bg": 0.2,
  "good_loss_rate": 0.0,
  "bad_loss_rate": 1.0
}