{
  "state": "good",
  "episode_index": 1276,
  "state_ordinal": 638,
  "start_time_wall": 1756967267.7668529,
  "end_time_wall": 1756967267.7798803,
  "wall_time_sec": 0.013027051001699874,
  "steps": 127,
  "packets": 1701076,
  "dropped": 0,
  "running_total_steps": 669868,
  "running_total_packets": 9511254808,
  "running_total_dropped": 47040262,
  "running_total_time_sec": 1635.5978645169998,
  "p_gb": 0.001,
  "p_bg": 0.2,
  "good_loss_rate": 0.0,
  "bad_loss_rate": 1.0
}