{
  "state": "good",
  "episode_index": 1458,
  "state_ordinal": 729,
  "start_time_wall": 1756967498.475487,
  "end_time_wall": 1756967503.9059024,
  "wall_time_sec": 5.430414638001821,
  "steps": 2655,
  "packets": 37799579,
  "dropped": 2,
  "running_total_steps": 769657,
  "running_total_packets": 10928193497,
  "running_total_dropped": 51956946,
  "running_total_time_sec": 1871.7238866949992,
  "p_gb": 0.001,
  "p_bg": 0.2,
  "good_loss_rate": 0.0,
  "bad_loss_rate": 1.0
}