{
  "state": "good",
  "episode_index": 196,
  "state_ordinal": 98,
  "start_time_wall": 1756965869.816884,
  "end_time_wall": 1756965870.7871537,
  "wall_time_sec": 0.9702689050027402,
  "steps": 299,
  "packets": 4294623,
  "dropped": 0,
  "running_total_steps": 100566,
  "running_total_packets": 1428002842,
  "running_total_dropped": 6639419,
  "running_total_time_sec": 238.60513797699969,
  "p_gb": 0.001,
  "p_bg": 0.2,
  "good_loss_rate": 0.0,
  "bad_loss_rate": 1.0
}