{
  "state": "good",
  "episode_index": 1210,
  "state_ordinal": 605,
  "start_time_wall": 1756967159.1048708,
  "end_time_wall": 1756967159.6758406,
  "wall_time_sec": 0.5709688569986611,
  "steps": 124,
  "packets": 1824022,
  "dropped": 0,
  "running_total_steps": 632173,
  "running_total_packets": 8976114269,
  "running_total_dropped": 44474132,
  "running_total_time_sec": 1527.493825008998,
  "p_gb": 0.001,
  "p_bg": 0.2,
  "good_loss_rate": 0.0,
  "bad_loss_rate": 1.0
}