{
  "state": "good",
  "episode_index": 412,
  "state_ordinal": 206,
  "start_time_wall": 1756966127.1101549,
  "end_time_wall": 1756966127.1115615,
  "wall_time_sec": 0.0014066749972698744,
  "steps": 13,
  "packets": 135976,
  "dropped": 0,
  "running_total_steps": 211885,
  "running_total_packets": 3008588287,
  "running_total_dropped": 16170430,
  "running_total_time_sec": 494.9295459709974,
  "p_gb": 0.001,
  "p_bg": 0.2,
  "good_loss_rate": 0.0,
  "bad_loss_rate": 1.0
}