{
  "state": "good",
  "episode_index": 1010,
  "state_ordinal": 505,
  "start_time_wall": 1756966934.5705566,
  "end_time_wall": 1756966937.8588634,
  "wall_time_sec": 3.288306352998916,
  "steps": 1677,
  "packets": 23874261,
  "dropped": 1,
  "running_total_steps": 538718,
  "running_total_packets": 7649175940,
  "running_total_dropped": 37977847,
  "running_total_time_sec": 1305.6768477089972,
  "p_gb": 0.001,
  "p_bg": 0.2,
  "good_loss_rate": 0.0,
  "bad_loss_rate": 1.0
}