{
  "state": "good",
  "episode_index": 574,
  "state_ordinal": 287,
  "start_time_wall": 1756966351.6044548,
  "end_time_wall": 1756966352.2433681,
  "wall_time_sec": 0.6389134259989078,
  "steps": 462,
  "packets": 6494725,
  "dropped": 0,
  "running_total_steps": 306291,
  "running_total_packets": 4348941325,
  "running_total_dropped": 22666704,
  "running_total_time_sec": 720.0613525829976,
  "p_gb": 0.001,
  "p_bg": 0.2,
  "good_loss_rate": 0.0,
  "bad_loss_rate": 1.0
}