{
  "state": "good",
  "episode_index": 304,
  "state_ordinal": 152,
  "start_time_wall": 1756965981.4553254,
  "end_time_wall": 1756965983.7761283,
  "wall_time_sec": 2.320802480000566,
  "steps": 1118,
  "packets": 15972090,
  "dropped": 1,
  "running_total_steps": 157462,
  "running_total_packets": 2235859514,
  "running_total_dropped": 10096595,
  "running_total_time_sec": 351.59411266499956,
  "p_gb": 0.001,
  "p_bg": 0.2,
  "good_loss_rate": 0.0,
  "bad_loss_rate": 1.0
}