{
  "state": "good",
  "episode_index": 596,
  "state_ordinal": 298,
  "start_time_wall": 1756966376.971175,
  "end_time_wall": 1756966419.054187,
  "wall_time_sec": 42.083011962000455,
  "steps": 3731,
  "packets": 52906669,
  "dropped": 1,
  "running_total_steps": 321925,
  "running_total_packets": 4570971145,
  "running_total_dropped": 23423235,
  "running_total_time_sec": 786.8721714849999,
  "p_gb": 0.001,
  "p_bg": 0.2,
  "good_loss_rate": 0.0,
  "bad_loss_rate": 1.0
}