{
  "state": "good",
  "episode_index": 378,
  "state_ordinal": 189,
  "start_time_wall": 1756966085.0710018,
  "end_time_wall": 1756966086.4272954,
  "wall_time_sec": 1.3562933119974332,
  "steps": 723,
  "packets": 10322123,
  "dropped": 0,
  "running_total_steps": 191231,
  "running_total_packets": 2715349389,
  "running_total_dropped": 14706559,
  "running_total_time_sec": 454.24527999699785,
  "p_gb": 0.001,
  "p_bg": 0.2,
  "good_loss_rate": 0.0,
  "bad_loss_rate": 1.0
}