{
  "state": "good",
  "episode_index": 1366,
  "state_ordinal": 683,
  "start_time_wall": 1756967367.9627938,
  "end_time_wall": 1756967370.1469626,
  "wall_time_sec": 2.1841686539992224,
  "steps": 1032,
  "packets": 14800442,
  "dropped": 0,
  "running_total_steps": 721007,
  "running_total_packets": 10237435649,
  "running_total_dropped": 49468978,
  "running_total_time_sec": 1737.9649470469994,
  "p_gb": 0.001,
  "p_bg": 0.2,
  "good_loss_rate": 0.0,
  "bad_loss_rate": 1.0
}