{
  "state": "good",
  "episode_index": 180,
  "state_ordinal": 90,
  "start_time_wall": 1756965849.8573887,
  "end_time_wall": 1756965851.4182634,
  "wall_time_sec": 1.5608743989978393,
  "steps": 930,
  "packets": 13116738,
  "dropped": 3,
  "running_total_steps": 90819,
  "running_total_packets": 1289542301,
  "running_total_dropped": 6313931,
  "running_total_time_sec": 219.23624787699737,
  "p_gb": 0.001,
  "p_bg": 0.2,
  "good_loss_rate": 0.0,
  "bad_loss_rate": 1.0
}