{
  "state": "good",
  "episode_index": 354,
  "state_ordinal": 177,
  "start_time_wall": 1756966058.3521228,
  "end_time_wall": 1756966058.897849,
  "wall_time_sec": 0.5457254559987632,
  "steps": 492,
  "packets": 6922884,
  "dropped": 0,
  "running_total_steps": 177380,
  "running_total_packets": 2518672126,
  "running_total_dropped": 13291876,
  "running_total_time_sec": 426.71583343999737,
  "p_gb": 0.001,
  "p_bg": 0.2,
  "good_loss_rate": 0.0,
  "bad_loss_rate": 1.0
}