{
  "state": "good",
  "episode_index": 294,
  "state_ordinal": 147,
  "start_time_wall": 1756965963.2991376,
  "end_time_wall": 1756965967.0620184,
  "wall_time_sec": 3.762880861002486,
  "steps": 1857,
  "packets": 26307243,
  "dropped": 2,
  "running_total_steps": 149044,
  "running_total_packets": 2116284306,
  "running_total_dropped": 9694448,
  "running_total_time_sec": 334.8800028149999,
  "p_gb": 0.001,
  "p_bg": 0.2,
  "good_loss_rate": 0.0,
  "bad_loss_rate": 1.0
}