{
  "state": "good",
  "episode_index": 762,
  "state_ordinal": 381,
  "start_time_wall": 1756966566.7762322,
  "end_time_wall": 1756966566.7914894,
  "wall_time_sec": 0.015256978000252275,
  "steps": 125,
  "packets": 1774849,
  "dropped": 0,
  "running_total_steps": 395644,
  "running_total_packets": 5617675950,
  "running_total_dropped": 29926655,
  "running_total_time_sec": 934.6094737979984,
  "p_gb": 0.001,
  "p_bg": 0.2,
  "good_loss_rate": 0.0,
  "bad_loss_rate": 1.0
}