{
  "state": "good",
  "episode_index": 738,
  "state_ordinal": 369,
  "start_time_wall": 1756966543.758713,
  "end_time_wall": 1756966545.882754,
  "wall_time_sec": 2.124040557999251,
  "steps": 1256,
  "packets": 17806248,
  "dropped": 1,
  "running_total_steps": 385244,
  "running_total_packets": 5469998402,
  "running_total_dropped": 29133995,
  "running_total_time_sec": 913.7007384319986,
  "p_gb": 0.001,
  "p_bg": 0.2,
  "good_loss_rate": 0.0,
  "bad_loss_rate": 1.0
}