{
  "state": "good",
  "episode_index": 624,
  "state_ordinal": 312,
  "start_time_wall": 1756966444.2744381,
  "end_time_wall": 1756966448.7720976,
  "wall_time_sec": 4.497659139997268,
  "steps": 2502,
  "packets": 35462054,
  "dropped": 1,
  "running_total_steps": 337003,
  "running_total_packets": 4785046751,
  "running_total_dropped": 24471967,
  "running_total_time_sec": 816.5900818809969,
  "p_gb": 0.001,
  "p_bg": 0.2,
  "good_loss_rate": 0.0,
  "bad_loss_rate": 1.0
}