{
  "state": "good",
  "episode_index": 1490,
  "state_ordinal": 745,
  "start_time_wall": 1756967540.366495,
  "end_time_wall": 1756967540.9581208,
  "wall_time_sec": 0.5916254770017986,
  "steps": 241,
  "packets": 3386221,
  "dropped": 0,
  "running_total_steps": 788316,
  "running_total_packets": 11192998806,
  "running_total_dropped": 53532182,
  "running_total_time_sec": 1908.7761051199996,
  "p_gb": 0.001,
  "p_bg": 0.2,
  "good_loss_rate": 0.0,
  "bad_loss_rate": 1.0
}