{
  "state": "good",
  "episode_index": 942,
  "state_ordinal": 471,
  "start_time_wall": 1756966841.494615,
  "end_time_wall": 1756966846.8997216,
  "wall_time_sec": 5.405106707999948,
  "steps": 2794,
  "packets": 39698810,
  "dropped": 2,
  "running_total_steps": 492496,
  "running_total_packets": 6992884964,
  "running_total_dropped": 35533249,
  "running_total_time_sec": 1214.717706143998,
  "p_gb": 0.001,
  "p_bg": 0.2,
  "good_loss_rate": 0.0,
  "bad_loss_rate": 1.0
}