{
  "state": "good",
  "episode_index": 1196,
  "state_ordinal": 598,
  "start_time_wall": 1756967144.929679,
  "end_time_wall": 1756967144.9574516,
  "wall_time_sec": 0.02777218400296988,
  "steps": 222,
  "packets": 3108510,
  "dropped": 0,
  "running_total_steps": 624755,
  "running_total_packets": 8870773921,
  "running_total_dropped": 44216644,
  "running_total_time_sec": 1512.7754358780003,
  "p_gb": 0.001,
  "p_bg": 0.2,
  "good_loss_rate": 0.0,
  "bad_loss_rate": 1.0
}