{
  "state": "bad",
  "episode_index": 2239,
  "state_ordinal": 1119,
  "start_time_wall": 1756952652.8679862,
  "end_time_wall": 1756952653.0302687,
  "wall_time_sec": 0.1622827219998726,
  "steps": 3,
  "packets": 11583,
  "dropped": 7552,
  "running_total_steps": 226610,
  "running_total_packets": 3217650364,
  "running_total_dropped": 35334325,
  "running_total_time_sec": 744.1201412390001,
  "p_gb": 0.005,
  "p_bg": 0.3,
  "good_loss_rate": 0.0,
  "bad_loss_rate": 0.65
}