{
  "state": "bad",
  "episode_index": 2959,
  "state_ordinal": 1479,
  "start_time_wall": 1756952879.7800934,
  "end_time_wall": 1756952879.793092,
  "wall_time_sec": 0.012998895999771776,
  "steps": 1,
  "packets": 31819,
  "dropped": 20665,
  "running_total_steps": 300336,
  "running_total_packets": 4264476662,
  "running_total_dropped": 45596313,
  "running_total_time_sec": 970.8829646689992,
  "p_gb": 0.005,
  "p_bg": 0.3,
  "good_loss_rate": 0.0,
  "bad_loss_rate": 0.65
}