{
  "state": "bad",
  "episode_index": 3253,
  "state_ordinal": 1626,
  "start_time_wall": 1756952996.5214305,
  "end_time_wall": 1756952996.5390058,
  "wall_time_sec": 0.01757531899966125,
  "steps": 3,
  "packets": 44837,
  "dropped": 29100,
  "running_total_steps": 328968,
  "running_total_packets": 4670947926,
  "running_total_dropped": 50037143,
  "running_total_time_sec": 1087.6288781040003,
  "p_gb": 0.005,
  "p_bg": 0.3,
  "good_loss_rate": 0.0,
  "bad_loss_rate": 0.65
}