{
  "state": "bad",
  "episode_index": 573,
  "state_ordinal": 286,
  "start_time_wall": 1756952062.5412443,
  "end_time_wall": 1756952062.7122977,
  "wall_time_sec": 0.1710534939993522,
  "steps": 3,
  "packets": 11583,
  "dropped": 7503,
  "running_total_steps": 53402,
  "running_total_packets": 758302940,
  "running_total_dropped": 10115520,
  "running_total_time_sec": 153.80217017799987,
  "p_gb": 0.005,
  "p_bg": 0.3,
  "good_loss_rate": 0.0,
  "bad_loss_rate": 0.65
}