{
  "state": "bad",
  "episode_index": 3169,
  "state_ordinal": 1584,
  "start_time_wall": 1756952922.0218606,
  "end_time_wall": 1756952922.1776469,
  "wall_time_sec": 0.15578618299878144,
  "steps": 2,
  "packets": 12,
  "dropped": 7,
  "running_total_steps": 319909,
  "running_total_packets": 4542342301,
  "running_total_dropped": 48848228,
  "running_total_time_sec": 1013.2675192549996,
  "p_gb": 0.005,
  "p_bg": 0.3,
  "good_loss_rate": 0.0,
  "bad_loss_rate": 0.65
}