{
  "state": "bad",
  "episode_index": 1337,
  "state_ordinal": 668,
  "start_time_wall": 1756952343.2096496,
  "end_time_wall": 1756952343.210842,
  "wall_time_sec": 0.0011923810016014613,
  "steps": 1,
  "packets": 1447,
  "dropped": 936,
  "running_total_steps": 136863,
  "running_total_packets": 1943287467,
  "running_total_dropped": 22818088,
  "running_total_time_sec": 434.30071444200075,
  "p_gb": 0.005,
  "p_bg": 0.3,
  "good_loss_rate": 0.0,
  "bad_loss_rate": 0.65
}