{
  "state": "bad",
  "episode_index": 5029,
  "state_ordinal": 2514,
  "start_time_wall": 1756953559.618735,
  "end_time_wall": 1756953559.6543648,
  "wall_time_sec": 0.03562987199984491,
  "steps": 8,
  "packets": 89686,
  "dropped": 58484,
  "running_total_steps": 501336,
  "running_total_packets": 7118393662,
  "running_total_dropped": 78739628,
  "running_total_time_sec": 1650.7442373150006,
  "p_gb": 0.005,
  "p_bg": 0.3,
  "good_loss_rate": 0.0,
  "bad_loss_rate": 0.65
}