{
  "state": "bad",
  "episode_index": 4211,
  "state_ordinal": 2105,
  "start_time_wall": 1756953300.356281,
  "end_time_wall": 1756953300.5138643,
  "wall_time_sec": 0.1575833210008568,
  "steps": 1,
  "packets": 1447,
  "dropped": 947,
  "running_total_steps": 421690,
  "running_total_packets": 5987410808,
  "running_total_dropped": 66076736,
  "running_total_time_sec": 1391.6037368060006,
  "p_gb": 0.005,
  "p_bg": 0.3,
  "good_loss_rate": 0.0,
  "bad_loss_rate": 0.65
}