{
  "state": "bad",
  "episode_index": 341,
  "state_ordinal": 170,
  "start_time_wall": 1756951979.2270927,
  "end_time_wall": 1756951979.2635229,
  "wall_time_sec": 0.036430154999834485,
  "steps": 3,
  "packets": 75209,
  "dropped": 48902,
  "running_total_steps": 30577,
  "running_total_packets": 434308857,
  "running_total_dropped": 6519528,
  "running_total_time_sec": 70.35339517899956,
  "p_gb": 0.005,
  "p_bg": 0.3,
  "good_loss_rate": 0.0,
  "bad_loss_rate": 0.65
}