{
  "state": "bad",
  "episode_index": 2689,
  "state_ordinal": 1344,
  "start_time_wall": 1756952787.154956,
  "end_time_wall": 1756952787.1615968,
  "wall_time_sec": 0.006640657000389183,
  "steps": 1,
  "packets": 6,
  "dropped": 4,
  "running_total_steps": 273387,
  "running_total_packets": 3881872418,
  "running_total_dropped": 41462949,
  "running_total_time_sec": 878.2514691340002,
  "p_gb": 0.005,
  "p_bg": 0.3,
  "good_loss_rate": 0.0,
  "bad_loss_rate": 0.65
}