{
  "state": "bad",
  "episode_index": 1727,
  "state_ordinal": 863,
  "start_time_wall": 1756952471.3084874,
  "end_time_wall": 1756952471.3228772,
  "wall_time_sec": 0.014389866999408696,
  "steps": 3,
  "packets": 31831,
  "dropped": 20646,
  "running_total_steps": 172567,
  "running_total_packets": 2450299635,
  "running_total_dropped": 28741474,
  "running_total_time_sec": 562.4127496229994,
  "p_gb": 0.005,
  "p_bg": 0.3,
  "good_loss_rate": 0.0,
  "bad_loss_rate": 0.65
}