{
  "state": "bad",
  "episode_index": 5227,
  "state_ordinal": 2613,
  "start_time_wall": 1756953641.4241164,
  "end_time_wall": 1756953641.4256086,
  "wall_time_sec": 0.001492248000431573,
  "steps": 1,
  "packets": 1447,
  "dropped": 935,
  "running_total_steps": 523891,
  "running_total_packets": 7438596501,
  "running_total_dropped": 81571999,
  "running_total_time_sec": 1732.5154811949997,
  "p_gb": 0.005,
  "p_bg": 0.3,
  "good_loss_rate": 0.0,
  "bad_loss_rate": 0.65
}