{
  "state": "bad",
  "episode_index": 5805,
  "state_ordinal": 2902,
  "start_time_wall": 1756953832.118172,
  "end_time_wall": 1756953832.1218615,
  "wall_time_sec": 0.003689555000164546,
  "steps": 1,
  "packets": 11571,
  "dropped": 7568,
  "running_total_steps": 579743,
  "running_total_packets": 8231632483,
  "running_total_dropped": 90906508,
  "running_total_time_sec": 1923.2117338330008,
  "p_gb": 0.005,
  "p_bg": 0.3,
  "good_loss_rate": 0.0,
  "bad_loss_rate": 0.65
}