{
  "state": "bad",
  "episode_index": 5559,
  "state_ordinal": 2779,
  "start_time_wall": 1756953746.6729608,
  "end_time_wall": 1756953746.848802,
  "wall_time_sec": 0.17584137300036673,
  "steps": 1,
  "packets": 31819,
  "dropped": 20763,
  "running_total_steps": 556191,
  "running_total_packets": 7897269993,
  "running_total_dropped": 87010863,
  "running_total_time_sec": 1837.9386744719995,
  "p_gb": 0.005,
  "p_bg": 0.3,
  "good_loss_rate": 0.0,
  "bad_loss_rate": 0.65
}