{
  "state": "bad",
  "episode_index": 1329,
  "state_ordinal": 664,
  "start_time_wall": 1756952341.4127324,
  "end_time_wall": 1756952341.4590504,
  "wall_time_sec": 0.04631823800082202,
  "steps": 8,
  "packets": 120058,
  "dropped": 77906,
  "running_total_steps": 135777,
  "running_total_packets": 1927924337,
  "running_total_dropped": 22791773,
  "running_total_time_sec": 432.54892294599995,
  "p_gb": 0.005,
  "p_bg": 0.3,
  "good_loss_rate": 0.0,
  "bad_loss_rate": 0.65
}