{
  "state": "bad",
  "episode_index": 2039,
  "state_ordinal": 1019,
  "start_time_wall": 1756952574.465309,
  "end_time_wall": 1756952574.6274471,
  "wall_time_sec": 0.16213810099907278,
  "steps": 1,
  "packets": 6,
  "dropped": 2,
  "running_total_steps": 205230,
  "running_total_packets": 2914151545,
  "running_total_dropped": 32694867,
  "running_total_time_sec": 665.7173194049992,
  "p_gb": 0.005,
  "p_bg": 0.3,
  "good_loss_rate": 0.0,
  "bad_loss_rate": 0.65
}