{
  "state": "bad",
  "episode_index": 5751,
  "state_ordinal": 2875,
  "start_time_wall": 1756953787.1989663,
  "end_time_wall": 1756953787.2051413,
  "wall_time_sec": 0.0061749999986204784,
  "steps": 4,
  "packets": 14471,
  "dropped": 9380,
  "running_total_steps": 575338,
  "running_total_packets": 8169077748,
  "running_total_dropped": 90208587,
  "running_total_time_sec": 1878.2950137089992,
  "p_gb": 0.005,
  "p_bg": 0.3,
  "good_loss_rate": 0.0,
  "bad_loss_rate": 0.65
}