{
  "state": "bad",
  "episode_index": 2243,
  "state_ordinal": 1121,
  "start_time_wall": 1756952653.826241,
  "end_time_wall": 1756952653.9867241,
  "wall_time_sec": 0.16048322699862183,
  "steps": 1,
  "packets": 11571,
  "dropped": 7552,
  "running_total_steps": 227093,
  "running_total_packets": 3224451743,
  "running_total_dropped": 35362721,
  "running_total_time_sec": 745.0765966109993,
  "p_gb": 0.005,
  "p_bg": 0.3,
  "good_loss_rate": 0.0,
  "bad_loss_rate": 0.65
}