{
  "state": "bad",
  "episode_index": 3783,
  "state_ordinal": 1891,
  "start_time_wall": 1756953148.1888087,
  "end_time_wall": 1756953148.1910279,
  "wall_time_sec": 0.0022193169988895534,
  "steps": 2,
  "packets": 2894,
  "dropped": 1895,
  "running_total_steps": 382762,
  "running_total_packets": 5434782252,
  "running_total_dropped": 58974571,
  "running_total_time_sec": 1239.2809003929997,
  "p_gb": 0.005,
  "p_bg": 0.3,
  "good_loss_rate": 0.0,
  "bad_loss_rate": 0.65
}