{
  "state": "bad",
  "episode_index": 411,
  "state_ordinal": 205,
  "start_time_wall": 1756952027.2216005,
  "end_time_wall": 1756952027.2253666,
  "wall_time_sec": 0.003766148000067915,
  "steps": 1,
  "packets": 11571,
  "dropped": 7567,
  "running_total_steps": 36848,
  "running_total_packets": 523309706,
  "running_total_dropped": 7441011,
  "running_total_time_sec": 118.31523910000033,
  "p_gb": 0.005,
  "p_bg": 0.3,
  "good_loss_rate": 0.0,
  "bad_loss_rate": 0.65
}