{
  "state": "bad",
  "episode_index": 129,
  "state_ordinal": 64,
  "start_time_wall": 1756951936.1628582,
  "end_time_wall": 1756951936.1905603,
  "wall_time_sec": 0.027702138000677223,
  "steps": 4,
  "packets": 63650,
  "dropped": 41226,
  "running_total_steps": 11044,
  "running_total_packets": 156843912,
  "running_total_dropped": 2536112,
  "running_total_time_sec": 27.28043266200075,
  "p_gb": 0.005,
  "p_bg": 0.3,
  "good_loss_rate": 0.0,
  "bad_loss_rate": 0.65
}