{
  "state": "bad",
  "episode_index": 3721,
  "state_ordinal": 1860,
  "start_time_wall": 1756953136.8404047,
  "end_time_wall": 1756953137.040997,
  "wall_time_sec": 0.2005926450001425,
  "steps": 3,
  "packets": 95457,
  "dropped": 62127,
  "running_total_steps": 377348,
  "running_total_packets": 5357955026,
  "running_total_dropped": 58283486,
  "running_total_time_sec": 1228.1308697500008,
  "p_gb": 0.005,
  "p_bg": 0.3,
  "good_loss_rate": 0.0,
  "bad_loss_rate": 0.65
}