{
  "state": "bad",
  "episode_index": 1591,
  "state_ordinal": 795,
  "start_time_wall": 1756952448.5517728,
  "end_time_wall": 1756952448.5560164,
  "wall_time_sec": 0.004243696999765234,
  "steps": 2,
  "packets": 11577,
  "dropped": 7504,
  "running_total_steps": 162017,
  "running_total_packets": 2300570967,
  "running_total_dropped": 26559174,
  "running_total_time_sec": 539.6458889219994,
  "p_gb": 0.005,
  "p_bg": 0.3,
  "good_loss_rate": 0.0,
  "bad_loss_rate": 0.65
}