{
  "state": "bad",
  "episode_index": 2443,
  "state_ordinal": 1221,
  "start_time_wall": 1756952696.4375362,
  "end_time_wall": 1756952696.4383008,
  "wall_time_sec": 0.0007648579994565807,
  "steps": 2,
  "packets": 12,
  "dropped": 9,
  "running_total_steps": 247174,
  "running_total_packets": 3509588862,
  "running_total_dropped": 38059976,
  "running_total_time_sec": 787.5281734439995,
  "p_gb": 0.005,
  "p_bg": 0.3,
  "good_loss_rate": 0.0,
  "bad_loss_rate": 0.65
}