{
  "state": "bad",
  "episode_index": 5525,
  "state_ordinal": 2762,
  "start_time_wall": 1756953739.7778738,
  "end_time_wall": 1756953739.935509,
  "wall_time_sec": 0.1576354030003131,
  "steps": 1,
  "packets": 6,
  "dropped": 3,
  "running_total_steps": 553041,
  "running_total_packets": 7852521500,
  "running_total_dropped": 86401111,
  "running_total_time_sec": 1831.0253813630006,
  "p_gb": 0.005,
  "p_bg": 0.3,
  "good_loss_rate": 0.0,
  "bad_loss_rate": 0.65
}