{
  "state": "bad",
  "episode_index": 3401,
  "state_ordinal": 1700,
  "start_time_wall": 1756953031.1051242,
  "end_time_wall": 1756953031.1093829,
  "wall_time_sec": 0.004258618999301689,
  "steps": 4,
  "packets": 13030,
  "dropped": 8527,
  "running_total_steps": 344937,
  "running_total_packets": 4897758389,
  "running_total_dropped": 52531079,
  "running_total_time_sec": 1122.1992552789998,
  "p_gb": 0.005,
  "p_bg": 0.3,
  "good_loss_rate": 0.0,
  "bad_loss_rate": 0.65
}