{
  "state": "bad",
  "episode_index": 2931,
  "state_ordinal": 1465,
  "start_time_wall": 1756952874.0214303,
  "end_time_wall": 1756952874.026404,
  "wall_time_sec": 0.004973855000571348,
  "steps": 3,
  "packets": 14465,
  "dropped": 9419,
  "running_total_steps": 297619,
  "running_total_packets": 4225814989,
  "running_total_dropped": 45321885,
  "running_total_time_sec": 965.1162765360004,
  "p_gb": 0.005,
  "p_bg": 0.3,
  "good_loss_rate": 0.0,
  "bad_loss_rate": 0.65
}