{
  "state": "bad",
  "episode_index": 849,
  "state_ordinal": 424,
  "start_time_wall": 1756952169.691733,
  "end_time_wall": 1756952169.6926394,
  "wall_time_sec": 0.0009061639993888093,
  "steps": 1,
  "packets": 1447,
  "dropped": 977,
  "running_total_steps": 87829,
  "running_total_packets": 1247054671,
  "running_total_dropped": 14663784,
  "running_total_time_sec": 260.78251174700017,
  "p_gb": 0.005,
  "p_bg": 0.3,
  "good_loss_rate": 0.0,
  "bad_loss_rate": 0.65
}