{
  "state": "bad",
  "episode_index": 5931,
  "state_ordinal": 2965,
  "start_time_wall": 1756953861.940893,
  "end_time_wall": 1756953862.1151376,
  "wall_time_sec": 0.17424470100013423,
  "steps": 2,
  "packets": 13018,
  "dropped": 8506,
  "running_total_steps": 593664,
  "running_total_packets": 8429268768,
  "running_total_dropped": 92748113,
  "running_total_time_sec": 1953.2050099259995,
  "p_gb": 0.005,
  "p_bg": 0.3,
  "good_loss_rate": 0.0,
  "bad_loss_rate": 0.65
}