{
  "state": "bad",
  "episode_index": 689,
  "state_ordinal": 344,
  "start_time_wall": 1756952129.4953306,
  "end_time_wall": 1756952129.515974,
  "wall_time_sec": 0.020644238000386395,
  "steps": 6,
  "packets": 57861,
  "dropped": 37536,
  "running_total_steps": 68463,
  "running_total_packets": 972149989,
  "running_total_dropped": 12299267,
  "running_total_time_sec": 220.60584713699973,
  "p_gb": 0.005,
  "p_bg": 0.3,
  "good_loss_rate": 0.0,
  "bad_loss_rate": 0.65
}