{
  "state": "bad",
  "episode_index": 2423,
  "state_ordinal": 1211,
  "start_time_wall": 1756952694.6033928,
  "end_time_wall": 1756952694.607343,
  "wall_time_sec": 0.003950188000089838,
  "steps": 3,
  "packets": 11583,
  "dropped": 7542,
  "running_total_steps": 246362,
  "running_total_packets": 3498063260,
  "running_total_dropped": 37636116,
  "running_total_time_sec": 785.6972152910002,
  "p_gb": 0.005,
  "p_bg": 0.3,
  "good_loss_rate": 0.0,
  "bad_loss_rate": 0.65
}