{
  "state": "bad",
  "episode_index": 5811,
  "state_ordinal": 2905,
  "start_time_wall": 1756953834.6827083,
  "end_time_wall": 1756953834.6869438,
  "wall_time_sec": 0.0042355780005891575,
  "steps": 2,
  "packets": 13018,
  "dropped": 8477,
  "running_total_steps": 581012,
  "running_total_packets": 8249606520,
  "running_total_dropped": 90992926,
  "running_total_time_sec": 1925.7768162869997,
  "p_gb": 0.005,
  "p_bg": 0.3,
  "good_loss_rate": 0.0,
  "bad_loss_rate": 0.65
}