{
  "state": "bad",
  "episode_index": 1421,
  "state_ordinal": 710,
  "start_time_wall": 1756952361.574698,
  "end_time_wall": 1756952361.5759227,
  "wall_time_sec": 0.0012250930012669414,
  "steps": 1,
  "packets": 1447,
  "dropped": 920,
  "running_total_steps": 145617,
  "running_total_packets": 2067644765,
  "running_total_dropped": 23854545,
  "running_total_time_sec": 452.6657953440008,
  "p_gb": 0.005,
  "p_bg": 0.3,
  "good_loss_rate": 0.0,
  "bad_loss_rate": 0.65
}