{
  "state": "bad",
  "episode_index": 3995,
  "state_ordinal": 1997,
  "start_time_wall": 1756953224.890346,
  "end_time_wall": 1756953224.9376435,
  "wall_time_sec": 0.0472974839995004,
  "steps": 9,
  "packets": 121505,
  "dropped": 79170,
  "running_total_steps": 402693,
  "running_total_packets": 5717791584,
  "running_total_dropped": 62626446,
  "running_total_time_sec": 1316.0275159289995,
  "p_gb": 0.005,
  "p_bg": 0.3,
  "good_loss_rate": 0.0,
  "bad_loss_rate": 0.65
}