{
  "state": "bad",
  "episode_index": 2049,
  "state_ordinal": 1024,
  "start_time_wall": 1756952576.2101624,
  "end_time_wall": 1756952576.393509,
  "wall_time_sec": 0.1833466780008166,
  "steps": 1,
  "packets": 31819,
  "dropped": 20666,
  "running_total_steps": 206042,
  "running_total_packets": 2925688712,
  "running_total_dropped": 32782399,
  "running_total_time_sec": 667.4833814480007,
  "p_gb": 0.005,
  "p_bg": 0.3,
  "good_loss_rate": 0.0,
  "bad_loss_rate": 0.65
}