{
  "state": "bad",
  "episode_index": 1995,
  "state_ordinal": 997,
  "start_time_wall": 1756952564.5817032,
  "end_time_wall": 1756952564.59543,
  "wall_time_sec": 0.013726733999646967,
  "steps": 3,
  "packets": 31831,
  "dropped": 20703,
  "running_total_steps": 200779,
  "running_total_packets": 2850820055,
  "running_total_dropped": 32108631,
  "running_total_time_sec": 655.6853023889998,
  "p_gb": 0.005,
  "p_bg": 0.3,
  "good_loss_rate": 0.0,
  "bad_loss_rate": 0.65
}