{
  "state": "bad",
  "episode_index": 3737,
  "state_ordinal": 1868,
  "start_time_wall": 1756953141.0241115,
  "end_time_wall": 1756953141.179706,
  "wall_time_sec": 0.15559458600000653,
  "steps": 1,
  "packets": 6,
  "dropped": 4,
  "running_total_steps": 379432,
  "running_total_packets": 5387466248,
  "running_total_dropped": 58404592,
  "running_total_time_sec": 1232.269578644,
  "p_gb": 0.005,
  "p_bg": 0.3,
  "good_loss_rate": 0.0,
  "bad_loss_rate": 0.65
}