{
  "state": "bad",
  "episode_index": 5959,
  "state_ordinal": 2979,
  "start_time_wall": 1756953867.878895,
  "end_time_wall": 1756953867.8799658,
  "wall_time_sec": 0.0010705479999160161,
  "steps": 1,
  "packets": 1447,
  "dropped": 925,
  "running_total_steps": 596424,
  "running_total_packets": 8468494576,
  "running_total_dropped": 92987112,
  "running_total_time_sec": 1958.9698381159997,
  "p_gb": 0.005,
  "p_bg": 0.3,
  "good_loss_rate": 0.0,
  "bad_loss_rate": 0.65
}