{
  "state": "bad",
  "episode_index": 5481,
  "state_ordinal": 2740,
  "start_time_wall": 1756953728.8633618,
  "end_time_wall": 1756953728.9128265,
  "wall_time_sec": 0.04946487900087959,
  "steps": 10,
  "packets": 121511,
  "dropped": 78860,
  "running_total_steps": 548124,
  "running_total_packets": 7782631635,
  "running_total_dropped": 85716901,
  "running_total_time_sec": 1820.0026990210008,
  "p_gb": 0.005,
  "p_bg": 0.3,
  "good_loss_rate": 0.0,
  "bad_loss_rate": 0.65
}