{
  "state": "bad",
  "episode_index": 5091,
  "state_ordinal": 2545,
  "start_time_wall": 1756953573.9536278,
  "end_time_wall": 1756953573.9541187,
  "wall_time_sec": 0.0004909630006295629,
  "steps": 1,
  "packets": 6,
  "dropped": 4,
  "running_total_steps": 508126,
  "running_total_packets": 7214702158,
  "running_total_dropped": 79660495,
  "running_total_time_sec": 1665.0439911430003,
  "p_gb": 0.005,
  "p_bg": 0.3,
  "good_loss_rate": 0.0,
  "bad_loss_rate": 0.65
}