{
  "state": "bad",
  "episode_index": 917,
  "state_ordinal": 458,
  "start_time_wall": 1756952183.9099019,
  "end_time_wall": 1756952184.0746186,
  "wall_time_sec": 0.16471679099959147,
  "steps": 5,
  "packets": 14477,
  "dropped": 9396,
  "running_total_steps": 94282,
  "running_total_packets": 1338803832,
  "running_total_dropped": 16083310,
  "running_total_time_sec": 275.1644911709991,
  "p_gb": 0.005,
  "p_bg": 0.3,
  "good_loss_rate": 0.0,
  "bad_loss_rate": 0.65
}