{
  "state": "bad",
  "episode_index": 2421,
  "state_ordinal": 1210,
  "start_time_wall": 1756952694.4353936,
  "end_time_wall": 1756952694.6022868,
  "wall_time_sec": 0.1668936059995758,
  "steps": 4,
  "packets": 14471,
  "dropped": 9236,
  "running_total_steps": 246355,
  "running_total_packets": 3497944649,
  "running_total_dropped": 37628574,
  "running_total_time_sec": 785.6921594260002,
  "p_gb": 0.005,
  "p_bg": 0.3,
  "good_loss_rate": 0.0,
  "bad_loss_rate": 0.65
}