{
  "state": "bad",
  "episode_index": 4977,
  "state_ordinal": 2488,
  "start_time_wall": 1756953547.8581288,
  "end_time_wall": 1756953547.8590875,
  "wall_time_sec": 0.0009583940009179059,
  "steps": 2,
  "packets": 12,
  "dropped": 10,
  "running_total_steps": 495637,
  "running_total_packets": 7037394789,
  "running_total_dropped": 77911722,
  "running_total_time_sec": 1638.9489598050004,
  "p_gb": 0.005,
  "p_bg": 0.3,
  "good_loss_rate": 0.0,
  "bad_loss_rate": 0.65
}