{
  "state": "bad",
  "episode_index": 3477,
  "state_ordinal": 1738,
  "start_time_wall": 1756953043.2773764,
  "end_time_wall": 1756953043.4511194,
  "wall_time_sec": 0.1737428929991438,
  "steps": 1,
  "packets": 31819,
  "dropped": 20599,
  "running_total_steps": 350423,
  "running_total_packets": 4975651653,
  "running_total_dropped": 53777439,
  "running_total_time_sec": 1134.540991766,
  "p_gb": 0.005,
  "p_bg": 0.3,
  "good_loss_rate": 0.0,
  "bad_loss_rate": 0.65
}