{
  "state": "bad",
  "episode_index": 1533,
  "state_ordinal": 766,
  "start_time_wall": 1756952381.0825992,
  "end_time_wall": 1756952381.2339506,
  "wall_time_sec": 0.1513515679998818,
  "steps": 1,
  "packets": 11571,
  "dropped": 7462,
  "running_total_steps": 154817,
  "running_total_packets": 2198315975,
  "running_total_dropped": 25339142,
  "running_total_time_sec": 472.3238230900006,
  "p_gb": 0.005,
  "p_bg": 0.3,
  "good_loss_rate": 0.0,
  "bad_loss_rate": 0.65
}