{
  "state": "bad",
  "episode_index": 4743,
  "state_ordinal": 2371,
  "start_time_wall": 1756953445.8728743,
  "end_time_wall": 1756953446.076998,
  "wall_time_sec": 0.20412367700009781,
  "steps": 10,
  "packets": 121511,
  "dropped": 79082,
  "running_total_steps": 473937,
  "running_total_packets": 6729293252,
  "running_total_dropped": 74236302,
  "running_total_time_sec": 1537.1668702410007,
  "p_gb": 0.005,
  "p_bg": 0.3,
  "good_loss_rate": 0.0,
  "bad_loss_rate": 0.65
}