{
  "state": "bad",
  "episode_index": 4069,
  "state_ordinal": 2034,
  "start_time_wall": 1756953236.6153803,
  "end_time_wall": 1756953236.619499,
  "wall_time_sec": 0.00411875400095596,
  "steps": 1,
  "packets": 11571,
  "dropped": 7534,
  "running_total_steps": 408554,
  "running_total_packets": 5800945734,
  "running_total_dropped": 63868642,
  "running_total_time_sec": 1327.7093714490002,
  "p_gb": 0.005,
  "p_bg": 0.3,
  "good_loss_rate": 0.0,
  "bad_loss_rate": 0.65
}