{
  "state": "bad",
  "episode_index": 3507,
  "state_ordinal": 1753,
  "start_time_wall": 1756953089.5890179,
  "end_time_wall": 1756953089.7582855,
  "wall_time_sec": 0.16926776399850496,
  "steps": 1,
  "packets": 11571,
  "dropped": 7540,
  "running_total_steps": 355646,
  "running_total_packets": 5049758038,
  "running_total_dropped": 54266672,
  "running_total_time_sec": 1180.8481579719992,
  "p_gb": 0.005,
  "p_bg": 0.3,
  "good_loss_rate": 0.0,
  "bad_loss_rate": 0.65
}