{
  "state": "bad",
  "episode_index": 1409,
  "state_ordinal": 704,
  "start_time_wall": 1756952358.2139182,
  "end_time_wall": 1756952358.239432,
  "wall_time_sec": 0.025514025999655132,
  "steps": 2,
  "packets": 63638,
  "dropped": 41619,
  "running_total_steps": 143995,
  "running_total_packets": 2044647075,
  "running_total_dropped": 23733344,
  "running_total_time_sec": 449.3293047970001,
  "p_gb": 0.005,
  "p_bg": 0.3,
  "good_loss_rate": 0.0,
  "bad_loss_rate": 0.65
}