{
  "state": "bad",
  "episode_index": 2993,
  "state_ordinal": 1496,
  "start_time_wall": 1756952883.9893281,
  "end_time_wall": 1756952884.166582,
  "wall_time_sec": 0.17725391200110607,
  "steps": 1,
  "packets": 31819,
  "dropped": 20677,
  "running_total_steps": 302118,
  "running_total_packets": 4289797400,
  "running_total_dropped": 46116339,
  "running_total_time_sec": 975.2564545290006,
  "p_gb": 0.005,
  "p_bg": 0.3,
  "good_loss_rate": 0.0,
  "bad_loss_rate": 0.65
}