{
  "state": "bad",
  "episode_index": 3651,
  "state_ordinal": 1825,
  "start_time_wall": 1756953121.4951534,
  "end_time_wall": 1756953121.5739663,
  "wall_time_sec": 0.07881357299993397,
  "steps": 2,
  "packets": 180801,
  "dropped": 117510,
  "running_total_steps": 370243,
  "running_total_packets": 5257095903,
  "running_total_dropped": 56954064,
  "running_total_time_sec": 1212.6638393680005,
  "p_gb": 0.005,
  "p_bg": 0.3,
  "good_loss_rate": 0.0,
  "bad_loss_rate": 0.65
}