{
  "state": "bad",
  "episode_index": 143,
  "state_ordinal": 71,
  "start_time_wall": 1756951938.6320717,
  "end_time_wall": 1756951938.7902067,
  "wall_time_sec": 0.1581350670003303,
  "steps": 4,
  "packets": 13030,
  "dropped": 8364,
  "running_total_steps": 12051,
  "running_total_packets": 171126515,
  "running_total_dropped": 2647669,
  "running_total_time_sec": 29.88007908200052,
  "p_gb": 0.005,
  "p_bg": 0.3,
  "good_loss_rate": 0.0,
  "bad_loss_rate": 0.65
}