{
  "state": "bad",
  "episode_index": 1645,
  "state_ordinal": 822,
  "start_time_wall": 1756952458.8621774,
  "end_time_wall": 1756952458.9016943,
  "wall_time_sec": 0.03951715100083675,
  "steps": 6,
  "packets": 109922,
  "dropped": 71353,
  "running_total_steps": 166964,
  "running_total_packets": 2370754462,
  "running_total_dropped": 27443275,
  "running_total_time_sec": 549.9915668440008,
  "p_gb": 0.005,
  "p_bg": 0.3,
  "good_loss_rate": 0.0,
  "bad_loss_rate": 0.65
}