{
  "state": "bad",
  "episode_index": 3129,
  "state_ordinal": 1564,
  "start_time_wall": 1756952912.8416352,
  "end_time_wall": 1756952912.8812852,
  "wall_time_sec": 0.03964991199973156,
  "steps": 4,
  "packets": 95463,
  "dropped": 61904,
  "running_total_steps": 315531,
  "running_total_packets": 4480163646,
  "running_total_dropped": 48273530,
  "running_total_time_sec": 1003.9711575740002,
  "p_gb": 0.005,
  "p_bg": 0.3,
  "good_loss_rate": 0.0,
  "bad_loss_rate": 0.65
}