{
  "state": "bad",
  "episode_index": 4237,
  "state_ordinal": 2118,
  "start_time_wall": 1756953304.7278204,
  "end_time_wall": 1756953304.73092,
  "wall_time_sec": 0.003099976000157767,
  "steps": 1,
  "packets": 11571,
  "dropped": 7537,
  "running_total_steps": 423764,
  "running_total_packets": 6016978426,
  "running_total_dropped": 66357470,
  "running_total_time_sec": 1395.8207926289997,
  "p_gb": 0.005,
  "p_bg": 0.3,
  "good_loss_rate": 0.0,
  "bad_loss_rate": 0.65
}