{
  "state": "bad",
  "episode_index": 931,
  "state_ordinal": 465,
  "start_time_wall": 1756952186.479366,
  "end_time_wall": 1756952186.6651695,
  "wall_time_sec": 0.18580368499897304,
  "steps": 7,
  "packets": 78115,
  "dropped": 50605,
  "running_total_steps": 95578,
  "running_total_packets": 1357142384,
  "running_total_dropped": 16306378,
  "running_total_time_sec": 277.75504214399916,
  "p_gb": 0.005,
  "p_bg": 0.3,
  "good_loss_rate": 0.0,
  "bad_loss_rate": 0.65
}