{
  "state": "bad",
  "episode_index": 4461,
  "state_ordinal": 2230,
  "start_time_wall": 1756953351.884876,
  "end_time_wall": 1756953352.0629356,
  "wall_time_sec": 0.1780596289991081,
  "steps": 4,
  "packets": 95463,
  "dropped": 62029,
  "running_total_steps": 446274,
  "running_total_packets": 6336605553,
  "running_total_dropped": 69483242,
  "running_total_time_sec": 1443.1528080089993,
  "p_gb": 0.005,
  "p_bg": 0.3,
  "good_loss_rate": 0.0,
  "bad_loss_rate": 0.65
}