{
  "state": "bad",
  "episode_index": 5657,
  "state_ordinal": 2828,
  "start_time_wall": 1756953767.5456243,
  "end_time_wall": 1756953767.5460632,
  "wall_time_sec": 0.00043899000047531445,
  "steps": 1,
  "packets": 6,
  "dropped": 5,
  "running_total_steps": 566079,
  "running_total_packets": 8037661590,
  "running_total_dropped": 88472086,
  "running_total_time_sec": 1858.6359356560006,
  "p_gb": 0.005,
  "p_bg": 0.3,
  "good_loss_rate": 0.0,
  "bad_loss_rate": 0.65
}