{
  "state": "bad",
  "episode_index": 2541,
  "state_ordinal": 1270,
  "start_time_wall": 1756952756.4948647,
  "end_time_wall": 1756952756.496254,
  "wall_time_sec": 0.0013894040002924157,
  "steps": 1,
  "packets": 1447,
  "dropped": 956,
  "running_total_steps": 258982,
  "running_total_packets": 3677255400,
  "running_total_dropped": 39347937,
  "running_total_time_sec": 847.5861264209998,
  "p_gb": 0.005,
  "p_bg": 0.3,
  "good_loss_rate": 0.0,
  "bad_loss_rate": 0.65
}