{
  "state": "good",
  "episode_index": 4620,
  "state_ordinal": 2310,
  "start_time_wall": 1756953419.002896,
  "end_time_wall": 1756953419.7955928,
  "wall_time_sec": 0.792696769000031,
  "steps": 410,
  "packets": 5827892,
  "dropped": 1,
  "running_total_steps": 461771,
  "running_total_packets": 6556611749,
  "running_total_dropped": 72199338,
  "running_total_time_sec": 1510.8854652659993,
  "p_gb": 0.005,
  "p_bg": 0.3,
  "good_loss_rate": 0.0,
  "bad_loss_rate": 0.65
}