{
  "state": "good",
  "episode_index": 4946,
  "state_ordinal": 2473,
  "start_time_wall": 1756953539.3449035,
  "end_time_wall": 1756953539.3589933,
  "wall_time_sec": 0.014089991998844198,
  "steps": 135,
  "packets": 1822575,
  "dropped": 0,
  "running_total_steps": 491834,
  "running_total_packets": 6983413364,
  "running_total_dropped": 77382944,
  "running_total_time_sec": 1630.4488659199997,
  "p_gb": 0.005,
  "p_bg": 0.3,
  "good_loss_rate": 0.0,
  "bad_loss_rate": 0.65
}