{
  "state": "good",
  "episode_index": 4504,
  "state_ordinal": 2252,
  "start_time_wall": 1756953395.6703496,
  "end_time_wall": 1756953395.673172,
  "wall_time_sec": 0.002822252001351444,
  "steps": 23,
  "packets": 350044,
  "dropped": 0,
  "running_total_steps": 450723,
  "running_total_packets": 6399756242,
  "running_total_dropped": 70301269,
  "running_total_time_sec": 1486.7630443760008,
  "p_gb": 0.005,
  "p_bg": 0.3,
  "good_loss_rate": 0.0,
  "bad_loss_rate": 0.65
}