{
  "state": "good",
  "episode_index": 4874,
  "state_ordinal": 2437,
  "start_time_wall": 1756953527.3712513,
  "end_time_wall": 1756953527.372405,
  "wall_time_sec": 0.0011533610013430007,
  "steps": 9,
  "packets": 121505,
  "dropped": 0,
  "running_total_steps": 486153,
  "running_total_packets": 6902774664,
  "running_total_dropped": 76084459,
  "running_total_time_sec": 1618.4622773200008,
  "p_gb": 0.005,
  "p_bg": 0.3,
  "good_loss_rate": 0.0,
  "bad_loss_rate": 0.65
}