{
  "state": "good",
  "episode_index": 2592,
  "state_ordinal": 1296,
  "start_time_wall": 1756952767.485794,
  "end_time_wall": 1756952767.5151732,
  "wall_time_sec": 0.029378797000390477,
  "steps": 239,
  "packets": 3351514,
  "dropped": 0,
  "running_total_steps": 264197,
  "running_total_packets": 3751332843,
  "running_total_dropped": 40115345,
  "running_total_time_sec": 858.6050455210006,
  "p_gb": 0.005,
  "p_bg": 0.3,
  "good_loss_rate": 0.0,
  "bad_loss_rate": 0.65
}