{
  "state": "good",
  "episode_index": 4760,
  "state_ordinal": 2380,
  "start_time_wall": 1756953449.5143416,
  "end_time_wall": 1756953451.1076522,
  "wall_time_sec": 1.5933103850002226,
  "steps": 996,
  "packets": 14148080,
  "dropped": 0,
  "running_total_steps": 476393,
  "running_total_packets": 6764233125,
  "running_total_dropped": 74552896,
  "running_total_time_sec": 1542.1975246439997,
  "p_gb": 0.005,
  "p_bg": 0.3,
  "good_loss_rate": 0.0,
  "bad_loss_rate": 0.65
}