{
  "state": "good",
  "episode_index": 616,
  "state_ordinal": 308,
  "start_time_wall": 1756952071.3700824,
  "end_time_wall": 1756952071.374073,
  "wall_time_sec": 0.0039908620001369854,
  "steps": 19,
  "packets": 410799,
  "dropped": 0,
  "running_total_steps": 57487,
  "running_total_packets": 816401051,
  "running_total_dropped": 10852307,
  "running_total_time_sec": 162.46394559500004,
  "p_gb": 0.005,
  "p_bg": 0.3,
  "good_loss_rate": 0.0,
  "bad_loss_rate": 0.65
}