{
  "state": "good",
  "episode_index": 3794,
  "state_ordinal": 1897,
  "start_time_wall": 1756953150.583673,
  "end_time_wall": 1756953150.5936012,
  "wall_time_sec": 0.00992801599932136,
  "steps": 79,
  "packets": 1029907,
  "dropped": 0,
  "running_total_steps": 383868,
  "running_total_packets": 5450431782,
  "running_total_dropped": 59119658,
  "running_total_time_sec": 1241.6834736349992,
  "p_gb": 0.005,
  "p_bg": 0.3,
  "good_loss_rate": 0.0,
  "bad_loss_rate": 0.65
}