{
  "state": "good",
  "episode_index": 3264,
  "state_ordinal": 1632,
  "start_time_wall": 1756953000.6001291,
  "end_time_wall": 1756953000.6586092,
  "wall_time_sec": 0.05847998200079019,
  "steps": 331,
  "packets": 4631643,
  "dropped": 1,
  "running_total_steps": 331033,
  "running_total_packets": 4700247945,
  "running_total_dropped": 50150070,
  "running_total_time_sec": 1091.7484815890002,
  "p_gb": 0.005,
  "p_bg": 0.3,
  "good_loss_rate": 0.0,
  "bad_loss_rate": 0.65
}