{
  "state": "good",
  "episode_index": 362,
  "state_ordinal": 181,
  "start_time_wall": 1756952017.2266831,
  "end_time_wall": 1756952017.2298503,
  "wall_time_sec": 0.003167343000313849,
  "steps": 27,
  "packets": 364515,
  "dropped": 0,
  "running_total_steps": 32327,
  "running_total_packets": 459020635,
  "running_total_dropped": 6794846,
  "running_total_time_sec": 108.31972286400014,
  "p_gb": 0.005,
  "p_bg": 0.3,
  "good_loss_rate": 0.0,
  "bad_loss_rate": 0.65
}