{
  "state": "good",
  "episode_index": 1146,
  "state_ordinal": 573,
  "start_time_wall": 1756952263.127185,
  "end_time_wall": 1756952263.1303432,
  "wall_time_sec": 0.0031578960006299894,
  "steps": 23,
  "packets": 300865,
  "dropped": 0,
  "running_total_steps": 115689,
  "running_total_packets": 1642698979,
  "running_total_dropped": 19825504,
  "running_total_time_sec": 354.22021556300024,
  "p_gb": 0.005,
  "p_bg": 0.3,
  "good_loss_rate": 0.0,
  "bad_loss_rate": 0.65
}