{
  "state": "good",
  "episode_index": 2264,
  "state_ordinal": 1132,
  "start_time_wall": 1756952658.1399593,
  "end_time_wall": 1756952658.8924446,
  "wall_time_sec": 0.7524846180003806,
  "steps": 180,
  "packets": 2535698,
  "dropped": 1,
  "running_total_steps": 229471,
  "running_total_packets": 3258215621,
  "running_total_dropped": 35549549,
  "running_total_time_sec": 749.9823169840001,
  "p_gb": 0.005,
  "p_bg": 0.3,
  "good_loss_rate": 0.0,
  "bad_loss_rate": 0.65
}