{
  "state": "good",
  "episode_index": 3144,
  "state_ordinal": 1572,
  "start_time_wall": 1756952915.3363278,
  "end_time_wall": 1756952915.5410717,
  "wall_time_sec": 0.20474374999866995,
  "steps": 252,
  "packets": 3569923,
  "dropped": 0,
  "running_total_steps": 316893,
  "running_total_packets": 4499533540,
  "running_total_dropped": 48473937,
  "running_total_time_sec": 1006.6309439729994,
  "p_gb": 0.005,
  "p_bg": 0.3,
  "good_loss_rate": 0.0,
  "bad_loss_rate": 0.65
}