{
  "state": "good",
  "episode_index": 4944,
  "state_ordinal": 2472,
  "start_time_wall": 1756953539.3103104,
  "end_time_wall": 1756953539.3313472,
  "wall_time_sec": 0.021036810998339206,
  "steps": 166,
  "packets": 2399716,
  "dropped": 0,
  "running_total_steps": 491698,
  "running_total_packets": 6981558970,
  "running_total_dropped": 77362258,
  "running_total_time_sec": 1630.4212196699991,
  "p_gb": 0.005,
  "p_bg": 0.3,
  "good_loss_rate": 0.0,
  "bad_loss_rate": 0.65
}