{
  "state": "good",
  "episode_index": 4030,
  "state_ordinal": 2015,
  "start_time_wall": 1756953228.9421206,
  "end_time_wall": 1756953229.423712,
  "wall_time_sec": 0.4815915600011067,
  "steps": 249,
  "packets": 3642249,
  "dropped": 0,
  "running_total_steps": 405041,
  "running_total_packets": 5751188047,
  "running_total_dropped": 63286333,
  "running_total_time_sec": 1320.5135844020006,
  "p_gb": 0.005,
  "p_bg": 0.3,
  "good_loss_rate": 0.0,
  "bad_loss_rate": 0.65
}