{
  "state": "good",
  "episode_index": 3382,
  "state_ordinal": 1691,
  "start_time_wall": 1756953028.4124095,
  "end_time_wall": 1756953028.4382992,
  "wall_time_sec": 0.025889544000165188,
  "steps": 211,
  "packets": 2986993,
  "dropped": 1,
  "running_total_steps": 343877,
  "running_total_packets": 4882591985,
  "running_total_dropped": 52323856,
  "running_total_time_sec": 1119.528171557,
  "p_gb": 0.005,
  "p_bg": 0.3,
  "good_loss_rate": 0.0,
  "bad_loss_rate": 0.65
}