{
  "state": "good",
  "episode_index": 4996,
  "state_ordinal": 2498,
  "start_time_wall": 1756953551.315519,
  "end_time_wall": 1756953551.885194,
  "wall_time_sec": 0.5696743209991837,
  "steps": 32,
  "packets": 577147,
  "dropped": 0,
  "running_total_steps": 497502,
  "running_total_packets": 7063989873,
  "running_total_dropped": 78226091,
  "running_total_time_sec": 1642.9750664679996,
  "p_gb": 0.005,
  "p_bg": 0.3,
  "good_loss_rate": 0.0,
  "bad_loss_rate": 0.65
}