{
  "state": "good",
  "episode_index": 816,
  "state_ordinal": 408,
  "start_time_wall": 1756952162.2363734,
  "end_time_wall": 1756952162.8469727,
  "wall_time_sec": 0.6105989740008226,
  "steps": 381,
  "packets": 5450359,
  "dropped": 0,
  "running_total_steps": 84449,
  "running_total_packets": 1199202015,
  "running_total_dropped": 14237735,
  "running_total_time_sec": 253.9368451570008,
  "p_gb": 0.005,
  "p_bg": 0.3,
  "good_loss_rate": 0.0,
  "bad_loss_rate": 0.65
}