{
  "state": "good",
  "episode_index": 5960,
  "state_ordinal": 2980,
  "start_time_wall": 1756953867.8799658,
  "end_time_wall": 1756953867.8823237,
  "wall_time_sec": 0.0023579530006827554,
  "steps": 16,
  "packets": 229992,
  "dropped": 0,
  "running_total_steps": 596440,
  "running_total_packets": 8468724568,
  "running_total_dropped": 92987112,
  "running_total_time_sec": 1958.9721960690003,
  "p_gb": 0.005,
  "p_bg": 0.3,
  "good_loss_rate": 0.0,
  "bad_loss_rate": 0.65
}