{
  "state": "good",
  "episode_index": 3332,
  "state_ordinal": 1666,
  "start_time_wall": 1756953018.041094,
  "end_time_wall": 1756953018.8075023,
  "wall_time_sec": 0.7664081130005798,
  "steps": 135,
  "packets": 1990358,
  "dropped": 1,
  "running_total_steps": 339186,
  "running_total_packets": 4816075317,
  "running_total_dropped": 51644999,
  "running_total_time_sec": 1109.8973748099997,
  "p_gb": 0.005,
  "p_bg": 0.3,
  "good_loss_rate": 0.0,
  "bad_loss_rate": 0.65
}