{
  "state": "good",
  "episode_index": 694,
  "state_ordinal": 347,
  "start_time_wall": 1756952131.0675578,
  "end_time_wall": 1756952131.2547996,
  "wall_time_sec": 0.18724142000064603,
  "steps": 101,
  "packets": 1485543,
  "dropped": 0,
  "running_total_steps": 69213,
  "running_total_packets": 982836627,
  "running_total_dropped": 12350413,
  "running_total_time_sec": 222.34467202700034,
  "p_gb": 0.005,
  "p_bg": 0.3,
  "good_loss_rate": 0.0,
  "bad_loss_rate": 0.65
}