{
  "state": "good",
  "episode_index": 746,
  "state_ordinal": 373,
  "start_time_wall": 1756952144.7279248,
  "end_time_wall": 1756952145.495824,
  "wall_time_sec": 0.7678993150002498,
  "steps": 431,
  "packets": 6135987,
  "dropped": 2,
  "running_total_steps": 76147,
  "running_total_packets": 1081238179,
  "running_total_dropped": 13110637,
  "running_total_time_sec": 236.58569658499982,
  "p_gb": 0.005,
  "p_bg": 0.3,
  "good_loss_rate": 0.0,
  "bad_loss_rate": 0.65
}