{
  "state": "good",
  "episode_index": 5828,
  "state_ordinal": 2914,
  "start_time_wall": 1756953837.3835998,
  "end_time_wall": 1756953837.387417,
  "wall_time_sec": 0.003816927999650943,
  "steps": 35,
  "packets": 474449,
  "dropped": 0,
  "running_total_steps": 582190,
  "running_total_packets": 8266353936,
  "running_total_dropped": 91229480,
  "running_total_time_sec": 1928.4772893379995,
  "p_gb": 0.005,
  "p_bg": 0.3,
  "good_loss_rate": 0.0,
  "bad_loss_rate": 0.65
}