{
  "state": "good",
  "episode_index": 2670,
  "state_ordinal": 1335,
  "start_time_wall": 1756952783.7694356,
  "end_time_wall": 1756952783.7726552,
  "wall_time_sec": 0.003219443000489264,
  "steps": 31,
  "packets": 378986,
  "dropped": 0,
  "running_total_steps": 271927,
  "running_total_packets": 3860999633,
  "running_total_dropped": 41243854,
  "running_total_time_sec": 874.8625276940002,
  "p_gb": 0.005,
  "p_bg": 0.3,
  "good_loss_rate": 0.0,
  "bad_loss_rate": 0.65
}