{
  "state": "good",
  "episode_index": 1892,
  "state_ordinal": 946,
  "start_time_wall": 1756952507.303113,
  "end_time_wall": 1756952507.3317292,
  "wall_time_sec": 0.02861603999917861,
  "steps": 217,
  "packets": 3083909,
  "dropped": 0,
  "running_total_steps": 189381,
  "running_total_packets": 2689069641,
  "running_total_dropped": 30911700,
  "running_total_time_sec": 598.4216014909998,
  "p_gb": 0.005,
  "p_bg": 0.3,
  "good_loss_rate": 0.0,
  "bad_loss_rate": 0.65
}