{
  "state": "good",
  "episode_index": 34,
  "state_ordinal": 17,
  "start_time_wall": 1756951919.2165005,
  "end_time_wall": 1756951919.4221735,
  "wall_time_sec": 0.2056725570000708,
  "steps": 280,
  "packets": 3883824,
  "dropped": 0,
  "running_total_steps": 3401,
  "running_total_packets": 48299597,
  "running_total_dropped": 715632,
  "running_total_time_sec": 10.512045901999954,
  "p_gb": 0.005,
  "p_bg": 0.3,
  "good_loss_rate": 0.0,
  "bad_loss_rate": 0.65
}