{
  "state": "good",
  "episode_index": 2942,
  "state_ordinal": 1471,
  "start_time_wall": 1756952876.4204803,
  "end_time_wall": 1756952876.9934213,
  "wall_time_sec": 0.5729406599984941,
  "steps": 10,
  "packets": 238674,
  "dropped": 0,
  "running_total_steps": 298893,
  "running_total_packets": 4244013223,
  "running_total_dropped": 45459026,
  "running_total_time_sec": 968.0832937889991,
  "p_gb": 0.005,
  "p_bg": 0.3,
  "good_loss_rate": 0.0,
  "bad_loss_rate": 0.65
}