{
  "state": "good",
  "episode_index": 198,
  "state_ordinal": 99,
  "start_time_wall": 1756951951.279888,
  "end_time_wall": 1756951951.2819674,
  "wall_time_sec": 0.0020788219990208745,
  "steps": 14,
  "packets": 196726,
  "dropped": 0,
  "running_total_steps": 17825,
  "running_total_packets": 253159631,
  "running_total_dropped": 3739537,
  "running_total_time_sec": 42.37183975699918,
  "p_gb": 0.005,
  "p_bg": 0.3,
  "good_loss_rate": 0.0,
  "bad_loss_rate": 0.65
}