{
  "state": "good",
  "episode_index": 3450,
  "state_ordinal": 1725,
  "start_time_wall": 1756953037.5945156,
  "end_time_wall": 1756953037.6008668,
  "wall_time_sec": 0.006351179999910528,
  "steps": 49,
  "packets": 620555,
  "dropped": 0,
  "running_total_steps": 347694,
  "running_total_packets": 4936803390,
  "running_total_dropped": 53463435,
  "running_total_time_sec": 1128.69073914,
  "p_gb": 0.005,
  "p_bg": 0.3,
  "good_loss_rate": 0.0,
  "bad_loss_rate": 0.65
}