{
  "state": "good",
  "episode_index": 1092,
  "state_ordinal": 546,
  "start_time_wall": 1756952252.0906816,
  "end_time_wall": 1756952252.114628,
  "wall_time_sec": 0.023946508999870275,
  "steps": 205,
  "packets": 2900201,
  "dropped": 0,
  "running_total_steps": 110691,
  "running_total_packets": 1571715569,
  "running_total_dropped": 18934626,
  "running_total_time_sec": 343.2045006389999,
  "p_gb": 0.005,
  "p_bg": 0.3,
  "good_loss_rate": 0.0,
  "bad_loss_rate": 0.65
}