{
  "state": "good",
  "episode_index": 4038,
  "state_ordinal": 2019,
  "start_time_wall": 1756953232.0857055,
  "end_time_wall": 1756953232.679333,
  "wall_time_sec": 0.5936269800004084,
  "steps": 188,
  "packets": 2706376,
  "dropped": 0,
  "running_total_steps": 406732,
  "running_total_packets": 5775112940,
  "running_total_dropped": 63354269,
  "running_total_time_sec": 1323.7692051800004,
  "p_gb": 0.005,
  "p_bg": 0.3,
  "good_loss_rate": 0.0,
  "bad_loss_rate": 0.65
}