{
  "state": "good",
  "episode_index": 5498,
  "state_ordinal": 2749,
  "start_time_wall": 1756953733.113009,
  "end_time_wall": 1756953733.312832,
  "wall_time_sec": 0.19982301100026234,
  "steps": 230,
  "packets": 3221326,
  "dropped": 0,
  "running_total_steps": 550120,
  "running_total_packets": 7810942266,
  "running_total_dropped": 85980880,
  "running_total_time_sec": 1824.402704262,
  "p_gb": 0.005,
  "p_bg": 0.3,
  "good_loss_rate": 0.0,
  "bad_loss_rate": 0.65
}