{
  "state": "good",
  "episode_index": 1276,
  "state_ordinal": 638,
  "start_time_wall": 1756952331.0339832,
  "end_time_wall": 1756952331.0463672,
  "wall_time_sec": 0.01238398299938126,
  "steps": 96,
  "packets": 1241098,
  "dropped": 0,
  "running_total_steps": 131027,
  "running_total_packets": 1860415387,
  "running_total_dropped": 21795170,
  "running_total_time_sec": 422.1362397510002,
  "p_gb": 0.005,
  "p_bg": 0.3,
  "good_loss_rate": 0.0,
  "bad_loss_rate": 0.65
}