{
  "state": "good",
  "episode_index": 1132,
  "state_ordinal": 566,
  "start_time_wall": 1756952260.6872807,
  "end_time_wall": 1756952260.69213,
  "wall_time_sec": 0.004849459999604733,
  "steps": 44,
  "packets": 595954,
  "dropped": 0,
  "running_total_steps": 114619,
  "running_total_packets": 1627535469,
  "running_total_dropped": 19582745,
  "running_total_time_sec": 351.7820025309993,
  "p_gb": 0.005,
  "p_bg": 0.3,
  "good_loss_rate": 0.0,
  "bad_loss_rate": 0.65
}