{
  "state": "good",
  "episode_index": 2048,
  "state_ordinal": 1024,
  "start_time_wall": 1756952575.6458511,
  "end_time_wall": 1756952576.2101624,
  "wall_time_sec": 0.5643112060006388,
  "steps": 198,
  "packets": 2822086,
  "dropped": 0,
  "running_total_steps": 206041,
  "running_total_packets": 2925656893,
  "running_total_dropped": 32761733,
  "running_total_time_sec": 667.3000347699999,
  "p_gb": 0.005,
  "p_bg": 0.3,
  "good_loss_rate": 0.0,
  "bad_loss_rate": 0.65
}