{
  "state": "good",
  "episode_index": 6028,
  "state_ordinal": 3014,
  "start_time_wall": 1756953880.9615216,
  "end_time_wall": 1756953881.576295,
  "wall_time_sec": 0.6147729949989298,
  "steps": 233,
  "packets": 3296535,
  "dropped": 0,
  "running_total_steps": 602914,
  "running_total_packets": 8560625606,
  "running_total_dropped": 94081298,
  "running_total_time_sec": 1972.6661672289993,
  "p_gb": 0.005,
  "p_bg": 0.3,
  "good_loss_rate": 0.0,
  "bad_loss_rate": 0.65
}