{
  "state": "good",
  "episode_index": 3774,
  "state_ordinal": 1887,
  "start_time_wall": 1756953147.1968923,
  "end_time_wall": 1756953147.202758,
  "wall_time_sec": 0.005865860000994871,
  "steps": 43,
  "packets": 604631,
  "dropped": 0,
  "running_total_steps": 382229,
  "running_total_packets": 5427189647,
  "running_total_dropped": 58920999,
  "running_total_time_sec": 1238.2926304960001,
  "p_gb": 0.005,
  "p_bg": 0.3,
  "good_loss_rate": 0.0,
  "bad_loss_rate": 0.65
}