{
  "state": "good",
  "episode_index": 192,
  "state_ordinal": 96,
  "start_time_wall": 1756951949.4457004,
  "end_time_wall": 1756951950.0892234,
  "wall_time_sec": 0.6435231619998376,
  "steps": 453,
  "packets": 6425281,
  "dropped": 0,
  "running_total_steps": 17192,
  "running_total_packets": 244221782,
  "running_total_dropped": 3690766,
  "running_total_time_sec": 41.17909594599951,
  "p_gb": 0.005,
  "p_bg": 0.3,
  "good_loss_rate": 0.0,
  "bad_loss_rate": 0.65
}