{
  "state": "good",
  "episode_index": 1648,
  "state_ordinal": 824,
  "start_time_wall": 1756952459.6626058,
  "end_time_wall": 1756952459.666193,
  "wall_time_sec": 0.003586920000088867,
  "steps": 26,
  "packets": 332696,
  "dropped": 0,
  "running_total_steps": 167108,
  "running_total_packets": 2372783892,
  "running_total_dropped": 27472448,
  "running_total_time_sec": 550.7560653580003,
  "p_gb": 0.005,
  "p_bg": 0.3,
  "good_loss_rate": 0.0,
  "bad_loss_rate": 0.65
}