{
  "state": "good",
  "episode_index": 5068,
  "state_ordinal": 2534,
  "start_time_wall": 1756953569.699833,
  "end_time_wall": 1756953569.7021866,
  "wall_time_sec": 0.002353611998842098,
  "steps": 17,
  "packets": 211191,
  "dropped": 0,
  "running_total_steps": 505994,
  "running_total_packets": 7184487954,
  "running_total_dropped": 79285113,
  "running_total_time_sec": 1660.7920589259993,
  "p_gb": 0.005,
  "p_bg": 0.3,
  "good_loss_rate": 0.0,
  "bad_loss_rate": 0.65
}