{
  "state": "good",
  "episode_index": 1878,
  "state_ordinal": 939,
  "start_time_wall": 1756952503.9788618,
  "end_time_wall": 1756952503.9852982,
  "wall_time_sec": 0.006436232000851305,
  "steps": 59,
  "packets": 836064,
  "dropped": 0,
  "running_total_steps": 187896,
  "running_total_packets": 2667926351,
  "running_total_dropped": 30723995,
  "running_total_time_sec": 595.0751705410003,
  "p_gb": 0.005,
  "p_bg": 0.3,
  "good_loss_rate": 0.0,
  "bad_loss_rate": 0.65
}