{
  "state": "good",
  "episode_index": 5736,
  "state_ordinal": 2868,
  "start_time_wall": 1756953781.3674498,
  "end_time_wall": 1756953782.7333305,
  "wall_time_sec": 1.3658805340000981,
  "steps": 741,
  "packets": 10429163,
  "dropped": 1,
  "running_total_steps": 573201,
  "running_total_packets": 8138700091,
  "running_total_dropped": 89747571,
  "running_total_time_sec": 1873.8232028380007,
  "p_gb": 0.005,
  "p_bg": 0.3,
  "good_loss_rate": 0.0,
  "bad_loss_rate": 0.65
}