{
  "state": "good",
  "episode_index": 3256,
  "state_ordinal": 1628,
  "start_time_wall": 1756952996.5590065,
  "end_time_wall": 1756952997.178114,
  "wall_time_sec": 0.619107366001117,
  "steps": 358,
  "packets": 5132128,
  "dropped": 0,
  "running_total_steps": 329389,
  "running_total_packets": 4676930589,
  "running_total_dropped": 50057903,
  "running_total_time_sec": 1088.2679863100002,
  "p_gb": 0.005,
  "p_bg": 0.3,
  "good_loss_rate": 0.0,
  "bad_loss_rate": 0.65
}