{
  "state": "good",
  "episode_index": 3430,
  "state_ordinal": 1715,
  "start_time_wall": 1756953034.0226822,
  "end_time_wall": 1756953034.0416174,
  "wall_time_sec": 0.01893501500126149,
  "steps": 151,
  "packets": 2201543,
  "dropped": 0,
  "running_total_steps": 346201,
  "running_total_packets": 4915687577,
  "running_total_dropped": 53120825,
  "running_total_time_sec": 1125.1314897240009,
  "p_gb": 0.005,
  "p_bg": 0.3,
  "good_loss_rate": 0.0,
  "bad_loss_rate": 0.65
}