{
  "state": "good",
  "episode_index": 2306,
  "state_ordinal": 1153,
  "start_time_wall": 1756952666.5707216,
  "end_time_wall": 1756952667.3569775,
  "wall_time_sec": 0.7862554250004905,
  "steps": 452,
  "packets": 6527991,
  "dropped": 0,
  "running_total_steps": 233607,
  "running_total_packets": 3317039862,
  "running_total_dropped": 36175662,
  "running_total_time_sec": 758.4468497300004,
  "p_gb": 0.005,
  "p_bg": 0.3,
  "good_loss_rate": 0.0,
  "bad_loss_rate": 0.65
}