{
  "state": "good",
  "episode_index": 890,
  "state_ordinal": 445,
  "start_time_wall": 1756952176.6234982,
  "end_time_wall": 1756952177.2272623,
  "wall_time_sec": 0.6037638790003257,
  "steps": 284,
  "packets": 4128263,
  "dropped": 0,
  "running_total_steps": 91316,
  "running_total_packets": 1296709630,
  "running_total_dropped": 15517541,
  "running_total_time_sec": 268.3171345869996,
  "p_gb": 0.005,
  "p_bg": 0.3,
  "good_loss_rate": 0.0,
  "bad_loss_rate": 0.65
}