{
  "state": "good",
  "episode_index": 888,
  "state_ordinal": 444,
  "start_time_wall": 1756952176.60088,
  "end_time_wall": 1756952176.623037,
  "wall_time_sec": 0.022157322000566637,
  "steps": 197,
  "packets": 2840887,
  "dropped": 0,
  "running_total_steps": 91031,
  "running_total_packets": 1292581361,
  "running_total_dropped": 15517539,
  "running_total_time_sec": 267.7129096160006,
  "p_gb": 0.005,
  "p_bg": 0.3,
  "good_loss_rate": 0.0,
  "bad_loss_rate": 0.65
}