{
  "state": "good",
  "episode_index": 6088,
  "state_ordinal": 3044,
  "start_time_wall": 1756953896.4647014,
  "end_time_wall": 1756953897.251034,
  "wall_time_sec": 0.7863324670015572,
  "steps": 278,
  "packets": 4019782,
  "dropped": 1,
  "running_total_steps": 610083,
  "running_total_packets": 8662439427,
  "running_total_dropped": 94787887,
  "running_total_time_sec": 1988.3409064700008,
  "p_gb": 0.005,
  "p_bg": 0.3,
  "good_loss_rate": 0.0,
  "bad_loss_rate": 0.65
}