{
  "state": "good",
  "episode_index": 5710,
  "state_ordinal": 2855,
  "start_time_wall": 1756953776.8123581,
  "end_time_wall": 1756953776.837245,
  "wall_time_sec": 0.024886649998734356,
  "steps": 45,
  "packets": 743495,
  "dropped": 1,
  "running_total_steps": 570450,
  "running_total_packets": 8099731758,
  "running_total_dropped": 89253650,
  "running_total_time_sec": 1867.9271174139994,
  "p_gb": 0.005,
  "p_bg": 0.3,
  "good_loss_rate": 0.0,
  "bad_loss_rate": 0.65
}