{
  "state": "good",
  "episode_index": 6058,
  "state_ordinal": 3029,
  "start_time_wall": 1756953889.5245316,
  "end_time_wall": 1756953890.3472865,
  "wall_time_sec": 0.822754836999593,
  "steps": 660,
  "packets": 9386238,
  "dropped": 1,
  "running_total_steps": 607100,
  "running_total_packets": 8620103662,
  "running_total_dropped": 94398869,
  "running_total_time_sec": 1981.4371589290004,
  "p_gb": 0.005,
  "p_bg": 0.3,
  "good_loss_rate": 0.0,
  "bad_loss_rate": 0.65
}