{
  "state": "good",
  "episode_index": 120,
  "state_ordinal": 60,
  "start_time_wall": 1756951933.6772926,
  "end_time_wall": 1756951934.298556,
  "wall_time_sec": 0.6212634240000625,
  "steps": 370,
  "packets": 5236285,
  "dropped": 0,
  "running_total_steps": 10072,
  "running_total_packets": 143134114,
  "running_total_dropped": 2291890,
  "running_total_time_sec": 25.388428532000034,
  "p_gb": 0.005,
  "p_bg": 0.3,
  "good_loss_rate": 0.0,
  "bad_loss_rate": 0.65
}