{
  "state": "good",
  "episode_index": 5836,
  "state_ordinal": 2918,
  "start_time_wall": 1756953838.1764169,
  "end_time_wall": 1756953838.1975183,
  "wall_time_sec": 0.02110141099910834,
  "steps": 159,
  "packets": 2260857,
  "dropped": 0,
  "running_total_steps": 582512,
  "running_total_packets": 8270979796,
  "running_total_dropped": 91302866,
  "running_total_time_sec": 1929.287390689,
  "p_gb": 0.005,
  "p_bg": 0.3,
  "good_loss_rate": 0.0,
  "bad_loss_rate": 0.65
}