{
  "state": "good",
  "episode_index": 6084,
  "state_ordinal": 3042,
  "start_time_wall": 1756953894.6880138,
  "end_time_wall": 1756953896.2421079,
  "wall_time_sec": 1.5540937899986602,
  "steps": 660,
  "packets": 9471588,
  "dropped": 0,
  "running_total_steps": 609649,
  "running_total_packets": 8656322229,
  "running_total_dropped": 94746588,
  "running_total_time_sec": 1987.3319802459991,
  "p_gb": 0.005,
  "p_bg": 0.3,
  "good_loss_rate": 0.0,
  "bad_loss_rate": 0.65
}