{
  "state": "good",
  "episode_index": 1138,
  "state_ordinal": 569,
  "start_time_wall": 1756952261.464324,
  "end_time_wall": 1756952261.4817557,
  "wall_time_sec": 0.01743136900040554,
  "steps": 116,
  "packets": 1567994,
  "dropped": 0,
  "running_total_steps": 114910,
  "running_total_packets": 1631604436,
  "running_total_dropped": 19627879,
  "running_total_time_sec": 352.57162811499984,
  "p_gb": 0.005,
  "p_bg": 0.3,
  "good_loss_rate": 0.0,
  "bad_loss_rate": 0.65
}