{
  "state": "good",
  "episode_index": 5632,
  "state_ordinal": 2816,
  "start_time_wall": 1756953763.0738006,
  "end_time_wall": 1756953763.6928077,
  "wall_time_sec": 0.6190069849999418,
  "steps": 331,
  "packets": 4735800,
  "dropped": 0,
  "running_total_steps": 564315,
  "running_total_packets": 8012583862,
  "running_total_dropped": 88086982,
  "running_total_time_sec": 1854.7826800500006,
  "p_gb": 0.005,
  "p_bg": 0.3,
  "good_loss_rate": 0.0,
  "bad_loss_rate": 0.65
}