{
  "state": "good",
  "episode_index": 3062,
  "state_ordinal": 1531,
  "start_time_wall": 1756952897.3163316,
  "end_time_wall": 1756952897.3227067,
  "wall_time_sec": 0.006375172000844032,
  "steps": 50,
  "packets": 633567,
  "dropped": 0,
  "running_total_steps": 308327,
  "running_total_packets": 4377813191,
  "running_total_dropped": 47289359,
  "running_total_time_sec": 988.4125792230006,
  "p_gb": 0.005,
  "p_bg": 0.3,
  "good_loss_rate": 0.0,
  "bad_loss_rate": 0.65
}