{
  "state": "good",
  "episode_index": 1628,
  "state_ordinal": 814,
  "start_time_wall": 1756952455.4549162,
  "end_time_wall": 1756952456.0468316,
  "wall_time_sec": 0.5919152579990623,
  "steps": 180,
  "packets": 2599324,
  "dropped": 0,
  "running_total_steps": 165530,
  "running_total_packets": 2350412528,
  "running_total_dropped": 27140334,
  "running_total_time_sec": 547.1367041729991,
  "p_gb": 0.005,
  "p_bg": 0.3,
  "good_loss_rate": 0.0,
  "bad_loss_rate": 0.65
}