{
  "state": "good",
  "episode_index": 4880,
  "state_ordinal": 2440,
  "start_time_wall": 1756953528.9028075,
  "end_time_wall": 1756953528.9170377,
  "wall_time_sec": 0.014229939000870218,
  "steps": 109,
  "packets": 1638855,
  "dropped": 0,
  "running_total_steps": 486902,
  "running_total_packets": 6913461296,
  "running_total_dropped": 76142797,
  "running_total_time_sec": 1620.0069101160007,
  "p_gb": 0.005,
  "p_bg": 0.3,
  "good_loss_rate": 0.0,
  "bad_loss_rate": 0.65
}