{
  "state": "good",
  "episode_index": 4332,
  "state_ordinal": 2166,
  "start_time_wall": 1756953325.806292,
  "end_time_wall": 1756953326.7654293,
  "wall_time_sec": 0.9591373520015622,
  "steps": 530,
  "packets": 7588264,
  "dropped": 0,
  "running_total_steps": 434207,
  "running_total_packets": 6165260605,
  "running_total_dropped": 67684070,
  "running_total_time_sec": 1417.8553017110007,
  "p_gb": 0.005,
  "p_bg": 0.3,
  "good_loss_rate": 0.0,
  "bad_loss_rate": 0.65
}