{
  "state": "good",
  "episode_index": 3738,
  "state_ordinal": 1869,
  "start_time_wall": 1756953141.179706,
  "end_time_wall": 1756953141.1837487,
  "wall_time_sec": 0.004042373999254778,
  "steps": 31,
  "packets": 390551,
  "dropped": 0,
  "running_total_steps": 379463,
  "running_total_packets": 5387856799,
  "running_total_dropped": 58404592,
  "running_total_time_sec": 1232.2736210179992,
  "p_gb": 0.005,
  "p_bg": 0.3,
  "good_loss_rate": 0.0,
  "bad_loss_rate": 0.65
}