{
  "state": "good",
  "episode_index": 5242,
  "state_ordinal": 2621,
  "start_time_wall": 1756953644.9428725,
  "end_time_wall": 1756953645.5671494,
  "wall_time_sec": 0.6242765469996812,
  "steps": 220,
  "packets": 3096933,
  "dropped": 0,
  "running_total_steps": 525814,
  "running_total_packets": 7465846854,
  "running_total_dropped": 81867011,
  "running_total_time_sec": 1736.6570216559994,
  "p_gb": 0.005,
  "p_bg": 0.3,
  "good_loss_rate": 0.0,
  "bad_loss_rate": 0.65
}