{
  "state": "good",
  "episode_index": 4844,
  "state_ordinal": 2422,
  "start_time_wall": 1756953522.8598268,
  "end_time_wall": 1756953523.0632973,
  "wall_time_sec": 0.2034703190001892,
  "steps": 247,
  "packets": 3493261,
  "dropped": 0,
  "running_total_steps": 484131,
  "running_total_packets": 6874050345,
  "running_total_dropped": 75552570,
  "running_total_time_sec": 1614.153169579,
  "p_gb": 0.005,
  "p_bg": 0.3,
  "good_loss_rate": 0.0,
  "bad_loss_rate": 0.65
}