{
  "state": "good",
  "episode_index": 5750,
  "state_ordinal": 2875,
  "start_time_wall": 1756953785.6448815,
  "end_time_wall": 1756953787.1989663,
  "wall_time_sec": 1.5540847330012184,
  "steps": 811,
  "packets": 11525596,
  "dropped": 2,
  "running_total_steps": 575334,
  "running_total_packets": 8169063277,
  "running_total_dropped": 90199207,
  "running_total_time_sec": 1878.2888387090006,
  "p_gb": 0.005,
  "p_bg": 0.3,
  "good_loss_rate": 0.0,
  "bad_loss_rate": 0.65
}