{
  "state": "good",
  "episode_index": 5160,
  "state_ordinal": 2580,
  "start_time_wall": 1756953624.4244163,
  "end_time_wall": 1756953626.73992,
  "wall_time_sec": 2.3155035609997867,
  "steps": 935,
  "packets": 13309122,
  "dropped": 2,
  "running_total_steps": 516782,
  "running_total_packets": 7337734472,
  "running_total_dropped": 80895484,
  "running_total_time_sec": 1717.8297922879992,
  "p_gb": 0.005,
  "p_bg": 0.3,
  "good_loss_rate": 0.0,
  "bad_loss_rate": 0.65
}