{
  "state": "good",
  "episode_index": 5158,
  "state_ordinal": 2579,
  "start_time_wall": 1756953624.3948843,
  "end_time_wall": 1756953624.423949,
  "wall_time_sec": 0.02906470299967623,
  "steps": 232,
  "packets": 3325460,
  "dropped": 0,
  "running_total_steps": 515846,
  "running_total_packets": 7324425344,
  "running_total_dropped": 80895477,
  "running_total_time_sec": 1715.5138215850002,
  "p_gb": 0.005,
  "p_bg": 0.3,
  "good_loss_rate": 0.0,
  "bad_loss_rate": 0.65
}