{
  "state": "good",
  "episode_index": 4070,
  "state_ordinal": 2035,
  "start_time_wall": 1756953236.619499,
  "end_time_wall": 1756953236.6223283,
  "wall_time_sec": 0.0028292120005062316,
  "steps": 25,
  "packets": 351497,
  "dropped": 0,
  "running_total_steps": 408579,
  "running_total_packets": 5801297231,
  "running_total_dropped": 63868642,
  "running_total_time_sec": 1327.7122006610007,
  "p_gb": 0.005,
  "p_bg": 0.3,
  "good_loss_rate": 0.0,
  "bad_loss_rate": 0.65
}