{
  "state": "good",
  "episode_index": 1020,
  "state_ordinal": 510,
  "start_time_wall": 1756952240.2221477,
  "end_time_wall": 1756952240.249036,
  "wall_time_sec": 0.02688825900077063,
  "steps": 241,
  "packets": 3386221,
  "dropped": 0,
  "running_total_steps": 105108,
  "running_total_packets": 1492413418,
  "running_total_dropped": 17951808,
  "running_total_time_sec": 331.33890834500016,
  "p_gb": 0.005,
  "p_bg": 0.3,
  "good_loss_rate": 0.0,
  "bad_loss_rate": 0.65
}