{
  "state": "good",
  "episode_index": 1330,
  "state_ordinal": 665,
  "start_time_wall": 1756952341.4590504,
  "end_time_wall": 1756952341.4672666,
  "wall_time_sec": 0.008216071999413543,
  "steps": 60,
  "packets": 837511,
  "dropped": 0,
  "running_total_steps": 135837,
  "running_total_packets": 1928761848,
  "running_total_dropped": 22791773,
  "running_total_time_sec": 432.55713901799936,
  "p_gb": 0.005,
  "p_bg": 0.3,
  "good_loss_rate": 0.0,
  "bad_loss_rate": 0.65
}