{
  "state": "good",
  "episode_index": 1692,
  "state_ordinal": 846,
  "start_time_wall": 1756952465.821706,
  "end_time_wall": 1756952465.832953,
  "wall_time_sec": 0.011246594998738146,
  "steps": 86,
  "packets": 1202020,
  "dropped": 0,
  "running_total_steps": 169952,
  "running_total_packets": 2413198702,
  "running_total_dropped": 28118017,
  "running_total_time_sec": 556.9228253639994,
  "p_gb": 0.005,
  "p_bg": 0.3,
  "good_loss_rate": 0.0,
  "bad_loss_rate": 0.65
}