{
  "state": "good",
  "episode_index": 3648,
  "state_ordinal": 1824,
  "start_time_wall": 1756953120.7210534,
  "end_time_wall": 1756953121.3108037,
  "wall_time_sec": 0.5897503870000946,
  "steps": 204,
  "packets": 2868382,
  "dropped": 0,
  "running_total_steps": 370153,
  "running_total_packets": 5255714511,
  "running_total_dropped": 56829147,
  "running_total_time_sec": 1212.4006761950004,
  "p_gb": 0.005,
  "p_bg": 0.3,
  "good_loss_rate": 0.0,
  "bad_loss_rate": 0.65
}