{
  "state": "good",
  "episode_index": 770,
  "state_ordinal": 385,
  "start_time_wall": 1756952151.1995375,
  "end_time_wall": 1756952151.933034,
  "wall_time_sec": 0.7334965390000434,
  "steps": 235,
  "packets": 3425275,
  "dropped": 1,
  "running_total_steps": 78998,
  "running_total_packets": 1121796206,
  "running_total_dropped": 13494378,
  "running_total_time_sec": 243.02290648599956,
  "p_gb": 0.005,
  "p_bg": 0.3,
  "good_loss_rate": 0.0,
  "bad_loss_rate": 0.65
}