{
  "state": "good",
  "episode_index": 2664,
  "state_ordinal": 1332,
  "start_time_wall": 1756952782.0463736,
  "end_time_wall": 1756952782.6683152,
  "wall_time_sec": 0.6219412249993184,
  "steps": 344,
  "packets": 4871776,
  "dropped": 0,
  "running_total_steps": 271426,
  "running_total_packets": 3853955244,
  "running_total_dropped": 41215755,
  "running_total_time_sec": 873.7581874549996,
  "p_gb": 0.005,
  "p_bg": 0.3,
  "good_loss_rate": 0.0,
  "bad_loss_rate": 0.65
}