{
  "state": "good",
  "episode_index": 1626,
  "state_ordinal": 813,
  "start_time_wall": 1756952455.3696012,
  "end_time_wall": 1756952455.406212,
  "wall_time_sec": 0.03661073600051168,
  "steps": 305,
  "packets": 4204949,
  "dropped": 0,
  "running_total_steps": 165343,
  "running_total_packets": 2347694593,
  "running_total_dropped": 27063258,
  "running_total_time_sec": 546.4960845229998,
  "p_gb": 0.005,
  "p_bg": 0.3,
  "good_loss_rate": 0.0,
  "bad_loss_rate": 0.65
}