{
  "state": "good",
  "episode_index": 4262,
  "state_ordinal": 2131,
  "start_time_wall": 1756953310.555884,
  "end_time_wall": 1756953311.952794,
  "wall_time_sec": 1.3969104179996066,
  "steps": 842,
  "packets": 11945078,
  "dropped": 1,
  "running_total_steps": 427275,
  "running_total_packets": 6066756349,
  "running_total_dropped": 66561444,
  "running_total_time_sec": 1403.0426666000003,
  "p_gb": 0.005,
  "p_bg": 0.3,
  "good_loss_rate": 0.0,
  "bad_loss_rate": 0.65
}