{
  "state": "good",
  "episode_index": 2252,
  "state_ordinal": 1126,
  "start_time_wall": 1756952655.5683825,
  "end_time_wall": 1756952655.568763,
  "wall_time_sec": 0.0003806389995588688,
  "steps": 1,
  "packets": 11571,
  "dropped": 0,
  "running_total_steps": 227927,
  "running_total_packets": 3236246391,
  "running_total_dropped": 35421853,
  "running_total_time_sec": 746.6586356970001,
  "p_gb": 0.005,
  "p_bg": 0.3,
  "good_loss_rate": 0.0,
  "bad_loss_rate": 0.65
}