{
  "state": "good",
  "episode_index": 3284,
  "state_ordinal": 1642,
  "start_time_wall": 1756953006.8265762,
  "end_time_wall": 1756953006.8379128,
  "wall_time_sec": 0.011336166999171837,
  "steps": 107,
  "packets": 1426241,
  "dropped": 0,
  "running_total_steps": 333783,
  "running_total_packets": 4739320429,
  "running_total_dropped": 50777271,
  "running_total_time_sec": 1097.9277852169998,
  "p_gb": 0.005,
  "p_bg": 0.3,
  "good_loss_rate": 0.0,
  "bad_loss_rate": 0.65
}