{
  "state": "good",
  "episode_index": 648,
  "state_ordinal": 324,
  "start_time_wall": 1756952078.2876678,
  "end_time_wall": 1756952078.2937906,
  "wall_time_sec": 0.006122726001194678,
  "steps": 58,
  "packets": 743501,
  "dropped": 0,
  "running_total_steps": 60877,
  "running_total_packets": 864386783,
  "running_total_dropped": 11414680,
  "running_total_time_sec": 169.38366279900038,
  "p_gb": 0.005,
  "p_bg": 0.3,
  "good_loss_rate": 0.0,
  "bad_loss_rate": 0.65
}