{
  "state": "good",
  "episode_index": 4610,
  "state_ordinal": 2305,
  "start_time_wall": 1756953417.285693,
  "end_time_wall": 1756953417.2862775,
  "wall_time_sec": 0.0005847149986948352,
  "steps": 3,
  "packets": 44837,
  "dropped": 0,
  "running_total_steps": 460761,
  "running_total_packets": 6542266943,
  "running_total_dropped": 71961278,
  "running_total_time_sec": 1508.3761501379995,
  "p_gb": 0.005,
  "p_bg": 0.3,
  "good_loss_rate": 0.0,
  "bad_loss_rate": 0.65
}