{
  "state": "good",
  "episode_index": 1240,
  "state_ordinal": 620,
  "start_time_wall": 1756952284.6017554,
  "end_time_wall": 1756952285.931338,
  "wall_time_sec": 1.3295825160003005,
  "steps": 484,
  "packets": 6918548,
  "dropped": 0,
  "running_total_steps": 126444,
  "running_total_packets": 1795473942,
  "running_total_dropped": 21370004,
  "running_total_time_sec": 377.02121042900035,
  "p_gb": 0.005,
  "p_bg": 0.3,
  "good_loss_rate": 0.0,
  "bad_loss_rate": 0.65
}