{
  "state": "good",
  "episode_index": 2508,
  "state_ordinal": 1254,
  "start_time_wall": 1756952712.802917,
  "end_time_wall": 1756952713.4045572,
  "wall_time_sec": 0.6016403549983806,
  "steps": 108,
  "packets": 1607036,
  "dropped": 0,
  "running_total_steps": 255085,
  "running_total_packets": 3622012641,
  "running_total_dropped": 38970423,
  "running_total_time_sec": 804.4944298369992,
  "p_gb": 0.005,
  "p_bg": 0.3,
  "good_loss_rate": 0.0,
  "bad_loss_rate": 0.65
}