{
  "state": "good",
  "episode_index": 1722,
  "state_ordinal": 861,
  "start_time_wall": 1756952471.2441206,
  "end_time_wall": 1756952471.2491431,
  "wall_time_sec": 0.005022314000598271,
  "steps": 47,
  "packets": 620543,
  "dropped": 0,
  "running_total_steps": 172535,
  "running_total_packets": 2449839651,
  "running_total_dropped": 28632156,
  "running_total_time_sec": 562.3390153960008,
  "p_gb": 0.005,
  "p_bg": 0.3,
  "good_loss_rate": 0.0,
  "bad_loss_rate": 0.65
}