{
  "state": "good",
  "episode_index": 1646,
  "state_ordinal": 823,
  "start_time_wall": 1756952458.9016943,
  "end_time_wall": 1756952459.4861283,
  "wall_time_sec": 0.5844338379993133,
  "steps": 115,
  "packets": 1651897,
  "dropped": 0,
  "running_total_steps": 167079,
  "running_total_packets": 2372406359,
  "running_total_dropped": 27443275,
  "running_total_time_sec": 550.5760006820001,
  "p_gb": 0.005,
  "p_bg": 0.3,
  "good_loss_rate": 0.0,
  "bad_loss_rate": 0.65
}