{
  "state": "good",
  "episode_index": 3000,
  "state_ordinal": 1500,
  "start_time_wall": 1756952885.2017298,
  "end_time_wall": 1756952885.831217,
  "wall_time_sec": 0.6294873810002173,
  "steps": 323,
  "packets": 4677927,
  "dropped": 0,
  "running_total_steps": 303124,
  "running_total_packets": 4304098804,
  "running_total_dropped": 46215049,
  "running_total_time_sec": 976.9210896200002,
  "p_gb": 0.005,
  "p_bg": 0.3,
  "good_loss_rate": 0.0,
  "bad_loss_rate": 0.65
}