{
  "state": "good",
  "episode_index": 754,
  "state_ordinal": 377,
  "start_time_wall": 1756952147.794379,
  "end_time_wall": 1756952147.8057814,
  "wall_time_sec": 0.011401847001252463,
  "steps": 86,
  "packets": 1200579,
  "dropped": 0,
  "running_total_steps": 77172,
  "running_total_packets": 1095782599,
  "running_total_dropped": 13202853,
  "running_total_time_sec": 238.89565364100054,
  "p_gb": 0.005,
  "p_bg": 0.3,
  "good_loss_rate": 0.0,
  "bad_loss_rate": 0.65
}