{
  "state": "good",
  "episode_index": 1536,
  "state_ordinal": 768,
  "start_time_wall": 1756952382.7494106,
  "end_time_wall": 1756952382.7629492,
  "wall_time_sec": 0.01353812100023788,
  "steps": 104,
  "packets": 1414658,
  "dropped": 0,
  "running_total_steps": 155533,
  "running_total_packets": 2208413889,
  "running_total_dropped": 25346685,
  "running_total_time_sec": 473.8528215139995,
  "p_gb": 0.005,
  "p_bg": 0.3,
  "good_loss_rate": 0.0,
  "bad_loss_rate": 0.65
}