{
  "state": "good",
  "episode_index": 5240,
  "state_ordinal": 2620,
  "start_time_wall": 1756953644.0614364,
  "end_time_wall": 1756953644.721807,
  "wall_time_sec": 0.6603702860011254,
  "steps": 534,
  "packets": 7434952,
  "dropped": 0,
  "running_total_steps": 525581,
  "running_total_packets": 7462532953,
  "running_total_dropped": 81726048,
  "running_total_time_sec": 1735.8116794300004,
  "p_gb": 0.005,
  "p_bg": 0.3,
  "good_loss_rate": 0.0,
  "bad_loss_rate": 0.65
}