{
  "state": "good",
  "episode_index": 1434,
  "state_ordinal": 717,
  "start_time_wall": 1756952363.1414025,
  "end_time_wall": 1756952363.144555,
  "wall_time_sec": 0.0031525240010523703,
  "steps": 24,
  "packets": 300871,
  "dropped": 0,
  "running_total_steps": 146259,
  "running_total_packets": 2076737373,
  "running_total_dropped": 23912007,
  "running_total_time_sec": 454.23442741600047,
  "p_gb": 0.005,
  "p_bg": 0.3,
  "good_loss_rate": 0.0,
  "bad_loss_rate": 0.65
}