{
  "state": "good",
  "episode_index": 2026,
  "state_ordinal": 1013,
  "start_time_wall": 1756952572.1003792,
  "end_time_wall": 1756952572.1116087,
  "wall_time_sec": 0.011229424000703148,
  "steps": 85,
  "packets": 1189008,
  "dropped": 0,
  "running_total_steps": 204195,
  "running_total_packets": 2899336638,
  "running_total_dropped": 32585816,
  "running_total_time_sec": 663.2014811919998,
  "p_gb": 0.005,
  "p_bg": 0.3,
  "good_loss_rate": 0.0,
  "bad_loss_rate": 0.65
}