{
  "state": "good",
  "episode_index": 4246,
  "state_ordinal": 2123,
  "start_time_wall": 1756953305.577259,
  "end_time_wall": 1756953306.18966,
  "wall_time_sec": 0.6124010879993875,
  "steps": 342,
  "packets": 4786414,
  "dropped": 0,
  "running_total_steps": 424508,
  "running_total_packets": 6027472674,
  "running_total_dropped": 66477803,
  "running_total_time_sec": 1397.2795325669995,
  "p_gb": 0.005,
  "p_bg": 0.3,
  "good_loss_rate": 0.0,
  "bad_loss_rate": 0.65
}