{
  "state": "good",
  "episode_index": 6092,
  "state_ordinal": 3046,
  "start_time_wall": 1756953897.3238955,
  "end_time_wall": 1756953897.9219174,
  "wall_time_sec": 0.5980218069998955,
  "steps": 59,
  "packets": 941662,
  "dropped": 0,
  "running_total_steps": 610473,
  "running_total_packets": 8668012732,
  "running_total_dropped": 94845419,
  "running_total_time_sec": 1989.0117897380005,
  "p_gb": 0.005,
  "p_bg": 0.3,
  "good_loss_rate": 0.0,
  "bad_loss_rate": 0.65
}