{
  "state": "good",
  "episode_index": 5416,
  "state_ordinal": 2708,
  "start_time_wall": 1756953681.3855772,
  "end_time_wall": 1756953681.3998544,
  "wall_time_sec": 0.014276810999945155,
  "steps": 110,
  "packets": 1521698,
  "dropped": 0,
  "running_total_steps": 542294,
  "running_total_packets": 7699868036,
  "running_total_dropped": 84683158,
  "running_total_time_sec": 1772.4897267880006,
  "p_gb": 0.005,
  "p_bg": 0.3,
  "good_loss_rate": 0.0,
  "bad_loss_rate": 0.65
}