{
  "state": "good",
  "episode_index": 3694,
  "state_ordinal": 1847,
  "start_time_wall": 1756953132.6497743,
  "end_time_wall": 1756953132.6521697,
  "wall_time_sec": 0.0023953419986355584,
  "steps": 17,
  "packets": 211191,
  "dropped": 0,
  "running_total_steps": 375452,
  "running_total_packets": 5330899964,
  "running_total_dropped": 57707583,
  "running_total_time_sec": 1223.7420421459992,
  "p_gb": 0.005,
  "p_bg": 0.3,
  "good_loss_rate": 0.0,
  "bad_loss_rate": 0.65
}