{
  "state": "good",
  "episode_index": 5712,
  "state_ordinal": 2856,
  "start_time_wall": 1756953776.8542585,
  "end_time_wall": 1756953777.451888,
  "wall_time_sec": 0.5976294620013505,
  "steps": 291,
  "packets": 4068967,
  "dropped": 0,
  "running_total_steps": 570744,
  "running_total_packets": 8103845562,
  "running_total_dropped": 89282862,
  "running_total_time_sec": 1868.5417604270006,
  "p_gb": 0.005,
  "p_bg": 0.3,
  "good_loss_rate": 0.0,
  "bad_loss_rate": 0.65
}