{
  "state": "good",
  "episode_index": 5222,
  "state_ordinal": 2611,
  "start_time_wall": 1756953639.7755384,
  "end_time_wall": 1756953640.4170325,
  "wall_time_sec": 0.6414940450013091,
  "steps": 453,
  "packets": 6405033,
  "dropped": 0,
  "running_total_steps": 523318,
  "running_total_packets": 7430474474,
  "running_total_dropped": 81532495,
  "running_total_time_sec": 1731.5069048820005,
  "p_gb": 0.005,
  "p_bg": 0.3,
  "good_loss_rate": 0.0,
  "bad_loss_rate": 0.65
}