{
  "state": "good",
  "episode_index": 5902,
  "state_ordinal": 2951,
  "start_time_wall": 1756953856.0646722,
  "end_time_wall": 1756953856.0811033,
  "wall_time_sec": 0.01643090000106895,
  "steps": 120,
  "packets": 1760372,
  "dropped": 0,
  "running_total_steps": 590947,
  "running_total_packets": 8390786443,
  "running_total_dropped": 92342438,
  "running_total_time_sec": 1947.1709757900007,
  "p_gb": 0.005,
  "p_bg": 0.3,
  "good_loss_rate": 0.0,
  "bad_loss_rate": 0.65
}