{
  "state": "good",
  "episode_index": 58,
  "state_ordinal": 29,
  "start_time_wall": 1756951923.8290317,
  "end_time_wall": 1756951923.8418763,
  "wall_time_sec": 0.012843942000472452,
  "steps": 123,
  "packets": 1625861,
  "dropped": 0,
  "running_total_steps": 5365,
  "running_total_packets": 76219671,
  "running_total_dropped": 1283162,
  "running_total_time_sec": 14.931748494000203,
  "p_gb": 0.005,
  "p_bg": 0.3,
  "good_loss_rate": 0.0,
  "bad_loss_rate": 0.65
}