{
  "state": "good",
  "episode_index": 38,
  "state_ordinal": 19,
  "start_time_wall": 1756951919.5080965,
  "end_time_wall": 1756951920.0832555,
  "wall_time_sec": 0.5751590069994563,
  "steps": 103,
  "packets": 1517368,
  "dropped": 0,
  "running_total_steps": 3517,
  "running_total_packets": 50033933,
  "running_total_dropped": 856437,
  "running_total_time_sec": 11.173127957999895,
  "p_gb": 0.005,
  "p_bg": 0.3,
  "good_loss_rate": 0.0,
  "bad_loss_rate": 0.65
}