{
  "state": "good",
  "episode_index": 5536,
  "state_ordinal": 2768,
  "start_time_wall": 1756953741.8290427,
  "end_time_wall": 1756953742.424506,
  "wall_time_sec": 0.595463085001029,
  "steps": 236,
  "packets": 3328366,
  "dropped": 0,
  "running_total_steps": 554296,
  "running_total_packets": 7870266998,
  "running_total_dropped": 86629186,
  "running_total_time_sec": 1833.514378375001,
  "p_gb": 0.005,
  "p_bg": 0.3,
  "good_loss_rate": 0.0,
  "bad_loss_rate": 0.65
}