{
  "state": "good",
  "episode_index": 3548,
  "state_ordinal": 1774,
  "start_time_wall": 1756953101.6929917,
  "end_time_wall": 1756953101.6989384,
  "wall_time_sec": 0.005946706000031554,
  "steps": 31,
  "packets": 378986,
  "dropped": 1,
  "running_total_steps": 361327,
  "running_total_packets": 5130385173,
  "running_total_dropped": 54889578,
  "running_total_time_sec": 1192.7888108820007,
  "p_gb": 0.005,
  "p_bg": 0.3,
  "good_loss_rate": 0.0,
  "bad_loss_rate": 0.65
}