{
  "state": "good",
  "episode_index": 426,
  "state_ordinal": 213,
  "start_time_wall": 1756952030.8084033,
  "end_time_wall": 1756952030.8156705,
  "wall_time_sec": 0.007267348999448586,
  "steps": 66,
  "packets": 914179,
  "dropped": 0,
  "running_total_steps": 38763,
  "running_total_packets": 550441442,
  "running_total_dropped": 7591516,
  "running_total_time_sec": 121.90554291499939,
  "p_gb": 0.005,
  "p_bg": 0.3,
  "good_loss_rate": 0.0,
  "bad_loss_rate": 0.65
}