{
  "state": "good",
  "episode_index": 12,
  "state_ordinal": 6,
  "start_time_wall": 1756951914.8176482,
  "end_time_wall": 1756951915.4081364,
  "wall_time_sec": 0.5904882300001191,
  "steps": 69,
  "packets": 1045807,
  "dropped": 0,
  "running_total_steps": 1457,
  "running_total_packets": 20791769,
  "running_total_dropped": 164492,
  "running_total_time_sec": 6.4980088629999955,
  "p_gb": 0.005,
  "p_bg": 0.3,
  "good_loss_rate": 0.0,
  "bad_loss_rate": 0.65
}