{
  "state": "good",
  "episode_index": 454,
  "state_ordinal": 227,
  "start_time_wall": 1756952035.934394,
  "end_time_wall": 1756952036.5275621,
  "wall_time_sec": 0.5931683219987463,
  "steps": 140,
  "packets": 2046772,
  "dropped": 0,
  "running_total_steps": 41319,
  "running_total_packets": 586749689,
  "running_total_dropped": 8102596,
  "running_total_time_sec": 127.6174345799991,
  "p_gb": 0.005,
  "p_bg": 0.3,
  "good_loss_rate": 0.0,
  "bad_loss_rate": 0.65
}