{
  "state": "good",
  "episode_index": 4074,
  "state_ordinal": 2037,
  "start_time_wall": 1756953237.3693385,
  "end_time_wall": 1756953237.3752203,
  "wall_time_sec": 0.005881539000256453,
  "steps": 44,
  "packets": 575706,
  "dropped": 0,
  "running_total_steps": 408829,
  "running_total_packets": 5804835329,
  "running_total_dropped": 63890161,
  "running_total_time_sec": 1328.4650926430004,
  "p_gb": 0.005,
  "p_bg": 0.3,
  "good_loss_rate": 0.0,
  "bad_loss_rate": 0.65
}