{
  "state": "good",
  "episode_index": 780,
  "state_ordinal": 390,
  "start_time_wall": 1756952153.0278459,
  "end_time_wall": 1756952153.0465214,
  "wall_time_sec": 0.018675397001061356,
  "steps": 148,
  "packets": 2126334,
  "dropped": 0,
  "running_total_steps": 79672,
  "running_total_packets": 1131318426,
  "running_total_dropped": 13723223,
  "running_total_time_sec": 244.13639379900087,
  "p_gb": 0.005,
  "p_bg": 0.3,
  "good_loss_rate": 0.0,
  "bad_loss_rate": 0.65
}