{
  "state": "good",
  "episode_index": 3578,
  "state_ordinal": 1789,
  "start_time_wall": 1756953105.4302263,
  "end_time_wall": 1756953106.026592,
  "wall_time_sec": 0.596365555000375,
  "steps": 57,
  "packets": 909837,
  "dropped": 0,
  "running_total_steps": 363252,
  "running_total_packets": 5157816327,
  "running_total_dropped": 55449000,
  "running_total_time_sec": 1197.1164644620003,
  "p_gb": 0.005,
  "p_bg": 0.3,
  "good_loss_rate": 0.0,
  "bad_loss_rate": 0.65
}