{
  "state": "good",
  "episode_index": 608,
  "state_ordinal": 304,
  "start_time_wall": 1756952069.7183723,
  "end_time_wall": 1756952069.7215989,
  "wall_time_sec": 0.0032266929993056692,
  "steps": 24,
  "packets": 289306,
  "dropped": 0,
  "running_total_steps": 56656,
  "running_total_packets": 804454526,
  "running_total_dropped": 10736726,
  "running_total_time_sec": 160.81147143499948,
  "p_gb": 0.005,
  "p_bg": 0.3,
  "good_loss_rate": 0.0,
  "bad_loss_rate": 0.65
}