{
  "state": "good",
  "episode_index": 920,
  "state_ordinal": 460,
  "start_time_wall": 1756952184.1593006,
  "end_time_wall": 1756952185.0880792,
  "wall_time_sec": 0.9287782669998705,
  "steps": 296,
  "packets": 4249786,
  "dropped": 1,
  "running_total_steps": 94945,
  "running_total_packets": 1348201653,
  "running_total_dropped": 16153245,
  "running_total_time_sec": 276.17795161899994,
  "p_gb": 0.005,
  "p_bg": 0.3,
  "good_loss_rate": 0.0,
  "bad_loss_rate": 0.65
}