{
  "state": "good",
  "episode_index": 1974,
  "state_ordinal": 987,
  "start_time_wall": 1756952558.7653804,
  "end_time_wall": 1756952558.968144,
  "wall_time_sec": 0.20276323500002036,
  "steps": 229,
  "packets": 3230003,
  "dropped": 0,
  "running_total_steps": 197861,
  "running_total_packets": 2809433193,
  "running_total_dropped": 31978679,
  "running_total_time_sec": 650.0580161840007,
  "p_gb": 0.005,
  "p_bg": 0.3,
  "good_loss_rate": 0.0,
  "bad_loss_rate": 0.65
}