{
  "state": "good",
  "episode_index": 2148,
  "state_ordinal": 1074,
  "start_time_wall": 1756952598.2215266,
  "end_time_wall": 1756952598.233962,
  "wall_time_sec": 0.012435575999916182,
  "steps": 77,
  "packets": 1050143,
  "dropped": 0,
  "running_total_steps": 216565,
  "running_total_packets": 3075032617,
  "running_total_dropped": 34299381,
  "running_total_time_sec": 689.3238345110003,
  "p_gb": 0.005,
  "p_bg": 0.3,
  "good_loss_rate": 0.0,
  "bad_loss_rate": 0.65
}