{
  "state": "good",
  "episode_index": 1666,
  "state_ordinal": 833,
  "start_time_wall": 1756952461.6193213,
  "end_time_wall": 1756952462.208981,
  "wall_time_sec": 0.5896591809996607,
  "steps": 124,
  "packets": 1786408,
  "dropped": 0,
  "running_total_steps": 168323,
  "running_total_packets": 2390028899,
  "running_total_dropped": 27813189,
  "running_total_time_sec": 553.2988534420001,
  "p_gb": 0.005,
  "p_bg": 0.3,
  "good_loss_rate": 0.0,
  "bad_loss_rate": 0.65
}