{
  "state": "good",
  "episode_index": 5092,
  "state_ordinal": 2546,
  "start_time_wall": 1756953573.9541187,
  "end_time_wall": 1756953574.1390908,
  "wall_time_sec": 0.1849719500005449,
  "steps": 97,
  "packets": 1421893,
  "dropped": 0,
  "running_total_steps": 508223,
  "running_total_packets": 7216124051,
  "running_total_dropped": 79660495,
  "running_total_time_sec": 1665.2289630930009,
  "p_gb": 0.005,
  "p_bg": 0.3,
  "good_loss_rate": 0.0,
  "bad_loss_rate": 0.65
}