{
  "state": "good",
  "episode_index": 108,
  "state_ordinal": 54,
  "start_time_wall": 1756951932.6352973,
  "end_time_wall": 1756951932.6386614,
  "wall_time_sec": 0.003363886000443017,
  "steps": 29,
  "packets": 377533,
  "dropped": 0,
  "running_total_steps": 9339,
  "running_total_packets": 132689039,
  "running_total_dropped": 2174800,
  "running_total_time_sec": 23.72853374999977,
  "p_gb": 0.005,
  "p_bg": 0.3,
  "good_loss_rate": 0.0,
  "bad_loss_rate": 0.65
}