{
  "state": "good",
  "episode_index": 1466,
  "state_ordinal": 733,
  "start_time_wall": 1756952370.0489702,
  "end_time_wall": 1756952370.6463838,
  "wall_time_sec": 0.597413695000796,
  "steps": 362,
  "packets": 5039560,
  "dropped": 0,
  "running_total_steps": 149937,
  "running_total_packets": 2128913577,
  "running_total_dropped": 24261570,
  "running_total_time_sec": 461.73625631899995,
  "p_gb": 0.005,
  "p_bg": 0.3,
  "good_loss_rate": 0.0,
  "bad_loss_rate": 0.65
}