{
  "state": "good",
  "episode_index": 4624,
  "state_ordinal": 2312,
  "start_time_wall": 1756953420.8325517,
  "end_time_wall": 1756953421.4787471,
  "wall_time_sec": 0.6461953789985273,
  "steps": 295,
  "packets": 4251221,
  "dropped": 0,
  "running_total_steps": 462723,
  "running_total_packets": 6570153751,
  "running_total_dropped": 72278404,
  "running_total_time_sec": 1512.5686195929993,
  "p_gb": 0.005,
  "p_bg": 0.3,
  "good_loss_rate": 0.0,
  "bad_loss_rate": 0.65
}