{
  "state": "good",
  "episode_index": 4456,
  "state_ordinal": 2228,
  "start_time_wall": 1756953350.4335852,
  "end_time_wall": 1756953350.9771504,
  "wall_time_sec": 0.5435654709999653,
  "steps": 88,
  "packets": 1189032,
  "dropped": 0,
  "running_total_steps": 445617,
  "running_total_packets": 6327133989,
  "running_total_dropped": 69296335,
  "running_total_time_sec": 1442.0670232289995,
  "p_gb": 0.005,
  "p_bg": 0.3,
  "good_loss_rate": 0.0,
  "bad_loss_rate": 0.65
}