{
  "state": "good",
  "episode_index": 3392,
  "state_ordinal": 1696,
  "start_time_wall": 1756953029.4472194,
  "end_time_wall": 1756953030.040525,
  "wall_time_sec": 0.5933054649995029,
  "steps": 205,
  "packets": 2960945,
  "dropped": 0,
  "running_total_steps": 344429,
  "running_total_packets": 4890520163,
  "running_total_dropped": 52385217,
  "running_total_time_sec": 1121.1303974469993,
  "p_gb": 0.005,
  "p_bg": 0.3,
  "good_loss_rate": 0.0,
  "bad_loss_rate": 0.65
}