{
  "state": "good",
  "episode_index": 660,
  "state_ordinal": 330,
  "start_time_wall": 1756952082.5447323,
  "end_time_wall": 1756952082.5510485,
  "wall_time_sec": 0.006315910999546759,
  "steps": 48,
  "packets": 652362,
  "dropped": 0,
  "running_total_steps": 62571,
  "running_total_packets": 888535861,
  "running_total_dropped": 11694017,
  "running_total_time_sec": 173.64092080199953,
  "p_gb": 0.005,
  "p_bg": 0.3,
  "good_loss_rate": 0.0,
  "bad_loss_rate": 0.65
}