{
  "state": "good",
  "episode_index": 4786,
  "state_ordinal": 2393,
  "start_time_wall": 1756953455.472529,
  "end_time_wall": 1756953455.474092,
  "wall_time_sec": 0.0015629289991920814,
  "steps": 13,
  "packets": 167789,
  "dropped": 0,
  "running_total_steps": 478476,
  "running_total_packets": 6793776154,
  "running_total_dropped": 74745775,
  "running_total_time_sec": 1546.5639643079994,
  "p_gb": 0.005,
  "p_bg": 0.3,
  "good_loss_rate": 0.0,
  "bad_loss_rate": 0.65
}