{
  "state": "good",
  "episode_index": 5972,
  "state_ordinal": 2986,
  "start_time_wall": 1756953871.2968862,
  "end_time_wall": 1756953871.3037949,
  "wall_time_sec": 0.006907957000294118,
  "steps": 52,
  "packets": 665392,
  "dropped": 0,
  "running_total_steps": 598133,
  "running_total_packets": 8492675485,
  "running_total_dropped": 93200600,
  "running_total_time_sec": 1962.3936673770004,
  "p_gb": 0.005,
  "p_bg": 0.3,
  "good_loss_rate": 0.0,
  "bad_loss_rate": 0.65
}