{
  "state": "good",
  "episode_index": 2856,
  "state_ordinal": 1428,
  "start_time_wall": 1756952857.5886216,
  "end_time_wall": 1756952857.5896018,
  "wall_time_sec": 0.0009802149997995002,
  "steps": 5,
  "packets": 78103,
  "dropped": 0,
  "running_total_steps": 289756,
  "running_total_packets": 4114222920,
  "running_total_dropped": 44142037,
  "running_total_time_sec": 948.6794743400005,
  "p_gb": 0.005,
  "p_bg": 0.3,
  "good_loss_rate": 0.0,
  "bad_loss_rate": 0.65
}