{
  "state": "good",
  "episode_index": 5098,
  "state_ordinal": 2549,
  "start_time_wall": 1756953575.722455,
  "end_time_wall": 1756953576.3162346,
  "wall_time_sec": 0.593779517999792,
  "steps": 256,
  "packets": 3614766,
  "dropped": 0,
  "running_total_steps": 509267,
  "running_total_packets": 7230975113,
  "running_total_dropped": 79803779,
  "running_total_time_sec": 1667.4061069489999,
  "p_gb": 0.005,
  "p_bg": 0.3,
  "good_loss_rate": 0.0,
  "bad_loss_rate": 0.65
}