{
  "state": "good",
  "episode_index": 2050,
  "state_ordinal": 1025,
  "start_time_wall": 1756952576.393509,
  "end_time_wall": 1756952577.0230532,
  "wall_time_sec": 0.6295439509995049,
  "steps": 401,
  "packets": 5676015,
  "dropped": 1,
  "running_total_steps": 206443,
  "running_total_packets": 2931364727,
  "running_total_dropped": 32782400,
  "running_total_time_sec": 668.1129253990002,
  "p_gb": 0.005,
  "p_bg": 0.3,
  "good_loss_rate": 0.0,
  "bad_loss_rate": 0.65
}