{
  "state": "good",
  "episode_index": 4,
  "state_ordinal": 2,
  "start_time_wall": 1756951913.9209032,
  "end_time_wall": 1756951913.9240515,
  "wall_time_sec": 0.0031477109987463336,
  "steps": 19,
  "packets": 274829,
  "dropped": 0,
  "running_total_steps": 629,
  "running_total_packets": 9107043,
  "running_total_dropped": 48917,
  "running_total_time_sec": 5.0139238119991205,
  "p_gb": 0.005,
  "p_bg": 0.3,
  "good_loss_rate": 0.0,
  "bad_loss_rate": 0.65
}