{
  "state": "good",
  "episode_index": 1966,
  "state_ordinal": 983,
  "start_time_wall": 1756952556.459208,
  "end_time_wall": 1756952557.2129343,
  "wall_time_sec": 0.753725841999767,
  "steps": 429,
  "packets": 6072349,
  "dropped": 1,
  "running_total_steps": 197173,
  "running_total_packets": 2799585519,
  "running_total_dropped": 31871771,
  "running_total_time_sec": 648.302806525,
  "p_gb": 0.005,
  "p_bg": 0.3,
  "good_loss_rate": 0.0,
  "bad_loss_rate": 0.65
}