{
  "state": "bad",
  "episode_index": 7829,
  "state_ordinal": 3914,
  "start_time_wall": 1756989127.3266258,
  "end_time_wall": 1756989127.3461826,
  "wall_time_sec": 0.019556888997612987,
  "steps": 2,
  "packets": 31825,
  "dropped": 31825,
  "running_total_steps": 661488,
  "running_total_packets": 9392240823,
  "running_total_dropped": 91806161,
  "running_total_time_sec": 1745.5591336529978,
  "p_gb": 0.00606,
  "p_bg": 0.6,
  "good_loss_rate": 0.0,
  "bad_loss_rate": 1.0
}