{
  "state": "bad",
  "episode_index": 13551,
  "state_ordinal": 6775,
  "start_time_wall": 1756990403.5316978,
  "end_time_wall": 1756990403.6903222,
  "wall_time_sec": 0.15862449999985984,
  "steps": 1,
  "packets": 11571,
  "dropped": 11571,
  "running_total_steps": 1154951,
  "running_total_packets": 16398813907,
  "running_total_dropped": 158615351,
  "running_total_time_sec": 3021.9032731640036,
  "p_gb": 0.00606,
  "p_bg": 0.6,
  "good_loss_rate": 0.0,
  "bad_loss_rate": 1.0
}