{
  "state": "bad",
  "episode_index": 15605,
  "state_ordinal": 7802,
  "start_time_wall": 1756990893.9637861,
  "end_time_wall": 1756990894.1369145,
  "wall_time_sec": 0.17312852000031853,
  "steps": 1,
  "packets": 31819,
  "dropped": 31819,
  "running_total_steps": 1333740,
  "running_total_packets": 18937314494,
  "running_total_dropped": 182498561,
  "running_total_time_sec": 3512.3498657360033,
  "p_gb": 0.00606,
  "p_bg": 0.6,
  "good_loss_rate": 0.0,
  "bad_loss_rate": 1.0
}