{
  "state": "bad",
  "episode_index": 4661,
  "state_ordinal": 2330,
  "start_time_wall": 1756988415.0188563,
  "end_time_wall": 1756988415.0639415,
  "wall_time_sec": 0.04508548900048481,
  "steps": 3,
  "packets": 75209,
  "dropped": 75209,
  "running_total_steps": 389599,
  "running_total_packets": 5531890639,
  "running_total_dropped": 55229948,
  "running_total_time_sec": 1033.2768927170036,
  "p_gb": 0.00606,
  "p_bg": 0.6,
  "good_loss_rate": 0.0,
  "bad_loss_rate": 1.0
}