{
  "state": "bad",
  "episode_index": 16407,
  "state_ordinal": 8203,
  "start_time_wall": 1756991077.2782836,
  "end_time_wall": 1756991077.4476686,
  "wall_time_sec": 0.16938503499841318,
  "steps": 1,
  "packets": 11571,
  "dropped": 11571,
  "running_total_steps": 1406069,
  "running_total_packets": 19964313815,
  "running_total_dropped": 191770596,
  "running_total_time_sec": 3695.6606195420027,
  "p_gb": 0.00606,
  "p_bg": 0.6,
  "good_loss_rate": 0.0,
  "bad_loss_rate": 1.0
}