{
  "state": "bad",
  "episode_index": 5335,
  "state_ordinal": 2667,
  "start_time_wall": 1756988525.359423,
  "end_time_wall": 1756988525.3787713,
  "wall_time_sec": 0.019348631001776084,
  "steps": 2,
  "packets": 31825,
  "dropped": 31825,
  "running_total_steps": 444045,
  "running_total_packets": 6304969456,
  "running_total_dropped": 62945531,
  "running_total_time_sec": 1143.591722492005,
  "p_gb": 0.00606,
  "p_bg": 0.6,
  "good_loss_rate": 0.0,
  "bad_loss_rate": 1.0
}