{
  "state": "bad",
  "episode_index": 7017,
  "state_ordinal": 3508,
  "start_time_wall": 1756988931.2008955,
  "end_time_wall": 1756988931.209132,
  "wall_time_sec": 0.008236651003244333,
  "steps": 1,
  "packets": 6,
  "dropped": 6,
  "running_total_steps": 591753,
  "running_total_packets": 8402233936,
  "running_total_dropped": 83111174,
  "running_total_time_sec": 1549.422083147001,
  "p_gb": 0.00606,
  "p_bg": 0.6,
  "good_loss_rate": 0.0,
  "bad_loss_rate": 1.0
}