{
  "state": "bad",
  "episode_index": 13653,
  "state_ordinal": 6826,
  "start_time_wall": 1756990455.9447193,
  "end_time_wall": 1756990455.9453921,
  "wall_time_sec": 0.0006727770014549606,
  "steps": 2,
  "packets": 12,
  "dropped": 12,
  "running_total_steps": 1163524,
  "running_total_packets": 16520474960,
  "running_total_dropped": 159698793,
  "running_total_time_sec": 3074.158343231,
  "p_gb": 0.00606,
  "p_bg": 0.6,
  "good_loss_rate": 0.0,
  "bad_loss_rate": 1.0
}