{
  "state": "bad",
  "episode_index": 8657,
  "state_ordinal": 4328,
  "start_time_wall": 1756989317.429784,
  "end_time_wall": 1756989317.4488475,
  "wall_time_sec": 0.019064003994571976,
  "steps": 1,
  "packets": 31819,
  "dropped": 31819,
  "running_total_steps": 737310,
  "running_total_packets": 10468892220,
  "running_total_dropped": 100817874,
  "running_total_time_sec": 1935.661798877998,
  "p_gb": 0.00606,
  "p_bg": 0.6,
  "good_loss_rate": 0.0,
  "bad_loss_rate": 1.0
}