{
  "state": "bad",
  "episode_index": 6757,
  "state_ordinal": 3378,
  "start_time_wall": 1756988846.591579,
  "end_time_wall": 1756988846.6101565,
  "wall_time_sec": 0.018578358001832385,
  "steps": 1,
  "packets": 31819,
  "dropped": 31819,
  "running_total_steps": 566844,
  "running_total_packets": 8048527594,
  "running_total_dropped": 80210891,
  "running_total_time_sec": 1464.8231082030034,
  "p_gb": 0.00606,
  "p_bg": 0.6,
  "good_loss_rate": 0.0,
  "bad_loss_rate": 1.0
}