{
  "state": "bad",
  "episode_index": 487,
  "state_ordinal": 243,
  "start_time_wall": 1756987458.454144,
  "end_time_wall": 1756987458.4643378,
  "wall_time_sec": 0.010194175003562123,
  "steps": 3,
  "packets": 14465,
  "dropped": 14465,
  "running_total_steps": 36301,
  "running_total_packets": 515479879,
  "running_total_dropped": 5676067,
  "running_total_time_sec": 76.67728899600479,
  "p_gb": 0.00606,
  "p_bg": 0.6,
  "good_loss_rate": 0.0,
  "bad_loss_rate": 1.0
}