{
  "state": "bad",
  "episode_index": 7567,
  "state_ordinal": 3783,
  "start_time_wall": 1756989026.0854812,
  "end_time_wall": 1756989026.1314232,
  "wall_time_sec": 0.04594215399993118,
  "steps": 4,
  "packets": 76656,
  "dropped": 76656,
  "running_total_steps": 637558,
  "running_total_packets": 9052471370,
  "running_total_dropped": 89529333,
  "running_total_time_sec": 1644.3443744910037,
  "p_gb": 0.00606,
  "p_bg": 0.6,
  "good_loss_rate": 0.0,
  "bad_loss_rate": 1.0
}