{
  "state": "bad",
  "episode_index": 17711,
  "state_ordinal": 8855,
  "start_time_wall": 1756991383.6312854,
  "end_time_wall": 1756991383.6407564,
  "wall_time_sec": 0.009471094999753404,
  "steps": 5,
  "packets": 14477,
  "dropped": 14477,
  "running_total_steps": 1520779,
  "running_total_packets": 21593052781,
  "running_total_dropped": 207157060,
  "running_total_time_sec": 4001.8537076549983,
  "p_gb": 0.00606,
  "p_bg": 0.6,
  "good_loss_rate": 0.0,
  "bad_loss_rate": 1.0
}