{
  "state": "bad",
  "episode_index": 12595,
  "state_ordinal": 6297,
  "start_time_wall": 1756990204.7436147,
  "end_time_wall": 1756990204.7624338,
  "wall_time_sec": 0.018819331999111455,
  "steps": 1,
  "packets": 31819,
  "dropped": 31819,
  "running_total_steps": 1074287,
  "running_total_packets": 15253457305,
  "running_total_dropped": 147366044,
  "running_total_time_sec": 2822.975385040998,
  "p_gb": 0.00606,
  "p_bg": 0.6,
  "good_loss_rate": 0.0,
  "bad_loss_rate": 1.0
}