{
  "state": "bad",
  "episode_index": 8895,
  "state_ordinal": 4447,
  "start_time_wall": 1756989357.7830365,
  "end_time_wall": 1756989357.7914104,
  "wall_time_sec": 0.00837428199884016,
  "steps": 2,
  "packets": 13018,
  "dropped": 13018,
  "running_total_steps": 756677,
  "running_total_packets": 10743808473,
  "running_total_dropped": 103307296,
  "running_total_time_sec": 1976.0043615289978,
  "p_gb": 0.00606,
  "p_bg": 0.6,
  "good_loss_rate": 0.0,
  "bad_loss_rate": 1.0
}