{
  "state": "bad",
  "episode_index": 9637,
  "state_ordinal": 4818,
  "start_time_wall": 1756989530.0674028,
  "end_time_wall": 1756989530.2813897,
  "wall_time_sec": 0.21398722699814243,
  "steps": 2,
  "packets": 63638,
  "dropped": 63638,
  "running_total_steps": 823522,
  "running_total_packets": 11693011422,
  "running_total_dropped": 112285689,
  "running_total_time_sec": 2148.494341106998,
  "p_gb": 0.00606,
  "p_bg": 0.6,
  "good_loss_rate": 0.0,
  "bad_loss_rate": 1.0
}