{
  "state": "bad",
  "episode_index": 14489,
  "state_ordinal": 7244,
  "start_time_wall": 1756990641.902105,
  "end_time_wall": 1756990642.0765076,
  "wall_time_sec": 0.17440327700023772,
  "steps": 1,
  "packets": 31819,
  "dropped": 31819,
  "running_total_steps": 1237269,
  "running_total_packets": 17567555839,
  "running_total_dropped": 169942873,
  "running_total_time_sec": 3260.289459282001,
  "p_gb": 0.00606,
  "p_bg": 0.6,
  "good_loss_rate": 0.0,
  "bad_loss_rate": 1.0
}