{
  "state": "bad",
  "episode_index": 15635,
  "state_ordinal": 7817,
  "start_time_wall": 1756990900.575733,
  "end_time_wall": 1756990900.5762281,
  "wall_time_sec": 0.0004950500006088987,
  "steps": 1,
  "packets": 6,
  "dropped": 6,
  "running_total_steps": 1337205,
  "running_total_packets": 18986502252,
  "running_total_dropped": 182727114,
  "running_total_time_sec": 3518.7891790840004,
  "p_gb": 0.00606,
  "p_bg": 0.6,
  "good_loss_rate": 0.0,
  "bad_loss_rate": 1.0
}