{
  "state": "bad",
  "episode_index": 9467,
  "state_ordinal": 4733,
  "start_time_wall": 1756989495.9676197,
  "end_time_wall": 1756989495.9764345,
  "wall_time_sec": 0.008814893997623585,
  "steps": 2,
  "packets": 13018,
  "dropped": 13018,
  "running_total_steps": 806943,
  "running_total_packets": 11457517715,
  "running_total_dropped": 110137719,
  "running_total_time_sec": 2114.189385466998,
  "p_gb": 0.00606,
  "p_bg": 0.6,
  "good_loss_rate": 0.0,
  "bad_loss_rate": 1.0
}