{
  "state": "bad",
  "episode_index": 1225,
  "state_ordinal": 612,
  "start_time_wall": 1756987629.7411506,
  "end_time_wall": 1756987629.761903,
  "wall_time_sec": 0.020752973003254738,
  "steps": 1,
  "packets": 31819,
  "dropped": 31819,
  "running_total_steps": 103073,
  "running_total_packets": 1463573371,
  "running_total_dropped": 14304375,
  "running_total_time_sec": 247.97485472600238,
  "p_gb": 0.00606,
  "p_bg": 0.6,
  "good_loss_rate": 0.0,
  "bad_loss_rate": 1.0
}