{
  "state": "bad",
  "episode_index": 6285,
  "state_ordinal": 3142,
  "start_time_wall": 1756988761.57735,
  "end_time_wall": 1756988761.785282,
  "wall_time_sec": 0.207932276003703,
  "steps": 4,
  "packets": 95463,
  "dropped": 95463,
  "running_total_steps": 524973,
  "running_total_packets": 7453945160,
  "running_total_dropped": 74649029,
  "running_total_time_sec": 1379.9982330670027,
  "p_gb": 0.00606,
  "p_bg": 0.6,
  "good_loss_rate": 0.0,
  "bad_loss_rate": 1.0
}