{
  "state": "bad",
  "episode_index": 6791,
  "state_ordinal": 3395,
  "start_time_wall": 1756988852.4269469,
  "end_time_wall": 1756988852.4458005,
  "wall_time_sec": 0.018853843997931108,
  "steps": 1,
  "packets": 31819,
  "dropped": 31819,
  "running_total_steps": 569829,
  "running_total_packets": 8090791027,
  "running_total_dropped": 80707013,
  "running_total_time_sec": 1470.6587515630017,
  "p_gb": 0.00606,
  "p_bg": 0.6,
  "good_loss_rate": 0.0,
  "bad_loss_rate": 1.0
}