{
  "state": "bad",
  "episode_index": 16193,
  "state_ordinal": 8096,
  "start_time_wall": 1756991041.3794067,
  "end_time_wall": 1756991041.5487077,
  "wall_time_sec": 0.16930131399567472,
  "steps": 1,
  "packets": 11571,
  "dropped": 11571,
  "running_total_steps": 1388756,
  "running_total_packets": 19718512438,
  "running_total_dropped": 189103255,
  "running_total_time_sec": 3659.7616590100006,
  "p_gb": 0.00606,
  "p_bg": 0.6,
  "good_loss_rate": 0.0,
  "bad_loss_rate": 1.0
}