{
  "state": "bad",
  "episode_index": 7001,
  "state_ordinal": 3500,
  "start_time_wall": 1756988929.2347891,
  "end_time_wall": 1756988929.407148,
  "wall_time_sec": 0.17235927400179207,
  "steps": 1,
  "packets": 31819,
  "dropped": 31819,
  "running_total_steps": 590926,
  "running_total_packets": 8390362626,
  "running_total_dropped": 83037376,
  "running_total_time_sec": 1547.6200993230013,
  "p_gb": 0.00606,
  "p_bg": 0.6,
  "good_loss_rate": 0.0,
  "bad_loss_rate": 1.0
}