{
  "state": "bad",
  "episode_index": 5111,
  "state_ordinal": 2555,
  "start_time_wall": 1756988487.4997852,
  "end_time_wall": 1756988487.6333048,
  "wall_time_sec": 0.1335198090018821,
  "steps": 1,
  "packets": 11571,
  "dropped": 11571,
  "running_total_steps": 425912,
  "running_total_packets": 6047354636,
  "running_total_dropped": 60307119,
  "running_total_time_sec": 1105.8462558980027,
  "p_gb": 0.00606,
  "p_bg": 0.6,
  "good_loss_rate": 0.0,
  "bad_loss_rate": 1.0
}