{
  "state": "bad",
  "episode_index": 17863,
  "state_ordinal": 8931,
  "start_time_wall": 1756991412.098727,
  "end_time_wall": 1756991412.1377563,
  "wall_time_sec": 0.03902984500018647,
  "steps": 2,
  "packets": 63638,
  "dropped": 63638,
  "running_total_steps": 1534486,
  "running_total_packets": 21787680366,
  "running_total_dropped": 208704839,
  "running_total_time_sec": 4030.350707686004,
  "p_gb": 0.00606,
  "p_bg": 0.6,
  "good_loss_rate": 0.0,
  "bad_loss_rate": 1.0
}