{
  "state": "bad",
  "episode_index": 8261,
  "state_ordinal": 4130,
  "start_time_wall": 1756989210.0370007,
  "end_time_wall": 1756989210.2005875,
  "wall_time_sec": 0.16358672799833585,
  "steps": 4,
  "packets": 13030,
  "dropped": 13030,
  "running_total_steps": 701481,
  "running_total_packets": 9960061825,
  "running_total_dropped": 96258501,
  "running_total_time_sec": 1828.4135384949986,
  "p_gb": 0.00606,
  "p_bg": 0.6,
  "good_loss_rate": 0.0,
  "bad_loss_rate": 1.0
}