{
  "state": "bad",
  "episode_index": 14041,
  "state_ordinal": 7020,
  "start_time_wall": 1756990522.2820995,
  "end_time_wall": 1756990522.3013701,
  "wall_time_sec": 0.01927083699411014,
  "steps": 2,
  "packets": 31825,
  "dropped": 31825,
  "running_total_steps": 1195986,
  "running_total_packets": 16981472953,
  "running_total_dropped": 163803972,
  "running_total_time_sec": 3140.5143211309987,
  "p_gb": 0.00606,
  "p_bg": 0.6,
  "good_loss_rate": 0.0,
  "bad_loss_rate": 1.0
}