{
  "state": "bad",
  "episode_index": 16259,
  "state_ordinal": 8129,
  "start_time_wall": 1756991053.2291107,
  "end_time_wall": 1756991053.2488017,
  "wall_time_sec": 0.01969169000221882,
  "steps": 1,
  "packets": 31819,
  "dropped": 31819,
  "running_total_steps": 1394636,
  "running_total_packets": 19801993478,
  "running_total_dropped": 189913294,
  "running_total_time_sec": 3671.461753323005,
  "p_gb": 0.00606,
  "p_bg": 0.6,
  "good_loss_rate": 0.0,
  "bad_loss_rate": 1.0
}