{
  "state": "bad",
  "episode_index": 12621,
  "state_ordinal": 6310,
  "start_time_wall": 1756990208.8438473,
  "end_time_wall": 1756990208.846349,
  "wall_time_sec": 0.0025019939930643886,
  "steps": 2,
  "packets": 2894,
  "dropped": 2894,
  "running_total_steps": 1076302,
  "running_total_packets": 15282010952,
  "running_total_dropped": 147687154,
  "running_total_time_sec": 2827.0593001649977,
  "p_gb": 0.00606,
  "p_bg": 0.6,
  "good_loss_rate": 0.0,
  "bad_loss_rate": 1.0
}