{
  "state": "bad",
  "episode_index": 3331,
  "state_ordinal": 1665,
  "start_time_wall": 1756988103.5480313,
  "end_time_wall": 1756988103.7259438,
  "wall_time_sec": 0.17791262399987318,
  "steps": 3,
  "packets": 31831,
  "dropped": 31831,
  "running_total_steps": 284104,
  "running_total_packets": 4033980560,
  "running_total_dropped": 39652843,
  "running_total_time_sec": 721.9388949540007,
  "p_gb": 0.00606,
  "p_bg": 0.6,
  "good_loss_rate": 0.0,
  "bad_loss_rate": 1.0
}