{
  "state": "bad",
  "episode_index": 10463,
  "state_ordinal": 5231,
  "start_time_wall": 1756989706.930713,
  "end_time_wall": 1756989706.9895666,
  "wall_time_sec": 0.05885411900089821,
  "steps": 3,
  "packets": 95457,
  "dropped": 95457,
  "running_total_steps": 892766,
  "running_total_packets": 12676127244,
  "running_total_dropped": 122338733,
  "running_total_time_sec": 2325.202517922,
  "p_gb": 0.00606,
  "p_bg": 0.6,
  "good_loss_rate": 0.0,
  "bad_loss_rate": 1.0
}