{
  "state": "bad",
  "episode_index": 18389,
  "state_ordinal": 9194,
  "start_time_wall": 1756991535.7489831,
  "end_time_wall": 1756991535.9483497,
  "wall_time_sec": 0.19936684099957347,
  "steps": 2,
  "packets": 63638,
  "dropped": 63638,
  "running_total_steps": 1578487,
  "running_total_packets": 22412445179,
  "running_total_dropped": 215412199,
  "running_total_time_sec": 4154.161300888001,
  "p_gb": 0.00606,
  "p_bg": 0.6,
  "good_loss_rate": 0.0,
  "bad_loss_rate": 1.0
}