{
  "state": "bad",
  "episode_index": 3771,
  "state_ordinal": 1885,
  "start_time_wall": 1756988178.0134044,
  "end_time_wall": 1756988178.0146906,
  "wall_time_sec": 0.0012863410011050291,
  "steps": 1,
  "packets": 1447,
  "dropped": 1447,
  "running_total_steps": 320385,
  "running_total_packets": 4549035193,
  "running_total_dropped": 45053974,
  "running_total_time_sec": 796.2276417390021,
  "p_gb": 0.00606,
  "p_bg": 0.6,
  "good_loss_rate": 0.0,
  "bad_loss_rate": 1.0
}