{
  "state": "bad",
  "episode_index": 4617,
  "state_ordinal": 2308,
  "start_time_wall": 1756988407.8068423,
  "end_time_wall": 1756988407.8073108,
  "wall_time_sec": 0.00046861200098646805,
  "steps": 1,
  "packets": 6,
  "dropped": 6,
  "running_total_steps": 386091,
  "running_total_packets": 5482010018,
  "running_total_dropped": 54874090,
  "running_total_time_sec": 1026.0202618330004,
  "p_gb": 0.00606,
  "p_bg": 0.6,
  "good_loss_rate": 0.0,
  "bad_loss_rate": 1.0
}