{
  "state": "bad",
  "episode_index": 11991,
  "state_ordinal": 5995,
  "start_time_wall": 1756990062.2347956,
  "end_time_wall": 1756990062.4126618,
  "wall_time_sec": 0.17786682300356915,
  "steps": 1,
  "packets": 31819,
  "dropped": 31819,
  "running_total_steps": 1022583,
  "running_total_packets": 14519329473,
  "running_total_dropped": 140699069,
  "running_total_time_sec": 2680.6256132260023,
  "p_gb": 0.00606,
  "p_bg": 0.6,
  "good_loss_rate": 0.0,
  "bad_loss_rate": 1.0
}