{
  "state": "bad",
  "episode_index": 13307,
  "state_ordinal": 6653,
  "start_time_wall": 1756990362.2696652,
  "end_time_wall": 1756990362.459659,
  "wall_time_sec": 0.18999426400114316,
  "steps": 2,
  "packets": 43390,
  "dropped": 43390,
  "running_total_steps": 1134696,
  "running_total_packets": 16111207634,
  "running_total_dropped": 156082534,
  "running_total_time_sec": 2980.672610510999,
  "p_gb": 0.00606,
  "p_bg": 0.6,
  "good_loss_rate": 0.0,
  "bad_loss_rate": 1.0
}