{
  "state": "bad",
  "episode_index": 7615,
  "state_ordinal": 3807,
  "start_time_wall": 1756989033.4728081,
  "end_time_wall": 1756989033.473566,
  "wall_time_sec": 0.0007577889991807751,
  "steps": 2,
  "packets": 12,
  "dropped": 12,
  "running_total_steps": 641362,
  "running_total_packets": 9106484614,
  "running_total_dropped": 89982096,
  "running_total_time_sec": 1651.686516968999,
  "p_gb": 0.00606,
  "p_bg": 0.6,
  "good_loss_rate": 0.0,
  "bad_loss_rate": 1.0
}