{
  "state": "bad",
  "episode_index": 4773,
  "state_ordinal": 2386,
  "start_time_wall": 1756988433.7959037,
  "end_time_wall": 1756988433.8151512,
  "wall_time_sec": 0.019247254997026175,
  "steps": 1,
  "packets": 31819,
  "dropped": 31819,
  "running_total_steps": 398762,
  "running_total_packets": 5661928288,
  "running_total_dropped": 56635893,
  "running_total_time_sec": 1052.0281020900002,
  "p_gb": 0.00606,
  "p_bg": 0.6,
  "good_loss_rate": 0.0,
  "bad_loss_rate": 1.0
}