{
  "state": "bad",
  "episode_index": 12193,
  "state_ordinal": 6096,
  "start_time_wall": 1756990133.984177,
  "end_time_wall": 1756990133.992293,
  "wall_time_sec": 0.008115789001749363,
  "steps": 2,
  "packets": 11577,
  "dropped": 11577,
  "running_total_steps": 1040093,
  "running_total_packets": 14767938483,
  "running_total_dropped": 143049651,
  "running_total_time_sec": 2752.2052439940016,
  "p_gb": 0.00606,
  "p_bg": 0.6,
  "good_loss_rate": 0.0,
  "bad_loss_rate": 1.0
}