{
  "state": "bad",
  "episode_index": 9855,
  "state_ordinal": 4927,
  "start_time_wall": 1756989601.8285937,
  "end_time_wall": 1756989601.991948,
  "wall_time_sec": 0.16335410399915418,
  "steps": 1,
  "packets": 1447,
  "dropped": 1447,
  "running_total_steps": 842055,
  "running_total_packets": 11956102655,
  "running_total_dropped": 114924059,
  "running_total_time_sec": 2220.204898778,
  "p_gb": 0.00606,
  "p_bg": 0.6,
  "good_loss_rate": 0.0,
  "bad_loss_rate": 1.0
}