{
  "state": "bad",
  "episode_index": 10971,
  "state_ordinal": 5485,
  "start_time_wall": 1756989823.5206258,
  "end_time_wall": 1756989823.5220685,
  "wall_time_sec": 0.001442599001165945,
  "steps": 1,
  "packets": 1447,
  "dropped": 1447,
  "running_total_steps": 932322,
  "running_total_packets": 13237754398,
  "running_total_dropped": 128523922,
  "running_total_time_sec": 2441.735019441003,
  "p_gb": 0.00606,
  "p_bg": 0.6,
  "good_loss_rate": 0.0,
  "bad_loss_rate": 1.0
}