{
  "state": "bad",
  "episode_index": 2025,
  "state_ordinal": 1012,
  "start_time_wall": 1756987800.8554742,
  "end_time_wall": 1756987800.8750136,
  "wall_time_sec": 0.01953975200012792,
  "steps": 1,
  "packets": 31819,
  "dropped": 31819,
  "running_total_steps": 168963,
  "running_total_packets": 2399108489,
  "running_total_dropped": 24315510,
  "running_total_time_sec": 419.08796477500437,
  "p_gb": 0.00606,
  "p_bg": 0.6,
  "good_loss_rate": 0.0,
  "bad_loss_rate": 1.0
}