{
  "state": "bad",
  "episode_index": 5463,
  "state_ordinal": 2731,
  "start_time_wall": 1756988574.8856406,
  "end_time_wall": 1756988574.9493806,
  "wall_time_sec": 0.063740116005647,
  "steps": 5,
  "packets": 107034,
  "dropped": 107034,
  "running_total_steps": 451893,
  "running_total_packets": 6416393724,
  "running_total_dropped": 64266204,
  "running_total_time_sec": 1193.1623316750047,
  "p_gb": 0.00606,
  "p_bg": 0.6,
  "good_loss_rate": 0.0,
  "bad_loss_rate": 1.0
}