{
  "state": "bad",
  "episode_index": 6503,
  "state_ordinal": 3251,
  "start_time_wall": 1756988796.767853,
  "end_time_wall": 1756988796.775796,
  "wall_time_sec": 0.007943007003632374,
  "steps": 2,
  "packets": 13018,
  "dropped": 13018,
  "running_total_steps": 542303,
  "running_total_packets": 7700074891,
  "running_total_dropped": 76967888,
  "running_total_time_sec": 1414.9887469160021,
  "p_gb": 0.00606,
  "p_bg": 0.6,
  "good_loss_rate": 0.0,
  "bad_loss_rate": 1.0
}