{
  "state": "bad",
  "episode_index": 4827,
  "state_ordinal": 2413,
  "start_time_wall": 1756988441.9198308,
  "end_time_wall": 1756988441.9391742,
  "wall_time_sec": 0.019343378000485245,
  "steps": 2,
  "packets": 31825,
  "dropped": 31825,
  "running_total_steps": 402720,
  "running_total_packets": 5718156099,
  "running_total_dropped": 57334516,
  "running_total_time_sec": 1060.1521252870007,
  "p_gb": 0.00606,
  "p_bg": 0.6,
  "good_loss_rate": 0.0,
  "bad_loss_rate": 1.0
}