{
  "state": "bad",
  "episode_index": 3451,
  "state_ordinal": 1725,
  "start_time_wall": 1756988121.3349729,
  "end_time_wall": 1756988121.3428633,
  "wall_time_sec": 0.007890455999586266,
  "steps": 1,
  "packets": 11571,
  "dropped": 11571,
  "running_total_steps": 292832,
  "running_total_packets": 4157818572,
  "running_total_dropped": 40901183,
  "running_total_time_sec": 739.5558143189992,
  "p_gb": 0.00606,
  "p_bg": 0.6,
  "good_loss_rate": 0.0,
  "bad_loss_rate": 1.0
}