{
  "state": "bad",
  "episode_index": 7443,
  "state_ordinal": 3721,
  "start_time_wall": 1756989007.905168,
  "end_time_wall": 1756989007.905663,
  "wall_time_sec": 0.0004948630012222566,
  "steps": 1,
  "packets": 6,
  "dropped": 6,
  "running_total_steps": 628928,
  "running_total_packets": 8929906281,
  "running_total_dropped": 88262191,
  "running_total_time_sec": 1626.1186139839992,
  "p_gb": 0.00606,
  "p_bg": 0.6,
  "good_loss_rate": 0.0,
  "bad_loss_rate": 1.0
}