{
  "state": "bad",
  "episode_index": 9111,
  "state_ordinal": 4555,
  "start_time_wall": 1756989426.7427046,
  "end_time_wall": 1756989426.9076877,
  "wall_time_sec": 0.164983062997635,
  "steps": 1,
  "packets": 1447,
  "dropped": 1447,
  "running_total_steps": 773260,
  "running_total_packets": 10979335458,
  "running_total_dropped": 105733153,
  "running_total_time_sec": 2045.120638690998,
  "p_gb": 0.00606,
  "p_bg": 0.6,
  "good_loss_rate": 0.0,
  "bad_loss_rate": 1.0
}