{
  "state": "bad",
  "episode_index": 10891,
  "state_ordinal": 5445,
  "start_time_wall": 1756989812.768727,
  "end_time_wall": 1756989812.7892153,
  "wall_time_sec": 0.020488128997385502,
  "steps": 3,
  "packets": 31831,
  "dropped": 31831,
  "running_total_steps": 926974,
  "running_total_packets": 13161779166,
  "running_total_dropped": 127541731,
  "running_total_time_sec": 2431.002166227998,
  "p_gb": 0.00606,
  "p_bg": 0.6,
  "good_loss_rate": 0.0,
  "bad_loss_rate": 1.0
}