{
  "state": "bad",
  "episode_index": 9531,
  "state_ordinal": 4765,
  "start_time_wall": 1756989507.7944353,
  "end_time_wall": 1756989507.8017886,
  "wall_time_sec": 0.007353467000939418,
  "steps": 1,
  "packets": 11571,
  "dropped": 11571,
  "running_total_steps": 812918,
  "running_total_packets": 11542404748,
  "running_total_dropped": 111064878,
  "running_total_time_sec": 2126.014739873004,
  "p_gb": 0.00606,
  "p_bg": 0.6,
  "good_loss_rate": 0.0,
  "bad_loss_rate": 1.0
}