{
  "state": "bad",
  "episode_index": 3559,
  "state_ordinal": 1779,
  "start_time_wall": 1756988142.563031,
  "end_time_wall": 1756988142.5817876,
  "wall_time_sec": 0.018756635006866418,
  "steps": 1,
  "packets": 31819,
  "dropped": 31819,
  "running_total_steps": 303048,
  "running_total_packets": 4302914138,
  "running_total_dropped": 42253608,
  "running_total_time_sec": 760.7947388450048,
  "p_gb": 0.00606,
  "p_bg": 0.6,
  "good_loss_rate": 0.0,
  "bad_loss_rate": 1.0
}