{
  "state": "bad",
  "episode_index": 1455,
  "state_ordinal": 727,
  "start_time_wall": 1756987668.6002216,
  "end_time_wall": 1756987668.6072512,
  "wall_time_sec": 0.007029868997051381,
  "steps": 1,
  "packets": 11571,
  "dropped": 11571,
  "running_total_steps": 121844,
  "running_total_packets": 1730152082,
  "running_total_dropped": 17381029,
  "running_total_time_sec": 286.82020238599944,
  "p_gb": 0.00606,
  "p_bg": 0.6,
  "good_loss_rate": 0.0,
  "bad_loss_rate": 1.0
}