{
  "state": "bad",
  "episode_index": 10649,
  "state_ordinal": 5324,
  "start_time_wall": 1756989770.883868,
  "end_time_wall": 1756989770.9035816,
  "wall_time_sec": 0.0197145440033637,
  "steps": 1,
  "packets": 31819,
  "dropped": 31819,
  "running_total_steps": 906889,
  "running_total_packets": 12876598645,
  "running_total_dropped": 124564865,
  "running_total_time_sec": 2389.1165334000034,
  "p_gb": 0.00606,
  "p_bg": 0.6,
  "good_loss_rate": 0.0,
  "bad_loss_rate": 1.0
}