{
  "state": "bad",
  "episode_index": 1903,
  "state_ordinal": 951,
  "start_time_wall": 1756987779.8614433,
  "end_time_wall": 1756987779.8697474,
  "wall_time_sec": 0.008304189002956264,
  "steps": 2,
  "packets": 11577,
  "dropped": 11577,
  "running_total_steps": 158663,
  "running_total_packets": 2252904913,
  "running_total_dropped": 22678101,
  "running_total_time_sec": 398.08269868200296,
  "p_gb": 0.00606,
  "p_bg": 0.6,
  "good_loss_rate": 0.0,
  "bad_loss_rate": 1.0
}