{
  "state": "bad",
  "episode_index": 2287,
  "state_ordinal": 1143,
  "start_time_wall": 1756987847.0423179,
  "end_time_wall": 1756987847.1930034,
  "wall_time_sec": 0.1506859209985123,
  "steps": 1,
  "packets": 1447,
  "dropped": 1447,
  "running_total_steps": 191746,
  "running_total_packets": 2722529760,
  "running_total_dropped": 27648322,
  "running_total_time_sec": 465.4059546490025,
  "p_gb": 0.00606,
  "p_bg": 0.6,
  "good_loss_rate": 0.0,
  "bad_loss_rate": 1.0
}