{
  "state": "bad",
  "episode_index": 8993,
  "state_ordinal": 4496,
  "start_time_wall": 1756989371.1336806,
  "end_time_wall": 1756989371.1423757,
  "wall_time_sec": 0.008695333999639843,
  "steps": 2,
  "packets": 13018,
  "dropped": 13018,
  "running_total_steps": 763163,
  "running_total_packets": 10835862847,
  "running_total_dropped": 104269276,
  "running_total_time_sec": 1989.355326828998,
  "p_gb": 0.00606,
  "p_bg": 0.6,
  "good_loss_rate": 0.0,
  "bad_loss_rate": 1.0
}