{
  "state": "bad",
  "episode_index": 14849,
  "state_ordinal": 7424,
  "start_time_wall": 1756990708.1953683,
  "end_time_wall": 1756990708.202375,
  "wall_time_sec": 0.007006806001299992,
  "steps": 1,
  "packets": 11571,
  "dropped": 11571,
  "running_total_steps": 1269563,
  "running_total_packets": 18026139657,
  "running_total_dropped": 173755868,
  "running_total_time_sec": 3326.415325920003,
  "p_gb": 0.00606,
  "p_bg": 0.6,
  "good_loss_rate": 0.0,
  "bad_loss_rate": 1.0
}