{
  "state": "bad",
  "episode_index": 12485,
  "state_ordinal": 6242,
  "start_time_wall": 1756990184.6174405,
  "end_time_wall": 1756990184.6366336,
  "wall_time_sec": 0.019193455002096016,
  "steps": 1,
  "packets": 31819,
  "dropped": 31819,
  "running_total_steps": 1064409,
  "running_total_packets": 15113187219,
  "running_total_dropped": 146156770,
  "running_total_time_sec": 2802.8495850280015,
  "p_gb": 0.00606,
  "p_bg": 0.6,
  "good_loss_rate": 0.0,
  "bad_loss_rate": 1.0
}