{
  "state": "bad",
  "episode_index": 6651,
  "state_ordinal": 3325,
  "start_time_wall": 1756988826.9644434,
  "end_time_wall": 1756988827.153679,
  "wall_time_sec": 0.189235996993375,
  "steps": 2,
  "packets": 43390,
  "dropped": 43390,
  "running_total_steps": 557022,
  "running_total_packets": 7909050176,
  "running_total_dropped": 79068153,
  "running_total_time_sec": 1445.3666303869977,
  "p_gb": 0.00606,
  "p_bg": 0.6,
  "good_loss_rate": 0.0,
  "bad_loss_rate": 1.0
}