{
  "state": "bad",
  "episode_index": 937,
  "state_ordinal": 468,
  "start_time_wall": 1756987572.8202906,
  "end_time_wall": 1756987573.0386329,
  "wall_time_sec": 0.21834253799897851,
  "steps": 4,
  "packets": 95463,
  "dropped": 95463,
  "running_total_steps": 75036,
  "running_total_packets": 1065542359,
  "running_total_dropped": 10819864,
  "running_total_time_sec": 191.25158403500245,
  "p_gb": 0.00606,
  "p_bg": 0.6,
  "good_loss_rate": 0.0,
  "bad_loss_rate": 1.0
}