{
  "state": "bad",
  "episode_index": 17083,
  "state_ordinal": 8541,
  "start_time_wall": 1756991239.0059984,
  "end_time_wall": 1756991239.1696935,
  "wall_time_sec": 0.16369522699824302,
  "steps": 1,
  "packets": 6,
  "dropped": 6,
  "running_total_steps": 1467118,
  "running_total_packets": 20831163982,
  "running_total_dropped": 199542710,
  "running_total_time_sec": 3857.3826444540027,
  "p_gb": 0.00606,
  "p_bg": 0.6,
  "good_loss_rate": 0.0,
  "bad_loss_rate": 1.0
}