{
  "state": "bad",
  "episode_index": 5921,
  "state_ordinal": 2960,
  "start_time_wall": 1756988663.9100258,
  "end_time_wall": 1756988664.0629666,
  "wall_time_sec": 0.15294076999998651,
  "steps": 1,
  "packets": 11571,
  "dropped": 11571,
  "running_total_steps": 494864,
  "running_total_packets": 7026536014,
  "running_total_dropped": 69855340,
  "running_total_time_sec": 1282.2759176710024,
  "p_gb": 0.00606,
  "p_bg": 0.6,
  "good_loss_rate": 0.0,
  "bad_loss_rate": 1.0
}