{
  "state": "bad",
  "episode_index": 6873,
  "state_ordinal": 3436,
  "start_time_wall": 1756988867.777367,
  "end_time_wall": 1756988867.777855,
  "wall_time_sec": 0.0004880520064034499,
  "steps": 1,
  "packets": 6,
  "dropped": 6,
  "running_total_steps": 577471,
  "running_total_packets": 8199303523,
  "running_total_dropped": 81532968,
  "running_total_time_sec": 1485.9908060400048,
  "p_gb": 0.00606,
  "p_bg": 0.6,
  "good_loss_rate": 0.0,
  "bad_loss_rate": 1.0
}