{
  "state": "bad",
  "episode_index": 16599,
  "state_ordinal": 8299,
  "start_time_wall": 1756991146.0402074,
  "end_time_wall": 1756991146.0575538,
  "wall_time_sec": 0.017346537999401335,
  "steps": 4,
  "packets": 26036,
  "dropped": 26036,
  "running_total_steps": 1422353,
  "running_total_packets": 20195495557,
  "running_total_dropped": 194148629,
  "running_total_time_sec": 3764.2705047670024,
  "p_gb": 0.00606,
  "p_bg": 0.6,
  "good_loss_rate": 0.0,
  "bad_loss_rate": 1.0
}