{
  "state": "bad",
  "episode_index": 7923,
  "state_ordinal": 3961,
  "start_time_wall": 1756989141.4833844,
  "end_time_wall": 1756989141.4856606,
  "wall_time_sec": 0.0022764680034015328,
  "steps": 2,
  "packets": 2894,
  "dropped": 2894,
  "running_total_steps": 667990,
  "running_total_packets": 9484611980,
  "running_total_dropped": 92938761,
  "running_total_time_sec": 1759.698611740001,
  "p_gb": 0.00606,
  "p_bg": 0.6,
  "good_loss_rate": 0.0,
  "bad_loss_rate": 1.0
}