{
  "state": "bad",
  "episode_index": 15651,
  "state_ordinal": 7825,
  "start_time_wall": 1756990903.8985083,
  "end_time_wall": 1756990903.9059303,
  "wall_time_sec": 0.007422154005325865,
  "steps": 2,
  "packets": 11577,
  "dropped": 11577,
  "running_total_steps": 1338506,
  "running_total_packets": 19005033188,
  "running_total_dropped": 182913730,
  "running_total_time_sec": 3522.118881430004,
  "p_gb": 0.00606,
  "p_bg": 0.6,
  "good_loss_rate": 0.0,
  "bad_loss_rate": 1.0
}