{
  "state": "bad",
  "episode_index": 13457,
  "state_ordinal": 6728,
  "start_time_wall": 1756990384.6710021,
  "end_time_wall": 1756990384.8311746,
  "wall_time_sec": 0.16017255300539546,
  "steps": 1,
  "packets": 1447,
  "dropped": 1447,
  "running_total_steps": 1145575,
  "running_total_packets": 16265640277,
  "running_total_dropped": 157623077,
  "running_total_time_sec": 3003.0441257870043,
  "p_gb": 0.00606,
  "p_bg": 0.6,
  "good_loss_rate": 0.0,
  "bad_loss_rate": 1.0
}