{
  "state": "bad",
  "episode_index": 8689,
  "state_ordinal": 4344,
  "start_time_wall": 1756989322.6128366,
  "end_time_wall": 1756989322.6333938,
  "wall_time_sec": 0.020558042997436132,
  "steps": 1,
  "packets": 31819,
  "dropped": 31819,
  "running_total_steps": 739867,
  "running_total_packets": 10505115123,
  "running_total_dropped": 101248912,
  "running_total_time_sec": 1940.846345566999,
  "p_gb": 0.00606,
  "p_bg": 0.6,
  "good_loss_rate": 0.0,
  "bad_loss_rate": 1.0
}