{
  "state": "bad",
  "episode_index": 2337,
  "state_ordinal": 1168,
  "start_time_wall": 1756987889.3746264,
  "end_time_wall": 1756987889.3939023,
  "wall_time_sec": 0.019276136998087168,
  "steps": 1,
  "packets": 31819,
  "dropped": 31819,
  "running_total_steps": 195615,
  "running_total_packets": 2777585905,
  "running_total_dropped": 28053359,
  "running_total_time_sec": 507.6068535000013,
  "p_gb": 0.00606,
  "p_bg": 0.6,
  "good_loss_rate": 0.0,
  "bad_loss_rate": 1.0
}