{
  "state": "bad",
  "episode_index": 11617,
  "state_ordinal": 5808,
  "start_time_wall": 1756989991.4661798,
  "end_time_wall": 1756989991.504982,
  "wall_time_sec": 0.03880268499779049,
  "steps": 2,
  "packets": 63638,
  "dropped": 63638,
  "running_total_steps": 988178,
  "running_total_packets": 14030887284,
  "running_total_dropped": 136222127,
  "running_total_time_sec": 2609.717933396001,
  "p_gb": 0.00606,
  "p_bg": 0.6,
  "good_loss_rate": 0.0,
  "bad_loss_rate": 1.0
}