{
  "state": "bad",
  "episode_index": 18115,
  "state_ordinal": 9057,
  "start_time_wall": 1756991489.980597,
  "end_time_wall": 1756991490.0071378,
  "wall_time_sec": 0.026540943996224087,
  "steps": 2,
  "packets": 43390,
  "dropped": 43390,
  "running_total_steps": 1556310,
  "running_total_packets": 22097451148,
  "running_total_dropped": 211616615,
  "running_total_time_sec": 4108.2200889529995,
  "p_gb": 0.00606,
  "p_bg": 0.6,
  "good_loss_rate": 0.0,
  "bad_loss_rate": 1.0
}