{
  "state": "bad",
  "episode_index": 17717,
  "state_ordinal": 8858,
  "start_time_wall": 1756991384.6317024,
  "end_time_wall": 1756991384.6511168,
  "wall_time_sec": 0.019414513000810985,
  "steps": 1,
  "packets": 31819,
  "dropped": 31819,
  "running_total_steps": 1521291,
  "running_total_packets": 21600262065,
  "running_total_dropped": 207232270,
  "running_total_time_sec": 4002.864068066003,
  "p_gb": 0.00606,
  "p_bg": 0.6,
  "good_loss_rate": 0.0,
  "bad_loss_rate": 1.0
}