{
  "state": "bad",
  "episode_index": 18059,
  "state_ordinal": 9029,
  "start_time_wall": 1756991480.066974,
  "end_time_wall": 1756991480.2473161,
  "wall_time_sec": 0.18034264699963387,
  "steps": 1,
  "packets": 31819,
  "dropped": 31819,
  "running_total_steps": 1551178,
  "running_total_packets": 22024676982,
  "running_total_dropped": 210860098,
  "running_total_time_sec": 4098.460267674003,
  "p_gb": 0.00606,
  "p_bg": 0.6,
  "good_loss_rate": 0.0,
  "bad_loss_rate": 1.0
}