{
  "state": "bad",
  "episode_index": 8233,
  "state_ordinal": 4116,
  "start_time_wall": 1756989206.6167767,
  "end_time_wall": 1756989206.7867978,
  "wall_time_sec": 0.1700209919945337,
  "steps": 4,
  "packets": 14471,
  "dropped": 14471,
  "running_total_steps": 699712,
  "running_total_packets": 9935044846,
  "running_total_dropped": 96029947,
  "running_total_time_sec": 1824.9997487869987,
  "p_gb": 0.00606,
  "p_bg": 0.6,
  "good_loss_rate": 0.0,
  "bad_loss_rate": 1.0
}