{
  "state": "bad",
  "episode_index": 15291,
  "state_ordinal": 7645,
  "start_time_wall": 1756990843.254858,
  "end_time_wall": 1756990843.2754798,
  "wall_time_sec": 0.020622467003704514,
  "steps": 1,
  "packets": 31819,
  "dropped": 31819,
  "running_total_steps": 1309082,
  "running_total_packets": 18587196876,
  "running_total_dropped": 178866374,
  "running_total_time_sec": 3461.4884312850045,
  "p_gb": 0.00606,
  "p_bg": 0.6,
  "good_loss_rate": 0.0,
  "bad_loss_rate": 1.0
}