{
  "state": "bad",
  "episode_index": 9903,
  "state_ordinal": 4951,
  "start_time_wall": 1756989610.4911413,
  "end_time_wall": 1756989610.5108128,
  "wall_time_sec": 0.01967185499961488,
  "steps": 1,
  "packets": 31819,
  "dropped": 31819,
  "running_total_steps": 846132,
  "running_total_packets": 12013954862,
  "running_total_dropped": 115825198,
  "running_total_time_sec": 2228.7237643240005,
  "p_gb": 0.00606,
  "p_bg": 0.6,
  "good_loss_rate": 0.0,
  "bad_loss_rate": 1.0
}