{
  "state": "bad",
  "episode_index": 8281,
  "state_ordinal": 4140,
  "start_time_wall": 1756989214.0407457,
  "end_time_wall": 1756989214.2026994,
  "wall_time_sec": 0.16195391700603068,
  "steps": 1,
  "packets": 11571,
  "dropped": 11571,
  "running_total_steps": 703391,
  "running_total_packets": 9987262993,
  "running_total_dropped": 96555003,
  "running_total_time_sec": 1832.4156506580039,
  "p_gb": 0.00606,
  "p_bg": 0.6,
  "good_loss_rate": 0.0,
  "bad_loss_rate": 1.0
}