{
  "state": "bad",
  "episode_index": 17751,
  "state_ordinal": 8875,
  "start_time_wall": 1756991390.1045415,
  "end_time_wall": 1756991390.2850504,
  "wall_time_sec": 0.1805092180002248,
  "steps": 2,
  "packets": 43390,
  "dropped": 43390,
  "running_total_steps": 1523940,
  "running_total_packets": 21637849006,
  "running_total_dropped": 207718279,
  "running_total_time_sec": 4008.4980017510024,
  "p_gb": 0.00606,
  "p_bg": 0.6,
  "good_loss_rate": 0.0,
  "bad_loss_rate": 1.0
}