{
  "state": "bad",
  "episode_index": 109,
  "state_ordinal": 54,
  "start_time_wall": 1756987401.4405696,
  "end_time_wall": 1756987401.4480727,
  "wall_time_sec": 0.007503375003580004,
  "steps": 1,
  "packets": 11571,
  "dropped": 11571,
  "running_total_steps": 8222,
  "running_total_packets": 116779140,
  "running_total_dropped": 1436344,
  "running_total_time_sec": 19.66102389200387,
  "p_gb": 0.00606,
  "p_bg": 0.6,
  "good_loss_rate": 0.0,
  "bad_loss_rate": 1.0
}