{
  "state": "bad",
  "episode_index": 3991,
  "state_ordinal": 1995,
  "start_time_wall": 1756988268.78328,
  "end_time_wall": 1756988268.9416306,
  "wall_time_sec": 0.15835098100069445,
  "steps": 1,
  "packets": 1447,
  "dropped": 1447,
  "running_total_steps": 338787,
  "running_total_packets": 4810380507,
  "running_total_dropped": 47527481,
  "running_total_time_sec": 887.1545818110026,
  "p_gb": 0.00606,
  "p_bg": 0.6,
  "good_loss_rate": 0.0,
  "bad_loss_rate": 1.0
}