{
  "state": "bad",
  "episode_index": 13375,
  "state_ordinal": 6687,
  "start_time_wall": 1756990373.9536345,
  "end_time_wall": 1756990373.9616702,
  "wall_time_sec": 0.008035631995880976,
  "steps": 1,
  "packets": 11571,
  "dropped": 11571,
  "running_total_steps": 1140557,
  "running_total_packets": 16194410963,
  "running_total_dropped": 156674177,
  "running_total_time_sec": 2992.1746211069985,
  "p_gb": 0.00606,
  "p_bg": 0.6,
  "good_loss_rate": 0.0,
  "bad_loss_rate": 1.0
}