{
  "state": "bad",
  "episode_index": 18787,
  "state_ordinal": 9393,
  "start_time_wall": 1756991654.699991,
  "end_time_wall": 1756991654.7090688,
  "wall_time_sec": 0.009077864000573754,
  "steps": 4,
  "packets": 13030,
  "dropped": 13030,
  "running_total_steps": 1609839,
  "running_total_packets": 22857579575,
  "running_total_dropped": 220204435,
  "running_total_time_sec": 4272.922019771002,
  "p_gb": 0.00606,
  "p_bg": 0.6,
  "good_loss_rate": 0.0,
  "bad_loss_rate": 1.0
}