{
  "state": "bad",
  "episode_index": 2467,
  "state_ordinal": 1233,
  "start_time_wall": 1756987908.4905152,
  "end_time_wall": 1756987908.4980772,
  "wall_time_sec": 0.007562171995232347,
  "steps": 1,
  "packets": 11571,
  "dropped": 11571,
  "running_total_steps": 205160,
  "running_total_packets": 2913024740,
  "running_total_dropped": 29825346,
  "running_total_time_sec": 526.7110282709982,
  "p_gb": 0.00606,
  "p_bg": 0.6,
  "good_loss_rate": 0.0,
  "bad_loss_rate": 1.0
}