{
  "state": "bad",
  "episode_index": 7675,
  "state_ordinal": 3837,
  "start_time_wall": 1756989099.8122497,
  "end_time_wall": 1756989099.8199055,
  "wall_time_sec": 0.0076561460009543225,
  "steps": 1,
  "packets": 11571,
  "dropped": 11571,
  "running_total_steps": 647660,
  "running_total_packets": 9195998954,
  "running_total_dropped": 90541904,
  "running_total_time_sec": 1718.032856732003,
  "p_gb": 0.00606,
  "p_bg": 0.6,
  "good_loss_rate": 0.0,
  "bad_loss_rate": 1.0
}