{
  "state": "bad",
  "episode_index": 18193,
  "state_ordinal": 9096,
  "start_time_wall": 1756991504.641202,
  "end_time_wall": 1756991504.6417274,
  "wall_time_sec": 0.0005256029980955645,
  "steps": 1,
  "packets": 6,
  "dropped": 6,
  "running_total_steps": 1563258,
  "running_total_packets": 22196186837,
  "running_total_dropped": 212682656,
  "running_total_time_sec": 4122.854678543001,
  "p_gb": 0.00606,
  "p_bg": 0.6,
  "good_loss_rate": 0.0,
  "bad_loss_rate": 1.0
}