{
  "state": "bad",
  "episode_index": 1769,
  "state_ordinal": 884,
  "start_time_wall": 1756987757.774976,
  "end_time_wall": 1756987757.8143601,
  "wall_time_sec": 0.03938417899917113,
  "steps": 3,
  "packets": 63644,
  "dropped": 63644,
  "running_total_steps": 148017,
  "running_total_packets": 2101757240,
  "running_total_dropped": 21399401,
  "running_total_time_sec": 376.02731119200325,
  "p_gb": 0.00606,
  "p_bg": 0.6,
  "good_loss_rate": 0.0,
  "bad_loss_rate": 1.0
}