{
  "state": "bad",
  "episode_index": 9629,
  "state_ordinal": 4814,
  "start_time_wall": 1756989528.4693193,
  "end_time_wall": 1756989528.4889464,
  "wall_time_sec": 0.01962735800043447,
  "steps": 1,
  "packets": 31819,
  "dropped": 31819,
  "running_total_steps": 822992,
  "running_total_packets": 11685453530,
  "running_total_dropped": 112143947,
  "running_total_time_sec": 2146.7018976850013,
  "p_gb": 0.00606,
  "p_bg": 0.6,
  "good_loss_rate": 0.0,
  "bad_loss_rate": 1.0
}