{
  "state": "bad",
  "episode_index": 2797,
  "state_ordinal": 1398,
  "start_time_wall": 1756987970.3967602,
  "end_time_wall": 1756987970.3974833,
  "wall_time_sec": 0.0007230780029203743,
  "steps": 2,
  "packets": 12,
  "dropped": 12,
  "running_total_steps": 235726,
  "running_total_packets": 3347037098,
  "running_total_dropped": 33745330,
  "running_total_time_sec": 588.6104343600018,
  "p_gb": 0.00606,
  "p_bg": 0.6,
  "good_loss_rate": 0.0,
  "bad_loss_rate": 1.0
}