{
  "state": "bad",
  "episode_index": 16917,
  "state_ordinal": 8458,
  "start_time_wall": 1756991209.5895596,
  "end_time_wall": 1756991209.7471995,
  "wall_time_sec": 0.1576399479963584,
  "steps": 2,
  "packets": 12,
  "dropped": 12,
  "running_total_steps": 1453147,
  "running_total_packets": 20632726347,
  "running_total_dropped": 197342577,
  "running_total_time_sec": 3827.960150562001,
  "p_gb": 0.00606,
  "p_bg": 0.6,
  "good_loss_rate": 0.0,
  "bad_loss_rate": 1.0
}