{
  "state": "bad",
  "episode_index": 543,
  "state_ordinal": 271,
  "start_time_wall": 1756987466.7701666,
  "end_time_wall": 1756987466.772537,
  "wall_time_sec": 0.002370526999584399,
  "steps": 2,
  "packets": 2894,
  "dropped": 2894,
  "running_total_steps": 40249,
  "running_total_packets": 571586179,
  "running_total_dropped": 6421014,
  "running_total_time_sec": 84.9854881229985,
  "p_gb": 0.00606,
  "p_bg": 0.6,
  "good_loss_rate": 0.0,
  "bad_loss_rate": 1.0
}