{
  "state": "bad",
  "episode_index": 17773,
  "state_ordinal": 8886,
  "start_time_wall": 1756991393.703903,
  "end_time_wall": 1756991393.7049468,
  "wall_time_sec": 0.0010436960001243278,
  "steps": 3,
  "packets": 18,
  "dropped": 18,
  "running_total_steps": 1525589,
  "running_total_packets": 21661230018,
  "running_total_dropped": 207893324,
  "running_total_time_sec": 4011.9178976580006,
  "p_gb": 0.00606,
  "p_bg": 0.6,
  "good_loss_rate": 0.0,
  "bad_loss_rate": 1.0
}