{
  "state": "bad",
  "episode_index": 529,
  "state_ordinal": 264,
  "start_time_wall": 1756987464.3825707,
  "end_time_wall": 1756987464.3910818,
  "wall_time_sec": 0.00851108500501141,
  "steps": 2,
  "packets": 13018,
  "dropped": 13018,
  "running_total_steps": 39170,
  "running_total_packets": 556175318,
  "running_total_dropped": 6285036,
  "running_total_time_sec": 82.6040327380033,
  "p_gb": 0.00606,
  "p_bg": 0.6,
  "good_loss_rate": 0.0,
  "bad_loss_rate": 1.0
}