{
  "state": "bad",
  "episode_index": 11641,
  "state_ordinal": 5820,
  "start_time_wall": 1756989995.5240197,
  "end_time_wall": 1756989995.5330877,
  "wall_time_sec": 0.009068148996448144,
  "steps": 2,
  "packets": 13018,
  "dropped": 13018,
  "running_total_steps": 990054,
  "running_total_packets": 14057436102,
  "running_total_dropped": 136689301,
  "running_total_time_sec": 2613.746038789999,
  "p_gb": 0.00606,
  "p_bg": 0.6,
  "good_loss_rate": 0.0,
  "bad_loss_rate": 1.0
}