{
  "state": "bad",
  "episode_index": 1723,
  "state_ordinal": 861,
  "start_time_wall": 1756987752.36852,
  "end_time_wall": 1756987752.5268126,
  "wall_time_sec": 0.15829273399867816,
  "steps": 1,
  "packets": 1447,
  "dropped": 1447,
  "running_total_steps": 145417,
  "running_total_packets": 2064792295,
  "running_total_dropped": 20635678,
  "running_total_time_sec": 370.7397637910035,
  "p_gb": 0.00606,
  "p_bg": 0.6,
  "good_loss_rate": 0.0,
  "bad_loss_rate": 1.0
}