{
  "state": "bad",
  "episode_index": 9167,
  "state_ordinal": 4583,
  "start_time_wall": 1756989437.8549097,
  "end_time_wall": 1756989437.862277,
  "wall_time_sec": 0.00736774799588602,
  "steps": 1,
  "packets": 11571,
  "dropped": 11571,
  "running_total_steps": 778850,
  "running_total_packets": 11058589878,
  "running_total_dropped": 106574984,
  "running_total_time_sec": 2056.075228294998,
  "p_gb": 0.00606,
  "p_bg": 0.6,
  "good_loss_rate": 0.0,
  "bad_loss_rate": 1.0
}