{
  "state": "bad",
  "episode_index": 12451,
  "state_ordinal": 6225,
  "start_time_wall": 1756990178.8880026,
  "end_time_wall": 1756990178.9261014,
  "wall_time_sec": 0.03809954300231766,
  "steps": 2,
  "packets": 63638,
  "dropped": 63638,
  "running_total_steps": 1061833,
  "running_total_packets": 15076604137,
  "running_total_dropped": 145653418,
  "running_total_time_sec": 2797.1390530740027,
  "p_gb": 0.00606,
  "p_bg": 0.6,
  "good_loss_rate": 0.0,
  "bad_loss_rate": 1.0
}