{
  "state": "bad",
  "episode_index": 15823,
  "state_ordinal": 7911,
  "start_time_wall": 1756990969.1927693,
  "end_time_wall": 1756990969.1946054,
  "wall_time_sec": 0.001836105999245774,
  "steps": 1,
  "packets": 6,
  "dropped": 6,
  "running_total_steps": 1354009,
  "running_total_packets": 19225137741,
  "running_total_dropped": 184908417,
  "running_total_time_sec": 3587.407556268001,
  "p_gb": 0.00606,
  "p_bg": 0.6,
  "good_loss_rate": 0.0,
  "bad_loss_rate": 1.0
}