{
  "state": "bad",
  "episode_index": 6249,
  "state_ordinal": 3124,
  "start_time_wall": 1756988755.9368246,
  "end_time_wall": 1756988755.9373186,
  "wall_time_sec": 0.0004940619983244687,
  "steps": 1,
  "packets": 6,
  "dropped": 6,
  "running_total_steps": 522197,
  "running_total_packets": 7414476354,
  "running_total_dropped": 74123950,
  "running_total_time_sec": 1374.1502696559983,
  "p_gb": 0.00606,
  "p_bg": 0.6,
  "good_loss_rate": 0.0,
  "bad_loss_rate": 1.0
}