{
  "state": "bad",
  "episode_index": 2833,
  "state_ordinal": 1416,
  "start_time_wall": 1756987979.0254905,
  "end_time_wall": 1756987979.1953142,
  "wall_time_sec": 0.16982410100172274,
  "steps": 2,
  "packets": 11577,
  "dropped": 11577,
  "running_total_steps": 239813,
  "running_total_packets": 3405158351,
  "running_total_dropped": 34244354,
  "running_total_time_sec": 597.4082654650047,
  "p_gb": 0.00606,
  "p_bg": 0.6,
  "good_loss_rate": 0.0,
  "bad_loss_rate": 1.0
}