{
  "state": "bad",
  "episode_index": 9917,
  "state_ordinal": 4958,
  "start_time_wall": 1756989613.6999276,
  "end_time_wall": 1756989613.7191832,
  "wall_time_sec": 0.01925569299783092,
  "steps": 1,
  "packets": 31819,
  "dropped": 31819,
  "running_total_steps": 847814,
  "running_total_packets": 12037821876,
  "running_total_dropped": 116042179,
  "running_total_time_sec": 2231.9321342600015,
  "p_gb": 0.00606,
  "p_bg": 0.6,
  "good_loss_rate": 0.0,
  "bad_loss_rate": 1.0
}