{
  "state": "bad",
  "episode_index": 1285,
  "state_ordinal": 642,
  "start_time_wall": 1756987640.2976556,
  "end_time_wall": 1756987640.3247192,
  "wall_time_sec": 0.027064206995419227,
  "steps": 3,
  "packets": 44837,
  "dropped": 44837,
  "running_total_steps": 108162,
  "running_total_packets": 1535889000,
  "running_total_dropped": 15085488,
  "running_total_time_sec": 258.5376706219977,
  "p_gb": 0.00606,
  "p_bg": 0.6,
  "good_loss_rate": 0.0,
  "bad_loss_rate": 1.0
}