{
  "state": "bad",
  "episode_index": 12467,
  "state_ordinal": 6233,
  "start_time_wall": 1756990181.3683012,
  "end_time_wall": 1756990181.3875844,
  "wall_time_sec": 0.019283777997770812,
  "steps": 1,
  "packets": 31819,
  "dropped": 31819,
  "running_total_steps": 1062730,
  "running_total_packets": 15089415662,
  "running_total_dropped": 145894971,
  "running_total_time_sec": 2799.6005357059985,
  "p_gb": 0.00606,
  "p_bg": 0.6,
  "good_loss_rate": 0.0,
  "bad_loss_rate": 1.0
}