{
  "state": "bad",
  "episode_index": 17789,
  "state_ordinal": 8894,
  "start_time_wall": 1756991396.7799003,
  "end_time_wall": 1756991396.9697506,
  "wall_time_sec": 0.1898502800031565,
  "steps": 5,
  "packets": 78103,
  "dropped": 78103,
  "running_total_steps": 1527250,
  "running_total_packets": 21684939354,
  "running_total_dropped": 208108832,
  "running_total_time_sec": 4015.1827016160023,
  "p_gb": 0.00606,
  "p_bg": 0.6,
  "good_loss_rate": 0.0,
  "bad_loss_rate": 1.0
}