{
  "state": "bad",
  "episode_index": 14071,
  "state_ordinal": 7035,
  "start_time_wall": 1756990527.3570998,
  "end_time_wall": 1756990527.3769896,
  "wall_time_sec": 0.019889870993210934,
  "steps": 3,
  "packets": 31831,
  "dropped": 31831,
  "running_total_steps": 1198252,
  "running_total_packets": 17013595076,
  "running_total_dropped": 164187306,
  "running_total_time_sec": 3145.589940646998,
  "p_gb": 0.00606,
  "p_bg": 0.6,
  "good_loss_rate": 0.0,
  "bad_loss_rate": 1.0
}