{
  "state": "bad",
  "episode_index": 3777,
  "state_ordinal": 1888,
  "start_time_wall": 1756988178.7777722,
  "end_time_wall": 1756988178.797051,
  "wall_time_sec": 0.019279102998552844,
  "steps": 1,
  "packets": 31819,
  "dropped": 31819,
  "running_total_steps": 320711,
  "running_total_packets": 4553757957,
  "running_total_dropped": 45098811,
  "running_total_time_sec": 797.0100024290005,
  "p_gb": 0.00606,
  "p_bg": 0.6,
  "good_loss_rate": 0.0,
  "bad_loss_rate": 1.0
}