{
  "state": "bad",
  "episode_index": 5337,
  "state_ordinal": 2668,
  "start_time_wall": 1756988525.4077644,
  "end_time_wall": 1756988525.410055,
  "wall_time_sec": 0.0022903670032974333,
  "steps": 2,
  "packets": 2894,
  "dropped": 2894,
  "running_total_steps": 444268,
  "running_total_packets": 6308080854,
  "running_total_dropped": 62948426,
  "running_total_time_sec": 1143.623005915004,
  "p_gb": 0.00606,
  "p_bg": 0.6,
  "good_loss_rate": 0.0,
  "bad_loss_rate": 1.0
}