{
  "state": "bad",
  "episode_index": 5761,
  "state_ordinal": 2880,
  "start_time_wall": 1756988628.1949265,
  "end_time_wall": 1756988628.2134473,
  "wall_time_sec": 0.018520910998631734,
  "steps": 1,
  "packets": 31819,
  "dropped": 31819,
  "running_total_steps": 477618,
  "running_total_packets": 6781631456,
  "running_total_dropped": 68012573,
  "running_total_time_sec": 1246.426398497002,
  "p_gb": 0.00606,
  "p_bg": 0.6,
  "good_loss_rate": 0.0,
  "bad_loss_rate": 1.0
}