{
  "state": "bad",
  "episode_index": 3541,
  "state_ordinal": 1770,
  "start_time_wall": 1756988137.5079267,
  "end_time_wall": 1756988137.6714928,
  "wall_time_sec": 0.1635664820059901,
  "steps": 2,
  "packets": 63638,
  "dropped": 63638,
  "running_total_steps": 300875,
  "running_total_packets": 4272070709,
  "running_total_dropped": 41907921,
  "running_total_time_sec": 755.8844441590045,
  "p_gb": 0.00606,
  "p_bg": 0.6,
  "good_loss_rate": 0.0,
  "bad_loss_rate": 1.0
}