{
  "state": "bad",
  "episode_index": 18567,
  "state_ordinal": 9283,
  "start_time_wall": 1756991566.4076498,
  "end_time_wall": 1756991566.4165807,
  "wall_time_sec": 0.008930942000006326,
  "steps": 2,
  "packets": 13018,
  "dropped": 13018,
  "running_total_steps": 1593476,
  "running_total_packets": 22625150964,
  "running_total_dropped": 217638308,
  "running_total_time_sec": 4184.629531655999,
  "p_gb": 0.00606,
  "p_bg": 0.6,
  "good_loss_rate": 0.0,
  "bad_loss_rate": 1.0
}