{
  "state": "bad",
  "episode_index": 7593,
  "state_ordinal": 3796,
  "start_time_wall": 1756989029.9643536,
  "end_time_wall": 1756989030.1360362,
  "wall_time_sec": 0.17168258700257866,
  "steps": 1,
  "packets": 31819,
  "dropped": 31819,
  "running_total_steps": 639497,
  "running_total_packets": 9080070319,
  "running_total_dropped": 89833088,
  "running_total_time_sec": 1648.3489871390047,
  "p_gb": 0.00606,
  "p_bg": 0.6,
  "good_loss_rate": 0.0,
  "bad_loss_rate": 1.0
}