{
  "state": "bad",
  "episode_index": 17319,
  "state_ordinal": 8659,
  "start_time_wall": 1756991314.3451807,
  "end_time_wall": 1756991314.3652756,
  "wall_time_sec": 0.02009529800125165,
  "steps": 3,
  "packets": 31831,
  "dropped": 31831,
  "running_total_steps": 1487188,
  "running_total_packets": 21116010360,
  "running_total_dropped": 202159465,
  "running_total_time_sec": 3932.578226799,
  "p_gb": 0.00606,
  "p_bg": 0.6,
  "good_loss_rate": 0.0,
  "bad_loss_rate": 1.0
}