{
  "state": "bad",
  "episode_index": 7869,
  "state_ordinal": 3934,
  "start_time_wall": 1756989133.9665225,
  "end_time_wall": 1756989133.974073,
  "wall_time_sec": 0.007550622998678591,
  "steps": 1,
  "packets": 11571,
  "dropped": 11571,
  "running_total_steps": 664601,
  "running_total_packets": 9436471477,
  "running_total_dropped": 92283484,
  "running_total_time_sec": 1752.1870238359988,
  "p_gb": 0.00606,
  "p_bg": 0.6,
  "good_loss_rate": 0.0,
  "bad_loss_rate": 1.0
}