{
  "state": "bad",
  "episode_index": 4397,
  "state_ordinal": 2198,
  "start_time_wall": 1756988344.66591,
  "end_time_wall": 1756988344.6674144,
  "wall_time_sec": 0.0015045890031615272,
  "steps": 1,
  "packets": 1447,
  "dropped": 1447,
  "running_total_steps": 372738,
  "running_total_packets": 5292449470,
  "running_total_dropped": 52290681,
  "running_total_time_sec": 962.8803656020027,
  "p_gb": 0.00606,
  "p_bg": 0.6,
  "good_loss_rate": 0.0,
  "bad_loss_rate": 1.0
}