{
  "state": "bad",
  "episode_index": 1029,
  "state_ordinal": 514,
  "start_time_wall": 1756987594.1222122,
  "end_time_wall": 1756987594.129819,
  "wall_time_sec": 0.007607049003127031,
  "steps": 1,
  "packets": 11571,
  "dropped": 11571,
  "running_total_steps": 85619,
  "running_total_packets": 1215673155,
  "running_total_dropped": 11854079,
  "running_total_time_sec": 212.3427700320026,
  "p_gb": 0.00606,
  "p_bg": 0.6,
  "good_loss_rate": 0.0,
  "bad_loss_rate": 1.0
}