{
  "state": "bad",
  "episode_index": 7263,
  "state_ordinal": 3631,
  "start_time_wall": 1756988979.8403702,
  "end_time_wall": 1756988979.8592427,
  "wall_time_sec": 0.018872936998377554,
  "steps": 1,
  "packets": 31819,
  "dropped": 31819,
  "running_total_steps": 615631,
  "running_total_packets": 8741151407,
  "running_total_dropped": 85950686,
  "running_total_time_sec": 1598.0721940410003,
  "p_gb": 0.00606,
  "p_bg": 0.6,
  "good_loss_rate": 0.0,
  "bad_loss_rate": 1.0
}