{
  "state": "bad",
  "episode_index": 14837,
  "state_ordinal": 7418,
  "start_time_wall": 1756990706.3497472,
  "end_time_wall": 1756990706.5334458,
  "wall_time_sec": 0.18369882300612517,
  "steps": 2,
  "packets": 31825,
  "dropped": 31825,
  "running_total_steps": 1268520,
  "running_total_packets": 18011372475,
  "running_total_dropped": 173654617,
  "running_total_time_sec": 3324.746397077004,
  "p_gb": 0.00606,
  "p_bg": 0.6,
  "good_loss_rate": 0.0,
  "bad_loss_rate": 1.0
}