{
  "state": "bad",
  "episode_index": 1501,
  "state_ordinal": 750,
  "start_time_wall": 1756987677.1303186,
  "end_time_wall": 1756987677.1568108,
  "wall_time_sec": 0.02649279000615934,
  "steps": 2,
  "packets": 43390,
  "dropped": 43390,
  "running_total_steps": 125931,
  "running_total_packets": 1788127241,
  "running_total_dropped": 18046384,
  "running_total_time_sec": 295.3697622270047,
  "p_gb": 0.00606,
  "p_bg": 0.6,
  "good_loss_rate": 0.0,
  "bad_loss_rate": 1.0
}