{
  "state": "bad",
  "episode_index": 3725,
  "state_ordinal": 1862,
  "start_time_wall": 1756988171.4480946,
  "end_time_wall": 1756988171.4553928,
  "wall_time_sec": 0.007298199001525063,
  "steps": 1,
  "packets": 11571,
  "dropped": 11571,
  "running_total_steps": 317192,
  "running_total_packets": 4503809356,
  "running_total_dropped": 44622907,
  "running_total_time_sec": 789.6683438960026,
  "p_gb": 0.00606,
  "p_bg": 0.6,
  "good_loss_rate": 0.0,
  "bad_loss_rate": 1.0
}