{
  "state": "bad",
  "episode_index": 10573,
  "state_ordinal": 5286,
  "start_time_wall": 1756989758.509402,
  "end_time_wall": 1756989758.5184972,
  "wall_time_sec": 0.009095231005630922,
  "steps": 2,
  "packets": 13018,
  "dropped": 13018,
  "running_total_steps": 901056,
  "running_total_packets": 12793758396,
  "running_total_dropped": 123604405,
  "running_total_time_sec": 2376.731448258004,
  "p_gb": 0.00606,
  "p_bg": 0.6,
  "good_loss_rate": 0.0,
  "bad_loss_rate": 1.0
}