{
  "state": "bad",
  "episode_index": 16535,
  "state_ordinal": 8267,
  "start_time_wall": 1756991134.166944,
  "end_time_wall": 1756991134.1876464,
  "wall_time_sec": 0.020703087000583764,
  "steps": 1,
  "packets": 31819,
  "dropped": 31819,
  "running_total_steps": 1416607,
  "running_total_packets": 20113889147,
  "running_total_dropped": 193381987,
  "running_total_time_sec": 3752.400598131004,
  "p_gb": 0.00606,
  "p_bg": 0.6,
  "good_loss_rate": 0.0,
  "bad_loss_rate": 1.0
}