{
  "state": "bad",
  "episode_index": 1553,
  "state_ordinal": 776,
  "start_time_wall": 1756987720.2879608,
  "end_time_wall": 1756987720.4531894,
  "wall_time_sec": 0.16522845500003314,
  "steps": 3,
  "packets": 13024,
  "dropped": 13024,
  "running_total_steps": 129774,
  "running_total_packets": 1842671342,
  "running_total_dropped": 18470239,
  "running_total_time_sec": 338.66614037100226,
  "p_gb": 0.00606,
  "p_bg": 0.6,
  "good_loss_rate": 0.0,
  "bad_loss_rate": 1.0
}