{
  "state": "bad",
  "episode_index": 6305,
  "state_ordinal": 3152,
  "start_time_wall": 1756988764.882282,
  "end_time_wall": 1756988765.0437014,
  "wall_time_sec": 0.16141951899771811,
  "steps": 1,
  "packets": 6,
  "dropped": 6,
  "running_total_steps": 526456,
  "running_total_packets": 7475075432,
  "running_total_dropped": 75007735,
  "running_total_time_sec": 1383.2566525410002,
  "p_gb": 0.00606,
  "p_bg": 0.6,
  "good_loss_rate": 0.0,
  "bad_loss_rate": 1.0
}