{
  "state": "bad",
  "episode_index": 18119,
  "state_ordinal": 9059,
  "start_time_wall": 1756991491.5591848,
  "end_time_wall": 1756991491.7215686,
  "wall_time_sec": 0.1623836430007941,
  "steps": 3,
  "packets": 14465,
  "dropped": 14465,
  "running_total_steps": 1556951,
  "running_total_packets": 22106647907,
  "running_total_dropped": 211677376,
  "running_total_time_sec": 4109.934519568,
  "p_gb": 0.00606,
  "p_bg": 0.6,
  "good_loss_rate": 0.0,
  "bad_loss_rate": 1.0
}