{
  "state": "bad",
  "episode_index": 1183,
  "state_ordinal": 591,
  "start_time_wall": 1756987621.401563,
  "end_time_wall": 1756987621.4020712,
  "wall_time_sec": 0.0005084930016892031,
  "steps": 1,
  "packets": 6,
  "dropped": 6,
  "running_total_steps": 99001,
  "running_total_packets": 1405766013,
  "running_total_dropped": 13880576,
  "running_total_time_sec": 239.61502229100006,
  "p_gb": 0.00606,
  "p_bg": 0.6,
  "good_loss_rate": 0.0,
  "bad_loss_rate": 1.0
}