{
  "state": "bad",
  "episode_index": 11503,
  "state_ordinal": 5751,
  "start_time_wall": 1756989968.9547882,
  "end_time_wall": 1756989969.1536603,
  "wall_time_sec": 0.19887273900531,
  "steps": 2,
  "packets": 63638,
  "dropped": 63638,
  "running_total_steps": 977086,
  "running_total_packets": 13873404010,
  "running_total_dropped": 134704777,
  "running_total_time_sec": 2587.3666118020046,
  "p_gb": 0.00606,
  "p_bg": 0.6,
  "good_loss_rate": 0.0,
  "bad_loss_rate": 1.0
}