{
  "state": "bad",
  "episode_index": 11527,
  "state_ordinal": 5763,
  "start_time_wall": 1756989973.8381758,
  "end_time_wall": 1756989974.0456202,
  "wall_time_sec": 0.20744487400224898,
  "steps": 4,
  "packets": 76656,
  "dropped": 76656,
  "running_total_steps": 979525,
  "running_total_packets": 13908015529,
  "running_total_dropped": 134955010,
  "running_total_time_sec": 2592.2585717730035,
  "p_gb": 0.00606,
  "p_bg": 0.6,
  "good_loss_rate": 0.0,
  "bad_loss_rate": 1.0
}