{
  "state": "bad",
  "episode_index": 5979,
  "state_ordinal": 2989,
  "start_time_wall": 1756988676.6255713,
  "end_time_wall": 1756988676.6331933,
  "wall_time_sec": 0.007622160999744665,
  "steps": 2,
  "packets": 11577,
  "dropped": 11577,
  "running_total_steps": 500939,
  "running_total_packets": 7112761049,
  "running_total_dropped": 70632091,
  "running_total_time_sec": 1294.846144369003,
  "p_gb": 0.00606,
  "p_bg": 0.6,
  "good_loss_rate": 0.0,
  "bad_loss_rate": 1.0
}