{
  "state": "bad",
  "episode_index": 8429,
  "state_ordinal": 4214,
  "start_time_wall": 1756989273.504065,
  "end_time_wall": 1756989273.6789012,
  "wall_time_sec": 0.17483688000356779,
  "steps": 1,
  "packets": 31819,
  "dropped": 31819,
  "running_total_steps": 715876,
  "running_total_packets": 10164526960,
  "running_total_dropped": 98345739,
  "running_total_time_sec": 1891.8918528950016,
  "p_gb": 0.00606,
  "p_bg": 0.6,
  "good_loss_rate": 0.0,
  "bad_loss_rate": 1.0
}