{
  "state": "bad",
  "episode_index": 11765,
  "state_ordinal": 5882,
  "start_time_wall": 1756990019.5831575,
  "end_time_wall": 1756990019.6221914,
  "wall_time_sec": 0.03903396199893905,
  "steps": 2,
  "packets": 63638,
  "dropped": 63638,
  "running_total_steps": 1001981,
  "running_total_packets": 14226776215,
  "running_total_dropped": 138050421,
  "running_total_time_sec": 2637.8351425240035,
  "p_gb": 0.00606,
  "p_bg": 0.6,
  "good_loss_rate": 0.0,
  "bad_loss_rate": 1.0
}