{
  "state": "bad",
  "episode_index": 2989,
  "state_ordinal": 1494,
  "start_time_wall": 1756988006.9532077,
  "end_time_wall": 1756988006.9609773,
  "wall_time_sec": 0.007769656993332319,
  "steps": 1,
  "packets": 11571,
  "dropped": 11571,
  "running_total_steps": 253718,
  "running_total_packets": 3602564644,
  "running_total_dropped": 36004703,
  "running_total_time_sec": 625.173928461998,
  "p_gb": 0.00606,
  "p_bg": 0.6,
  "good_loss_rate": 0.0,
  "bad_loss_rate": 1.0
}