{
  "state": "bad",
  "episode_index": 16499,
  "state_ordinal": 8249,
  "start_time_wall": 1756991094.0002139,
  "end_time_wall": 1756991094.001133,
  "wall_time_sec": 0.0009191240023938008,
  "steps": 2,
  "packets": 12,
  "dropped": 12,
  "running_total_steps": 1414189,
  "running_total_packets": 20079552469,
  "running_total_dropped": 192872827,
  "running_total_time_sec": 3712.2140839870044,
  "p_gb": 0.00606,
  "p_bg": 0.6,
  "good_loss_rate": 0.0,
  "bad_loss_rate": 1.0
}