{
  "state": "bad",
  "episode_index": 5609,
  "state_ordinal": 2804,
  "start_time_wall": 1756988601.3636124,
  "end_time_wall": 1756988601.525692,
  "wall_time_sec": 0.1620795570051996,
  "steps": 1,
  "packets": 6,
  "dropped": 6,
  "running_total_steps": 464574,
  "running_total_packets": 6596433505,
  "running_total_dropped": 66094592,
  "running_total_time_sec": 1219.738643073004,
  "p_gb": 0.00606,
  "p_bg": 0.6,
  "good_loss_rate": 0.0,
  "bad_loss_rate": 1.0
}