{
  "state": "bad",
  "episode_index": 15449,
  "state_ordinal": 7724,
  "start_time_wall": 1756990866.3812006,
  "end_time_wall": 1756990866.4112682,
  "wall_time_sec": 0.030067743005929515,
  "steps": 4,
  "packets": 46284,
  "dropped": 46284,
  "running_total_steps": 1320318,
  "running_total_packets": 18746709580,
  "running_total_dropped": 180817732,
  "running_total_time_sec": 3484.6242194330043,
  "p_gb": 0.00606,
  "p_bg": 0.6,
  "good_loss_rate": 0.0,
  "bad_loss_rate": 1.0
}