{
  "state": "bad",
  "episode_index": 14503,
  "state_ordinal": 7251,
  "start_time_wall": 1756990644.7219753,
  "end_time_wall": 1756990644.7233899,
  "wall_time_sec": 0.001414655998814851,
  "steps": 1,
  "packets": 1447,
  "dropped": 1447,
  "running_total_steps": 1238637,
  "running_total_packets": 17587002401,
  "running_total_dropped": 170106318,
  "running_total_time_sec": 3262.9363410000005,
  "p_gb": 0.00606,
  "p_bg": 0.6,
  "good_loss_rate": 0.0,
  "bad_loss_rate": 1.0
}