{
  "state": "bad",
  "episode_index": 15217,
  "state_ordinal": 7608,
  "start_time_wall": 1756990827.6676857,
  "end_time_wall": 1756990827.6703606,
  "wall_time_sec": 0.0026750600009108894,
  "steps": 2,
  "packets": 2894,
  "dropped": 2894,
  "running_total_steps": 1301377,
  "running_total_packets": 18477790467,
  "running_total_dropped": 177978224,
  "running_total_time_sec": 3445.8833117070026,
  "p_gb": 0.00606,
  "p_bg": 0.6,
  "good_loss_rate": 0.0,
  "bad_loss_rate": 1.0
}