{
  "state": "bad",
  "episode_index": 15983,
  "state_ordinal": 7991,
  "start_time_wall": 1756990999.9182608,
  "end_time_wall": 1756991000.0899844,
  "wall_time_sec": 0.17172384000150487,
  "steps": 3,
  "packets": 11583,
  "dropped": 11583,
  "running_total_steps": 1368629,
  "running_total_packets": 19432756223,
  "running_total_dropped": 186911834,
  "running_total_time_sec": 3618.3029355800027,
  "p_gb": 0.00606,
  "p_bg": 0.6,
  "good_loss_rate": 0.0,
  "bad_loss_rate": 1.0
}