{
  "state": "bad",
  "episode_index": 3895,
  "state_ordinal": 1947,
  "start_time_wall": 1756988250.6928122,
  "end_time_wall": 1756988250.8411899,
  "wall_time_sec": 0.1483776749955723,
  "steps": 1,
  "packets": 6,
  "dropped": 6,
  "running_total_steps": 330845,
  "running_total_packets": 4697547370,
  "running_total_dropped": 46370290,
  "running_total_time_sec": 869.0541408659992,
  "p_gb": 0.00606,
  "p_bg": 0.6,
  "good_loss_rate": 0.0,
  "bad_loss_rate": 1.0
}