{
  "state": "bad",
  "episode_index": 8571,
  "state_ordinal": 4285,
  "start_time_wall": 1756989302.5800812,
  "end_time_wall": 1756989302.5880725,
  "wall_time_sec": 0.007991468999534845,
  "steps": 2,
  "packets": 11577,
  "dropped": 11577,
  "running_total_steps": 730160,
  "running_total_packets": 10367319974,
  "running_total_dropped": 100067095,
  "running_total_time_sec": 1920.8010236160044,
  "p_gb": 0.00606,
  "p_bg": 0.6,
  "good_loss_rate": 0.0,
  "bad_loss_rate": 1.0
}