{
  "state": "bad",
  "episode_index": 549,
  "state_ordinal": 274,
  "start_time_wall": 1756987467.5580757,
  "end_time_wall": 1756987467.5775552,
  "wall_time_sec": 0.01947972899506567,
  "steps": 1,
  "packets": 31819,
  "dropped": 31819,
  "running_total_steps": 40534,
  "running_total_packets": 575608850,
  "running_total_dropped": 6517918,
  "running_total_time_sec": 85.79050645099778,
  "p_gb": 0.00606,
  "p_bg": 0.6,
  "good_loss_rate": 0.0,
  "bad_loss_rate": 1.0
}