{
  "state": "bad",
  "episode_index": 9573,
  "state_ordinal": 4786,
  "start_time_wall": 1756989517.7947488,
  "end_time_wall": 1756989517.8227456,
  "wall_time_sec": 0.02799767100077588,
  "steps": 3,
  "packets": 44837,
  "dropped": 44837,
  "running_total_steps": 817710,
  "running_total_packets": 11610459020,
  "running_total_dropped": 111534960,
  "running_total_time_sec": 2136.035697282001,
  "p_gb": 0.00606,
  "p_bg": 0.6,
  "good_loss_rate": 0.0,
  "bad_loss_rate": 1.0
}