{
  "state": "bad",
  "episode_index": 2209,
  "state_ordinal": 1104,
  "start_time_wall": 1756987837.2274837,
  "end_time_wall": 1756987837.2467873,
  "wall_time_sec": 0.01930448899656767,
  "steps": 1,
  "packets": 31819,
  "dropped": 31819,
  "running_total_steps": 186906,
  "running_total_packets": 2653836132,
  "running_total_dropped": 26982909,
  "running_total_time_sec": 455.4597390409981,
  "p_gb": 0.00606,
  "p_bg": 0.6,
  "good_loss_rate": 0.0,
  "bad_loss_rate": 1.0
}