{
  "state": "bad",
  "episode_index": 13019,
  "state_ordinal": 6509,
  "start_time_wall": 1756990316.0000136,
  "end_time_wall": 1756990316.0074077,
  "wall_time_sec": 0.007394129999738652,
  "steps": 1,
  "packets": 11571,
  "dropped": 11571,
  "running_total_steps": 1111982,
  "running_total_packets": 15788683194,
  "running_total_dropped": 152788827,
  "running_total_time_sec": 2934.220358771003,
  "p_gb": 0.00606,
  "p_bg": 0.6,
  "good_loss_rate": 0.0,
  "bad_loss_rate": 1.0
}