{
  "state": "bad",
  "episode_index": 9321,
  "state_ordinal": 4660,
  "start_time_wall": 1756989466.7661982,
  "end_time_wall": 1756989466.785545,
  "wall_time_sec": 0.019347114000993315,
  "steps": 1,
  "packets": 31819,
  "dropped": 31819,
  "running_total_steps": 792815,
  "running_total_packets": 11257001465,
  "running_total_dropped": 108374438,
  "running_total_time_sec": 2084.9984963230017,
  "p_gb": 0.00606,
  "p_bg": 0.6,
  "good_loss_rate": 0.0,
  "bad_loss_rate": 1.0
}