{
  "state": "bad",
  "episode_index": 10681,
  "state_ordinal": 5340,
  "start_time_wall": 1756989775.278912,
  "end_time_wall": 1756989775.2866683,
  "wall_time_sec": 0.007756628998322412,
  "steps": 1,
  "packets": 11571,
  "dropped": 11571,
  "running_total_steps": 908888,
  "running_total_packets": 12904952672,
  "running_total_dropped": 125019044,
  "running_total_time_sec": 2393.499619593,
  "p_gb": 0.00606,
  "p_bg": 0.6,
  "good_loss_rate": 0.0,
  "bad_loss_rate": 1.0
}