{
  "state": "bad",
  "episode_index": 12505,
  "state_ordinal": 6252,
  "start_time_wall": 1756990188.087086,
  "end_time_wall": 1756990188.1258657,
  "wall_time_sec": 0.03878006000013556,
  "steps": 2,
  "packets": 63638,
  "dropped": 63638,
  "running_total_steps": 1066282,
  "running_total_packets": 15139754826,
  "running_total_dropped": 146395435,
  "running_total_time_sec": 2806.338817198004,
  "p_gb": 0.00606,
  "p_bg": 0.6,
  "good_loss_rate": 0.0,
  "bad_loss_rate": 1.0
}