{
  "state": "bad",
  "episode_index": 8041,
  "state_ordinal": 4020,
  "start_time_wall": 1756989165.501861,
  "end_time_wall": 1756989165.5398006,
  "wall_time_sec": 0.03793952699925285,
  "steps": 2,
  "packets": 63638,
  "dropped": 63638,
  "running_total_steps": 679817,
  "running_total_packets": 9652614091,
  "running_total_dropped": 94205896,
  "running_total_time_sec": 1783.7527517010021,
  "p_gb": 0.00606,
  "p_bg": 0.6,
  "good_loss_rate": 0.0,
  "bad_loss_rate": 1.0
}