{
  "state": "bad",
  "episode_index": 6127,
  "state_ordinal": 3063,
  "start_time_wall": 1756988701.7217858,
  "end_time_wall": 1756988701.729582,
  "wall_time_sec": 0.0077965439995750785,
  "steps": 1,
  "packets": 11571,
  "dropped": 11571,
  "running_total_steps": 513062,
  "running_total_packets": 7284846604,
  "running_total_dropped": 72282577,
  "running_total_time_sec": 1319.9425332590035,
  "p_gb": 0.00606,
  "p_bg": 0.6,
  "good_loss_rate": 0.0,
  "bad_loss_rate": 1.0
}