{
  "state": "bad",
  "episode_index": 13461,
  "state_ordinal": 6730,
  "start_time_wall": 1756990384.8495426,
  "end_time_wall": 1756990384.851628,
  "wall_time_sec": 0.0020853889946010895,
  "steps": 2,
  "packets": 2894,
  "dropped": 2894,
  "running_total_steps": 1145704,
  "running_total_packets": 16267522154,
  "running_total_dropped": 157625977,
  "running_total_time_sec": 3003.0645790089984,
  "p_gb": 0.00606,
  "p_bg": 0.6,
  "good_loss_rate": 0.0,
  "bad_loss_rate": 1.0
}