{
  "state": "bad",
  "episode_index": 15307,
  "state_ordinal": 7653,
  "start_time_wall": 1756990845.6144195,
  "end_time_wall": 1756990845.6219637,
  "wall_time_sec": 0.007544546999270096,
  "steps": 1,
  "packets": 11571,
  "dropped": 11571,
  "running_total_steps": 1310000,
  "running_total_packets": 18600262994,
  "running_total_dropped": 179021139,
  "running_total_time_sec": 3463.834914924999,
  "p_gb": 0.00606,
  "p_bg": 0.6,
  "good_loss_rate": 0.0,
  "bad_loss_rate": 1.0
}