{
  "state": "bad",
  "episode_index": 10413,
  "state_ordinal": 5206,
  "start_time_wall": 1756989697.7119384,
  "end_time_wall": 1756989697.7202768,
  "wall_time_sec": 0.008338891006133053,
  "steps": 1,
  "packets": 11571,
  "dropped": 11571,
  "running_total_steps": 888356,
  "running_total_packets": 12613474158,
  "running_total_dropped": 121567784,
  "running_total_time_sec": 2315.933228063004,
  "p_gb": 0.00606,
  "p_bg": 0.6,
  "good_loss_rate": 0.0,
  "bad_loss_rate": 1.0
}