{
  "state": "bad",
  "episode_index": 10037,
  "state_ordinal": 5018,
  "start_time_wall": 1756989633.4219022,
  "end_time_wall": 1756989633.44214,
  "wall_time_sec": 0.020238172997778747,
  "steps": 2,
  "packets": 31825,
  "dropped": 31825,
  "running_total_steps": 857619,
  "running_total_packets": 12177056290,
  "running_total_dropped": 117362778,
  "running_total_time_sec": 2251.655091312001,
  "p_gb": 0.00606,
  "p_bg": 0.6,
  "good_loss_rate": 0.0,
  "bad_loss_rate": 1.0
}