{
  "state": "bad",
  "episode_index": 16909,
  "state_ordinal": 8454,
  "start_time_wall": 1756991207.945359,
  "end_time_wall": 1756991208.1165879,
  "wall_time_sec": 0.17122898699744837,
  "steps": 1,
  "packets": 11571,
  "dropped": 11571,
  "running_total_steps": 1452236,
  "running_total_packets": 20619864190,
  "running_total_dropped": 197202271,
  "running_total_time_sec": 3826.329539047001,
  "p_gb": 0.00606,
  "p_bg": 0.6,
  "good_loss_rate": 0.0,
  "bad_loss_rate": 1.0
}