{
  "state": "bad",
  "episode_index": 5899,
  "state_ordinal": 2949,
  "start_time_wall": 1756988659.2506785,
  "end_time_wall": 1756988659.2511306,
  "wall_time_sec": 0.00045223099732538685,
  "steps": 1,
  "packets": 6,
  "dropped": 6,
  "running_total_steps": 492531,
  "running_total_packets": 6993370978,
  "running_total_dropped": 69668735,
  "running_total_time_sec": 1277.4640816829997,
  "p_gb": 0.00606,
  "p_bg": 0.6,
  "good_loss_rate": 0.0,
  "bad_loss_rate": 1.0
}