{
  "state": "bad",
  "episode_index": 10767,
  "state_ordinal": 5383,
  "start_time_wall": 1756989790.0176032,
  "end_time_wall": 1756989790.1812263,
  "wall_time_sec": 0.16362309899704996,
  "steps": 1,
  "packets": 1447,
  "dropped": 1447,
  "running_total_steps": 916006,
  "running_total_packets": 13006102548,
  "running_total_dropped": 126208033,
  "running_total_time_sec": 2408.394177260998,
  "p_gb": 0.00606,
  "p_bg": 0.6,
  "good_loss_rate": 0.0,
  "bad_loss_rate": 1.0
}