{
  "state": "bad",
  "episode_index": 18765,
  "state_ordinal": 9382,
  "start_time_wall": 1756991652.279186,
  "end_time_wall": 1756991652.2981708,
  "wall_time_sec": 0.018985388000146486,
  "steps": 1,
  "packets": 31819,
  "dropped": 31819,
  "running_total_steps": 1608799,
  "running_total_packets": 22842719819,
  "running_total_dropped": 220030826,
  "running_total_time_sec": 4270.5111222470005,
  "p_gb": 0.00606,
  "p_bg": 0.6,
  "good_loss_rate": 0.0,
  "bad_loss_rate": 1.0
}