{
  "state": "bad",
  "episode_index": 801,
  "state_ordinal": 400,
  "start_time_wall": 1756987514.717156,
  "end_time_wall": 1756987514.7269754,
  "wall_time_sec": 0.00981983599922387,
  "steps": 3,
  "packets": 14465,
  "dropped": 14465,
  "running_total_steps": 63628,
  "running_total_packets": 903491086,
  "running_total_dropped": 9108651,
  "running_total_time_sec": 132.93992653400346,
  "p_gb": 0.00606,
  "p_bg": 0.6,
  "good_loss_rate": 0.0,
  "bad_loss_rate": 1.0
}