{
  "state": "bad",
  "episode_index": 5681,
  "state_ordinal": 2840,
  "start_time_wall": 1756988613.21039,
  "end_time_wall": 1756988613.2181852,
  "wall_time_sec": 0.007795258999976795,
  "steps": 2,
  "packets": 11577,
  "dropped": 11577,
  "running_total_steps": 470459,
  "running_total_packets": 6679937705,
  "running_total_dropped": 66968234,
  "running_total_time_sec": 1231.4311363000015,
  "p_gb": 0.00606,
  "p_bg": 0.6,
  "good_loss_rate": 0.0,
  "bad_loss_rate": 1.0
}