{
  "state": "bad",
  "episode_index": 7827,
  "state_ordinal": 3913,
  "start_time_wall": 1756989127.3038588,
  "end_time_wall": 1756989127.312086,
  "wall_time_sec": 0.008227550002629869,
  "steps": 2,
  "packets": 11577,
  "dropped": 11577,
  "running_total_steps": 661346,
  "running_total_packets": 9390308320,
  "running_total_dropped": 91774336,
  "running_total_time_sec": 1745.5250371930015,
  "p_gb": 0.00606,
  "p_bg": 0.6,
  "good_loss_rate": 0.0,
  "bad_loss_rate": 1.0
}