{
  "state": "bad",
  "episode_index": 2147,
  "state_ordinal": 1073,
  "start_time_wall": 1756987823.1773415,
  "end_time_wall": 1756987823.4841468,
  "wall_time_sec": 0.3068064469989622,
  "steps": 3,
  "packets": 180807,
  "dropped": 180807,
  "running_total_steps": 180097,
  "running_total_packets": 2557290421,
  "running_total_dropped": 26148269,
  "running_total_time_sec": 441.6970988180037,
  "p_gb": 0.00606,
  "p_bg": 0.6,
  "good_loss_rate": 0.0,
  "bad_loss_rate": 1.0
}