{
  "state": "bad",
  "episode_index": 7973,
  "state_ordinal": 3986,
  "start_time_wall": 1756989151.4256084,
  "end_time_wall": 1756989151.426126,
  "wall_time_sec": 0.0005175430051167496,
  "steps": 1,
  "packets": 6,
  "dropped": 6,
  "running_total_steps": 672927,
  "running_total_packets": 9554671082,
  "running_total_dropped": 93407444,
  "running_total_time_sec": 1769.639077081003,
  "p_gb": 0.00606,
  "p_bg": 0.6,
  "good_loss_rate": 0.0,
  "bad_loss_rate": 1.0
}