{
  "state": "bad",
  "episode_index": 5687,
  "state_ordinal": 2843,
  "start_time_wall": 1756988615.6388366,
  "end_time_wall": 1756988615.6937482,
  "wall_time_sec": 0.05491134299518308,
  "steps": 4,
  "packets": 95463,
  "dropped": 95463,
  "running_total_steps": 471699,
  "running_total_packets": 6697535650,
  "running_total_dropped": 67276307,
  "running_total_time_sec": 1233.906699154999,
  "p_gb": 0.00606,
  "p_bg": 0.6,
  "good_loss_rate": 0.0,
  "bad_loss_rate": 1.0
}