{
  "state": "bad",
  "episode_index": 1427,
  "state_ordinal": 713,
  "start_time_wall": 1756987663.4503293,
  "end_time_wall": 1756987663.6442156,
  "wall_time_sec": 0.19388672400236828,
  "steps": 1,
  "packets": 31819,
  "dropped": 31819,
  "running_total_steps": 119226,
  "running_total_packets": 1692975940,
  "running_total_dropped": 16928310,
  "running_total_time_sec": 281.85716718000185,
  "p_gb": 0.00606,
  "p_bg": 0.6,
  "good_loss_rate": 0.0,
  "bad_loss_rate": 1.0
}