{
  "state": "bad",
  "episode_index": 991,
  "state_ordinal": 495,
  "start_time_wall": 1756987586.7909036,
  "end_time_wall": 1756987586.810658,
  "wall_time_sec": 0.019755596003960818,
  "steps": 1,
  "packets": 31819,
  "dropped": 31819,
  "running_total_steps": 81968,
  "running_total_packets": 1163912086,
  "running_total_dropped": 11405678,
  "running_total_time_sec": 205.0236100500042,
  "p_gb": 0.00606,
  "p_bg": 0.6,
  "good_loss_rate": 0.0,
  "bad_loss_rate": 1.0
}