{
  "state": "bad",
  "episode_index": 5889,
  "state_ordinal": 2944,
  "start_time_wall": 1756988658.187377,
  "end_time_wall": 1756988658.1890025,
  "wall_time_sec": 0.0016256099988822825,
  "steps": 1,
  "packets": 1447,
  "dropped": 1447,
  "running_total_steps": 492022,
  "running_total_packets": 6986038748,
  "running_total_dropped": 69531317,
  "running_total_time_sec": 1276.4019535670013,
  "p_gb": 0.00606,
  "p_bg": 0.6,
  "good_loss_rate": 0.0,
  "bad_loss_rate": 1.0
}