{
  "state": "bad",
  "episode_index": 11627,
  "state_ordinal": 5813,
  "start_time_wall": 1756989992.369793,
  "end_time_wall": 1756989992.3724213,
  "wall_time_sec": 0.002628515001561027,
  "steps": 2,
  "packets": 2894,
  "dropped": 2894,
  "running_total_steps": 988585,
  "running_total_packets": 14036609595,
  "running_total_dropped": 136395687,
  "running_total_time_sec": 2610.585372499001,
  "p_gb": 0.00606,
  "p_bg": 0.6,
  "good_loss_rate": 0.0,
  "bad_loss_rate": 1.0
}