{
  "state": "bad",
  "episode_index": 7375,
  "state_ordinal": 3687,
  "start_time_wall": 1756988997.3591015,
  "end_time_wall": 1756988997.527978,
  "wall_time_sec": 0.16887638899788726,
  "steps": 2,
  "packets": 13018,
  "dropped": 13018,
  "running_total_steps": 623787,
  "running_total_packets": 8856991803,
  "running_total_dropped": 87358113,
  "running_total_time_sec": 1615.7409289770003,
  "p_gb": 0.00606,
  "p_bg": 0.6,
  "good_loss_rate": 0.0,
  "bad_loss_rate": 1.0
}