{
  "state": "bad",
  "episode_index": 1347,
  "state_ordinal": 673,
  "start_time_wall": 1756987650.2479744,
  "end_time_wall": 1756987650.2668417,
  "wall_time_sec": 0.018867144994146656,
  "steps": 1,
  "packets": 31819,
  "dropped": 31819,
  "running_total_steps": 112886,
  "running_total_packets": 1602929284,
  "running_total_dropped": 15750881,
  "running_total_time_sec": 268.4797927699983,
  "p_gb": 0.00606,
  "p_bg": 0.6,
  "good_loss_rate": 0.0,
  "bad_loss_rate": 1.0
}