{
  "state": "bad",
  "episode_index": 15095,
  "state_ordinal": 7547,
  "start_time_wall": 1756990806.4480917,
  "end_time_wall": 1756990806.4493434,
  "wall_time_sec": 0.0012517430004663765,
  "steps": 1,
  "packets": 1447,
  "dropped": 1447,
  "running_total_steps": 1290778,
  "running_total_packets": 18327261896,
  "running_total_dropped": 176456501,
  "running_total_time_sec": 3424.6622944410046,
  "p_gb": 0.00606,
  "p_bg": 0.6,
  "good_loss_rate": 0.0,
  "bad_loss_rate": 1.0
}