{
  "state": "bad",
  "episode_index": 1409,
  "state_ordinal": 704,
  "start_time_wall": 1756987661.053321,
  "end_time_wall": 1756987661.0722432,
  "wall_time_sec": 0.018922789000498597,
  "steps": 1,
  "packets": 31819,
  "dropped": 31819,
  "running_total_steps": 118357,
  "running_total_packets": 1680560749,
  "running_total_dropped": 16730154,
  "running_total_time_sec": 279.2851946209994,
  "p_gb": 0.00606,
  "p_bg": 0.6,
  "good_loss_rate": 0.0,
  "bad_loss_rate": 1.0
}