{
  "state": "bad",
  "episode_index": 15027,
  "state_ordinal": 7513,
  "start_time_wall": 1756990739.3770697,
  "end_time_wall": 1756990739.3842475,
  "wall_time_sec": 0.007177874002081808,
  "steps": 1,
  "packets": 11571,
  "dropped": 11571,
  "running_total_steps": 1284404,
  "running_total_packets": 18236857960,
  "running_total_dropped": 175578498,
  "running_total_time_sec": 3357.597198675001,
  "p_gb": 0.00606,
  "p_bg": 0.6,
  "good_loss_rate": 0.0,
  "bad_loss_rate": 1.0
}