{
  "state": "bad",
  "episode_index": 17939,
  "state_ordinal": 8969,
  "start_time_wall": 1756991424.7332911,
  "end_time_wall": 1756991424.7532625,
  "wall_time_sec": 0.019971833993622568,
  "steps": 1,
  "packets": 31819,
  "dropped": 31819,
  "running_total_steps": 1540587,
  "running_total_packets": 21874238097,
  "running_total_dropped": 209605977,
  "running_total_time_sec": 4042.966213945998,
  "p_gb": 0.00606,
  "p_bg": 0.6,
  "good_loss_rate": 0.0,
  "bad_loss_rate": 1.0
}