{
  "state": "bad",
  "episode_index": 18161,
  "state_ordinal": 9080,
  "start_time_wall": 1756991499.4680724,
  "end_time_wall": 1756991499.6210165,
  "wall_time_sec": 0.15294483699835837,
  "steps": 1,
  "packets": 31819,
  "dropped": 31819,
  "running_total_steps": 1561082,
  "running_total_packets": 22165279764,
  "running_total_dropped": 212173515,
  "running_total_time_sec": 4117.833968181003,
  "p_gb": 0.00606,
  "p_bg": 0.6,
  "good_loss_rate": 0.0,
  "bad_loss_rate": 1.0
}