{
  "state": "bad",
  "episode_index": 5805,
  "state_ordinal": 2902,
  "start_time_wall": 1756988639.0228965,
  "end_time_wall": 1756988639.1903737,
  "wall_time_sec": 0.16747720899729757,
  "steps": 1,
  "packets": 1447,
  "dropped": 1447,
  "running_total_steps": 482667,
  "running_total_packets": 6853299059,
  "running_total_dropped": 68526055,
  "running_total_time_sec": 1257.4033247690022,
  "p_gb": 0.00606,
  "p_bg": 0.6,
  "good_loss_rate": 0.0,
  "bad_loss_rate": 1.0
}