{
  "state": "bad",
  "episode_index": 4045,
  "state_ordinal": 2022,
  "start_time_wall": 1756988278.79394,
  "end_time_wall": 1756988278.8509061,
  "wall_time_sec": 0.056966254000144545,
  "steps": 2,
  "packets": 63638,
  "dropped": 63638,
  "running_total_steps": 343397,
  "running_total_packets": 4875886063,
  "running_total_dropped": 48187041,
  "running_total_time_sec": 897.0638571270028,
  "p_gb": 0.00606,
  "p_bg": 0.6,
  "good_loss_rate": 0.0,
  "bad_loss_rate": 1.0
}