{
  "state": "bad",
  "episode_index": 12555,
  "state_ordinal": 6277,
  "start_time_wall": 1756990197.1018012,
  "end_time_wall": 1756990197.1022878,
  "wall_time_sec": 0.00048689200048102066,
  "steps": 1,
  "packets": 6,
  "dropped": 6,
  "running_total_steps": 1070680,
  "running_total_packets": 15202208316,
  "running_total_dropped": 146794696,
  "running_total_time_sec": 2815.315238932999,
  "p_gb": 0.00606,
  "p_bg": 0.6,
  "good_loss_rate": 0.0,
  "bad_loss_rate": 1.0
}