{
  "state": "bad",
  "episode_index": 9597,
  "state_ordinal": 4798,
  "start_time_wall": 1756989522.4153259,
  "end_time_wall": 1756989522.585477,
  "wall_time_sec": 0.17015150799852563,
  "steps": 2,
  "packets": 11577,
  "dropped": 11577,
  "running_total_steps": 819935,
  "running_total_packets": 11642048833,
  "running_total_dropped": 111699881,
  "running_total_time_sec": 2140.798428524002,
  "p_gb": 0.00606,
  "p_bg": 0.6,
  "good_loss_rate": 0.0,
  "bad_loss_rate": 1.0
}