{
  "state": "bad",
  "episode_index": 2973,
  "state_ordinal": 1486,
  "start_time_wall": 1756988003.8074353,
  "end_time_wall": 1756988003.8265264,
  "wall_time_sec": 0.01909181000519311,
  "steps": 1,
  "packets": 31819,
  "dropped": 31819,
  "running_total_steps": 252079,
  "running_total_packets": 3579325391,
  "running_total_dropped": 35858614,
  "running_total_time_sec": 622.0394779530034,
  "p_gb": 0.00606,
  "p_bg": 0.6,
  "good_loss_rate": 0.0,
  "bad_loss_rate": 1.0
}