{
  "state": "bad",
  "episode_index": 1529,
  "state_ordinal": 764,
  "start_time_wall": 1756987680.3429978,
  "end_time_wall": 1756987680.3802996,
  "wall_time_sec": 0.03730246600025566,
  "steps": 2,
  "packets": 63638,
  "dropped": 63638,
  "running_total_steps": 127469,
  "running_total_packets": 1810050175,
  "running_total_dropped": 18338573,
  "running_total_time_sec": 298.5932511430001,
  "p_gb": 0.00606,
  "p_bg": 0.6,
  "good_loss_rate": 0.0,
  "bad_loss_rate": 1.0
}