{
  "state": "bad",
  "episode_index": 2851,
  "state_ordinal": 1425,
  "start_time_wall": 1756987982.3844771,
  "end_time_wall": 1756987982.5381887,
  "wall_time_sec": 0.1537120249995496,
  "steps": 1,
  "packets": 31819,
  "dropped": 31819,
  "running_total_steps": 241781,
  "running_total_packets": 3433019111,
  "running_total_dropped": 34409246,
  "running_total_time_sec": 600.751140127999,
  "p_gb": 0.00606,
  "p_bg": 0.6,
  "good_loss_rate": 0.0,
  "bad_loss_rate": 1.0
}