{
  "state": "bad",
  "episode_index": 5567,
  "state_ordinal": 2783,
  "start_time_wall": 1756988597.2324862,
  "end_time_wall": 1756988597.290457,
  "wall_time_sec": 0.05797121099749347,
  "steps": 5,
  "packets": 95469,
  "dropped": 95469,
  "running_total_steps": 462610,
  "running_total_packets": 6568501866,
  "running_total_dropped": 65783572,
  "running_total_time_sec": 1215.5034083220016,
  "p_gb": 0.00606,
  "p_bg": 0.6,
  "good_loss_rate": 0.0,
  "bad_loss_rate": 1.0
}