{
  "state": "bad",
  "episode_index": 6533,
  "state_ordinal": 3266,
  "start_time_wall": 1756988803.844317,
  "end_time_wall": 1756988804.0117826,
  "wall_time_sec": 0.1674658769989037,
  "steps": 2,
  "packets": 11577,
  "dropped": 11577,
  "running_total_steps": 545753,
  "running_total_packets": 7749063035,
  "running_total_dropped": 77307795,
  "running_total_time_sec": 1422.2247337150038,
  "p_gb": 0.00606,
  "p_bg": 0.6,
  "good_loss_rate": 0.0,
  "bad_loss_rate": 1.0
}