{
  "state": "bad",
  "episode_index": 10833,
  "state_ordinal": 5416,
  "start_time_wall": 1756989801.9200354,
  "end_time_wall": 1756989801.9297125,
  "wall_time_sec": 0.00967745999514591,
  "steps": 3,
  "packets": 14465,
  "dropped": 14465,
  "running_total_steps": 921907,
  "running_total_packets": 13089838181,
  "running_total_dropped": 126763525,
  "running_total_time_sec": 2420.142663797,
  "p_gb": 0.00606,
  "p_bg": 0.6,
  "good_loss_rate": 0.0,
  "bad_loss_rate": 1.0
}