{
  "state": "bad",
  "episode_index": 8335,
  "state_ordinal": 4167,
  "start_time_wall": 1756989258.8159387,
  "end_time_wall": 1756989258.8246896,
  "wall_time_sec": 0.008750772998610046,
  "steps": 2,
  "packets": 13018,
  "dropped": 13018,
  "running_total_steps": 708654,
  "running_total_packets": 10061952302,
  "running_total_dropped": 97169735,
  "running_total_time_sec": 1877.0376406249998,
  "p_gb": 0.00606,
  "p_bg": 0.6,
  "good_loss_rate": 0.0,
  "bad_loss_rate": 1.0
}