{
  "state": "bad",
  "episode_index": 13157,
  "state_ordinal": 6578,
  "start_time_wall": 1756990335.5304399,
  "end_time_wall": 1756990335.5387113,
  "wall_time_sec": 0.008271515995147638,
  "steps": 2,
  "packets": 11577,
  "dropped": 11577,
  "running_total_steps": 1121516,
  "running_total_packets": 15924017878,
  "running_total_dropped": 154044447,
  "running_total_time_sec": 2953.751662456998,
  "p_gb": 0.00606,
  "p_bg": 0.6,
  "good_loss_rate": 0.0,
  "bad_loss_rate": 1.0
}