{
  "state": "bad",
  "episode_index": 3279,
  "state_ordinal": 1639,
  "start_time_wall": 1756988094.2132728,
  "end_time_wall": 1756988094.3831685,
  "wall_time_sec": 0.16989620400272543,
  "steps": 1,
  "packets": 31819,
  "dropped": 31819,
  "running_total_steps": 279743,
  "running_total_packets": 3972044909,
  "running_total_dropped": 39075707,
  "running_total_time_sec": 712.5961199660014,
  "p_gb": 0.00606,
  "p_bg": 0.6,
  "good_loss_rate": 0.0,
  "bad_loss_rate": 1.0
}