{
  "state": "bad",
  "episode_index": 12389,
  "state_ordinal": 6194,
  "start_time_wall": 1756990167.9004385,
  "end_time_wall": 1756990168.0669196,
  "wall_time_sec": 0.1664813560055336,
  "steps": 2,
  "packets": 13018,
  "dropped": 13018,
  "running_total_steps": 1056368,
  "running_total_packets": 14998998720,
  "running_total_dropped": 144882453,
  "running_total_time_sec": 2786.2798709800045,
  "p_gb": 0.00606,
  "p_bg": 0.6,
  "good_loss_rate": 0.0,
  "bad_loss_rate": 1.0
}