{
  "state": "bad",
  "episode_index": 14189,
  "state_ordinal": 7094,
  "start_time_wall": 1756990549.7439637,
  "end_time_wall": 1756990549.784703,
  "wall_time_sec": 0.04074007599410834,
  "steps": 2,
  "packets": 63638,
  "dropped": 63638,
  "running_total_steps": 1209287,
  "running_total_packets": 17170317489,
  "running_total_dropped": 165798724,
  "running_total_time_sec": 3167.997654589999,
  "p_gb": 0.00606,
  "p_bg": 0.6,
  "good_loss_rate": 0.0,
  "bad_loss_rate": 1.0
}