{
  "state": "bad",
  "episode_index": 15013,
  "state_ordinal": 7506,
  "start_time_wall": 1756990737.712672,
  "end_time_wall": 1756990737.7131546,
  "wall_time_sec": 0.00048281300405506045,
  "steps": 1,
  "packets": 6,
  "dropped": 6,
  "running_total_steps": 1283485,
  "running_total_packets": 18223777389,
  "running_total_dropped": 175516296,
  "running_total_time_sec": 3355.9261057070034,
  "p_gb": 0.00606,
  "p_bg": 0.6,
  "good_loss_rate": 0.0,
  "bad_loss_rate": 1.0
}