{
  "state": "bad",
  "episode_index": 195,
  "state_ordinal": 97,
  "start_time_wall": 1756987413.5082788,
  "end_time_wall": 1756987413.517282,
  "wall_time_sec": 0.009003331993881147,
  "steps": 2,
  "packets": 13018,
  "dropped": 13018,
  "running_total_steps": 13946,
  "running_total_packets": 198099138,
  "running_total_dropped": 2331732,
  "running_total_time_sec": 31.73023319499771,
  "p_gb": 0.00606,
  "p_bg": 0.6,
  "good_loss_rate": 0.0,
  "bad_loss_rate": 1.0
}