{
  "state": "bad",
  "episode_index": 13339,
  "state_ordinal": 6669,
  "start_time_wall": 1756990367.3794146,
  "end_time_wall": 1756990367.3985593,
  "wall_time_sec": 0.019145420999848284,
  "steps": 1,
  "packets": 31819,
  "dropped": 31819,
  "running_total_steps": 1137200,
  "running_total_packets": 16146733326,
  "running_total_dropped": 156308225,
  "running_total_time_sec": 2985.6115109329985,
  "p_gb": 0.00606,
  "p_bg": 0.6,
  "good_loss_rate": 0.0,
  "bad_loss_rate": 1.0
}