{
  "state": "bad",
  "episode_index": 4329,
  "state_ordinal": 2164,
  "start_time_wall": 1756988330.5527308,
  "end_time_wall": 1756988330.5914826,
  "wall_time_sec": 0.038752248998207506,
  "steps": 1,
  "packets": 31819,
  "dropped": 31819,
  "running_total_steps": 366137,
  "running_total_packets": 5198743199,
  "running_total_dropped": 51743887,
  "running_total_time_sec": 948.8044340560009,
  "p_gb": 0.00606,
  "p_bg": 0.6,
  "good_loss_rate": 0.0,
  "bad_loss_rate": 1.0
}