{
  "state": "bad",
  "episode_index": 17257,
  "state_ordinal": 8628,
  "start_time_wall": 1756991302.9528155,
  "end_time_wall": 1756991302.953328,
  "wall_time_sec": 0.0005123619994265027,
  "steps": 1,
  "packets": 6,
  "dropped": 6,
  "running_total_steps": 1481559,
  "running_total_packets": 21036100678,
  "running_total_dropped": 201499829,
  "running_total_time_sec": 3921.1662789309994,
  "p_gb": 0.00606,
  "p_bg": 0.6,
  "good_loss_rate": 0.0,
  "bad_loss_rate": 1.0
}