{
  "state": "bad",
  "episode_index": 5231,
  "state_ordinal": 2615,
  "start_time_wall": 1756988508.9280272,
  "end_time_wall": 1756988508.9470842,
  "wall_time_sec": 0.019057849996897858,
  "steps": 1,
  "packets": 31819,
  "dropped": 31819,
  "running_total_steps": 436186,
  "running_total_packets": 6193391858,
  "running_total_dropped": 61775292,
  "running_total_time_sec": 1127.1600359840013,
  "p_gb": 0.00606,
  "p_bg": 0.6,
  "good_loss_rate": 0.0,
  "bad_loss_rate": 1.0
}