{
  "state": "bad",
  "episode_index": 18001,
  "state_ordinal": 9000,
  "start_time_wall": 1756991468.166632,
  "end_time_wall": 1756991468.1864274,
  "wall_time_sec": 0.019795658998191357,
  "steps": 1,
  "packets": 31819,
  "dropped": 31819,
  "running_total_steps": 1545247,
  "running_total_packets": 21940396027,
  "running_total_dropped": 210447812,
  "running_total_time_sec": 4086.3993785569983,
  "p_gb": 0.00606,
  "p_bg": 0.6,
  "good_loss_rate": 0.0,
  "bad_loss_rate": 1.0
}