{
  "state": "bad",
  "episode_index": 15915,
  "state_ordinal": 7957,
  "start_time_wall": 1756990985.0219252,
  "end_time_wall": 1756990985.022407,
  "wall_time_sec": 0.0004818620000150986,
  "steps": 1,
  "packets": 6,
  "dropped": 6,
  "running_total_steps": 1361527,
  "running_total_packets": 19331826215,
  "running_total_dropped": 185961505,
  "running_total_time_sec": 3603.235358083999,
  "p_gb": 0.00606,
  "p_bg": 0.6,
  "good_loss_rate": 0.0,
  "bad_loss_rate": 1.0
}