{
  "state": "bad",
  "episode_index": 1271,
  "state_ordinal": 635,
  "start_time_wall": 1756987639.3363168,
  "end_time_wall": 1756987639.3553889,
  "wall_time_sec": 0.019072262999543454,
  "steps": 1,
  "packets": 31819,
  "dropped": 31819,
  "running_total_steps": 107561,
  "running_total_packets": 1527390887,
  "running_total_dropped": 14803441,
  "running_total_time_sec": 257.56834026000433,
  "p_gb": 0.00606,
  "p_bg": 0.6,
  "good_loss_rate": 0.0,
  "bad_loss_rate": 1.0
}