{
  "state": "bad",
  "episode_index": 2861,
  "state_ordinal": 1430,
  "start_time_wall": 1756987983.931402,
  "end_time_wall": 1756987984.089734,
  "wall_time_sec": 0.15833242799999425,
  "steps": 1,
  "packets": 6,
  "dropped": 6,
  "running_total_steps": 242287,
  "running_total_packets": 3440244319,
  "running_total_dropped": 34478690,
  "running_total_time_sec": 602.3026855249991,
  "p_gb": 0.00606,
  "p_bg": 0.6,
  "good_loss_rate": 0.0,
  "bad_loss_rate": 1.0
}