{
  "state": "bad",
  "episode_index": 6567,
  "state_ordinal": 3283,
  "start_time_wall": 1756988808.4095657,
  "end_time_wall": 1756988808.4283748,
  "wall_time_sec": 0.018809660003171302,
  "steps": 1,
  "packets": 31819,
  "dropped": 31819,
  "running_total_steps": 548087,
  "running_total_packets": 7782145609,
  "running_total_dropped": 77912404,
  "running_total_time_sec": 1426.6413262310016,
  "p_gb": 0.00606,
  "p_bg": 0.6,
  "good_loss_rate": 0.0,
  "bad_loss_rate": 1.0
}