{
  "state": "bad",
  "episode_index": 6259,
  "state_ordinal": 3129,
  "start_time_wall": 1756988757.6222732,
  "end_time_wall": 1756988757.6238317,
  "wall_time_sec": 0.0015584699940518476,
  "steps": 1,
  "packets": 1447,
  "dropped": 1447,
  "running_total_steps": 522984,
  "running_total_packets": 7425662024,
  "running_total_dropped": 74372738,
  "running_total_time_sec": 1375.836782735998,
  "p_gb": 0.00606,
  "p_bg": 0.6,
  "good_loss_rate": 0.0,
  "bad_loss_rate": 1.0
}