{
  "state": "bad",
  "episode_index": 5711,
  "state_ordinal": 2855,
  "start_time_wall": 1756988619.7159567,
  "end_time_wall": 1756988619.904222,
  "wall_time_sec": 0.18826605299545918,
  "steps": 3,
  "packets": 44837,
  "dropped": 44837,
  "running_total_steps": 473406,
  "running_total_packets": 6721820704,
  "running_total_dropped": 67562720,
  "running_total_time_sec": 1238.117173655999,
  "p_gb": 0.00606,
  "p_bg": 0.6,
  "good_loss_rate": 0.0,
  "bad_loss_rate": 1.0
}