{
  "state": "bad",
  "episode_index": 14601,
  "state_ordinal": 7300,
  "start_time_wall": 1756990661.86062,
  "end_time_wall": 1756990661.869156,
  "wall_time_sec": 0.008535726999980398,
  "steps": 3,
  "packets": 13024,
  "dropped": 13024,
  "running_total_steps": 1247025,
  "running_total_packets": 17706137885,
  "running_total_dropped": 171055273,
  "running_total_time_sec": 3280.082106777998,
  "p_gb": 0.00606,
  "p_bg": 0.6,
  "good_loss_rate": 0.0,
  "bad_loss_rate": 1.0
}