{
  "state": "bad",
  "episode_index": 3449,
  "state_ordinal": 1724,
  "start_time_wall": 1756988120.370135,
  "end_time_wall": 1756988120.3896048,
  "wall_time_sec": 0.019469892999040894,
  "steps": 2,
  "packets": 31825,
  "dropped": 31825,
  "running_total_steps": 292443,
  "running_total_packets": 4152327706,
  "running_total_dropped": 40889611,
  "running_total_time_sec": 738.6025560190028,
  "p_gb": 0.00606,
  "p_bg": 0.6,
  "good_loss_rate": 0.0,
  "bad_loss_rate": 1.0
}