{
  "state": "bad",
  "episode_index": 13191,
  "state_ordinal": 6595,
  "start_time_wall": 1756990339.8134286,
  "end_time_wall": 1756990339.8147352,
  "wall_time_sec": 0.0013065029997960664,
  "steps": 1,
  "packets": 1447,
  "dropped": 1447,
  "running_total_steps": 1123746,
  "running_total_packets": 15955655422,
  "running_total_dropped": 154479839,
  "running_total_time_sec": 2958.0276861329985,
  "p_gb": 0.00606,
  "p_bg": 0.6,
  "good_loss_rate": 0.0,
  "bad_loss_rate": 1.0
}