{
  "state": "bad",
  "episode_index": 2027,
  "state_ordinal": 1013,
  "start_time_wall": 1756987800.8788521,
  "end_time_wall": 1756987800.917083,
  "wall_time_sec": 0.03823134100093739,
  "steps": 2,
  "packets": 63638,
  "dropped": 63638,
  "running_total_steps": 169000,
  "running_total_packets": 2399626328,
  "running_total_dropped": 24379148,
  "running_total_time_sec": 419.13003433200356,
  "p_gb": 0.00606,
  "p_bg": 0.6,
  "good_loss_rate": 0.0,
  "bad_loss_rate": 1.0
}