{
  "state": "bad",
  "episode_index": 2487,
  "state_ordinal": 1243,
  "start_time_wall": 1756987913.9366298,
  "end_time_wall": 1756987914.1132267,
  "wall_time_sec": 0.17659743999683997,
  "steps": 1,
  "packets": 31819,
  "dropped": 31819,
  "running_total_steps": 207704,
  "running_total_packets": 2949249078,
  "running_total_dropped": 30085694,
  "running_total_time_sec": 532.3261781789988,
  "p_gb": 0.00606,
  "p_bg": 0.6,
  "good_loss_rate": 0.0,
  "bad_loss_rate": 1.0
}