{
  "state": "bad",
  "episode_index": 5343,
  "state_ordinal": 2671,
  "start_time_wall": 1756988526.2303462,
  "end_time_wall": 1756988526.2310343,
  "wall_time_sec": 0.0006881910012452863,
  "steps": 1,
  "packets": 6,
  "dropped": 6,
  "running_total_steps": 444538,
  "running_total_packets": 6311892346,
  "running_total_dropped": 63055461,
  "running_total_time_sec": 1144.4439855310047,
  "p_gb": 0.00606,
  "p_bg": 0.6,
  "good_loss_rate": 0.0,
  "bad_loss_rate": 1.0
}