{
  "state": "bad",
  "episode_index": 5293,
  "state_ordinal": 2646,
  "start_time_wall": 1756988518.8122926,
  "end_time_wall": 1756988518.850432,
  "wall_time_sec": 0.038139580996357836,
  "steps": 3,
  "packets": 63644,
  "dropped": 63644,
  "running_total_steps": 440910,
  "running_total_packets": 6260400329,
  "running_total_dropped": 62505762,
  "running_total_time_sec": 1137.0633831480009,
  "p_gb": 0.00606,
  "p_bg": 0.6,
  "good_loss_rate": 0.0,
  "bad_loss_rate": 1.0
}