{
  "state": "bad",
  "episode_index": 5261,
  "state_ordinal": 2630,
  "start_time_wall": 1756988512.897365,
  "end_time_wall": 1756988513.0773528,
  "wall_time_sec": 0.1799881200058735,
  "steps": 1,
  "packets": 31819,
  "dropped": 31819,
  "running_total_steps": 437996,
  "running_total_packets": 6219108930,
  "running_total_dropped": 62058786,
  "running_total_time_sec": 1131.2903039900048,
  "p_gb": 0.00606,
  "p_bg": 0.6,
  "good_loss_rate": 0.0,
  "bad_loss_rate": 1.0
}