{
  "state": "bad",
  "episode_index": 18721,
  "state_ordinal": 9360,
  "start_time_wall": 1756991590.8810568,
  "end_time_wall": 1756991590.8817196,
  "wall_time_sec": 0.0006628070041188039,
  "steps": 1,
  "packets": 6,
  "dropped": 6,
  "running_total_steps": 1605460,
  "running_total_packets": 22795387908,
  "running_total_dropped": 219534668,
  "running_total_time_sec": 4209.094670495004,
  "p_gb": 0.00606,
  "p_bg": 0.6,
  "good_loss_rate": 0.0,
  "bad_loss_rate": 1.0
}