{
  "state": "bad",
  "episode_index": 11185,
  "state_ordinal": 5592,
  "start_time_wall": 1756989859.5747285,
  "end_time_wall": 1756989859.5752075,
  "wall_time_sec": 0.0004791930041392334,
  "steps": 1,
  "packets": 6,
  "dropped": 6,
  "running_total_steps": 950125,
  "running_total_packets": 13490465641,
  "running_total_dropped": 130839727,
  "running_total_time_sec": 2477.788158485004,
  "p_gb": 0.00606,
  "p_bg": 0.6,
  "good_loss_rate": 0.0,
  "bad_loss_rate": 1.0
}