{
  "state": "bad",
  "episode_index": 10687,
  "state_ordinal": 5343,
  "start_time_wall": 1756989777.8579102,
  "end_time_wall": 1756989777.8756526,
  "wall_time_sec": 0.017742493000696413,
  "steps": 3,
  "packets": 14465,
  "dropped": 14465,
  "running_total_steps": 910133,
  "running_total_packets": 12922743001,
  "running_total_dropped": 125108719,
  "running_total_time_sec": 2396.088603848999,
  "p_gb": 0.00606,
  "p_bg": 0.6,
  "good_loss_rate": 0.0,
  "bad_loss_rate": 1.0
}