{
  "state": "bad",
  "episode_index": 9273,
  "state_ordinal": 4636,
  "start_time_wall": 1756989457.6478598,
  "end_time_wall": 1756989457.7988064,
  "wall_time_sec": 0.1509470470045926,
  "steps": 3,
  "packets": 14465,
  "dropped": 14465,
  "running_total_steps": 788407,
  "running_total_packets": 11194351273,
  "running_total_dropped": 107879725,
  "running_total_time_sec": 2076.011757764005,
  "p_gb": 0.00606,
  "p_bg": 0.6,
  "good_loss_rate": 0.0,
  "bad_loss_rate": 1.0
}