{
  "state": "bad",
  "episode_index": 1289,
  "state_ordinal": 644,
  "start_time_wall": 1756987641.0852256,
  "end_time_wall": 1756987641.0933862,
  "wall_time_sec": 0.008161047000612598,
  "steps": 1,
  "packets": 11571,
  "dropped": 11571,
  "running_total_steps": 108452,
  "running_total_packets": 1539926148,
  "running_total_dropped": 15108630,
  "running_total_time_sec": 259.30633738200413,
  "p_gb": 0.00606,
  "p_bg": 0.6,
  "good_loss_rate": 0.0,
  "bad_loss_rate": 1.0
}