{
  "state": "bad",
  "episode_index": 8109,
  "state_ordinal": 4054,
  "start_time_wall": 1756989178.0589042,
  "end_time_wall": 1756989178.059938,
  "wall_time_sec": 0.0010341169981984422,
  "steps": 1,
  "packets": 1447,
  "dropped": 1447,
  "running_total_steps": 685888,
  "running_total_packets": 9738732098,
  "running_total_dropped": 94819198,
  "running_total_time_sec": 1796.272889175998,
  "p_gb": 0.00606,
  "p_bg": 0.6,
  "good_loss_rate": 0.0,
  "bad_loss_rate": 1.0
}