{
  "state": "bad",
  "episode_index": 8531,
  "state_ordinal": 4265,
  "start_time_wall": 1756989294.077215,
  "end_time_wall": 1756989294.247715,
  "wall_time_sec": 0.17050037999433698,
  "steps": 1,
  "packets": 11571,
  "dropped": 11571,
  "running_total_steps": 725843,
  "running_total_packets": 10306065627,
  "running_total_dropped": 99612881,
  "running_total_time_sec": 1912.460666234998,
  "p_gb": 0.00606,
  "p_bg": 0.6,
  "good_loss_rate": 0.0,
  "bad_loss_rate": 1.0
}