{
  "state": "bad",
  "episode_index": 3861,
  "state_ordinal": 1930,
  "start_time_wall": 1756988244.9228575,
  "end_time_wall": 1756988244.9413164,
  "wall_time_sec": 0.018459053004335146,
  "steps": 1,
  "packets": 31819,
  "dropped": 31819,
  "running_total_steps": 327954,
  "running_total_packets": 4656556836,
  "running_total_dropped": 46047699,
  "running_total_time_sec": 863.1542674490047,
  "p_gb": 0.00606,
  "p_bg": 0.6,
  "good_loss_rate": 0.0,
  "bad_loss_rate": 1.0
}