{
  "state": "bad",
  "episode_index": 15021,
  "state_ordinal": 7510,
  "start_time_wall": 1756990738.5521483,
  "end_time_wall": 1756990738.5546975,
  "wall_time_sec": 0.002549245000409428,
  "steps": 2,
  "packets": 2894,
  "dropped": 2894,
  "running_total_steps": 1283980,
  "running_total_packets": 18230714738,
  "running_total_dropped": 175553909,
  "running_total_time_sec": 3356.7676484890035,
  "p_gb": 0.00606,
  "p_bg": 0.6,
  "good_loss_rate": 0.0,
  "bad_loss_rate": 1.0
}