{
  "state": "bad",
  "episode_index": 15993,
  "state_ordinal": 7996,
  "start_time_wall": 1756991001.7738018,
  "end_time_wall": 1756991001.774272,
  "wall_time_sec": 0.00047040099889272824,
  "steps": 1,
  "packets": 6,
  "dropped": 6,
  "running_total_steps": 1369814,
  "running_total_packets": 19449444343,
  "running_total_dropped": 187030448,
  "running_total_time_sec": 3619.9872231150002,
  "p_gb": 0.00606,
  "p_bg": 0.6,
  "good_loss_rate": 0.0,
  "bad_loss_rate": 1.0
}