{
  "state": "bad",
  "episode_index": 13719,
  "state_ordinal": 6859,
  "start_time_wall": 1756990470.81908,
  "end_time_wall": 1756990470.8380275,
  "wall_time_sec": 0.018948001001263037,
  "steps": 1,
  "packets": 31819,
  "dropped": 31819,
  "running_total_steps": 1170812,
  "running_total_packets": 16623944990,
  "running_total_dropped": 160559450,
  "running_total_time_sec": 3089.0509791570003,
  "p_gb": 0.00606,
  "p_bg": 0.6,
  "good_loss_rate": 0.0,
  "bad_loss_rate": 1.0
}