{
  "state": "bad",
  "episode_index": 13155,
  "state_ordinal": 6577,
  "start_time_wall": 1756990334.7527056,
  "end_time_wall": 1756990334.76126,
  "wall_time_sec": 0.008555042004445568,
  "steps": 2,
  "packets": 13018,
  "dropped": 13018,
  "running_total_steps": 1121289,
  "running_total_packets": 15920800893,
  "running_total_dropped": 154032869,
  "running_total_time_sec": 2952.974211398003,
  "p_gb": 0.00606,
  "p_bg": 0.6,
  "good_loss_rate": 0.0,
  "bad_loss_rate": 1.0
}