{
  "state": "bad",
  "episode_index": 7579,
  "state_ordinal": 3789,
  "start_time_wall": 1756989027.7444086,
  "end_time_wall": 1756989027.744958,
  "wall_time_sec": 0.0005494449942489155,
  "steps": 1,
  "packets": 6,
  "dropped": 6,
  "running_total_steps": 638365,
  "running_total_packets": 9063918869,
  "running_total_dropped": 89649392,
  "running_total_time_sec": 1645.9579090359985,
  "p_gb": 0.00606,
  "p_bg": 0.6,
  "good_loss_rate": 0.0,
  "bad_loss_rate": 1.0
}