{
  "state": "bad",
  "episode_index": 16451,
  "state_ordinal": 8225,
  "start_time_wall": 1756991085.7442036,
  "end_time_wall": 1756991085.744747,
  "wall_time_sec": 0.0005434740014607087,
  "steps": 1,
  "packets": 6,
  "dropped": 6,
  "running_total_steps": 1410405,
  "running_total_packets": 20025814060,
  "running_total_dropped": 192367967,
  "running_total_time_sec": 3703.957697992002,
  "p_gb": 0.00606,
  "p_bg": 0.6,
  "good_loss_rate": 0.0,
  "bad_loss_rate": 1.0
}