{
  "state": "bad",
  "episode_index": 4527,
  "state_ordinal": 2263,
  "start_time_wall": 1756988362.2836285,
  "end_time_wall": 1756988362.310411,
  "wall_time_sec": 0.026782699998875614,
  "steps": 2,
  "packets": 43390,
  "dropped": 43390,
  "running_total_steps": 381063,
  "running_total_packets": 5410598449,
  "running_total_dropped": 53669184,
  "running_total_time_sec": 980.5233622009982,
  "p_gb": 0.00606,
  "p_bg": 0.6,
  "good_loss_rate": 0.0,
  "bad_loss_rate": 1.0
}