{
  "state": "bad",
  "episode_index": 463,
  "state_ordinal": 231,
  "start_time_wall": 1756987455.0873268,
  "end_time_wall": 1756987455.0878477,
  "wall_time_sec": 0.0005209120063227601,
  "steps": 1,
  "packets": 6,
  "dropped": 6,
  "running_total_steps": 34717,
  "running_total_packets": 492998593,
  "running_total_dropped": 5460526,
  "running_total_time_sec": 73.300798631004,
  "p_gb": 0.00606,
  "p_bg": 0.6,
  "good_loss_rate": 0.0,
  "bad_loss_rate": 1.0
}