{
  "state": "bad",
  "episode_index": 11313,
  "state_ordinal": 5656,
  "start_time_wall": 1756989883.272302,
  "end_time_wall": 1756989883.2806475,
  "wall_time_sec": 0.008345741996890865,
  "steps": 2,
  "packets": 13018,
  "dropped": 13018,
  "running_total_steps": 961724,
  "running_total_packets": 13655168328,
  "running_total_dropped": 132316633,
  "running_total_time_sec": 2501.493598538,
  "p_gb": 0.00606,
  "p_bg": 0.6,
  "good_loss_rate": 0.0,
  "bad_loss_rate": 1.0
}