{
  "state": "bad",
  "episode_index": 12049,
  "state_ordinal": 6024,
  "start_time_wall": 1756990074.271447,
  "end_time_wall": 1756990074.290288,
  "wall_time_sec": 0.018841312994481996,
  "steps": 1,
  "packets": 31819,
  "dropped": 31819,
  "running_total_steps": 1028494,
  "running_total_packets": 14603218430,
  "running_total_dropped": 141464285,
  "running_total_time_sec": 2692.503239261998,
  "p_gb": 0.00606,
  "p_bg": 0.6,
  "good_loss_rate": 0.0,
  "bad_loss_rate": 1.0
}