{
  "state": "bad",
  "episode_index": 17059,
  "state_ordinal": 8529,
  "start_time_wall": 1756991235.6268764,
  "end_time_wall": 1756991235.6462326,
  "wall_time_sec": 0.019356854994839523,
  "steps": 1,
  "packets": 31819,
  "dropped": 31819,
  "running_total_steps": 1465668,
  "running_total_packets": 20810456086,
  "running_total_dropped": 199071183,
  "running_total_time_sec": 3853.8591841849993,
  "p_gb": 0.00606,
  "p_bg": 0.6,
  "good_loss_rate": 0.0,
  "bad_loss_rate": 1.0
}