{
  "state": "bad",
  "episode_index": 6439,
  "state_ordinal": 3219,
  "start_time_wall": 1756988785.3789096,
  "end_time_wall": 1756988785.3975542,
  "wall_time_sec": 0.018645232994458638,
  "steps": 1,
  "packets": 31819,
  "dropped": 31819,
  "running_total_steps": 536646,
  "running_total_packets": 7619651712,
  "running_total_dropped": 76324151,
  "running_total_time_sec": 1403.6105059289985,
  "p_gb": 0.00606,
  "p_bg": 0.6,
  "good_loss_rate": 0.0,
  "bad_loss_rate": 1.0
}