{
  "state": "bad",
  "episode_index": 10993,
  "state_ordinal": 5496,
  "start_time_wall": 1756989826.8474932,
  "end_time_wall": 1756989826.8666303,
  "wall_time_sec": 0.019137497001793236,
  "steps": 1,
  "packets": 31819,
  "dropped": 31819,
  "running_total_steps": 933742,
  "running_total_packets": 13257929978,
  "running_total_dropped": 128719201,
  "running_total_time_sec": 2445.0795816120008,
  "p_gb": 0.00606,
  "p_bg": 0.6,
  "good_loss_rate": 0.0,
  "bad_loss_rate": 1.0
}