{
  "state": "bad",
  "episode_index": 14649,
  "state_ordinal": 7324,
  "start_time_wall": 1756990672.5484195,
  "end_time_wall": 1756990672.5489554,
  "wall_time_sec": 0.0005358039998100139,
  "steps": 1,
  "packets": 6,
  "dropped": 6,
  "running_total_steps": 1252294,
  "running_total_packets": 17780934234,
  "running_total_dropped": 171506577,
  "running_total_time_sec": 3290.761906423999,
  "p_gb": 0.00606,
  "p_bg": 0.6,
  "good_loss_rate": 0.0,
  "bad_loss_rate": 1.0
}