{
  "state": "bad",
  "episode_index": 10841,
  "state_ordinal": 5420,
  "start_time_wall": 1756989803.3798268,
  "end_time_wall": 1756989803.52387,
  "wall_time_sec": 0.14404334699793253,
  "steps": 5,
  "packets": 14477,
  "dropped": 14477,
  "running_total_steps": 922693,
  "running_total_packets": 13101010839,
  "running_total_dropped": 126869129,
  "running_total_time_sec": 2421.7368209839988,
  "p_gb": 0.00606,
  "p_bg": 0.6,
  "good_loss_rate": 0.0,
  "bad_loss_rate": 1.0
}