{
  "state": "bad",
  "episode_index": 17587,
  "state_ordinal": 8793,
  "start_time_wall": 1756991358.9943912,
  "end_time_wall": 1756991358.995544,
  "wall_time_sec": 0.0011529399998835288,
  "steps": 1,
  "packets": 1447,
  "dropped": 1447,
  "running_total_steps": 1508898,
  "running_total_packets": 21424246414,
  "running_total_dropped": 205609329,
  "running_total_time_sec": 3977.208495193001,
  "p_gb": 0.00606,
  "p_bg": 0.6,
  "good_loss_rate": 0.0,
  "bad_loss_rate": 1.0
}