{
  "state": "bad",
  "episode_index": 14513,
  "state_ordinal": 7256,
  "start_time_wall": 1756990646.3040845,
  "end_time_wall": 1756990646.3128774,
  "wall_time_sec": 0.00879294299375033,
  "steps": 2,
  "packets": 13018,
  "dropped": 13018,
  "running_total_steps": 1239321,
  "running_total_packets": 17596657697,
  "running_total_dropped": 170151174,
  "running_total_time_sec": 3264.525828277998,
  "p_gb": 0.00606,
  "p_bg": 0.6,
  "good_loss_rate": 0.0,
  "bad_loss_rate": 1.0
}