{
  "state": "bad",
  "episode_index": 9327,
  "state_ordinal": 4663,
  "start_time_wall": 1756989467.5532465,
  "end_time_wall": 1756989467.5547988,
  "wall_time_sec": 0.001552579997223802,
  "steps": 1,
  "packets": 1447,
  "dropped": 1447,
  "running_total_steps": 793057,
  "running_total_packets": 11260355879,
  "running_total_dropped": 108387462,
  "running_total_time_sec": 2085.7677499790007,
  "p_gb": 0.00606,
  "p_bg": 0.6,
  "good_loss_rate": 0.0,
  "bad_loss_rate": 1.0
}