{
  "state": "bad",
  "episode_index": 1941,
  "state_ordinal": 970,
  "start_time_wall": 1756987786.5308855,
  "end_time_wall": 1756987786.5497813,
  "wall_time_sec": 0.01889609600038966,
  "steps": 1,
  "packets": 31819,
  "dropped": 31819,
  "running_total_steps": 162031,
  "running_total_packets": 2300770575,
  "running_total_dropped": 23226322,
  "running_total_time_sec": 404.762732408999,
  "p_gb": 0.00606,
  "p_bg": 0.6,
  "good_loss_rate": 0.0,
  "bad_loss_rate": 1.0
}