{
  "state": "bad",
  "episode_index": 2135,
  "state_ordinal": 1067,
  "start_time_wall": 1756987820.0973275,
  "end_time_wall": 1756987820.2567434,
  "wall_time_sec": 0.15941621399542782,
  "steps": 1,
  "packets": 6,
  "dropped": 6,
  "running_total_steps": 178360,
  "running_total_packets": 2532577208,
  "running_total_dropped": 25847409,
  "running_total_time_sec": 438.4696945169999,
  "p_gb": 0.00606,
  "p_bg": 0.6,
  "good_loss_rate": 0.0,
  "bad_loss_rate": 1.0
}