{
  "state": "bad",
  "episode_index": 12571,
  "state_ordinal": 6285,
  "start_time_wall": 1756990202.0223567,
  "end_time_wall": 1756990202.0246663,
  "wall_time_sec": 0.0023097099983715452,
  "steps": 2,
  "packets": 2894,
  "dropped": 2894,
  "running_total_steps": 1072804,
  "running_total_packets": 15232400818,
  "running_total_dropped": 147017464,
  "running_total_time_sec": 2820.2376173750017,
  "p_gb": 0.00606,
  "p_bg": 0.6,
  "good_loss_rate": 0.0,
  "bad_loss_rate": 1.0
}