{
  "state": "bad",
  "episode_index": 6139,
  "state_ordinal": 3069,
  "start_time_wall": 1756988704.2287135,
  "end_time_wall": 1756988704.2473133,
  "wall_time_sec": 0.01859957299893722,
  "steps": 1,
  "packets": 31819,
  "dropped": 31819,
  "running_total_steps": 514100,
  "running_total_packets": 7299590626,
  "running_total_dropped": 72499552,
  "running_total_time_sec": 1322.4602641300007,
  "p_gb": 0.00606,
  "p_bg": 0.6,
  "good_loss_rate": 0.0,
  "bad_loss_rate": 1.0
}