{
  "state": "bad",
  "episode_index": 13303,
  "state_ordinal": 6651,
  "start_time_wall": 1756990361.6334882,
  "end_time_wall": 1756990361.6712744,
  "wall_time_sec": 0.03778663400589721,
  "steps": 2,
  "packets": 63638,
  "dropped": 63638,
  "running_total_steps": 1134478,
  "running_total_packets": 16108142526,
  "running_total_dropped": 156007324,
  "running_total_time_sec": 2979.8842258260047,
  "p_gb": 0.00606,
  "p_bg": 0.6,
  "good_loss_rate": 0.0,
  "bad_loss_rate": 1.0
}