{
  "state": "bad",
  "episode_index": 7591,
  "state_ordinal": 3795,
  "start_time_wall": 1756989029.3754447,
  "end_time_wall": 1756989029.393857,
  "wall_time_sec": 0.018412602999887895,
  "steps": 1,
  "packets": 31819,
  "dropped": 31819,
  "running_total_steps": 639376,
  "running_total_packets": 9078278128,
  "running_total_dropped": 89801269,
  "running_total_time_sec": 1647.6068083659993,
  "p_gb": 0.00606,
  "p_bg": 0.6,
  "good_loss_rate": 0.0,
  "bad_loss_rate": 1.0
}