{
  "state": "bad",
  "episode_index": 15777,
  "state_ordinal": 7888,
  "start_time_wall": 1756990927.3147433,
  "end_time_wall": 1756990927.3247843,
  "wall_time_sec": 0.010041141998954117,
  "steps": 3,
  "packets": 14465,
  "dropped": 14465,
  "running_total_steps": 1350439,
  "running_total_packets": 19174389225,
  "running_total_dropped": 184271966,
  "running_total_time_sec": 3545.5377353970034,
  "p_gb": 0.00606,
  "p_bg": 0.6,
  "good_loss_rate": 0.0,
  "bad_loss_rate": 1.0
}