{
  "state": "bad",
  "episode_index": 10645,
  "state_ordinal": 5322,
  "start_time_wall": 1756989770.7234213,
  "end_time_wall": 1756989770.8780253,
  "wall_time_sec": 0.15460394199908478,
  "steps": 1,
  "packets": 1447,
  "dropped": 1447,
  "running_total_steps": 906850,
  "running_total_packets": 12876037416,
  "running_total_dropped": 124533040,
  "running_total_time_sec": 2389.090976407002,
  "p_gb": 0.00606,
  "p_bg": 0.6,
  "good_loss_rate": 0.0,
  "bad_loss_rate": 1.0
}