{
  "state": "bad",
  "episode_index": 5975,
  "state_ordinal": 2987,
  "start_time_wall": 1756988676.418119,
  "end_time_wall": 1756988676.6102953,
  "wall_time_sec": 0.19217673200182617,
  "steps": 2,
  "packets": 63638,
  "dropped": 63638,
  "running_total_steps": 500825,
  "running_total_packets": 7111110599,
  "running_total_dropped": 70620508,
  "running_total_time_sec": 1294.823246535001,
  "p_gb": 0.00606,
  "p_bg": 0.6,
  "good_loss_rate": 0.0,
  "bad_loss_rate": 1.0
}