{
  "state": "bad",
  "episode_index": 14043,
  "state_ordinal": 7021,
  "start_time_wall": 1756990522.882322,
  "end_time_wall": 1756990523.048366,
  "wall_time_sec": 0.16604419099894585,
  "steps": 1,
  "packets": 11571,
  "dropped": 11571,
  "running_total_steps": 1196210,
  "running_total_packets": 16984595922,
  "running_total_dropped": 163815543,
  "running_total_time_sec": 3141.2613173220016,
  "p_gb": 0.00606,
  "p_bg": 0.6,
  "good_loss_rate": 0.0,
  "bad_loss_rate": 1.0
}