{
  "state": "bad",
  "episode_index": 113,
  "state_ordinal": 56,
  "start_time_wall": 1756987402.9499645,
  "end_time_wall": 1756987402.9505553,
  "wall_time_sec": 0.0005911340049351566,
  "steps": 1,
  "packets": 12,
  "dropped": 12,
  "running_total_steps": 8844,
  "running_total_packets": 125572348,
  "running_total_dropped": 1468177,
  "running_total_time_sec": 21.163506533004693,
  "p_gb": 0.00606,
  "p_bg": 0.6,
  "good_loss_rate": 0.0,
  "bad_loss_rate": 1.0
}