{
  "state": "bad",
  "episode_index": 10473,
  "state_ordinal": 5236,
  "start_time_wall": 1756989708.5829496,
  "end_time_wall": 1756989708.5834165,
  "wall_time_sec": 0.00046702200052095577,
  "steps": 1,
  "packets": 6,
  "dropped": 6,
  "running_total_steps": 893635,
  "running_total_packets": 12688393459,
  "running_total_dropped": 122416860,
  "running_total_time_sec": 2326.796367654002,
  "p_gb": 0.00606,
  "p_bg": 0.6,
  "good_loss_rate": 0.0,
  "bad_loss_rate": 1.0
}