{
  "state": "bad",
  "episode_index": 7291,
  "state_ordinal": 3645,
  "start_time_wall": 1756988984.9714034,
  "end_time_wall": 1756988984.9900854,
  "wall_time_sec": 0.018682861998968292,
  "steps": 1,
  "packets": 31819,
  "dropped": 31819,
  "running_total_steps": 618060,
  "running_total_packets": 8775609602,
  "running_total_dropped": 86448236,
  "running_total_time_sec": 1603.2030372020017,
  "p_gb": 0.00606,
  "p_bg": 0.6,
  "good_loss_rate": 0.0,
  "bad_loss_rate": 1.0
}