{
  "state": "bad",
  "episode_index": 7941,
  "state_ordinal": 3970,
  "start_time_wall": 1756989144.0766728,
  "end_time_wall": 1756989144.0771549,
  "wall_time_sec": 0.00048194199916906655,
  "steps": 1,
  "packets": 6,
  "dropped": 6,
  "running_total_steps": 669402,
  "running_total_packets": 9504696433,
  "running_total_dropped": 93054496,
  "running_total_time_sec": 1762.2901057729978,
  "p_gb": 0.00606,
  "p_bg": 0.6,
  "good_loss_rate": 0.0,
  "bad_loss_rate": 1.0
}