{
  "state": "bad",
  "episode_index": 4193,
  "state_ordinal": 2096,
  "start_time_wall": 1756988306.1128407,
  "end_time_wall": 1756988306.1626348,
  "wall_time_sec": 0.049794448001193814,
  "steps": 2,
  "packets": 43390,
  "dropped": 43390,
  "running_total_steps": 355473,
  "running_total_packets": 5047300455,
  "running_total_dropped": 49928579,
  "running_total_time_sec": 924.3755860710007,
  "p_gb": 0.00606,
  "p_bg": 0.6,
  "good_loss_rate": 0.0,
  "bad_loss_rate": 1.0
}