{
  "state": "bad",
  "episode_index": 4335,
  "state_ordinal": 2167,
  "start_time_wall": 1756988330.7117693,
  "end_time_wall": 1756988330.7360308,
  "wall_time_sec": 0.024261304999527056,
  "steps": 1,
  "packets": 11571,
  "dropped": 11571,
  "running_total_steps": 366242,
  "running_total_packets": 5200272144,
  "running_total_dropped": 51787284,
  "running_total_time_sec": 948.948981663998,
  "p_gb": 0.00606,
  "p_bg": 0.6,
  "good_loss_rate": 0.0,
  "bad_loss_rate": 1.0
}