{
  "state": "bad",
  "episode_index": 1147,
  "state_ordinal": 573,
  "start_time_wall": 1756987615.3068047,
  "end_time_wall": 1756987615.5065966,
  "wall_time_sec": 0.199791990002268,
  "steps": 3,
  "packets": 63644,
  "dropped": 63644,
  "running_total_steps": 95913,
  "running_total_packets": 1361985212,
  "running_total_dropped": 13427831,
  "running_total_time_sec": 233.7195477990026,
  "p_gb": 0.00606,
  "p_bg": 0.6,
  "good_loss_rate": 0.0,
  "bad_loss_rate": 1.0
}