{
  "state": "bad",
  "episode_index": 6517,
  "state_ordinal": 3258,
  "start_time_wall": 1756988799.3478556,
  "end_time_wall": 1756988799.3531053,
  "wall_time_sec": 0.005249945999821648,
  "steps": 1,
  "packets": 1447,
  "dropped": 1447,
  "running_total_steps": 543552,
  "running_total_packets": 7717792900,
  "running_total_dropped": 77161703,
  "running_total_time_sec": 1417.566056399999,
  "p_gb": 0.00606,
  "p_bg": 0.6,
  "good_loss_rate": 0.0,
  "bad_loss_rate": 1.0
}