{
  "state": "bad",
  "episode_index": 6185,
  "state_ordinal": 3092,
  "start_time_wall": 1756988744.9829311,
  "end_time_wall": 1756988745.1553082,
  "wall_time_sec": 0.17237738499534316,
  "steps": 2,
  "packets": 31825,
  "dropped": 31825,
  "running_total_steps": 516888,
  "running_total_packets": 7339180955,
  "running_total_dropped": 73279205,
  "running_total_time_sec": 1363.368259554998,
  "p_gb": 0.00606,
  "p_bg": 0.6,
  "good_loss_rate": 0.0,
  "bad_loss_rate": 1.0
}