{
  "state": "bad",
  "episode_index": 1873,
  "state_ordinal": 936,
  "start_time_wall": 1756987776.289021,
  "end_time_wall": 1756987776.4357147,
  "wall_time_sec": 0.14669417699769838,
  "steps": 2,
  "packets": 13018,
  "dropped": 13018,
  "running_total_steps": 157266,
  "running_total_packets": 2233050446,
  "running_total_dropped": 22375795,
  "running_total_time_sec": 394.6486660849987,
  "p_gb": 0.00606,
  "p_bg": 0.6,
  "good_loss_rate": 0.0,
  "bad_loss_rate": 1.0
}