{
  "state": "bad",
  "episode_index": 7155,
  "state_ordinal": 3577,
  "start_time_wall": 1756988956.3929675,
  "end_time_wall": 1756988956.5481844,
  "wall_time_sec": 0.15521717199590057,
  "steps": 1,
  "packets": 1447,
  "dropped": 1447,
  "running_total_steps": 604180,
  "running_total_packets": 8578524434,
  "running_total_dropped": 84634348,
  "running_total_time_sec": 1574.7611356179987,
  "p_gb": 0.00606,
  "p_bg": 0.6,
  "good_loss_rate": 0.0,
  "bad_loss_rate": 1.0
}