{
  "state": "bad",
  "episode_index": 7029,
  "state_ordinal": 3514,
  "start_time_wall": 1756988933.62701,
  "end_time_wall": 1756988933.6364324,
  "wall_time_sec": 0.009422370996617246,
  "steps": 3,
  "packets": 14465,
  "dropped": 14465,
  "running_total_steps": 592889,
  "running_total_packets": 8418230633,
  "running_total_dropped": 83331036,
  "running_total_time_sec": 1551.8493833489993,
  "p_gb": 0.00606,
  "p_bg": 0.6,
  "good_loss_rate": 0.0,
  "bad_loss_rate": 1.0
}