{
  "state": "bad",
  "episode_index": 17973,
  "state_ordinal": 8986,
  "start_time_wall": 1756991429.4000833,
  "end_time_wall": 1756991429.5817564,
  "wall_time_sec": 0.18167334500321886,
  "steps": 2,
  "packets": 31825,
  "dropped": 31825,
  "running_total_steps": 1542684,
  "running_total_packets": 21904115263,
  "running_total_dropped": 209997977,
  "running_total_time_sec": 4047.794707498004,
  "p_gb": 0.00606,
  "p_bg": 0.6,
  "good_loss_rate": 0.0,
  "bad_loss_rate": 1.0
}