{
  "state": "bad",
  "episode_index": 1935,
  "state_ordinal": 967,
  "start_time_wall": 1756987785.7133906,
  "end_time_wall": 1756987785.7148798,
  "wall_time_sec": 0.0014891169994371012,
  "steps": 1,
  "packets": 1447,
  "dropped": 1447,
  "running_total_steps": 161443,
  "running_total_packets": 2292376625,
  "running_total_dropped": 23193049,
  "running_total_time_sec": 403.92783072900056,
  "p_gb": 0.00606,
  "p_bg": 0.6,
  "good_loss_rate": 0.0,
  "bad_loss_rate": 1.0
}