{
  "state": "bad",
  "episode_index": 5047,
  "state_ordinal": 2523,
  "start_time_wall": 1756988477.5722013,
  "end_time_wall": 1756988477.726178,
  "wall_time_sec": 0.15397729499818524,
  "steps": 1,
  "packets": 31819,
  "dropped": 31819,
  "running_total_steps": 420947,
  "running_total_packets": 5977012005,
  "running_total_dropped": 59314850,
  "running_total_time_sec": 1095.9391295690002,
  "p_gb": 0.00606,
  "p_bg": 0.6,
  "good_loss_rate": 0.0,
  "bad_loss_rate": 1.0
}