{
  "state": "bad",
  "episode_index": 7135,
  "state_ordinal": 3567,
  "start_time_wall": 1756988952.5882034,
  "end_time_wall": 1756988952.5968604,
  "wall_time_sec": 0.008657349993882235,
  "steps": 2,
  "packets": 13018,
  "dropped": 13018,
  "running_total_steps": 602282,
  "running_total_packets": 8551635702,
  "running_total_dropped": 84537415,
  "running_total_time_sec": 1570.8098117269983,
  "p_gb": 0.00606,
  "p_bg": 0.6,
  "good_loss_rate": 0.0,
  "bad_loss_rate": 1.0
}