{
  "state": "bad",
  "episode_index": 2059,
  "state_ordinal": 1029,
  "start_time_wall": 1756987806.784456,
  "end_time_wall": 1756987806.7850208,
  "wall_time_sec": 0.0005649939994327724,
  "steps": 1,
  "packets": 12,
  "dropped": 12,
  "running_total_steps": 171654,
  "running_total_packets": 2437245118,
  "running_total_dropped": 24795762,
  "running_total_time_sec": 424.99797191299876,
  "p_gb": 0.00606,
  "p_bg": 0.6,
  "good_loss_rate": 0.0,
  "bad_loss_rate": 1.0
}