{
  "state": "bad",
  "episode_index": 7957,
  "state_ordinal": 3978,
  "start_time_wall": 1756989147.2530408,
  "end_time_wall": 1756989147.2724133,
  "wall_time_sec": 0.019372443995962385,
  "steps": 1,
  "packets": 31819,
  "dropped": 31819,
  "running_total_steps": 671045,
  "running_total_packets": 9528013783,
  "running_total_dropped": 93210709,
  "running_total_time_sec": 1765.4853643120005,
  "p_gb": 0.00606,
  "p_bg": 0.6,
  "good_loss_rate": 0.0,
  "bad_loss_rate": 1.0
}