{
  "state": "bad",
  "episode_index": 11421,
  "state_ordinal": 5710,
  "start_time_wall": 1756989954.836114,
  "end_time_wall": 1756989955.009588,
  "wall_time_sec": 0.17347484999481821,
  "steps": 1,
  "packets": 31819,
  "dropped": 31819,
  "running_total_steps": 970350,
  "running_total_packets": 13777675568,
  "running_total_dropped": 133550501,
  "running_total_time_sec": 2573.2225396959984,
  "p_gb": 0.00606,
  "p_bg": 0.6,
  "good_loss_rate": 0.0,
  "bad_loss_rate": 1.0
}