{
  "state": "bad",
  "episode_index": 13265,
  "state_ordinal": 6632,
  "start_time_wall": 1756990353.396775,
  "end_time_wall": 1756990353.3972864,
  "wall_time_sec": 0.0005116409956826828,
  "steps": 1,
  "packets": 6,
  "dropped": 6,
  "running_total_steps": 1130443,
  "running_total_packets": 16050853007,
  "running_total_dropped": 155396913,
  "running_total_time_sec": 2971.610237476998,
  "p_gb": 0.00606,
  "p_bg": 0.6,
  "good_loss_rate": 0.0,
  "bad_loss_rate": 1.0
}