{
  "state": "bad",
  "episode_index": 14689,
  "state_ordinal": 7344,
  "start_time_wall": 1756990681.364738,
  "end_time_wall": 1756990681.50569,
  "wall_time_sec": 0.14095224400080042,
  "steps": 1,
  "packets": 11571,
  "dropped": 11571,
  "running_total_steps": 1256747,
  "running_total_packets": 17844110959,
  "running_total_dropped": 171914472,
  "running_total_time_sec": 3299.7186412619994,
  "p_gb": 0.00606,
  "p_bg": 0.6,
  "good_loss_rate": 0.0,
  "bad_loss_rate": 1.0
}