{
  "state": "bad",
  "episode_index": 633,
  "state_ordinal": 316,
  "start_time_wall": 1756987483.6971369,
  "end_time_wall": 1756987483.912649,
  "wall_time_sec": 0.21551258700492326,
  "steps": 2,
  "packets": 63638,
  "dropped": 63638,
  "running_total_steps": 48466,
  "running_total_packets": 688307470,
  "running_total_dropped": 7291806,
  "running_total_time_sec": 102.12560052000481,
  "p_gb": 0.00606,
  "p_bg": 0.6,
  "good_loss_rate": 0.0,
  "bad_loss_rate": 1.0
}