{
  "state": "bad",
  "episode_index": 425,
  "state_ordinal": 212,
  "start_time_wall": 1756987450.764733,
  "end_time_wall": 1756987450.9388506,
  "wall_time_sec": 0.1741173889968195,
  "steps": 2,
  "packets": 12,
  "dropped": 12,
  "running_total_steps": 32380,
  "running_total_packets": 459904436,
  "running_total_dropped": 5023663,
  "running_total_time_sec": 69.15180165100173,
  "p_gb": 0.00606,
  "p_bg": 0.6,
  "good_loss_rate": 0.0,
  "bad_loss_rate": 1.0
}