{
  "state": "bad",
  "episode_index": 3271,
  "state_ordinal": 1635,
  "start_time_wall": 1756988092.0235996,
  "end_time_wall": 1756988092.0429919,
  "wall_time_sec": 0.019392499001696706,
  "steps": 1,
  "packets": 31819,
  "dropped": 31819,
  "running_total_steps": 278729,
  "running_total_packets": 3957653819,
  "running_total_dropped": 38965773,
  "running_total_time_sec": 710.2559430010006,
  "p_gb": 0.00606,
  "p_bg": 0.6,
  "good_loss_rate": 0.0,
  "bad_loss_rate": 1.0
}