{
  "state": "bad",
  "episode_index": 9393,
  "state_ordinal": 4696,
  "start_time_wall": 1756989483.5743008,
  "end_time_wall": 1756989483.5936303,
  "wall_time_sec": 0.01933028400526382,
  "steps": 1,
  "packets": 31819,
  "dropped": 31819,
  "running_total_steps": 800936,
  "running_total_packets": 11372251690,
  "running_total_dropped": 109375414,
  "running_total_time_sec": 2101.8065818250034,
  "p_gb": 0.00606,
  "p_bg": 0.6,
  "good_loss_rate": 0.0,
  "bad_loss_rate": 1.0
}