{
  "state": "bad",
  "episode_index": 10357,
  "state_ordinal": 5178,
  "start_time_wall": 1756989690.892504,
  "end_time_wall": 1756989690.8929636,
  "wall_time_sec": 0.00045941199641674757,
  "steps": 1,
  "packets": 6,
  "dropped": 6,
  "running_total_steps": 885094,
  "running_total_packets": 12567192390,
  "running_total_dropped": 120954417,
  "running_total_time_sec": 2309.1059145969994,
  "p_gb": 0.00606,
  "p_bg": 0.6,
  "good_loss_rate": 0.0,
  "bad_loss_rate": 1.0
}