{
  "state": "bad",
  "episode_index": 16135,
  "state_ordinal": 8067,
  "start_time_wall": 1756991027.5269678,
  "end_time_wall": 1756991027.6935136,
  "wall_time_sec": 0.16654598800232634,
  "steps": 2,
  "packets": 2894,
  "dropped": 2894,
  "running_total_steps": 1381888,
  "running_total_packets": 19620996134,
  "running_total_dropped": 188492851,
  "running_total_time_sec": 3645.9064646740007,
  "p_gb": 0.00606,
  "p_bg": 0.6,
  "good_loss_rate": 0.0,
  "bad_loss_rate": 1.0
}