{
  "state": "bad",
  "episode_index": 5067,
  "state_ordinal": 2533,
  "start_time_wall": 1756988479.562492,
  "end_time_wall": 1756988479.5698955,
  "wall_time_sec": 0.007403588999295607,
  "steps": 1,
  "packets": 11571,
  "dropped": 11571,
  "running_total_steps": 421844,
  "running_total_packets": 5989654306,
  "running_total_dropped": 59570885,
  "running_total_time_sec": 1097.782846438,
  "p_gb": 0.00606,
  "p_bg": 0.6,
  "good_loss_rate": 0.0,
  "bad_loss_rate": 1.0
}