{
  "state": "bad",
  "episode_index": 13289,
  "state_ordinal": 6644,
  "start_time_wall": 1756990358.347432,
  "end_time_wall": 1756990358.348775,
  "wall_time_sec": 0.0013431449988274835,
  "steps": 1,
  "packets": 1447,
  "dropped": 1447,
  "running_total_steps": 1132782,
  "running_total_packets": 16083960182,
  "running_total_dropped": 155624024,
  "running_total_time_sec": 2976.561726097003,
  "p_gb": 0.00606,
  "p_bg": 0.6,
  "good_loss_rate": 0.0,
  "bad_loss_rate": 1.0
}