{
  "state": "bad",
  "episode_index": 11029,
  "state_ordinal": 5514,
  "start_time_wall": 1756989831.9426022,
  "end_time_wall": 1756989831.9819412,
  "wall_time_sec": 0.039339782000752166,
  "steps": 2,
  "packets": 63638,
  "dropped": 63638,
  "running_total_steps": 936244,
  "running_total_packets": 13293392032,
  "running_total_dropped": 129267390,
  "running_total_time_sec": 2450.1948930490034,
  "p_gb": 0.00606,
  "p_bg": 0.6,
  "good_loss_rate": 0.0,
  "bad_loss_rate": 1.0
}