{
  "state": "bad",
  "episode_index": 14521,
  "state_ordinal": 7260,
  "start_time_wall": 1756990647.131286,
  "end_time_wall": 1756990647.132023,
  "wall_time_sec": 0.0007370990060735494,
  "steps": 2,
  "packets": 12,
  "dropped": 12,
  "running_total_steps": 1239814,
  "running_total_packets": 17603748370,
  "running_total_dropped": 170183017,
  "running_total_time_sec": 3265.344974124004,
  "p_gb": 0.00606,
  "p_bg": 0.6,
  "good_loss_rate": 0.0,
  "bad_loss_rate": 1.0
}