{
  "state": "bad",
  "episode_index": 13617,
  "state_ordinal": 6808,
  "start_time_wall": 1756990450.1477318,
  "end_time_wall": 1756990450.1675775,
  "wall_time_sec": 0.019846677001623902,
  "steps": 1,
  "packets": 31819,
  "dropped": 31819,
  "running_total_steps": 1160589,
  "running_total_packets": 16478876907,
  "running_total_dropped": 159445616,
  "running_total_time_sec": 3068.380529400005,
  "p_gb": 0.00606,
  "p_bg": 0.6,
  "good_loss_rate": 0.0,
  "bad_loss_rate": 1.0
}