{
  "state": "bad",
  "episode_index": 16779,
  "state_ordinal": 8389,
  "start_time_wall": 1756991179.3814883,
  "end_time_wall": 1756991179.3839657,
  "wall_time_sec": 0.0024773440018179826,
  "steps": 2,
  "packets": 2894,
  "dropped": 2894,
  "running_total_steps": 1438312,
  "running_total_packets": 20422036974,
  "running_total_dropped": 195855571,
  "running_total_time_sec": 3797.596916734001,
  "p_gb": 0.00606,
  "p_bg": 0.6,
  "good_loss_rate": 0.0,
  "bad_loss_rate": 1.0
}