{
  "state": "bad",
  "episode_index": 10027,
  "state_ordinal": 5013,
  "start_time_wall": 1756989631.884048,
  "end_time_wall": 1756989631.884519,
  "wall_time_sec": 0.00047132300096563995,
  "steps": 1,
  "packets": 6,
  "dropped": 6,
  "running_total_steps": 856788,
  "running_total_packets": 12165276107,
  "running_total_dropped": 117286109,
  "running_total_time_sec": 2250.0974701119994,
  "p_gb": 0.00606,
  "p_bg": 0.6,
  "good_loss_rate": 0.0,
  "bad_loss_rate": 1.0
}