{
  "state": "bad",
  "episode_index": 3921,
  "state_ordinal": 1960,
  "start_time_wall": 1756988256.9285522,
  "end_time_wall": 1756988257.1127872,
  "wall_time_sec": 0.18423541200172622,
  "steps": 3,
  "packets": 95457,
  "dropped": 95457,
  "running_total_steps": 333848,
  "running_total_packets": 4740234602,
  "running_total_dropped": 46795544,
  "running_total_time_sec": 875.3257385340039,
  "p_gb": 0.00606,
  "p_bg": 0.6,
  "good_loss_rate": 0.0,
  "bad_loss_rate": 1.0
}