{
  "state": "bad",
  "episode_index": 3949,
  "state_ordinal": 1974,
  "start_time_wall": 1756988263.227323,
  "end_time_wall": 1756988263.2555115,
  "wall_time_sec": 0.028188667994982097,
  "steps": 1,
  "packets": 31819,
  "dropped": 31819,
  "running_total_steps": 336570,
  "running_total_packets": 4778910752,
  "running_total_dropped": 47100759,
  "running_total_time_sec": 881.4684626329981,
  "p_gb": 0.00606,
  "p_bg": 0.6,
  "good_loss_rate": 0.0,
  "bad_loss_rate": 1.0
}