{
  "state": "bad",
  "episode_index": 12041,
  "state_ordinal": 6020,
  "start_time_wall": 1756990072.6469905,
  "end_time_wall": 1756990072.6847305,
  "wall_time_sec": 0.037740366999059916,
  "steps": 2,
  "packets": 63638,
  "dropped": 63638,
  "running_total_steps": 1027547,
  "running_total_packets": 14589890501,
  "running_total_dropped": 141416553,
  "running_total_time_sec": 2690.8976819050004,
  "p_gb": 0.00606,
  "p_bg": 0.6,
  "good_loss_rate": 0.0,
  "bad_loss_rate": 1.0
}