{
  "state": "bad",
  "episode_index": 599,
  "state_ordinal": 299,
  "start_time_wall": 1756987475.6432297,
  "end_time_wall": 1756987475.663275,
  "wall_time_sec": 0.02004532799765002,
  "steps": 2,
  "packets": 31825,
  "dropped": 31825,
  "running_total_steps": 44730,
  "running_total_packets": 635208417,
  "running_total_dropped": 6930183,
  "running_total_time_sec": 93.87622607999947,
  "p_gb": 0.00606,
  "p_bg": 0.6,
  "good_loss_rate": 0.0,
  "bad_loss_rate": 1.0
}