{
  "state": "bad",
  "episode_index": 18909,
  "state_ordinal": 9454,
  "start_time_wall": 1756991675.586066,
  "end_time_wall": 1756991675.5866027,
  "wall_time_sec": 0.0005369729988160543,
  "steps": 1,
  "packets": 6,
  "dropped": 6,
  "running_total_steps": 1620498,
  "running_total_packets": 23008945657,
  "running_total_dropped": 221925698,
  "running_total_time_sec": 4293.799553853998,
  "p_gb": 0.00606,
  "p_bg": 0.6,
  "good_loss_rate": 0.0,
  "bad_loss_rate": 1.0
}