{
  "state": "bad",
  "episode_index": 17285,
  "state_ordinal": 8642,
  "start_time_wall": 1756991307.6337895,
  "end_time_wall": 1756991307.8150597,
  "wall_time_sec": 0.18127054200158454,
  "steps": 4,
  "packets": 63650,
  "dropped": 63650,
  "running_total_steps": 1483810,
  "running_total_packets": 21068160598,
  "running_total_dropped": 201755869,
  "running_total_time_sec": 3926.028010811002,
  "p_gb": 0.00606,
  "p_bg": 0.6,
  "good_loss_rate": 0.0,
  "bad_loss_rate": 1.0
}