{
  "state": "bad",
  "episode_index": 6967,
  "state_ordinal": 3483,
  "start_time_wall": 1756988923.5362504,
  "end_time_wall": 1756988923.5639894,
  "wall_time_sec": 0.027739277000364382,
  "steps": 5,
  "packets": 44849,
  "dropped": 44849,
  "running_total_steps": 588192,
  "running_total_packets": 8351605484,
  "running_total_dropped": 82603426,
  "running_total_time_sec": 1541.7769405310028,
  "p_gb": 0.00606,
  "p_bg": 0.6,
  "good_loss_rate": 0.0,
  "bad_loss_rate": 1.0
}