{
  "state": "bad",
  "episode_index": 6953,
  "state_ordinal": 3476,
  "start_time_wall": 1756988920.8741066,
  "end_time_wall": 1756988921.0495884,
  "wall_time_sec": 0.17548190300294664,
  "steps": 3,
  "packets": 31831,
  "dropped": 31831,
  "running_total_steps": 586846,
  "running_total_packets": 8332465582,
  "running_total_dropped": 82358972,
  "running_total_time_sec": 1539.2625395490031,
  "p_gb": 0.00606,
  "p_bg": 0.6,
  "good_loss_rate": 0.0,
  "bad_loss_rate": 1.0
}