{
  "state": "bad",
  "episode_index": 11403,
  "state_ordinal": 5701,
  "start_time_wall": 1756989952.5621727,
  "end_time_wall": 1756989952.609282,
  "wall_time_sec": 0.047109416002058424,
  "steps": 3,
  "packets": 75209,
  "dropped": 75209,
  "running_total_steps": 969154,
  "running_total_packets": 13760705390,
  "running_total_dropped": 133397171,
  "running_total_time_sec": 2570.8222331450015,
  "p_gb": 0.00606,
  "p_bg": 0.6,
  "good_loss_rate": 0.0,
  "bad_loss_rate": 1.0
}