{
  "state": "bad",
  "episode_index": 6755,
  "state_ordinal": 3377,
  "start_time_wall": 1756988846.5564258,
  "end_time_wall": 1756988846.5756657,
  "wall_time_sec": 0.019240321998950094,
  "steps": 1,
  "packets": 31819,
  "dropped": 31819,
  "running_total_steps": 566725,
  "running_total_packets": 8046799041,
  "running_total_dropped": 80179072,
  "running_total_time_sec": 1464.7886170650017,
  "p_gb": 0.00606,
  "p_bg": 0.6,
  "good_loss_rate": 0.0,
  "bad_loss_rate": 1.0
}