{
  "state": "bad",
  "episode_index": 3871,
  "state_ordinal": 1935,
  "start_time_wall": 1756988246.5625508,
  "end_time_wall": 1756988246.7331173,
  "wall_time_sec": 0.17056654499901924,
  "steps": 2,
  "packets": 13018,
  "dropped": 13018,
  "running_total_steps": 328703,
  "running_total_packets": 4667211655,
  "running_total_dropped": 46157627,
  "running_total_time_sec": 864.9460684599981,
  "p_gb": 0.00606,
  "p_bg": 0.6,
  "good_loss_rate": 0.0,
  "bad_loss_rate": 1.0
}