{
  "state": "bad",
  "episode_index": 2165,
  "state_ordinal": 1082,
  "start_time_wall": 1756987827.0041835,
  "end_time_wall": 1756987827.1546965,
  "wall_time_sec": 0.15051299199694768,
  "steps": 3,
  "packets": 13024,
  "dropped": 13024,
  "running_total_steps": 182145,
  "running_total_packets": 2586328629,
  "running_total_dropped": 26368137,
  "running_total_time_sec": 445.36764758799836,
  "p_gb": 0.00606,
  "p_bg": 0.6,
  "good_loss_rate": 0.0,
  "bad_loss_rate": 1.0
}