{
  "state": "bad",
  "episode_index": 3981,
  "state_ordinal": 1990,
  "start_time_wall": 1756988267.1665506,
  "end_time_wall": 1756988267.1893423,
  "wall_time_sec": 0.022791895004047547,
  "steps": 1,
  "packets": 6,
  "dropped": 6,
  "running_total_steps": 338101,
  "running_total_packets": 4800712193,
  "running_total_dropped": 47387174,
  "running_total_time_sec": 885.402293445004,
  "p_gb": 0.00606,
  "p_bg": 0.6,
  "good_loss_rate": 0.0,
  "bad_loss_rate": 1.0
}