{
  "state": "bad",
  "episode_index": 4759,
  "state_ordinal": 2379,
  "start_time_wall": 1756988432.1569722,
  "end_time_wall": 1756988432.1759977,
  "wall_time_sec": 0.01902580800378928,
  "steps": 1,
  "packets": 31819,
  "dropped": 31819,
  "running_total_steps": 398104,
  "running_total_packets": 5652605688,
  "running_total_dropped": 56437744,
  "running_total_time_sec": 1050.3889490220026,
  "p_gb": 0.00606,
  "p_bg": 0.6,
  "good_loss_rate": 0.0,
  "bad_loss_rate": 1.0
}