{
  "state": "bad",
  "episode_index": 12547,
  "state_ordinal": 6273,
  "start_time_wall": 1756990197.0360115,
  "end_time_wall": 1756990197.0386803,
  "wall_time_sec": 0.0026688489961088635,
  "steps": 2,
  "packets": 2894,
  "dropped": 2894,
  "running_total_steps": 1070383,
  "running_total_packets": 15198032309,
  "running_total_dropped": 146755624,
  "running_total_time_sec": 2815.2516314120003,
  "p_gb": 0.00606,
  "p_bg": 0.6,
  "good_loss_rate": 0.0,
  "bad_loss_rate": 1.0
}