{
  "state": "bad",
  "episode_index": 3,
  "state_ordinal": 1,
  "start_time_wall": 1756987386.5670164,
  "end_time_wall": 1756987386.7627711,
  "wall_time_sec": 0.19575550199806457,
  "steps": 2,
  "packets": 63638,
  "dropped": 63638,
  "running_total_steps": 610,
  "running_total_packets": 8832214,
  "running_total_dropped": 75209,
  "running_total_time_sec": 4.975723028997891,
  "p_gb": 0.00606,
  "p_bg": 0.6,
  "good_loss_rate": 0.0,
  "bad_loss_rate": 1.0
}