{
  "state": "bad",
  "episode_index": 12207,
  "state_ordinal": 6103,
  "start_time_wall": 1756990135.6326625,
  "end_time_wall": 1756990135.6707513,
  "wall_time_sec": 0.03808912200474879,
  "steps": 2,
  "packets": 63638,
  "dropped": 63638,
  "running_total_steps": 1040894,
  "running_total_packets": 14779342568,
  "running_total_dropped": 143188509,
  "running_total_time_sec": 2753.8837027000045,
  "p_gb": 0.00606,
  "p_bg": 0.6,
  "good_loss_rate": 0.0,
  "bad_loss_rate": 1.0
}