{
  "state": "bad",
  "episode_index": 15519,
  "state_ordinal": 7759,
  "start_time_wall": 1756990877.8264327,
  "end_time_wall": 1756990878.0013077,
  "wall_time_sec": 0.17487536000408,
  "steps": 1,
  "packets": 31819,
  "dropped": 31819,
  "running_total_steps": 1325684,
  "running_total_packets": 18822978442,
  "running_total_dropped": 181600274,
  "running_total_time_sec": 3496.214259238004,
  "p_gb": 0.00606,
  "p_bg": 0.6,
  "good_loss_rate": 0.0,
  "bad_loss_rate": 1.0
}