{
  "state": "bad",
  "episode_index": 16131,
  "state_ordinal": 8065,
  "start_time_wall": 1756991026.8105683,
  "end_time_wall": 1756991026.9437926,
  "wall_time_sec": 0.13322438599425368,
  "steps": 2,
  "packets": 12,
  "dropped": 12,
  "running_total_steps": 1381828,
  "running_total_packets": 19620071832,
  "running_total_dropped": 188476939,
  "running_total_time_sec": 3645.1567437999984,
  "p_gb": 0.00606,
  "p_bg": 0.6,
  "good_loss_rate": 0.0,
  "bad_loss_rate": 1.0
}