{
  "state": "bad",
  "episode_index": 16087,
  "state_ordinal": 8043,
  "start_time_wall": 1756991019.3729706,
  "end_time_wall": 1756991019.382082,
  "wall_time_sec": 0.00911154800269287,
  "steps": 2,
  "packets": 13018,
  "dropped": 13018,
  "running_total_steps": 1378140,
  "running_total_packets": 19567742304,
  "running_total_dropped": 187820258,
  "running_total_time_sec": 3637.5950330510022,
  "p_gb": 0.00606,
  "p_bg": 0.6,
  "good_loss_rate": 0.0,
  "bad_loss_rate": 1.0
}