{
  "state": "bad",
  "episode_index": 13009,
  "state_ordinal": 6504,
  "start_time_wall": 1756990315.1142192,
  "end_time_wall": 1756990315.1329253,
  "wall_time_sec": 0.018706171998928767,
  "steps": 1,
  "packets": 31819,
  "dropped": 31819,
  "running_total_steps": 1111389,
  "running_total_packets": 15780274767,
  "running_total_dropped": 152655762,
  "running_total_time_sec": 2933.345876432002,
  "p_gb": 0.00606,
  "p_bg": 0.6,
  "good_loss_rate": 0.0,
  "bad_loss_rate": 1.0
}