{
  "state": "bad",
  "episode_index": 9209,
  "state_ordinal": 4604,
  "start_time_wall": 1756989445.1222043,
  "end_time_wall": 1756989445.3034308,
  "wall_time_sec": 0.18122723999840673,
  "steps": 1,
  "packets": 31819,
  "dropped": 31819,
  "running_total_steps": 782143,
  "running_total_packets": 11105469035,
  "running_total_dropped": 107105837,
  "running_total_time_sec": 2063.516382681999,
  "p_gb": 0.00606,
  "p_bg": 0.6,
  "good_loss_rate": 0.0,
  "bad_loss_rate": 1.0
}