{
  "state": "bad",
  "episode_index": 12243,
  "state_ordinal": 6121,
  "start_time_wall": 1756990144.5284216,
  "end_time_wall": 1756990144.6985292,
  "wall_time_sec": 0.17010763600410428,
  "steps": 1,
  "packets": 11571,
  "dropped": 11571,
  "running_total_steps": 1045049,
  "running_total_packets": 14838328833,
  "running_total_dropped": 143531334,
  "running_total_time_sec": 2762.911480353003,
  "p_gb": 0.00606,
  "p_bg": 0.6,
  "good_loss_rate": 0.0,
  "bad_loss_rate": 1.0
}