{
  "state": "bad",
  "episode_index": 3485,
  "state_ordinal": 1742,
  "start_time_wall": 1756988126.8907702,
  "end_time_wall": 1756988126.8984313,
  "wall_time_sec": 0.00766127000679262,
  "steps": 1,
  "packets": 11571,
  "dropped": 11571,
  "running_total_steps": 295652,
  "running_total_packets": 4197880450,
  "running_total_dropped": 41216514,
  "running_total_time_sec": 745.1113823480046,
  "p_gb": 0.00606,
  "p_bg": 0.6,
  "good_loss_rate": 0.0,
  "bad_loss_rate": 1.0
}