{
  "state": "bad",
  "episode_index": 5093,
  "state_ordinal": 2546,
  "start_time_wall": 1756988484.964662,
  "end_time_wall": 1756988485.1142044,
  "wall_time_sec": 0.1495423629967263,
  "steps": 1,
  "packets": 6,
  "dropped": 6,
  "running_total_steps": 424511,
  "running_total_packets": 6027472692,
  "running_total_dropped": 60256475,
  "running_total_time_sec": 1103.327155480998,
  "p_gb": 0.00606,
  "p_bg": 0.6,
  "good_loss_rate": 0.0,
  "bad_loss_rate": 1.0
}