{
  "state": "bad",
  "episode_index": 12833,
  "state_ordinal": 6416,
  "start_time_wall": 1756990283.869692,
  "end_time_wall": 1756990284.0248127,
  "wall_time_sec": 0.15512081400083844,
  "steps": 1,
  "packets": 6,
  "dropped": 6,
  "running_total_steps": 1096188,
  "running_total_packets": 15564412759,
  "running_total_dropped": 150510632,
  "running_total_time_sec": 2902.2377639100014,
  "p_gb": 0.00606,
  "p_bg": 0.6,
  "good_loss_rate": 0.0,
  "bad_loss_rate": 1.0
}