{
  "state": "bad",
  "episode_index": 6783,
  "state_ordinal": 3391,
  "start_time_wall": 1756988851.2184048,
  "end_time_wall": 1756988851.3874483,
  "wall_time_sec": 0.1690434810006991,
  "steps": 4,
  "packets": 13030,
  "dropped": 13030,
  "running_total_steps": 569043,
  "running_total_packets": 8079754339,
  "running_total_dropped": 80579737,
  "running_total_time_sec": 1469.6003993449995,
  "p_gb": 0.00606,
  "p_bg": 0.6,
  "good_loss_rate": 0.0,
  "bad_loss_rate": 1.0
}