{
  "state": "bad",
  "episode_index": 1797,
  "state_ordinal": 898,
  "start_time_wall": 1756987765.7566922,
  "end_time_wall": 1756987765.764573,
  "wall_time_sec": 0.007880951998231467,
  "steps": 1,
  "packets": 11571,
  "dropped": 11571,
  "running_total_steps": 151886,
  "running_total_packets": 2156615230,
  "running_total_dropped": 21594671,
  "running_total_time_sec": 383.9775242399992,
  "p_gb": 0.00606,
  "p_bg": 0.6,
  "good_loss_rate": 0.0,
  "bad_loss_rate": 1.0
}