{
  "state": "bad",
  "episode_index": 9761,
  "state_ordinal": 4880,
  "start_time_wall": 1756989553.1327949,
  "end_time_wall": 1756989553.1339283,
  "wall_time_sec": 0.0011334889932186343,
  "steps": 1,
  "packets": 1447,
  "dropped": 1447,
  "running_total_steps": 835011,
  "running_total_packets": 11856094055,
  "running_total_dropped": 113729288,
  "running_total_time_sec": 2171.346879206998,
  "p_gb": 0.00606,
  "p_bg": 0.6,
  "good_loss_rate": 0.0,
  "bad_loss_rate": 1.0
}