{
  "state": "bad",
  "episode_index": 3317,
  "state_ordinal": 1658,
  "start_time_wall": 1756988099.5711892,
  "end_time_wall": 1756988099.5725727,
  "wall_time_sec": 0.0013835139980074018,
  "steps": 1,
  "packets": 1447,
  "dropped": 1447,
  "running_total_steps": 282387,
  "running_total_packets": 4009523375,
  "running_total_dropped": 39521201,
  "running_total_time_sec": 717.7855237760014,
  "p_gb": 0.00606,
  "p_bg": 0.6,
  "good_loss_rate": 0.0,
  "bad_loss_rate": 1.0
}