{
  "state": "bad",
  "episode_index": 10749,
  "state_ordinal": 5374,
  "start_time_wall": 1756989786.8531027,
  "end_time_wall": 1756989786.8731508,
  "wall_time_sec": 0.02004865500202868,
  "steps": 1,
  "packets": 31819,
  "dropped": 31819,
  "running_total_steps": 914481,
  "running_total_packets": 12984408147,
  "running_total_dropped": 125950566,
  "running_total_time_sec": 2405.0861022850004,
  "p_gb": 0.00606,
  "p_bg": 0.6,
  "good_loss_rate": 0.0,
  "bad_loss_rate": 1.0
}