{
  "state": "bad",
  "episode_index": 14343,
  "state_ordinal": 7171,
  "start_time_wall": 1756990613.415215,
  "end_time_wall": 1756990613.4229414,
  "wall_time_sec": 0.007726566997007467,
  "steps": 2,
  "packets": 11577,
  "dropped": 11577,
  "running_total_steps": 1223333,
  "running_total_packets": 17369738747,
  "running_total_dropped": 168150680,
  "running_total_time_sec": 3231.635892569,
  "p_gb": 0.00606,
  "p_bg": 0.6,
  "good_loss_rate": 0.0,
  "bad_loss_rate": 1.0
}