{
  "state": "bad",
  "episode_index": 12345,
  "state_ordinal": 6172,
  "start_time_wall": 1756990161.197367,
  "end_time_wall": 1756990161.379671,
  "wall_time_sec": 0.1823048229998676,
  "steps": 1,
  "packets": 31819,
  "dropped": 31819,
  "running_total_steps": 1053055,
  "running_total_packets": 14952063131,
  "running_total_dropped": 144438334,
  "running_total_time_sec": 2779.5926227829987,
  "p_gb": 0.00606,
  "p_bg": 0.6,
  "good_loss_rate": 0.0,
  "bad_loss_rate": 1.0
}