{
  "state": "bad",
  "episode_index": 9701,
  "state_ordinal": 4850,
  "start_time_wall": 1756989539.316041,
  "end_time_wall": 1756989539.3353739,
  "wall_time_sec": 0.01933306000137236,
  "steps": 1,
  "packets": 31819,
  "dropped": 31819,
  "running_total_steps": 828042,
  "running_total_packets": 11757102332,
  "running_total_dropped": 112904794,
  "running_total_time_sec": 2157.5483250940015,
  "p_gb": 0.00606,
  "p_bg": 0.6,
  "good_loss_rate": 0.0,
  "bad_loss_rate": 1.0
}