{
  "state": "bad",
  "episode_index": 4277,
  "state_ordinal": 2138,
  "start_time_wall": 1756988320.8219192,
  "end_time_wall": 1756988320.8224254,
  "wall_time_sec": 0.0005061939955339767,
  "steps": 1,
  "packets": 6,
  "dropped": 6,
  "running_total_steps": 361944,
  "running_total_packets": 5139175463,
  "running_total_dropped": 51153710,
  "running_total_time_sec": 939.0353764419997,
  "p_gb": 0.00606,
  "p_bg": 0.6,
  "good_loss_rate": 0.0,
  "bad_loss_rate": 1.0
}