{
  "state": "bad",
  "episode_index": 13725,
  "state_ordinal": 6862,
  "start_time_wall": 1756990472.3381803,
  "end_time_wall": 1756990472.3766928,
  "wall_time_sec": 0.03851262700482039,
  "steps": 3,
  "packets": 63644,
  "dropped": 63644,
  "running_total_steps": 1171371,
  "running_total_packets": 16631899222,
  "running_total_dropped": 160625988,
  "running_total_time_sec": 3090.5896439920034,
  "p_gb": 0.00606,
  "p_bg": 0.6,
  "good_loss_rate": 0.0,
  "bad_loss_rate": 1.0
}