{
  "state": "bad",
  "episode_index": 7517,
  "state_ordinal": 3758,
  "start_time_wall": 1756989018.6958318,
  "end_time_wall": 1756989018.6963286,
  "wall_time_sec": 0.0004969139990862459,
  "steps": 1,
  "packets": 6,
  "dropped": 6,
  "running_total_steps": 633879,
  "running_total_packets": 9000282154,
  "running_total_dropped": 88976775,
  "running_total_time_sec": 1636.9092798280035,
  "p_gb": 0.00606,
  "p_bg": 0.6,
  "good_loss_rate": 0.0,
  "bad_loss_rate": 1.0
}