{
  "state": "bad",
  "episode_index": 449,
  "state_ordinal": 224,
  "start_time_wall": 1756987453.4213727,
  "end_time_wall": 1756987453.4219012,
  "wall_time_sec": 0.0005285229999572039,
  "steps": 1,
  "packets": 6,
  "dropped": 6,
  "running_total_steps": 33693,
  "running_total_packets": 478485992,
  "running_total_dropped": 5289817,
  "running_total_time_sec": 71.63485231099912,
  "p_gb": 0.00606,
  "p_bg": 0.6,
  "good_loss_rate": 0.0,
  "bad_loss_rate": 1.0
}