{
  "state": "bad",
  "episode_index": 5919,
  "state_ordinal": 2959,
  "start_time_wall": 1756988663.2770557,
  "end_time_wall": 1756988663.2840538,
  "wall_time_sec": 0.006998222001129761,
  "steps": 1,
  "packets": 11571,
  "dropped": 11571,
  "running_total_steps": 494519,
  "running_total_packets": 7021571675,
  "running_total_dropped": 69843769,
  "running_total_time_sec": 1281.49700494,
  "p_gb": 0.00606,
  "p_bg": 0.6,
  "good_loss_rate": 0.0,
  "bad_loss_rate": 1.0
}