{
  "state": "bad",
  "episode_index": 13755,
  "state_ordinal": 6877,
  "start_time_wall": 1756990474.8404515,
  "end_time_wall": 1756990474.8486216,
  "wall_time_sec": 0.008170207998773549,
  "steps": 2,
  "packets": 13018,
  "dropped": 13018,
  "running_total_steps": 1172711,
  "running_total_packets": 16650930643,
  "running_total_dropped": 160844420,
  "running_total_time_sec": 3093.061572630002,
  "p_gb": 0.00606,
  "p_bg": 0.6,
  "good_loss_rate": 0.0,
  "bad_loss_rate": 1.0
}