{
  "state": "bad",
  "episode_index": 17343,
  "state_ordinal": 8671,
  "start_time_wall": 1756991319.105051,
  "end_time_wall": 1756991319.3776386,
  "wall_time_sec": 0.27258768000319833,
  "steps": 5,
  "packets": 195266,
  "dropped": 195266,
  "running_total_steps": 1489414,
  "running_total_packets": 21147720224,
  "running_total_dropped": 202583303,
  "running_total_time_sec": 3937.590589694002,
  "p_gb": 0.00606,
  "p_bg": 0.6,
  "good_loss_rate": 0.0,
  "bad_loss_rate": 1.0
}