{
  "state": "bad",
  "episode_index": 17585,
  "state_ordinal": 8792,
  "start_time_wall": 1756991358.964422,
  "end_time_wall": 1756991358.9931114,
  "wall_time_sec": 0.02868948399554938,
  "steps": 5,
  "packets": 44849,
  "dropped": 44849,
  "running_total_steps": 1508889,
  "running_total_packets": 21424124909,
  "running_total_dropped": 205607882,
  "running_total_time_sec": 3977.2060622889985,
  "p_gb": 0.00606,
  "p_bg": 0.6,
  "good_loss_rate": 0.0,
  "bad_loss_rate": 1.0
}