{
  "state": "bad",
  "episode_index": 11719,
  "state_ordinal": 5859,
  "start_time_wall": 1756990009.7963045,
  "end_time_wall": 1756990009.8040404,
  "wall_time_sec": 0.00773650699557038,
  "steps": 1,
  "packets": 11571,
  "dropped": 11571,
  "running_total_steps": 997097,
  "running_total_packets": 14157443255,
  "running_total_dropped": 137593344,
  "running_total_time_sec": 2628.0169917169987,
  "p_gb": 0.00606,
  "p_bg": 0.6,
  "good_loss_rate": 0.0,
  "bad_loss_rate": 1.0
}