{
  "state": "bad",
  "episode_index": 8659,
  "state_ordinal": 4329,
  "start_time_wall": 1756989318.0642586,
  "end_time_wall": 1756989318.241295,
  "wall_time_sec": 0.1770367300050566,
  "steps": 2,
  "packets": 31825,
  "dropped": 31825,
  "running_total_steps": 737577,
  "running_total_packets": 10472660316,
  "running_total_dropped": 100849699,
  "running_total_time_sec": 1936.454246195004,
  "p_gb": 0.00606,
  "p_bg": 0.6,
  "good_loss_rate": 0.0,
  "bad_loss_rate": 1.0
}