{
  "state": "bad",
  "episode_index": 8623,
  "state_ordinal": 4311,
  "start_time_wall": 1756989313.2157686,
  "end_time_wall": 1756989313.2170925,
  "wall_time_sec": 0.0013242049972177483,
  "steps": 1,
  "packets": 1447,
  "dropped": 1447,
  "running_total_steps": 735177,
  "running_total_packets": 10438547841,
  "running_total_dropped": 100650050,
  "running_total_time_sec": 1931.430043799999,
  "p_gb": 0.00606,
  "p_bg": 0.6,
  "good_loss_rate": 0.0,
  "bad_loss_rate": 1.0
}