{
  "state": "bad",
  "episode_index": 18215,
  "state_ordinal": 9107,
  "start_time_wall": 1756991508.580103,
  "end_time_wall": 1756991508.7421758,
  "wall_time_sec": 0.16207298299559625,
  "steps": 1,
  "packets": 11571,
  "dropped": 11571,
  "running_total_steps": 1565318,
  "running_total_packets": 22225359574,
  "running_total_dropped": 213064508,
  "running_total_time_sec": 4126.955126804998,
  "p_gb": 0.00606,
  "p_bg": 0.6,
  "good_loss_rate": 0.0,
  "bad_loss_rate": 1.0
}