{
  "state": "bad",
  "episode_index": 843,
  "state_ordinal": 421,
  "start_time_wall": 1756987556.364954,
  "end_time_wall": 1756987556.3841019,
  "wall_time_sec": 0.019147897000948433,
  "steps": 1,
  "packets": 31819,
  "dropped": 31819,
  "running_total_steps": 67130,
  "running_total_packets": 953208248,
  "running_total_dropped": 9620702,
  "running_total_time_sec": 174.59705295500316,
  "p_gb": 0.00606,
  "p_bg": 0.6,
  "good_loss_rate": 0.0,
  "bad_loss_rate": 1.0
}