{
  "state": "bad",
  "episode_index": 12077,
  "state_ordinal": 6038,
  "start_time_wall": 1756990112.4594514,
  "end_time_wall": 1756990112.4608836,
  "wall_time_sec": 0.001432505996490363,
  "steps": 1,
  "packets": 1447,
  "dropped": 1447,
  "running_total_steps": 1029660,
  "running_total_packets": 14619779256,
  "running_total_dropped": 141960408,
  "running_total_time_sec": 2730.673834868998,
  "p_gb": 0.00606,
  "p_bg": 0.6,
  "good_loss_rate": 0.0,
  "bad_loss_rate": 1.0
}