{
  "state": "bad",
  "episode_index": 7571,
  "state_ordinal": 3785,
  "start_time_wall": 1756989026.7441735,
  "end_time_wall": 1756989026.9068553,
  "wall_time_sec": 0.16268205099913757,
  "steps": 1,
  "packets": 11571,
  "dropped": 11571,
  "running_total_steps": 637868,
  "running_total_packets": 9056900516,
  "running_total_dropped": 89553922,
  "running_total_time_sec": 1645.119806622999,
  "p_gb": 0.00606,
  "p_bg": 0.6,
  "good_loss_rate": 0.0,
  "bad_loss_rate": 1.0
}