{
  "state": "bad",
  "episode_index": 4889,
  "state_ordinal": 2444,
  "start_time_wall": 1756988450.3211617,
  "end_time_wall": 1756988450.340646,
  "wall_time_sec": 0.019484393997117877,
  "steps": 2,
  "packets": 31825,
  "dropped": 31825,
  "running_total_steps": 407388,
  "running_total_packets": 5784403715,
  "running_total_dropped": 57856711,
  "running_total_time_sec": 1068.553597195998,
  "p_gb": 0.00606,
  "p_bg": 0.6,
  "good_loss_rate": 0.0,
  "bad_loss_rate": 1.0
}