{
  "state": "bad",
  "episode_index": 8537,
  "state_ordinal": 4268,
  "start_time_wall": 1756989294.87226,
  "end_time_wall": 1756989295.046383,
  "wall_time_sec": 0.1741230830011773,
  "steps": 1,
  "packets": 31819,
  "dropped": 31819,
  "running_total_steps": 726319,
  "running_total_packets": 10312809139,
  "running_total_dropped": 99657724,
  "running_total_time_sec": 1913.2593341550019,
  "p_gb": 0.00606,
  "p_bg": 0.6,
  "good_loss_rate": 0.0,
  "bad_loss_rate": 1.0
}