{
  "state": "bad",
  "episode_index": 12097,
  "state_ordinal": 6048,
  "start_time_wall": 1756990115.7326524,
  "end_time_wall": 1756990115.741421,
  "wall_time_sec": 0.008768400002736598,
  "steps": 2,
  "packets": 13018,
  "dropped": 13018,
  "running_total_steps": 1031232,
  "running_total_packets": 14642124572,
  "running_total_dropped": 142188954,
  "running_total_time_sec": 2733.9543720090005,
  "p_gb": 0.00606,
  "p_bg": 0.6,
  "good_loss_rate": 0.0,
  "bad_loss_rate": 1.0
}