{
  "state": "bad",
  "episode_index": 7229,
  "state_ordinal": 3614,
  "start_time_wall": 1756988973.736489,
  "end_time_wall": 1756988973.9095035,
  "wall_time_sec": 0.1730144230023143,
  "steps": 2,
  "packets": 11577,
  "dropped": 11577,
  "running_total_steps": 612467,
  "running_total_packets": 8696320469,
  "running_total_dropped": 85523947,
  "running_total_time_sec": 1592.1224545400037,
  "p_gb": 0.00606,
  "p_bg": 0.6,
  "good_loss_rate": 0.0,
  "bad_loss_rate": 1.0
}