{
  "state": "bad",
  "episode_index": 6095,
  "state_ordinal": 3047,
  "start_time_wall": 1756988695.029384,
  "end_time_wall": 1756988695.0389261,
  "wall_time_sec": 0.009542198000417557,
  "steps": 3,
  "packets": 14465,
  "dropped": 14465,
  "running_total_steps": 509893,
  "running_total_packets": 7239794351,
  "running_total_dropped": 71813914,
  "running_total_time_sec": 1313.2518770980023,
  "p_gb": 0.00606,
  "p_bg": 0.6,
  "good_loss_rate": 0.0,
  "bad_loss_rate": 1.0
}