{
  "state": "bad",
  "episode_index": 10795,
  "state_ordinal": 5397,
  "start_time_wall": 1756989796.0533047,
  "end_time_wall": 1756989796.072721,
  "wall_time_sec": 0.019416429997363593,
  "steps": 1,
  "packets": 31819,
  "dropped": 31819,
  "running_total_steps": 918967,
  "running_total_packets": 13048076675,
  "running_total_dropped": 126458293,
  "running_total_time_sec": 2414.285672006001,
  "p_gb": 0.00606,
  "p_bg": 0.6,
  "good_loss_rate": 0.0,
  "bad_loss_rate": 1.0
}