{
  "state": "bad",
  "episode_index": 4049,
  "state_ordinal": 2024,
  "start_time_wall": 1756988279.6944382,
  "end_time_wall": 1756988279.7170534,
  "wall_time_sec": 0.022615526999288704,
  "steps": 2,
  "packets": 11577,
  "dropped": 11577,
  "running_total_steps": 343856,
  "running_total_packets": 4882334510,
  "running_total_dropped": 48211639,
  "running_total_time_sec": 897.930004556998,
  "p_gb": 0.00606,
  "p_bg": 0.6,
  "good_loss_rate": 0.0,
  "bad_loss_rate": 1.0
}