{
  "state": "bad",
  "episode_index": 8135,
  "state_ordinal": 4067,
  "start_time_wall": 1756989181.3051574,
  "end_time_wall": 1756989181.3139422,
  "wall_time_sec": 0.008785104000708088,
  "steps": 3,
  "packets": 13024,
  "dropped": 13024,
  "running_total_steps": 687567,
  "running_total_packets": 9762534027,
  "running_total_dropped": 94921925,
  "running_total_time_sec": 1799.5268932949984,
  "p_gb": 0.00606,
  "p_bg": 0.6,
  "good_loss_rate": 0.0,
  "bad_loss_rate": 1.0
}