{
  "state": "bad",
  "episode_index": 8277,
  "state_ordinal": 4138,
  "start_time_wall": 1756989213.249703,
  "end_time_wall": 1756989213.406535,
  "wall_time_sec": 0.15683216600154992,
  "steps": 1,
  "packets": 1447,
  "dropped": 1447,
  "running_total_steps": 703009,
  "running_total_packets": 9981801063,
  "running_total_dropped": 96500041,
  "running_total_time_sec": 1831.6194860410033,
  "p_gb": 0.00606,
  "p_bg": 0.6,
  "good_loss_rate": 0.0,
  "bad_loss_rate": 1.0
}