{
  "state": "bad",
  "episode_index": 9673,
  "state_ordinal": 4836,
  "start_time_wall": 1756989535.127681,
  "end_time_wall": 1756989535.1359048,
  "wall_time_sec": 0.00822393900307361,
  "steps": 2,
  "packets": 11577,
  "dropped": 11577,
  "running_total_steps": 826238,
  "running_total_packets": 11731492300,
  "running_total_dropped": 112611155,
  "running_total_time_sec": 2153.3488559530015,
  "p_gb": 0.00606,
  "p_bg": 0.6,
  "good_loss_rate": 0.0,
  "bad_loss_rate": 1.0
}