{
  "state": "bad",
  "episode_index": 5461,
  "state_ordinal": 2730,
  "start_time_wall": 1756988574.7016525,
  "end_time_wall": 1756988574.8774047,
  "wall_time_sec": 0.17575236300035613,
  "steps": 3,
  "packets": 31831,
  "dropped": 31831,
  "running_total_steps": 451828,
  "running_total_packets": 6415362388,
  "running_total_dropped": 64159170,
  "running_total_time_sec": 1193.090355790002,
  "p_gb": 0.00606,
  "p_bg": 0.6,
  "good_loss_rate": 0.0,
  "bad_loss_rate": 1.0
}