{
  "state": "bad",
  "episode_index": 4913,
  "state_ordinal": 2456,
  "start_time_wall": 1756988457.2141855,
  "end_time_wall": 1756988457.3744783,
  "wall_time_sec": 0.1602931359957438,
  "steps": 2,
  "packets": 12,
  "dropped": 12,
  "running_total_steps": 410698,
  "running_total_packets": 5831462250,
  "running_total_dropped": 58033231,
  "running_total_time_sec": 1075.5874295649992,
  "p_gb": 0.00606,
  "p_bg": 0.6,
  "good_loss_rate": 0.0,
  "bad_loss_rate": 1.0
}