{
  "state": "bad",
  "episode_index": 1359,
  "state_ordinal": 679,
  "start_time_wall": 1756987652.5037735,
  "end_time_wall": 1756987652.6620944,
  "wall_time_sec": 0.15832097500242526,
  "steps": 1,
  "packets": 1447,
  "dropped": 1447,
  "running_total_steps": 114061,
  "running_total_packets": 1619581243,
  "running_total_dropped": 15873827,
  "running_total_time_sec": 270.87504542100214,
  "p_gb": 0.00606,
  "p_bg": 0.6,
  "good_loss_rate": 0.0,
  "bad_loss_rate": 1.0
}