{
  "state": "bad",
  "episode_index": 3227,
  "state_ordinal": 1613,
  "start_time_wall": 1756988085.8576458,
  "end_time_wall": 1756988086.022651,
  "wall_time_sec": 0.16500520699628396,
  "steps": 3,
  "packets": 11583,
  "dropped": 11583,
  "running_total_steps": 275744,
  "running_total_packets": 3915221162,
  "running_total_dropped": 38374152,
  "running_total_time_sec": 704.2356020189982,
  "p_gb": 0.00606,
  "p_bg": 0.6,
  "good_loss_rate": 0.0,
  "bad_loss_rate": 1.0
}