{
  "state": "bad",
  "episode_index": 15815,
  "state_ordinal": 7907,
  "start_time_wall": 1756990968.0633454,
  "end_time_wall": 1756990968.2365856,
  "wall_time_sec": 0.17324082699633436,
  "steps": 1,
  "packets": 31819,
  "dropped": 31819,
  "running_total_steps": 1353512,
  "running_total_packets": 19218034038,
  "running_total_dropped": 184853450,
  "running_total_time_sec": 3586.4495372640013,
  "p_gb": 0.00606,
  "p_bg": 0.6,
  "good_loss_rate": 0.0,
  "bad_loss_rate": 1.0
}