{
  "state": "bad",
  "episode_index": 7175,
  "state_ordinal": 3587,
  "start_time_wall": 1756988959.8003063,
  "end_time_wall": 1756988959.9567225,
  "wall_time_sec": 0.1564160490015638,
  "steps": 1,
  "packets": 6,
  "dropped": 6,
  "running_total_steps": 605695,
  "running_total_packets": 8600126255,
  "running_total_dropped": 84822417,
  "running_total_time_sec": 1578.1696735290025,
  "p_gb": 0.00606,
  "p_bg": 0.6,
  "good_loss_rate": 0.0,
  "bad_loss_rate": 1.0
}