{
  "state": "bad",
  "episode_index": 10619,
  "state_ordinal": 5309,
  "start_time_wall": 1756989766.8462892,
  "end_time_wall": 1756989766.8849463,
  "wall_time_sec": 0.03865794200100936,
  "steps": 2,
  "packets": 63638,
  "dropped": 63638,
  "running_total_steps": 904955,
  "running_total_packets": 12849244141,
  "running_total_dropped": 124310270,
  "running_total_time_sec": 2385.0978979270003,
  "p_gb": 0.00606,
  "p_bg": 0.6,
  "good_loss_rate": 0.0,
  "bad_loss_rate": 1.0
}