{
  "state": "bad",
  "episode_index": 12693,
  "state_ordinal": 6346,
  "start_time_wall": 1756990222.1403372,
  "end_time_wall": 1756990222.1429827,
  "wall_time_sec": 0.0026455479965079576,
  "steps": 2,
  "packets": 2894,
  "dropped": 2894,
  "running_total_steps": 1082725,
  "running_total_packets": 15373214791,
  "running_total_dropped": 148476925,
  "running_total_time_sec": 2840.3559336379985,
  "p_gb": 0.00606,
  "p_bg": 0.6,
  "good_loss_rate": 0.0,
  "bad_loss_rate": 1.0
}