{
  "state": "bad",
  "episode_index": 10121,
  "state_ordinal": 5060,
  "start_time_wall": 1756989648.0875015,
  "end_time_wall": 1756989648.106913,
  "wall_time_sec": 0.019412000001466367,
  "steps": 1,
  "packets": 31819,
  "dropped": 31819,
  "running_total_steps": 864643,
  "running_total_packets": 12276790055,
  "running_total_dropped": 118129445,
  "running_total_time_sec": 2266.3198647450045,
  "p_gb": 0.00606,
  "p_bg": 0.6,
  "good_loss_rate": 0.0,
  "bad_loss_rate": 1.0
}