{
  "state": "bad",
  "episode_index": 17947,
  "state_ordinal": 8973,
  "start_time_wall": 1756991425.5660245,
  "end_time_wall": 1756991425.5863473,
  "wall_time_sec": 0.02032354199764086,
  "steps": 1,
  "packets": 31819,
  "dropped": 31819,
  "running_total_steps": 1541035,
  "running_total_packets": 21880585275,
  "running_total_dropped": 209692763,
  "running_total_time_sec": 4043.799298844002,
  "p_gb": 0.00606,
  "p_bg": 0.6,
  "good_loss_rate": 0.0,
  "bad_loss_rate": 1.0
}