{
  "state": "bad",
  "episode_index": 1231,
  "state_ordinal": 615,
  "start_time_wall": 1756987630.550234,
  "end_time_wall": 1756987630.5511918,
  "wall_time_sec": 0.0009576750017004088,
  "steps": 2,
  "packets": 12,
  "dropped": 12,
  "running_total_steps": 103504,
  "running_total_packets": 1469645732,
  "running_total_dropped": 14360807,
  "running_total_time_sec": 248.76414282800397,
  "p_gb": 0.00606,
  "p_bg": 0.6,
  "good_loss_rate": 0.0,
  "bad_loss_rate": 1.0
}