{
  "state": "bad",
  "episode_index": 6331,
  "state_ordinal": 3165,
  "start_time_wall": 1756988768.9696069,
  "end_time_wall": 1756988769.1300437,
  "wall_time_sec": 0.16043667500343872,
  "steps": 2,
  "packets": 12,
  "dropped": 12,
  "running_total_steps": 528448,
  "running_total_packets": 7503371592,
  "running_total_dropped": 75181374,
  "running_total_time_sec": 1387.342994632003,
  "p_gb": 0.00606,
  "p_bg": 0.6,
  "good_loss_rate": 0.0,
  "bad_loss_rate": 1.0
}