{
  "state": "bad",
  "episode_index": 9107,
  "state_ordinal": 4553,
  "start_time_wall": 1756989426.14172,
  "end_time_wall": 1756989426.1611218,
  "wall_time_sec": 0.019401931000174955,
  "steps": 1,
  "packets": 31819,
  "dropped": 31819,
  "running_total_steps": 773179,
  "running_total_packets": 10978136315,
  "running_total_dropped": 105720135,
  "running_total_time_sec": 2044.3740729089986,
  "p_gb": 0.00606,
  "p_bg": 0.6,
  "good_loss_rate": 0.0,
  "bad_loss_rate": 1.0
}