{
  "state": "bad",
  "episode_index": 8437,
  "state_ordinal": 4218,
  "start_time_wall": 1756989275.859586,
  "end_time_wall": 1756989276.0174105,
  "wall_time_sec": 0.15782462700008182,
  "steps": 1,
  "packets": 1447,
  "dropped": 1447,
  "running_total_steps": 717087,
  "running_total_packets": 10181695311,
  "running_total_dropped": 98379017,
  "running_total_time_sec": 1894.230361601003,
  "p_gb": 0.00606,
  "p_bg": 0.6,
  "good_loss_rate": 0.0,
  "bad_loss_rate": 1.0
}