{
  "state": "bad",
  "episode_index": 8915,
  "state_ordinal": 4457,
  "start_time_wall": 1756989360.8022118,
  "end_time_wall": 1756989360.9743514,
  "wall_time_sec": 0.1721394979977049,
  "steps": 5,
  "packets": 14477,
  "dropped": 14477,
  "running_total_steps": 758038,
  "running_total_packets": 10763166796,
  "running_total_dropped": 103508393,
  "running_total_time_sec": 1979.1873024009983,
  "p_gb": 0.00606,
  "p_bg": 0.6,
  "good_loss_rate": 0.0,
  "bad_loss_rate": 1.0
}