{
  "state": "bad",
  "episode_index": 743,
  "state_ordinal": 371,
  "start_time_wall": 1756987503.774979,
  "end_time_wall": 1756987503.794643,
  "wall_time_sec": 0.01966426299622981,
  "steps": 1,
  "packets": 31819,
  "dropped": 31819,
  "running_total_steps": 58266,
  "running_total_packets": 827329252,
  "running_total_dropped": 8467858,
  "running_total_time_sec": 122.00759427899902,
  "p_gb": 0.00606,
  "p_bg": 0.6,
  "good_loss_rate": 0.0,
  "bad_loss_rate": 1.0
}