{
  "state": "bad",
  "episode_index": 12219,
  "state_ordinal": 6109,
  "start_time_wall": 1756990138.8700223,
  "end_time_wall": 1756990139.0428367,
  "wall_time_sec": 0.17281438499776414,
  "steps": 1,
  "packets": 11571,
  "dropped": 11571,
  "running_total_steps": 1042295,
  "running_total_packets": 14799210065,
  "running_total_dropped": 143288327,
  "running_total_time_sec": 2757.2557878430016,
  "p_gb": 0.00606,
  "p_bg": 0.6,
  "good_loss_rate": 0.0,
  "bad_loss_rate": 1.0
}