{
  "state": "bad",
  "episode_index": 4361,
  "state_ordinal": 2180,
  "start_time_wall": 1756988335.8537664,
  "end_time_wall": 1756988336.026675,
  "wall_time_sec": 0.17290886999398936,
  "steps": 1,
  "packets": 11571,
  "dropped": 11571,
  "running_total_steps": 368480,
  "running_total_packets": 5232029746,
  "running_total_dropped": 51895792,
  "running_total_time_sec": 954.2396263109986,
  "p_gb": 0.00606,
  "p_bg": 0.6,
  "good_loss_rate": 0.0,
  "bad_loss_rate": 1.0
}