{
  "state": "bad",
  "episode_index": 7065,
  "state_ordinal": 3532,
  "start_time_wall": 1756988941.5336514,
  "end_time_wall": 1756988941.7063222,
  "wall_time_sec": 0.17267053100658813,
  "steps": 2,
  "packets": 13018,
  "dropped": 13018,
  "running_total_steps": 596772,
  "running_total_packets": 8473473380,
  "running_total_dropped": 83675300,
  "running_total_time_sec": 1559.9192731670046,
  "p_gb": 0.00606,
  "p_bg": 0.6,
  "good_loss_rate": 0.0,
  "bad_loss_rate": 1.0
}