{
  "state": "bad",
  "episode_index": 8257,
  "state_ordinal": 4128,
  "start_time_wall": 1756989209.41287,
  "end_time_wall": 1756989209.4231007,
  "wall_time_sec": 0.01023084999906132,
  "steps": 1,
  "packets": 1447,
  "dropped": 1447,
  "running_total_steps": 701091,
  "running_total_packets": 9954656303,
  "running_total_dropped": 96233899,
  "running_total_time_sec": 1827.6360517540015,
  "p_gb": 0.00606,
  "p_bg": 0.6,
  "good_loss_rate": 0.0,
  "bad_loss_rate": 1.0
}