{
  "state": "bad",
  "episode_index": 15179,
  "state_ordinal": 7589,
  "start_time_wall": 1756990821.7450504,
  "end_time_wall": 1756990821.9003072,
  "wall_time_sec": 0.15525703899766086,
  "steps": 2,
  "packets": 13018,
  "dropped": 13018,
  "running_total_steps": 1298453,
  "running_total_packets": 18436208333,
  "running_total_dropped": 177451677,
  "running_total_time_sec": 3440.113258500998,
  "p_gb": 0.00606,
  "p_bg": 0.6,
  "good_loss_rate": 0.0,
  "bad_loss_rate": 1.0
}