{
  "state": "bad",
  "episode_index": 13611,
  "state_ordinal": 6805,
  "start_time_wall": 1756990450.0181055,
  "end_time_wall": 1756990450.059229,
  "wall_time_sec": 0.04112400899612112,
  "steps": 2,
  "packets": 63638,
  "dropped": 63638,
  "running_total_steps": 1160443,
  "running_total_packets": 16476783839,
  "running_total_dropped": 159306769,
  "running_total_time_sec": 3068.272180551001,
  "p_gb": 0.00606,
  "p_bg": 0.6,
  "good_loss_rate": 0.0,
  "bad_loss_rate": 1.0
}