{
  "state": "bad",
  "episode_index": 8373,
  "state_ordinal": 4186,
  "start_time_wall": 1756989264.374999,
  "end_time_wall": 1756989264.5448399,
  "wall_time_sec": 0.16984106299787527,
  "steps": 2,
  "packets": 11577,
  "dropped": 11577,
  "running_total_steps": 711386,
  "running_total_packets": 10100812148,
  "running_total_dropped": 97495233,
  "running_total_time_sec": 1882.7577911100016,
  "p_gb": 0.00606,
  "p_bg": 0.6,
  "good_loss_rate": 0.0,
  "bad_loss_rate": 1.0
}