{
  "state": "bad",
  "episode_index": 13513,
  "state_ordinal": 6756,
  "start_time_wall": 1756990395.4442859,
  "end_time_wall": 1756990395.4456418,
  "wall_time_sec": 0.0013556839985540137,
  "steps": 1,
  "packets": 1447,
  "dropped": 1447,
  "running_total_steps": 1151010,
  "running_total_packets": 16342816094,
  "running_total_dropped": 158310138,
  "running_total_time_sec": 3013.658592699001,
  "p_gb": 0.00606,
  "p_bg": 0.6,
  "good_loss_rate": 0.0,
  "bad_loss_rate": 1.0
}