{
  "state": "bad",
  "episode_index": 18319,
  "state_ordinal": 9159,
  "start_time_wall": 1756991524.4867253,
  "end_time_wall": 1756991524.493973,
  "wall_time_sec": 0.007247666995681357,
  "steps": 1,
  "packets": 11571,
  "dropped": 11571,
  "running_total_steps": 1573040,
  "running_total_packets": 22335082772,
  "running_total_dropped": 214231867,
  "running_total_time_sec": 4142.706923947,
  "p_gb": 0.00606,
  "p_bg": 0.6,
  "good_loss_rate": 0.0,
  "bad_loss_rate": 1.0
}