{
  "state": "bad",
  "episode_index": 14753,
  "state_ordinal": 7376,
  "start_time_wall": 1756990692.4818447,
  "end_time_wall": 1756990692.4900513,
  "wall_time_sec": 0.008206669997889549,
  "steps": 1,
  "packets": 11571,
  "dropped": 11571,
  "running_total_steps": 1261970,
  "running_total_packets": 17918298336,
  "running_total_dropped": 172754864,
  "running_total_time_sec": 3310.7030023789994,
  "p_gb": 0.00606,
  "p_bg": 0.6,
  "good_loss_rate": 0.0,
  "bad_loss_rate": 1.0
}