{
  "state": "bad",
  "episode_index": 15199,
  "state_ordinal": 7599,
  "start_time_wall": 1756990824.581458,
  "end_time_wall": 1756990824.5900722,
  "wall_time_sec": 0.008613825993961655,
  "steps": 3,
  "packets": 11583,
  "dropped": 11583,
  "running_total_steps": 1299731,
  "running_total_packets": 18454470217,
  "running_total_dropped": 177871172,
  "running_total_time_sec": 3442.8030230119984,
  "p_gb": 0.00606,
  "p_bg": 0.6,
  "good_loss_rate": 0.0,
  "bad_loss_rate": 1.0
}