{
  "state": "bad",
  "episode_index": 14637,
  "state_ordinal": 7318,
  "start_time_wall": 1756990670.0865734,
  "end_time_wall": 1756990670.1132631,
  "wall_time_sec": 0.02668988699588226,
  "steps": 2,
  "packets": 31825,
  "dropped": 31825,
  "running_total_steps": 1251042,
  "running_total_packets": 17763203201,
  "running_total_dropped": 171330117,
  "running_total_time_sec": 3288.326214212,
  "p_gb": 0.00606,
  "p_bg": 0.6,
  "good_loss_rate": 0.0,
  "bad_loss_rate": 1.0
}