{
  "state": "bad",
  "episode_index": 8189,
  "state_ordinal": 4094,
  "start_time_wall": 1756989197.1069758,
  "end_time_wall": 1756989197.1268454,
  "wall_time_sec": 0.019870006006385665,
  "steps": 1,
  "packets": 31819,
  "dropped": 31819,
  "running_total_steps": 695191,
  "running_total_packets": 9870816519,
  "running_total_dropped": 95622023,
  "running_total_time_sec": 1815.3397967870042,
  "p_gb": 0.00606,
  "p_bg": 0.6,
  "good_loss_rate": 0.0,
  "bad_loss_rate": 1.0
}