{
  "state": "bad",
  "episode_index": 5911,
  "state_ordinal": 2955,
  "start_time_wall": 1756988662.2814584,
  "end_time_wall": 1756988662.437651,
  "wall_time_sec": 0.156192739996186,
  "steps": 1,
  "packets": 1447,
  "dropped": 1447,
  "running_total_steps": 493987,
  "running_total_packets": 7013970393,
  "running_total_dropped": 69775777,
  "running_total_time_sec": 1280.6506021239984,
  "p_gb": 0.00606,
  "p_bg": 0.6,
  "good_loss_rate": 0.0,
  "bad_loss_rate": 1.0
}