{
  "state": "bad",
  "episode_index": 4601,
  "state_ordinal": 2300,
  "start_time_wall": 1756988370.8658972,
  "end_time_wall": 1756988370.8664289,
  "wall_time_sec": 0.0005318940020515583,
  "steps": 1,
  "packets": 6,
  "dropped": 6,
  "running_total_steps": 385180,
  "running_total_packets": 5469136296,
  "running_total_dropped": 54823441,
  "running_total_time_sec": 989.0793800610045,
  "p_gb": 0.00606,
  "p_bg": 0.6,
  "good_loss_rate": 0.0,
  "bad_loss_rate": 1.0
}