{
  "state": "bad",
  "episode_index": 12927,
  "state_ordinal": 6463,
  "start_time_wall": 1756990302.033089,
  "end_time_wall": 1756990302.0523493,
  "wall_time_sec": 0.01926043999992544,
  "steps": 1,
  "packets": 31819,
  "dropped": 31819,
  "running_total_steps": 1105178,
  "running_total_packets": 15692109988,
  "running_total_dropped": 151757515,
  "running_total_time_sec": 2920.2653004800013,
  "p_gb": 0.00606,
  "p_bg": 0.6,
  "good_loss_rate": 0.0,
  "bad_loss_rate": 1.0
}