{
  "state": "bad",
  "episode_index": 6615,
  "state_ordinal": 3307,
  "start_time_wall": 1756988817.478021,
  "end_time_wall": 1756988817.4807498,
  "wall_time_sec": 0.002729177002038341,
  "steps": 2,
  "packets": 2894,
  "dropped": 2894,
  "running_total_steps": 552478,
  "running_total_packets": 7844460240,
  "running_total_dropped": 78731101,
  "running_total_time_sec": 1435.6937010030015,
  "p_gb": 0.00606,
  "p_bg": 0.6,
  "good_loss_rate": 0.0,
  "bad_loss_rate": 1.0
}