{
  "state": "bad",
  "episode_index": 11101,
  "state_ordinal": 5550,
  "start_time_wall": 1756989842.6043248,
  "end_time_wall": 1756989842.6436975,
  "wall_time_sec": 0.03937292099726619,
  "steps": 2,
  "packets": 63638,
  "dropped": 63638,
  "running_total_steps": 941537,
  "running_total_packets": 13368657035,
  "running_total_dropped": 130107784,
  "running_total_time_sec": 2460.8566486630007,
  "p_gb": 0.00606,
  "p_bg": 0.6,
  "good_loss_rate": 0.0,
  "bad_loss_rate": 1.0
}