{
  "state": "good",
  "episode_index": 1168,
  "state_ordinal": 584,
  "start_time_wall": 1756987618.9623072,
  "end_time_wall": 1756987618.9736118,
  "wall_time_sec": 0.011304255996947177,
  "steps": 78,
  "packets": 1165871,
  "dropped": 0,
  "running_total_steps": 97689,
  "running_total_packets": 1387197469,
  "running_total_dropped": 13728692,
  "running_total_time_sec": 237.18656263899902,
  "p_gb": 0.00606,
  "p_bg": 0.6,
  "good_loss_rate": 0.0,
  "bad_loss_rate": 1.0
}