{
  "state": "good",
  "episode_index": 18288,
  "state_ordinal": 9144,
  "start_time_wall": 1756991519.5608263,
  "end_time_wall": 1756991520.2006025,
  "wall_time_sec": 0.6397761909975088,
  "steps": 620,
  "packets": 8804755,
  "dropped": 0,
  "running_total_steps": 1571142,
  "running_total_packets": 22308097125,
  "running_total_dropped": 213954106,
  "running_total_time_sec": 4138.413553607999,
  "p_gb": 0.00606,
  "p_bg": 0.6,
  "good_loss_rate": 0.0,
  "bad_loss_rate": 1.0
}