{
  "state": "good",
  "episode_index": 12216,
  "state_ordinal": 6108,
  "start_time_wall": 1756990138.0766885,
  "end_time_wall": 1756990138.274266,
  "wall_time_sec": 0.19757721399946604,
  "steps": 100,
  "packets": 1517350,
  "dropped": 0,
  "running_total_steps": 1042064,
  "running_total_packets": 14795980050,
  "running_total_dropped": 143276750,
  "running_total_time_sec": 2756.487216966998,
  "p_gb": 0.00606,
  "p_bg": 0.6,
  "good_loss_rate": 0.0,
  "bad_loss_rate": 1.0
}