{
  "state": "good",
  "episode_index": 4284,
  "state_ordinal": 2142,
  "start_time_wall": 1756988321.7600737,
  "end_time_wall": 1756988321.7832835,
  "wall_time_sec": 0.02320931699796347,
  "steps": 7,
  "packets": 57867,
  "dropped": 0,
  "running_total_steps": 362216,
  "running_total_packets": 5143086764,
  "running_total_dropped": 51260751,
  "running_total_time_sec": 939.9962344770029,
  "p_gb": 0.00606,
  "p_bg": 0.6,
  "good_loss_rate": 0.0,
  "bad_loss_rate": 1.0
}