{
  "state": "good",
  "episode_index": 354,
  "state_ordinal": 177,
  "start_time_wall": 1756987438.906395,
  "end_time_wall": 1756987438.9143775,
  "wall_time_sec": 0.007981968999956734,
  "steps": 63,
  "packets": 956133,
  "dropped": 0,
  "running_total_steps": 26590,
  "running_total_packets": 377641328,
  "running_total_dropped": 4326427,
  "running_total_time_sec": 57.12732841700199,
  "p_gb": 0.00606,
  "p_bg": 0.6,
  "good_loss_rate": 0.0,
  "bad_loss_rate": 1.0
}