{
  "state": "good",
  "episode_index": 17776,
  "state_ordinal": 8888,
  "start_time_wall": 1756991394.5127988,
  "end_time_wall": 1756991394.5156229,
  "wall_time_sec": 0.002823813003487885,
  "steps": 20,
  "packets": 243022,
  "dropped": 0,
  "running_total_steps": 1525828,
  "running_total_packets": 21664750756,
  "running_total_dropped": 207956962,
  "running_total_time_sec": 4012.7285738220016,
  "p_gb": 0.00606,
  "p_bg": 0.6,
  "good_loss_rate": 0.0,
  "bad_loss_rate": 1.0
}