{
  "state": "good",
  "episode_index": 10772,
  "state_ordinal": 5386,
  "start_time_wall": 1756989790.9822972,
  "end_time_wall": 1756989790.988603,
  "wall_time_sec": 0.00630603899480775,
  "steps": 50,
  "packets": 633567,
  "dropped": 0,
  "running_total_steps": 916481,
  "running_total_packets": 13012793993,
  "running_total_dropped": 126209486,
  "running_total_time_sec": 2409.201554193998,
  "p_gb": 0.00606,
  "p_bg": 0.6,
  "good_loss_rate": 0.0,
  "bad_loss_rate": 1.0
}