{
  "state": "good",
  "episode_index": 18464,
  "state_ordinal": 9232,
  "start_time_wall": 1756991551.581599,
  "end_time_wall": 1756991551.5938764,
  "wall_time_sec": 0.012277417001314461,
  "steps": 104,
  "packets": 1530380,
  "dropped": 0,
  "running_total_steps": 1586385,
  "running_total_packets": 22524521821,
  "running_total_dropped": 216277206,
  "running_total_time_sec": 4169.806827471002,
  "p_gb": 0.00606,
  "p_bg": 0.6,
  "good_loss_rate": 0.0,
  "bad_loss_rate": 1.0
}