{
  "state": "good",
  "episode_index": 16674,
  "state_ordinal": 8337,
  "start_time_wall": 1756991161.1297884,
  "end_time_wall": 1756991161.1462018,
  "wall_time_sec": 0.016413343000749592,
  "steps": 131,
  "packets": 1758925,
  "dropped": 0,
  "running_total_steps": 1429479,
  "running_total_packets": 20296629521,
  "running_total_dropped": 195035341,
  "running_total_time_sec": 3779.359152791003,
  "p_gb": 0.00606,
  "p_bg": 0.6,
  "good_loss_rate": 0.0,
  "bad_loss_rate": 1.0
}