{
  "state": "good",
  "episode_index": 1892,
  "state_ordinal": 946,
  "start_time_wall": 1756987779.0348482,
  "end_time_wall": 1756987779.0666013,
  "wall_time_sec": 0.031752939998114016,
  "steps": 265,
  "packets": 3704458,
  "dropped": 0,
  "running_total_steps": 158515,
  "running_total_packets": 2250768455,
  "running_total_dropped": 22575403,
  "running_total_time_sec": 397.2795522230008,
  "p_gb": 0.00606,
  "p_bg": 0.6,
  "good_loss_rate": 0.0,
  "bad_loss_rate": 1.0
}