{
  "state": "good",
  "episode_index": 14960,
  "state_ordinal": 7480,
  "start_time_wall": 1756990727.4776535,
  "end_time_wall": 1756990727.4866803,
  "wall_time_sec": 0.00902645099995425,
  "steps": 53,
  "packets": 697211,
  "dropped": 1,
  "running_total_steps": 1278756,
  "running_total_packets": 18156556286,
  "running_total_dropped": 174956443,
  "running_total_time_sec": 3345.699631376003,
  "p_gb": 0.00606,
  "p_bg": 0.6,
  "good_loss_rate": 0.0,
  "bad_loss_rate": 1.0
}