{
  "state": "good",
  "episode_index": 10378,
  "state_ordinal": 5189,
  "start_time_wall": 1756989692.670577,
  "end_time_wall": 1756989693.257206,
  "wall_time_sec": 0.5866287309981999,
  "steps": 162,
  "packets": 2304253,
  "dropped": 0,
  "running_total_steps": 886242,
  "running_total_packets": 12583523212,
  "running_total_dropped": 121232177,
  "running_total_time_sec": 2311.470157042,
  "p_gb": 0.00606,
  "p_bg": 0.6,
  "good_loss_rate": 0.0,
  "bad_loss_rate": 1.0
}