{
  "state": "good",
  "episode_index": 4838,
  "state_ordinal": 2419,
  "start_time_wall": 1756988443.3650842,
  "end_time_wall": 1756988443.8933392,
  "wall_time_sec": 0.5282549010007642,
  "steps": 307,
  "packets": 4309083,
  "dropped": 0,
  "running_total_steps": 403973,
  "running_total_packets": 5735898703,
  "running_total_dropped": 57388048,
  "running_total_time_sec": 1062.1062900489997,
  "p_gb": 0.00606,
  "p_bg": 0.6,
  "good_loss_rate": 0.0,
  "bad_loss_rate": 1.0
}