{
  "state": "good",
  "episode_index": 15090,
  "state_ordinal": 7545,
  "start_time_wall": 1756990804.8736372,
  "end_time_wall": 1756990804.883631,
  "wall_time_sec": 0.00999393999518361,
  "steps": 95,
  "packets": 1293153,
  "dropped": 0,
  "running_total_steps": 1290115,
  "running_total_packets": 18317924819,
  "running_total_dropped": 176359596,
  "running_total_time_sec": 3423.0965822159997,
  "p_gb": 0.00606,
  "p_bg": 0.6,
  "good_loss_rate": 0.0,
  "bad_loss_rate": 1.0
}