{
  "state": "good",
  "episode_index": 3746,
  "state_ordinal": 1873,
  "start_time_wall": 1756988174.870791,
  "end_time_wall": 1756988174.8894346,
  "wall_time_sec": 0.018643707000592258,
  "steps": 140,
  "packets": 2003394,
  "dropped": 0,
  "running_total_steps": 318814,
  "running_total_packets": 4526857666,
  "running_total_dropped": 44952699,
  "running_total_time_sec": 793.1023856030006,
  "p_gb": 0.00606,
  "p_bg": 0.6,
  "good_loss_rate": 0.0,
  "bad_loss_rate": 1.0
}