{
  "state": "good",
  "episode_index": 2558,
  "state_ordinal": 1279,
  "start_time_wall": 1756987925.679921,
  "end_time_wall": 1756987925.7099435,
  "wall_time_sec": 0.03002258799824631,
  "steps": 263,
  "packets": 3704446,
  "dropped": 0,
  "running_total_steps": 213660,
  "running_total_packets": 3033713747,
  "running_total_dropped": 31025909,
  "running_total_time_sec": 543.9228944630013,
  "p_gb": 0.00606,
  "p_bg": 0.6,
  "good_loss_rate": 0.0,
  "bad_loss_rate": 1.0
}