{
  "state": "good",
  "episode_index": 11830,
  "state_ordinal": 5915,
  "start_time_wall": 1756990031.4514048,
  "end_time_wall": 1756990031.4626136,
  "wall_time_sec": 0.01120839799841633,
  "steps": 88,
  "packets": 1317754,
  "dropped": 0,
  "running_total_steps": 1007468,
  "running_total_packets": 14304753394,
  "running_total_dropped": 139129521,
  "running_total_time_sec": 2649.675564443998,
  "p_gb": 0.00606,
  "p_bg": 0.6,
  "good_loss_rate": 0.0,
  "bad_loss_rate": 1.0
}