{
  "state": "good",
  "episode_index": 15410,
  "state_ordinal": 7705,
  "start_time_wall": 1756990860.5451622,
  "end_time_wall": 1756990860.561125,
  "wall_time_sec": 0.015962719997332897,
  "steps": 123,
  "packets": 1774837,
  "dropped": 0,
  "running_total_steps": 1317368,
  "running_total_packets": 18704900348,
  "running_total_dropped": 180301328,
  "running_total_time_sec": 3478.774076130998,
  "p_gb": 0.00606,
  "p_bg": 0.6,
  "good_loss_rate": 0.0,
  "bad_loss_rate": 1.0
}