{
  "state": "good",
  "episode_index": 3824,
  "state_ordinal": 1912,
  "start_time_wall": 1756988240.9440627,
  "end_time_wall": 1756988240.9452646,
  "wall_time_sec": 0.001201660001242999,
  "steps": 7,
  "packets": 108487,
  "dropped": 0,
  "running_total_steps": 325887,
  "running_total_packets": 4627243799,
  "running_total_dropped": 45440208,
  "running_total_time_sec": 859.1582155260039,
  "p_gb": 0.00606,
  "p_bg": 0.6,
  "good_loss_rate": 0.0,
  "bad_loss_rate": 1.0
}