{
  "state": "good",
  "episode_index": 15362,
  "state_ordinal": 7681,
  "start_time_wall": 1756990853.0400515,
  "end_time_wall": 1756990853.7944365,
  "wall_time_sec": 0.7543848589994013,
  "steps": 222,
  "packets": 3192384,
  "dropped": 1,
  "running_total_steps": 1314017,
  "running_total_packets": 18657329751,
  "running_total_dropped": 179505763,
  "running_total_time_sec": 3472.007387345002,
  "p_gb": 0.00606,
  "p_bg": 0.6,
  "good_loss_rate": 0.0,
  "bad_loss_rate": 1.0
}