{
  "state": "good",
  "episode_index": 8082,
  "state_ordinal": 4041,
  "start_time_wall": 1756989171.4732976,
  "end_time_wall": 1756989172.1198115,
  "wall_time_sec": 0.6465137499981211,
  "steps": 432,
  "packets": 6085373,
  "dropped": 0,
  "running_total_steps": 683118,
  "running_total_packets": 9699383338,
  "running_total_dropped": 94632603,
  "running_total_time_sec": 1790.332762482998,
  "p_gb": 0.00606,
  "p_bg": 0.6,
  "good_loss_rate": 0.0,
  "bad_loss_rate": 1.0
}