{
  "state": "good",
  "episode_index": 11406,
  "state_ordinal": 5703,
  "start_time_wall": 1756989952.6119616,
  "end_time_wall": 1756989952.612261,
  "wall_time_sec": 0.00029947700386401266,
  "steps": 1,
  "packets": 1447,
  "dropped": 0,
  "running_total_steps": 969160,
  "running_total_packets": 13760751686,
  "running_total_dropped": 133398618,
  "running_total_time_sec": 2570.8252120550023,
  "p_gb": 0.00606,
  "p_bg": 0.6,
  "good_loss_rate": 0.0,
  "bad_loss_rate": 1.0
}