{
  "state": "good",
  "episode_index": 5594,
  "state_ordinal": 2797,
  "start_time_wall": 1756988599.1484182,
  "end_time_wall": 1756988599.7825751,
  "wall_time_sec": 0.6341565339971567,
  "steps": 464,
  "packets": 6546798,
  "dropped": 0,
  "running_total_steps": 464029,
  "running_total_packets": 6588615255,
  "running_total_dropped": 65973068,
  "running_total_time_sec": 1217.9955260729985,
  "p_gb": 0.00606,
  "p_bg": 0.6,
  "good_loss_rate": 0.0,
  "bad_loss_rate": 1.0
}