{
  "state": "good",
  "episode_index": 10998,
  "state_ordinal": 5499,
  "start_time_wall": 1756989826.9161592,
  "end_time_wall": 1756989826.9191544,
  "wall_time_sec": 0.0029949659947305918,
  "steps": 27,
  "packets": 364515,
  "dropped": 0,
  "running_total_steps": 933994,
  "running_total_packets": 13261437716,
  "running_total_dropped": 128753927,
  "running_total_time_sec": 2445.1321053499996,
  "p_gb": 0.00606,
  "p_bg": 0.6,
  "good_loss_rate": 0.0,
  "bad_loss_rate": 1.0
}