{
  "state": "good",
  "episode_index": 8094,
  "state_ordinal": 4047,
  "start_time_wall": 1756989175.4391897,
  "end_time_wall": 1756989176.053117,
  "wall_time_sec": 0.6139271880019805,
  "steps": 235,
  "packets": 3326919,
  "dropped": 0,
  "running_total_steps": 684943,
  "running_total_packets": 9725298583,
  "running_total_dropped": 94748313,
  "running_total_time_sec": 1794.2660679460023,
  "p_gb": 0.00606,
  "p_bg": 0.6,
  "good_loss_rate": 0.0,
  "bad_loss_rate": 1.0
}