{
  "state": "good",
  "episode_index": 10596,
  "state_ordinal": 5298,
  "start_time_wall": 1756989762.6287463,
  "end_time_wall": 1756989762.6325362,
  "wall_time_sec": 0.0037898259979556315,
  "steps": 4,
  "packets": 26036,
  "dropped": 0,
  "running_total_steps": 902996,
  "running_total_packets": 12821338544,
  "running_total_dropped": 123967479,
  "running_total_time_sec": 2380.845487191,
  "p_gb": 0.00606,
  "p_bg": 0.6,
  "good_loss_rate": 0.0,
  "bad_loss_rate": 1.0
}