{
  "state": "good",
  "episode_index": 12892,
  "state_ordinal": 6446,
  "start_time_wall": 1756990295.6187162,
  "end_time_wall": 1756990295.6332998,
  "wall_time_sec": 0.014583187003154308,
  "steps": 136,
  "packets": 1854394,
  "dropped": 0,
  "running_total_steps": 1102043,
  "running_total_packets": 15647540861,
  "running_total_dropped": 151395851,
  "running_total_time_sec": 2913.8462506880023,
  "p_gb": 0.00606,
  "p_bg": 0.6,
  "good_loss_rate": 0.0,
  "bad_loss_rate": 1.0
}