{
  "state": "good",
  "episode_index": 13898,
  "state_ordinal": 6949,
  "start_time_wall": 1756990493.797893,
  "end_time_wall": 1756990493.8304543,
  "wall_time_sec": 0.032560864005063195,
  "steps": 262,
  "packets": 3691434,
  "dropped": 0,
  "running_total_steps": 1181964,
  "running_total_packets": 16782319312,
  "running_total_dropped": 162399412,
  "running_total_time_sec": 3112.043405082004,
  "p_gb": 0.00606,
  "p_bg": 0.6,
  "good_loss_rate": 0.0,
  "bad_loss_rate": 1.0
}