{
  "state": "good",
  "episode_index": 6250,
  "state_ordinal": 3125,
  "start_time_wall": 1756988755.9373186,
  "end_time_wall": 1756988756.5208676,
  "wall_time_sec": 0.5835489130040514,
  "steps": 207,
  "packets": 3060754,
  "dropped": 0,
  "running_total_steps": 522404,
  "running_total_packets": 7417537108,
  "running_total_dropped": 74123950,
  "running_total_time_sec": 1374.7338185690023,
  "p_gb": 0.00606,
  "p_bg": 0.6,
  "good_loss_rate": 0.0,
  "bad_loss_rate": 1.0
}