{
  "state": "good",
  "episode_index": 10012,
  "state_ordinal": 5006,
  "start_time_wall": 1756989629.5026162,
  "end_time_wall": 1756989630.1098206,
  "wall_time_sec": 0.6072044409957016,
  "steps": 437,
  "packets": 6182283,
  "dropped": 0,
  "running_total_steps": 855916,
  "running_total_packets": 12152902870,
  "running_total_dropped": 117131326,
  "running_total_time_sec": 2248.3227715989997,
  "p_gb": 0.00606,
  "p_bg": 0.6,
  "good_loss_rate": 0.0,
  "bad_loss_rate": 1.0
}