{
  "state": "good",
  "episode_index": 12638,
  "state_ordinal": 6319,
  "start_time_wall": 1756990213.7710962,
  "end_time_wall": 1756990214.400279,
  "wall_time_sec": 0.6291824809959508,
  "steps": 356,
  "packets": 5068490,
  "dropped": 0,
  "running_total_steps": 1078844,
  "running_total_packets": 15318151404,
  "running_total_dropped": 147889652,
  "running_total_time_sec": 2832.6132301219986,
  "p_gb": 0.00606,
  "p_bg": 0.6,
  "good_loss_rate": 0.0,
  "bad_loss_rate": 1.0
}