{
  "state": "good",
  "episode_index": 16114,
  "state_ordinal": 8057,
  "start_time_wall": 1756991023.668917,
  "end_time_wall": 1756991024.2536669,
  "wall_time_sec": 0.5847498739967705,
  "steps": 65,
  "packets": 1031336,
  "dropped": 0,
  "running_total_steps": 1380284,
  "running_total_packets": 19598271826,
  "running_total_dropped": 188275860,
  "running_total_time_sec": 3642.466617910999,
  "p_gb": 0.00606,
  "p_bg": 0.6,
  "good_loss_rate": 0.0,
  "bad_loss_rate": 1.0
}