{
  "state": "good",
  "episode_index": 11622,
  "state_ordinal": 5811,
  "start_time_wall": 1756989991.5853229,
  "end_time_wall": 1756989992.1443326,
  "wall_time_sec": 0.5590092229977017,
  "steps": 47,
  "packets": 756513,
  "dropped": 0,
  "running_total_steps": 988358,
  "running_total_packets": 14033402734,
  "running_total_dropped": 136329155,
  "running_total_time_sec": 2610.3572836489984,
  "p_gb": 0.00606,
  "p_bg": 0.6,
  "good_loss_rate": 0.0,
  "bad_loss_rate": 1.0
}