{
  "state": "good",
  "episode_index": 9286,
  "state_ordinal": 4643,
  "start_time_wall": 1756989460.201959,
  "end_time_wall": 1756989460.2117589,
  "wall_time_sec": 0.00979961999837542,
  "steps": 74,
  "packets": 1035678,
  "dropped": 0,
  "running_total_steps": 789461,
  "running_total_packets": 11209335411,
  "running_total_dropped": 108034505,
  "running_total_time_sec": 2078.4247099179993,
  "p_gb": 0.00606,
  "p_bg": 0.6,
  "good_loss_rate": 0.0,
  "bad_loss_rate": 1.0
}