{
  "state": "good",
  "episode_index": 3712,
  "state_ordinal": 1856,
  "start_time_wall": 1756988168.342651,
  "end_time_wall": 1756988168.9375017,
  "wall_time_sec": 0.5948507560024154,
  "steps": 242,
  "packets": 3354414,
  "dropped": 0,
  "running_total_steps": 315901,
  "running_total_packets": 4485399931,
  "running_total_dropped": 44501388,
  "running_total_time_sec": 787.1504526720018,
  "p_gb": 0.00606,
  "p_bg": 0.6,
  "good_loss_rate": 0.0,
  "bad_loss_rate": 1.0
}