{
  "state": "good",
  "episode_index": 17704,
  "state_ordinal": 8852,
  "start_time_wall": 1756991382.0909164,
  "end_time_wall": 1756991382.7160542,
  "wall_time_sec": 0.6251378259985358,
  "steps": 448,
  "packets": 6347178,
  "dropped": 0,
  "running_total_steps": 1520560,
  "running_total_packets": 21589850256,
  "running_total_dropped": 207077498,
  "running_total_time_sec": 4000.9290051729986,
  "p_gb": 0.00606,
  "p_bg": 0.6,
  "good_loss_rate": 0.0,
  "bad_loss_rate": 1.0
}