{
  "state": "good",
  "episode_index": 14738,
  "state_ordinal": 7369,
  "start_time_wall": 1756990688.3272803,
  "end_time_wall": 1756990688.9336615,
  "wall_time_sec": 0.6063810119958362,
  "steps": 226,
  "packets": 3303770,
  "dropped": 0,
  "running_total_steps": 1260284,
  "running_total_packets": 17894387920,
  "running_total_dropped": 172584185,
  "running_total_time_sec": 3307.146612454999,
  "p_gb": 0.00606,
  "p_bg": 0.6,
  "good_loss_rate": 0.0,
  "bad_loss_rate": 1.0
}