{
  "state": "good",
  "episode_index": 6514,
  "state_ordinal": 3257,
  "start_time_wall": 1756988799.1405075,
  "end_time_wall": 1756988799.1479065,
  "wall_time_sec": 0.007398911999189295,
  "steps": 55,
  "packets": 760849,
  "dropped": 0,
  "running_total_steps": 543446,
  "running_total_packets": 7716262508,
  "running_total_dropped": 77160250,
  "running_total_time_sec": 1417.3608575510007,
  "p_gb": 0.00606,
  "p_bg": 0.6,
  "good_loss_rate": 0.0,
  "bad_loss_rate": 1.0
}