{
  "state": "good",
  "episode_index": 8982,
  "state_ordinal": 4491,
  "start_time_wall": 1756989370.2619545,
  "end_time_wall": 1756989370.2806358,
  "wall_time_sec": 0.018680959998164326,
  "steps": 145,
  "packets": 2061249,
  "dropped": 0,
  "running_total_steps": 762627,
  "running_total_packets": 10828364257,
  "running_total_dropped": 104168024,
  "running_total_time_sec": 1988.493586937002,
  "p_gb": 0.00606,
  "p_bg": 0.6,
  "good_loss_rate": 0.0,
  "bad_loss_rate": 1.0
}