{
  "state": "good",
  "episode_index": 1372,
  "state_ordinal": 686,
  "start_time_wall": 1756987653.4835172,
  "end_time_wall": 1756987653.499031,
  "wall_time_sec": 0.015513783997448627,
  "steps": 129,
  "packets": 1881877,
  "dropped": 0,
  "running_total_steps": 114669,
  "running_total_packets": 1628250028,
  "running_total_dropped": 15933135,
  "running_total_time_sec": 271.71198204399843,
  "p_gb": 0.00606,
  "p_bg": 0.6,
  "good_loss_rate": 0.0,
  "bad_loss_rate": 1.0
}