{
  "state": "good",
  "episode_index": 2530,
  "state_ordinal": 1265,
  "start_time_wall": 1756987919.2865212,
  "end_time_wall": 1756987919.8549168,
  "wall_time_sec": 0.5683957200017176,
  "steps": 139,
  "packets": 2014953,
  "dropped": 0,
  "running_total_steps": 210548,
  "running_total_packets": 2989580014,
  "running_total_dropped": 30729383,
  "running_total_time_sec": 538.0678679330013,
  "p_gb": 0.00606,
  "p_bg": 0.6,
  "good_loss_rate": 0.0,
  "bad_loss_rate": 1.0
}