{
  "state": "good",
  "episode_index": 7076,
  "state_ordinal": 3538,
  "start_time_wall": 1756988942.5942192,
  "end_time_wall": 1756988943.180435,
  "wall_time_sec": 0.5862151479959721,
  "steps": 115,
  "packets": 1702517,
  "dropped": 0,
  "running_total_steps": 597673,
  "running_total_packets": 8486212585,
  "running_total_dropped": 83782335,
  "running_total_time_sec": 1561.3933858620003,
  "p_gb": 0.00606,
  "p_bg": 0.6,
  "good_loss_rate": 0.0,
  "bad_loss_rate": 1.0
}