{
  "state": "good",
  "episode_index": 3034,
  "state_ordinal": 1517,
  "start_time_wall": 1756988048.2635975,
  "end_time_wall": 1756988048.8217561,
  "wall_time_sec": 0.5581585449981503,
  "steps": 149,
  "packets": 2188525,
  "dropped": 0,
  "running_total_steps": 257489,
  "running_total_packets": 3656169959,
  "running_total_dropped": 36510963,
  "running_total_time_sec": 667.0347072790028,
  "p_gb": 0.00606,
  "p_bg": 0.6,
  "good_loss_rate": 0.0,
  "bad_loss_rate": 1.0
}