{
  "state": "good",
  "episode_index": 17230,
  "state_ordinal": 8615,
  "start_time_wall": 1756991263.338909,
  "end_time_wall": 1756991263.376233,
  "wall_time_sec": 0.03732435399433598,
  "steps": 156,
  "packets": 2246392,
  "dropped": 1,
  "running_total_steps": 1479103,
  "running_total_packets": 21001246155,
  "running_total_dropped": 201125201,
  "running_total_time_sec": 3881.5891842819983,
  "p_gb": 0.00606,
  "p_bg": 0.6,
  "good_loss_rate": 0.0,
  "bad_loss_rate": 1.0
}