{
  "state": "good",
  "episode_index": 15940,
  "state_ordinal": 7970,
  "start_time_wall": 1756990990.7600458,
  "end_time_wall": 1756990990.7612212,
  "wall_time_sec": 0.0011752090067602694,
  "steps": 8,
  "packets": 120058,
  "dropped": 0,
  "running_total_steps": 1364507,
  "running_total_packets": 19374160521,
  "running_total_dropped": 186146686,
  "running_total_time_sec": 3608.974172154005,
  "p_gb": 0.00606,
  "p_bg": 0.6,
  "good_loss_rate": 0.0,
  "bad_loss_rate": 1.0
}