{
  "state": "good",
  "episode_index": 17082,
  "state_ordinal": 8541,
  "start_time_wall": 1756991238.4211593,
  "end_time_wall": 1756991239.0059984,
  "wall_time_sec": 0.5848388700032956,
  "steps": 43,
  "packets": 762290,
  "dropped": 0,
  "running_total_steps": 1467117,
  "running_total_packets": 20831163976,
  "running_total_dropped": 199542704,
  "running_total_time_sec": 3857.2189492270045,
  "p_gb": 0.00606,
  "p_bg": 0.6,
  "good_loss_rate": 0.0,
  "bad_loss_rate": 1.0
}