{
  "state": "good",
  "episode_index": 16918,
  "state_ordinal": 8459,
  "start_time_wall": 1756991209.7471995,
  "end_time_wall": 1756991209.7608106,
  "wall_time_sec": 0.013610800000606105,
  "steps": 93,
  "packets": 1395857,
  "dropped": 0,
  "running_total_steps": 1453240,
  "running_total_packets": 20634122204,
  "running_total_dropped": 197342577,
  "running_total_time_sec": 3827.973761362002,
  "p_gb": 0.00606,
  "p_bg": 0.6,
  "good_loss_rate": 0.0,
  "bad_loss_rate": 1.0
}