{
  "state": "good",
  "episode_index": 2260,
  "state_ordinal": 1130,
  "start_time_wall": 1756987844.7680893,
  "end_time_wall": 1756987844.7725298,
  "wall_time_sec": 0.0044405020016711205,
  "steps": 30,
  "packets": 459972,
  "dropped": 0,
  "running_total_steps": 190436,
  "running_total_packets": 2704055226,
  "running_total_dropped": 27525341,
  "running_total_time_sec": 462.985481058,
  "p_gb": 0.00606,
  "p_bg": 0.6,
  "good_loss_rate": 0.0,
  "bad_loss_rate": 1.0
}