{
  "state": "good",
  "episode_index": 16498,
  "state_ordinal": 8249,
  "start_time_wall": 1756991093.9878008,
  "end_time_wall": 1756991094.0002139,
  "wall_time_sec": 0.012412310999934562,
  "steps": 92,
  "packets": 1278688,
  "dropped": 0,
  "running_total_steps": 1414187,
  "running_total_packets": 20079552457,
  "running_total_dropped": 192872815,
  "running_total_time_sec": 3712.213164863002,
  "p_gb": 0.00606,
  "p_bg": 0.6,
  "good_loss_rate": 0.0,
  "bad_loss_rate": 1.0
}