{
  "state": "good",
  "episode_index": 10530,
  "state_ordinal": 5265,
  "start_time_wall": 1756989718.6230938,
  "end_time_wall": 1756989719.200454,
  "wall_time_sec": 0.5773598440064234,
  "steps": 122,
  "packets": 1773390,
  "dropped": 0,
  "running_total_steps": 898746,
  "running_total_packets": 12761028754,
  "running_total_dropped": 122975215,
  "running_total_time_sec": 2337.4134047660045,
  "p_gb": 0.00606,
  "p_bg": 0.6,
  "good_loss_rate": 0.0,
  "bad_loss_rate": 1.0
}