{
  "state": "good",
  "episode_index": 9764,
  "state_ordinal": 4882,
  "start_time_wall": 1756989553.157185,
  "end_time_wall": 1756989553.7061129,
  "wall_time_sec": 0.5489269269965007,
  "steps": 231,
  "packets": 3250263,
  "dropped": 0,
  "running_total_steps": 835291,
  "running_total_packets": 11860028499,
  "running_total_dropped": 113761107,
  "running_total_time_sec": 2171.9190637889988,
  "p_gb": 0.00606,
  "p_bg": 0.6,
  "good_loss_rate": 0.0,
  "bad_loss_rate": 1.0
}