{
  "state": "good",
  "episode_index": 4248,
  "state_ordinal": 2124,
  "start_time_wall": 1756988317.0799732,
  "end_time_wall": 1756988317.1052964,
  "wall_time_sec": 0.025323189998744056,
  "steps": 61,
  "packets": 837517,
  "dropped": 0,
  "running_total_steps": 360339,
  "running_total_packets": 5116357151,
  "running_total_dropped": 50764581,
  "running_total_time_sec": 935.318247408999,
  "p_gb": 0.00606,
  "p_bg": 0.6,
  "good_loss_rate": 0.0,
  "bad_loss_rate": 1.0
}