{
  "state": "good",
  "episode_index": 15212,
  "state_ordinal": 7606,
  "start_time_wall": 1756990826.882008,
  "end_time_wall": 1756990826.8992252,
  "wall_time_sec": 0.017217061002156697,
  "steps": 148,
  "packets": 2124893,
  "dropped": 0,
  "running_total_steps": 1300990,
  "running_total_packets": 18472311178,
  "running_total_dropped": 177950741,
  "running_total_time_sec": 3445.1121761930044,
  "p_gb": 0.00606,
  "p_bg": 0.6,
  "good_loss_rate": 0.0,
  "bad_loss_rate": 1.0
}