{
  "state": "good",
  "episode_index": 16892,
  "state_ordinal": 8446,
  "start_time_wall": 1756991203.2221007,
  "end_time_wall": 1756991203.8477678,
  "wall_time_sec": 0.6256662910018349,
  "steps": 497,
  "packets": 6998105,
  "dropped": 1,
  "running_total_steps": 1450406,
  "running_total_packets": 20593755120,
  "running_total_dropped": 197074964,
  "running_total_time_sec": 3822.060718714005,
  "p_gb": 0.00606,
  "p_bg": 0.6,
  "good_loss_rate": 0.0,
  "bad_loss_rate": 1.0
}