{
  "state": "good",
  "episode_index": 11980,
  "state_ordinal": 5990,
  "start_time_wall": 1756990059.2433722,
  "end_time_wall": 1756990059.246538,
  "wall_time_sec": 0.003165419002471026,
  "steps": 31,
  "packets": 378986,
  "dropped": 0,
  "running_total_steps": 1021228,
  "running_total_packets": 14500037694,
  "running_total_dropped": 140599258,
  "running_total_time_sec": 2677.4594888380016,
  "p_gb": 0.00606,
  "p_bg": 0.6,
  "good_loss_rate": 0.0,
  "bad_loss_rate": 1.0
}