{
  "state": "good",
  "episode_index": 16568,
  "state_ordinal": 8284,
  "start_time_wall": 1756991140.8927,
  "end_time_wall": 1756991141.4957156,
  "wall_time_sec": 0.6030156019987771,
  "steps": 138,
  "packets": 2003382,
  "dropped": 0,
  "running_total_steps": 1420178,
  "running_total_packets": 20164588490,
  "running_total_dropped": 193697329,
  "running_total_time_sec": 3759.708666614002,
  "p_gb": 0.00606,
  "p_bg": 0.6,
  "good_loss_rate": 0.0,
  "bad_loss_rate": 1.0
}