{
  "state": "good",
  "episode_index": 9278,
  "state_ordinal": 4639,
  "start_time_wall": 1756989458.59202,
  "end_time_wall": 1756989459.1763115,
  "wall_time_sec": 0.5842916170004173,
  "steps": 132,
  "packets": 1926714,
  "dropped": 2,
  "running_total_steps": 788931,
  "running_total_packets": 11201862869,
  "running_total_dropped": 107894193,
  "running_total_time_sec": 2077.389262534998,
  "p_gb": 0.00606,
  "p_bg": 0.6,
  "good_loss_rate": 0.0,
  "bad_loss_rate": 1.0
}