{
  "state": "good",
  "episode_index": 17758,
  "state_ordinal": 8879,
  "start_time_wall": 1756991391.269802,
  "end_time_wall": 1756991391.2743404,
  "wall_time_sec": 0.004538347995548975,
  "steps": 43,
  "packets": 575700,
  "dropped": 0,
  "running_total_steps": 1524445,
  "running_total_packets": 21645106021,
  "running_total_dropped": 207750111,
  "running_total_time_sec": 4009.4872914139996,
  "p_gb": 0.00606,
  "p_bg": 0.6,
  "good_loss_rate": 0.0,
  "bad_loss_rate": 1.0
}