{
  "state": "good",
  "episode_index": 4516,
  "state_ordinal": 2258,
  "start_time_wall": 1756988361.3850758,
  "end_time_wall": 1756988361.407931,
  "wall_time_sec": 0.02285500499419868,
  "steps": 184,
  "packets": 2642726,
  "dropped": 0,
  "running_total_steps": 380773,
  "running_total_packets": 5406561301,
  "running_total_dropped": 53455128,
  "running_total_time_sec": 979.6208819969979,
  "p_gb": 0.00606,
  "p_bg": 0.6,
  "good_loss_rate": 0.0,
  "bad_loss_rate": 1.0
}