{
  "state": "good",
  "episode_index": 12454,
  "state_ordinal": 6227,
  "start_time_wall": 1756990178.928671,
  "end_time_wall": 1756990178.9313204,
  "wall_time_sec": 0.002649369002028834,
  "steps": 22,
  "packets": 319666,
  "dropped": 0,
  "running_total_steps": 1061860,
  "running_total_packets": 15076968652,
  "running_total_dropped": 145654865,
  "running_total_time_sec": 2797.1442713590004,
  "p_gb": 0.00606,
  "p_bg": 0.6,
  "good_loss_rate": 0.0,
  "bad_loss_rate": 1.0
}