{
  "state": "good",
  "episode_index": 496,
  "state_ordinal": 248,
  "start_time_wall": 1756987459.2440345,
  "end_time_wall": 1756987459.813249,
  "wall_time_sec": 0.5692145450011594,
  "steps": 141,
  "packets": 2017847,
  "dropped": 0,
  "running_total_steps": 36796,
  "running_total_packets": 522583570,
  "running_total_dropped": 5702109,
  "running_total_time_sec": 78.02620012000261,
  "p_gb": 0.00606,
  "p_bg": 0.6,
  "good_loss_rate": 0.0,
  "bad_loss_rate": 1.0
}