{
  "state": "good",
  "episode_index": 4512,
  "state_ordinal": 2256,
  "start_time_wall": 1756988360.5383635,
  "end_time_wall": 1756988360.546297,
  "wall_time_sec": 0.007933362998301163,
  "steps": 60,
  "packets": 973481,
  "dropped": 0,
  "running_total_steps": 380346,
  "running_total_packets": 5400520777,
  "running_total_dropped": 53333628,
  "running_total_time_sec": 978.7592479800005,
  "p_gb": 0.00606,
  "p_bg": 0.6,
  "good_loss_rate": 0.0,
  "bad_loss_rate": 1.0
}