{
  "state": "good",
  "episode_index": 18124,
  "state_ordinal": 9062,
  "start_time_wall": 1756991491.7254465,
  "end_time_wall": 1756991492.3544118,
  "wall_time_sec": 0.6289652220002608,
  "steps": 501,
  "packets": 7044389,
  "dropped": 1,
  "running_total_steps": 1557474,
  "running_total_packets": 22114030769,
  "running_total_dropped": 211677389,
  "running_total_time_sec": 4110.567362610003,
  "p_gb": 0.00606,
  "p_bg": 0.6,
  "good_loss_rate": 0.0,
  "bad_loss_rate": 1.0
}