{
  "state": "good",
  "episode_index": 6830,
  "state_ordinal": 3415,
  "start_time_wall": 1756988862.0053346,
  "end_time_wall": 1756988862.0293229,
  "wall_time_sec": 0.023988105996977538,
  "steps": 199,
  "packets": 2840899,
  "dropped": 0,
  "running_total_steps": 574558,
  "running_total_packets": 8158012130,
  "running_total_dropped": 81177116,
  "running_total_time_sec": 1480.242273800999,
  "p_gb": 0.00606,
  "p_bg": 0.6,
  "good_loss_rate": 0.0,
  "bad_loss_rate": 1.0
}