{
  "state": "good",
  "episode_index": 17014,
  "state_ordinal": 8507,
  "start_time_wall": 1756991227.359371,
  "end_time_wall": 1756991227.9389353,
  "wall_time_sec": 0.5795637350020115,
  "steps": 70,
  "packets": 1044372,
  "dropped": 0,
  "running_total_steps": 1461876,
  "running_total_packets": 20756732148,
  "running_total_dropped": 198576478,
  "running_total_time_sec": 3846.1518862750017,
  "p_gb": 0.00606,
  "p_bg": 0.6,
  "good_loss_rate": 0.0,
  "bad_loss_rate": 1.0
}