{
  "state": "good",
  "episode_index": 5326,
  "state_ordinal": 2663,
  "start_time_wall": 1756988522.837724,
  "end_time_wall": 1756988522.8463285,
  "wall_time_sec": 0.008604477996414062,
  "steps": 63,
  "packets": 1031318,
  "dropped": 0,
  "running_total_steps": 443067,
  "running_total_packets": 6291064386,
  "running_total_dropped": 62811006,
  "running_total_time_sec": 1141.0592794059994,
  "p_gb": 0.00606,
  "p_bg": 0.6,
  "good_loss_rate": 0.0,
  "bad_loss_rate": 1.0
}