{
  "state": "good",
  "episode_index": 11552,
  "state_ordinal": 5776,
  "start_time_wall": 1756989978.228568,
  "end_time_wall": 1756989978.8275554,
  "wall_time_sec": 0.5989874110018718,
  "steps": 252,
  "packets": 3568482,
  "dropped": 1,
  "running_total_steps": 982022,
  "running_total_packets": 13943399480,
  "running_total_dropped": 135164774,
  "running_total_time_sec": 2597.0405064410006,
  "p_gb": 0.00606,
  "p_bg": 0.6,
  "good_loss_rate": 0.0,
  "bad_loss_rate": 1.0
}