{
  "state": "good",
  "episode_index": 7626,
  "state_ordinal": 3813,
  "start_time_wall": 1756989035.7738128,
  "end_time_wall": 1756989035.7922983,
  "wall_time_sec": 0.01848523000080604,
  "steps": 178,
  "packets": 2427206,
  "dropped": 0,
  "running_total_steps": 642587,
  "running_total_packets": 9123862697,
  "running_total_dropped": 90052981,
  "running_total_time_sec": 1654.0052490750022,
  "p_gb": 0.00606,
  "p_bg": 0.6,
  "good_loss_rate": 0.0,
  "bad_loss_rate": 1.0
}