{
  "state": "good",
  "episode_index": 14160,
  "state_ordinal": 7080,
  "start_time_wall": 1756990545.5236819,
  "end_time_wall": 1756990545.5442348,
  "wall_time_sec": 0.020552612993924413,
  "steps": 163,
  "packets": 2187096,
  "dropped": 0,
  "running_total_steps": 1207203,
  "running_total_packets": 17140625478,
  "running_total_dropped": 165416842,
  "running_total_time_sec": 3163.7571856779978,
  "p_gb": 0.00606,
  "p_bg": 0.6,
  "good_loss_rate": 0.0,
  "bad_loss_rate": 1.0
}