{
  "state": "good",
  "episode_index": 7540,
  "state_ordinal": 3770,
  "start_time_wall": 1756989021.1655543,
  "end_time_wall": 1756989021.1707842,
  "wall_time_sec": 0.005229857997619547,
  "steps": 41,
  "packets": 512062,
  "dropped": 0,
  "running_total_steps": 635126,
  "running_total_packets": 9017917718,
  "running_total_dropped": 89190856,
  "running_total_time_sec": 1639.383735233001,
  "p_gb": 0.00606,
  "p_bg": 0.6,
  "good_loss_rate": 0.0,
  "bad_loss_rate": 1.0
}