{
  "state": "good",
  "episode_index": 8232,
  "state_ordinal": 4116,
  "start_time_wall": 1756989206.0283403,
  "end_time_wall": 1756989206.6167767,
  "wall_time_sec": 0.5884364760058816,
  "steps": 162,
  "packets": 2354873,
  "dropped": 0,
  "running_total_steps": 699708,
  "running_total_packets": 9935030375,
  "running_total_dropped": 96015476,
  "running_total_time_sec": 1824.8297277950041,
  "p_gb": 0.00606,
  "p_bg": 0.6,
  "good_loss_rate": 0.0,
  "bad_loss_rate": 1.0
}