{
  "state": "good",
  "episode_index": 18354,
  "state_ordinal": 9177,
  "start_time_wall": 1756991530.395435,
  "end_time_wall": 1756991530.9540396,
  "wall_time_sec": 0.5586045590025606,
  "steps": 197,
  "packets": 2790267,
  "dropped": 0,
  "running_total_steps": 1576182,
  "running_total_packets": 22379624416,
  "running_total_dropped": 214917487,
  "running_total_time_sec": 4149.1669906120005,
  "p_gb": 0.00606,
  "p_bg": 0.6,
  "good_loss_rate": 0.0,
  "bad_loss_rate": 1.0
}