{
  "state": "good",
  "episode_index": 17310,
  "state_ordinal": 8655,
  "start_time_wall": 1756991312.7554414,
  "end_time_wall": 1756991312.757697,
  "wall_time_sec": 0.002255269995657727,
  "steps": 21,
  "packets": 256034,
  "dropped": 0,
  "running_total_steps": 1486260,
  "running_total_packets": 21102906640,
  "running_total_dropped": 202101591,
  "running_total_time_sec": 3930.9706478669978,
  "p_gb": 0.00606,
  "p_bg": 0.6,
  "good_loss_rate": 0.0,
  "bad_loss_rate": 1.0
}