{
  "state": "good",
  "episode_index": 2482,
  "state_ordinal": 1241,
  "start_time_wall": 1756987911.7906518,
  "end_time_wall": 1756987912.4091623,
  "wall_time_sec": 0.6185100660004537,
  "steps": 489,
  "packets": 6878047,
  "dropped": 1,
  "running_total_steps": 206967,
  "running_total_packets": 2938696975,
  "running_total_dropped": 29988790,
  "running_total_time_sec": 530.622113161,
  "p_gb": 0.00606,
  "p_bg": 0.6,
  "good_loss_rate": 0.0,
  "bad_loss_rate": 1.0
}