{
  "state": "good",
  "episode_index": 6906,
  "state_ordinal": 3453,
  "start_time_wall": 1756988909.5497706,
  "end_time_wall": 1756988909.5670753,
  "wall_time_sec": 0.017304213004535995,
  "steps": 167,
  "packets": 2201567,
  "dropped": 0,
  "running_total_steps": 581467,
  "running_total_packets": 8256031813,
  "running_total_dropped": 81913409,
  "running_total_time_sec": 1527.7800262840028,
  "p_gb": 0.00606,
  "p_bg": 0.6,
  "good_loss_rate": 0.0,
  "bad_loss_rate": 1.0
}