{
  "state": "good",
  "episode_index": 18018,
  "state_ordinal": 9009,
  "start_time_wall": 1756991472.2473493,
  "end_time_wall": 1756991472.8596761,
  "wall_time_sec": 0.6123270030002459,
  "steps": 328,
  "packets": 4722776,
  "dropped": 0,
  "running_total_steps": 1547710,
  "running_total_packets": 21975463194,
  "running_total_dropped": 210534624,
  "running_total_time_sec": 4091.07262721,
  "p_gb": 0.00606,
  "p_bg": 0.6,
  "good_loss_rate": 0.0,
  "bad_loss_rate": 1.0
}