{
  "state": "good",
  "episode_index": 13488,
  "state_ordinal": 6744,
  "start_time_wall": 1756990392.0606642,
  "end_time_wall": 1756990392.0874822,
  "wall_time_sec": 0.026817983001819812,
  "steps": 204,
  "packets": 2868382,
  "dropped": 1,
  "running_total_steps": 1149413,
  "running_total_packets": 16320119281,
  "running_total_dropped": 157889230,
  "running_total_time_sec": 3010.300433162003,
  "p_gb": 0.00606,
  "p_bg": 0.6,
  "good_loss_rate": 0.0,
  "bad_loss_rate": 1.0
}