{
  "state": "good",
  "episode_index": 18678,
  "state_ordinal": 9339,
  "start_time_wall": 1756991583.7843437,
  "end_time_wall": 1756991583.7947805,
  "wall_time_sec": 0.01043669800128555,
  "steps": 82,
  "packets": 1081992,
  "dropped": 0,
  "running_total_steps": 1601970,
  "running_total_packets": 22745718490,
  "running_total_dropped": 219009602,
  "running_total_time_sec": 4202.007731487,
  "p_gb": 0.00606,
  "p_bg": 0.6,
  "good_loss_rate": 0.0,
  "bad_loss_rate": 1.0
}