{
  "state": "good",
  "episode_index": 5356,
  "state_ordinal": 2678,
  "start_time_wall": 1756988527.818279,
  "end_time_wall": 1756988527.8243084,
  "wall_time_sec": 0.006028986994351726,
  "steps": 46,
  "packets": 607531,
  "dropped": 0,
  "running_total_steps": 445269,
  "running_total_packets": 6322335968,
  "running_total_dropped": 63159602,
  "running_total_time_sec": 1146.0372593799984,
  "p_gb": 0.00606,
  "p_bg": 0.6,
  "good_loss_rate": 0.0,
  "bad_loss_rate": 1.0
}