{
  "state": "good",
  "episode_index": 7570,
  "state_ordinal": 3785,
  "start_time_wall": 1756989026.152621,
  "end_time_wall": 1756989026.7441735,
  "wall_time_sec": 0.5915523020012188,
  "steps": 218,
  "packets": 3085356,
  "dropped": 0,
  "running_total_steps": 637867,
  "running_total_packets": 9056888945,
  "running_total_dropped": 89542351,
  "running_total_time_sec": 1644.9571245719999,
  "p_gb": 0.00606,
  "p_bg": 0.6,
  "good_loss_rate": 0.0,
  "bad_loss_rate": 1.0
}