{
  "state": "good",
  "episode_index": 9268,
  "state_ordinal": 4634,
  "start_time_wall": 1756989456.7364361,
  "end_time_wall": 1756989456.9377658,
  "wall_time_sec": 0.20132894300331827,
  "steps": 118,
  "packets": 1716982,
  "dropped": 0,
  "running_total_steps": 787996,
  "running_total_packets": 11188521934,
  "running_total_dropped": 107694594,
  "running_total_time_sec": 2075.150716766002,
  "p_gb": 0.00606,
  "p_bg": 0.6,
  "good_loss_rate": 0.0,
  "bad_loss_rate": 1.0
}