{
  "state": "good",
  "episode_index": 8614,
  "state_ordinal": 4307,
  "start_time_wall": 1756989310.877164,
  "end_time_wall": 1756989311.4645677,
  "wall_time_sec": 0.587404123005399,
  "steps": 113,
  "packets": 1650444,
  "dropped": 0,
  "running_total_steps": 734273,
  "running_total_packets": 10425794171,
  "running_total_dropped": 100600866,
  "running_total_time_sec": 1929.677518907003,
  "p_gb": 0.00606,
  "p_bg": 0.6,
  "good_loss_rate": 0.0,
  "bad_loss_rate": 1.0
}