{
  "state": "good",
  "episode_index": 11974,
  "state_ordinal": 5987,
  "start_time_wall": 1756990058.4360616,
  "end_time_wall": 1756990058.4670832,
  "wall_time_sec": 0.031021366005006712,
  "steps": 269,
  "packets": 3799921,
  "dropped": 0,
  "running_total_steps": 1020859,
  "running_total_packets": 14494801415,
  "running_total_dropped": 140586234,
  "running_total_time_sec": 2676.680034160003,
  "p_gb": 0.00606,
  "p_bg": 0.6,
  "good_loss_rate": 0.0,
  "bad_loss_rate": 1.0
}