{
  "state": "good",
  "episode_index": 10138,
  "state_ordinal": 5069,
  "start_time_wall": 1756989649.9559681,
  "end_time_wall": 1756989650.7201397,
  "wall_time_sec": 0.7641714700002922,
  "steps": 246,
  "packets": 3610418,
  "dropped": 1,
  "running_total_steps": 865942,
  "running_total_packets": 12295309414,
  "running_total_dropped": 118304489,
  "running_total_time_sec": 2268.9330908300035,
  "p_gb": 0.00606,
  "p_bg": 0.6,
  "good_loss_rate": 0.0,
  "bad_loss_rate": 1.0
}