{
  "state": "good",
  "episode_index": 8188,
  "state_ordinal": 4094,
  "start_time_wall": 1756989197.0734398,
  "end_time_wall": 1756989197.1069758,
  "wall_time_sec": 0.033535934999235906,
  "steps": 277,
  "packets": 3872241,
  "dropped": 0,
  "running_total_steps": 695190,
  "running_total_packets": 9870784700,
  "running_total_dropped": 95590204,
  "running_total_time_sec": 1815.3199267809978,
  "p_gb": 0.00606,
  "p_bg": 0.6,
  "good_loss_rate": 0.0,
  "bad_loss_rate": 1.0
}