{
  "state": "good",
  "episode_index": 4790,
  "state_ordinal": 2395,
  "start_time_wall": 1756988435.679958,
  "end_time_wall": 1756988436.2517061,
  "wall_time_sec": 0.5717476469944813,
  "steps": 155,
  "packets": 2214573,
  "dropped": 0,
  "running_total_steps": 399931,
  "running_total_packets": 5678533951,
  "running_total_dropped": 56873114,
  "running_total_time_sec": 1054.4646571249978,
  "p_gb": 0.00606,
  "p_bg": 0.6,
  "good_loss_rate": 0.0,
  "bad_loss_rate": 1.0
}