{
  "state": "good",
  "episode_index": 6546,
  "state_ordinal": 3273,
  "start_time_wall": 1756988804.9284985,
  "end_time_wall": 1756988804.9408116,
  "wall_time_sec": 0.012312259997997899,
  "steps": 86,
  "packets": 1306177,
  "dropped": 0,
  "running_total_steps": 546327,
  "running_total_packets": 7757248694,
  "running_total_dropped": 77555129,
  "running_total_time_sec": 1423.1537624499979,
  "p_gb": 0.00606,
  "p_bg": 0.6,
  "good_loss_rate": 0.0,
  "bad_loss_rate": 1.0
}