{
  "state": "good",
  "episode_index": 14326,
  "state_ordinal": 7163,
  "start_time_wall": 1756990610.9749067,
  "end_time_wall": 1756990610.980663,
  "wall_time_sec": 0.005756266000389587,
  "steps": 52,
  "packets": 726136,
  "dropped": 0,
  "running_total_steps": 1222136,
  "running_total_packets": 17352736750,
  "running_total_dropped": 168021937,
  "running_total_time_sec": 3229.193613973999,
  "p_gb": 0.00606,
  "p_bg": 0.6,
  "good_loss_rate": 0.0,
  "bad_loss_rate": 1.0
}