{
  "state": "good",
  "episode_index": 4990,
  "state_ordinal": 2495,
  "start_time_wall": 1756988468.118398,
  "end_time_wall": 1756988468.122236,
  "wall_time_sec": 0.003837889998976607,
  "steps": 29,
  "packets": 376092,
  "dropped": 0,
  "running_total_steps": 415907,
  "running_total_packets": 5905432653,
  "running_total_dropped": 58821566,
  "running_total_time_sec": 1086.3351867919991,
  "p_gb": 0.00606,
  "p_bg": 0.6,
  "good_loss_rate": 0.0,
  "bad_loss_rate": 1.0
}