{
  "state": "good",
  "episode_index": 18576,
  "state_ordinal": 9288,
  "start_time_wall": 1756991567.979803,
  "end_time_wall": 1756991568.0035317,
  "wall_time_sec": 0.02372786599880783,
  "steps": 185,
  "packets": 2461949,
  "dropped": 0,
  "running_total_steps": 1594332,
  "running_total_packets": 22637269644,
  "running_total_dropped": 217728000,
  "running_total_time_sec": 4186.216482684002,
  "p_gb": 0.00606,
  "p_bg": 0.6,
  "good_loss_rate": 0.0,
  "bad_loss_rate": 1.0
}