{
  "state": "good",
  "episode_index": 4958,
  "state_ordinal": 2479,
  "start_time_wall": 1756988463.2706864,
  "end_time_wall": 1756988463.282302,
  "wall_time_sec": 0.011615171999437734,
  "steps": 87,
  "packets": 1319189,
  "dropped": 0,
  "running_total_steps": 413700,
  "running_total_packets": 5874085850,
  "running_total_dropped": 58617594,
  "running_total_time_sec": 1081.495252781002,
  "p_gb": 0.00606,
  "p_bg": 0.6,
  "good_loss_rate": 0.0,
  "bad_loss_rate": 1.0
}