{
  "state": "good",
  "episode_index": 15032,
  "state_ordinal": 7516,
  "start_time_wall": 1756990739.4022522,
  "end_time_wall": 1756990740.0678227,
  "wall_time_sec": 0.6655702490024851,
  "steps": 563,
  "packets": 7883353,
  "dropped": 0,
  "running_total_steps": 1284976,
  "running_total_packets": 18244862818,
  "running_total_dropped": 175603093,
  "running_total_time_sec": 3358.2807736070026,
  "p_gb": 0.00606,
  "p_bg": 0.6,
  "good_loss_rate": 0.0,
  "bad_loss_rate": 1.0
}