{
  "state": "good",
  "episode_index": 3410,
  "state_ordinal": 1705,
  "start_time_wall": 1756988114.558606,
  "end_time_wall": 1756988114.5631227,
  "wall_time_sec": 0.004516539003816433,
  "steps": 32,
  "packets": 439736,
  "dropped": 0,
  "running_total_steps": 289322,
  "running_total_packets": 4108072468,
  "running_total_dropped": 40549675,
  "running_total_time_sec": 732.7760737720018,
  "p_gb": 0.00606,
  "p_bg": 0.6,
  "good_loss_rate": 0.0,
  "bad_loss_rate": 1.0
}