{
  "state": "good",
  "episode_index": 5966,
  "state_ordinal": 2983,
  "start_time_wall": 1756988673.3805218,
  "end_time_wall": 1756988674.0250826,
  "wall_time_sec": 0.6445605710032396,
  "steps": 509,
  "packets": 7165888,
  "dropped": 0,
  "running_total_steps": 499655,
  "running_total_packets": 7094473117,
  "running_total_dropped": 70429582,
  "running_total_time_sec": 1292.2380336760034,
  "p_gb": 0.00606,
  "p_bg": 0.6,
  "good_loss_rate": 0.0,
  "bad_loss_rate": 1.0
}