{
  "state": "good",
  "episode_index": 644,
  "state_ordinal": 322,
  "start_time_wall": 1756987486.345991,
  "end_time_wall": 1756987486.3574526,
  "wall_time_sec": 0.011461067995696794,
  "steps": 99,
  "packets": 1336555,
  "dropped": 1,
  "running_total_steps": 49953,
  "running_total_packets": 709346615,
  "running_total_dropped": 7410419,
  "running_total_time_sec": 104.57040346199938,
  "p_gb": 0.00606,
  "p_bg": 0.6,
  "good_loss_rate": 0.0,
  "bad_loss_rate": 1.0
}