{
  "state": "good",
  "episode_index": 3046,
  "state_ordinal": 1523,
  "start_time_wall": 1756988049.9303303,
  "end_time_wall": 1756988049.9451342,
  "wall_time_sec": 0.014803427999140695,
  "steps": 106,
  "packets": 1394422,
  "dropped": 1,
  "running_total_steps": 258216,
  "running_total_packets": 3666369142,
  "running_total_dropped": 36697566,
  "running_total_time_sec": 668.1580850390019,
  "p_gb": 0.00606,
  "p_bg": 0.6,
  "good_loss_rate": 0.0,
  "bad_loss_rate": 1.0
}