{
  "state": "good",
  "episode_index": 11592,
  "state_ordinal": 5796,
  "start_time_wall": 1756989984.8401868,
  "end_time_wall": 1756989985.4146483,
  "wall_time_sec": 0.5744615190051263,
  "steps": 132,
  "packets": 1894901,
  "dropped": 0,
  "running_total_steps": 985149,
  "running_total_packets": 13987848549,
  "running_total_dropped": 135564004,
  "running_total_time_sec": 2603.627599338004,
  "p_gb": 0.00606,
  "p_bg": 0.6,
  "good_loss_rate": 0.0,
  "bad_loss_rate": 1.0
}