{
  "state": "good",
  "episode_index": 16922,
  "state_ordinal": 8461,
  "start_time_wall": 1756991210.5996761,
  "end_time_wall": 1756991210.8051188,
  "wall_time_sec": 0.2054423060035333,
  "steps": 163,
  "packets": 2367885,
  "dropped": 0,
  "running_total_steps": 1453775,
  "running_total_packets": 20641652601,
  "running_total_dropped": 197449619,
  "running_total_time_sec": 3829.0180696000025,
  "p_gb": 0.00606,
  "p_bg": 0.6,
  "good_loss_rate": 0.0,
  "bad_loss_rate": 1.0
}