{
  "state": "good",
  "episode_index": 14,
  "state_ordinal": 7,
  "start_time_wall": 1756987388.3550026,
  "end_time_wall": 1756987388.3767176,
  "wall_time_sec": 0.021714706999773625,
  "steps": 165,
  "packets": 2367897,
  "dropped": 0,
  "running_total_steps": 1627,
  "running_total_packets": 23255135,
  "running_total_dropped": 215534,
  "running_total_time_sec": 6.589668476997758,
  "p_gb": 0.00606,
  "p_bg": 0.6,
  "good_loss_rate": 0.0,
  "bad_loss_rate": 1.0
}