{
  "state": "good",
  "episode_index": 5438,
  "state_ordinal": 2719,
  "start_time_wall": 1756988537.4616866,
  "end_time_wall": 1756988571.575761,
  "wall_time_sec": 34.11407464199874,
  "steps": 70,
  "packets": 1045813,
  "dropped": 0,
  "running_total_steps": 450271,
  "running_total_packets": 6393333849,
  "running_total_dropped": 63830826,
  "running_total_time_sec": 1189.7887122140019,
  "p_gb": 0.00606,
  "p_bg": 0.6,
  "good_loss_rate": 0.0,
  "bad_loss_rate": 1.0
}