{
  "state": "good",
  "episode_index": 12260,
  "state_ordinal": 6130,
  "start_time_wall": 1756990146.5742304,
  "end_time_wall": 1756990146.5790398,
  "wall_time_sec": 0.004808373996638693,
  "steps": 44,
  "packets": 575706,
  "dropped": 0,
  "running_total_steps": 1046146,
  "running_total_packets": 14853877106,
  "running_total_dropped": 143647056,
  "running_total_time_sec": 2764.7919906300012,
  "p_gb": 0.00606,
  "p_bg": 0.6,
  "good_loss_rate": 0.0,
  "bad_loss_rate": 1.0
}