{
  "state": "good",
  "episode_index": 2130,
  "state_ordinal": 1065,
  "start_time_wall": 1756987818.8315663,
  "end_time_wall": 1756987818.850746,
  "wall_time_sec": 0.019179429997166153,
  "steps": 152,
  "packets": 2182742,
  "dropped": 0,
  "running_total_steps": 177762,
  "running_total_packets": 2524073312,
  "running_total_dropped": 25814137,
  "running_total_time_sec": 437.0636969219995,
  "p_gb": 0.00606,
  "p_bg": 0.6,
  "good_loss_rate": 0.0,
  "bad_loss_rate": 1.0
}