{
  "state": "good",
  "episode_index": 9522,
  "state_ordinal": 4761,
  "start_time_wall": 1756989505.40575,
  "end_time_wall": 1756989505.408538,
  "wall_time_sec": 0.002787591001833789,
  "steps": 25,
  "packets": 321125,
  "dropped": 0,
  "running_total_steps": 811723,
  "running_total_packets": 11525405645,
  "running_total_dropped": 110995449,
  "running_total_time_sec": 2123.621488925004,
  "p_gb": 0.00606,
  "p_bg": 0.6,
  "good_loss_rate": 0.0,
  "bad_loss_rate": 1.0
}