{
  "state": "good",
  "episode_index": 17612,
  "state_ordinal": 8806,
  "start_time_wall": 1756991365.53877,
  "end_time_wall": 1756991366.1152713,
  "wall_time_sec": 0.5765011010007584,
  "steps": 102,
  "packets": 1517362,
  "dropped": 0,
  "running_total_steps": 1512184,
  "running_total_packets": 21471017084,
  "running_total_dropped": 205942011,
  "running_total_time_sec": 3984.328222313001,
  "p_gb": 0.00606,
  "p_bg": 0.6,
  "good_loss_rate": 0.0,
  "bad_loss_rate": 1.0
}