{
  "state": "good",
  "episode_index": 8824,
  "state_ordinal": 4412,
  "start_time_wall": 1756989344.5546284,
  "end_time_wall": 1756989345.1526277,
  "wall_time_sec": 0.5979993650034885,
  "steps": 214,
  "packets": 3082450,
  "dropped": 0,
  "running_total_steps": 750359,
  "running_total_packets": 10654217453,
  "running_total_dropped": 102724314,
  "running_total_time_sec": 1963.365578861005,
  "p_gb": 0.00606,
  "p_bg": 0.6,
  "good_loss_rate": 0.0,
  "bad_loss_rate": 1.0
}