{
  "state": "good",
  "episode_index": 1050,
  "state_ordinal": 525,
  "start_time_wall": 1756987596.7391462,
  "end_time_wall": 1756987596.7431571,
  "wall_time_sec": 0.004010434000520036,
  "steps": 34,
  "packets": 442630,
  "dropped": 0,
  "running_total_steps": 87007,
  "running_total_packets": 1235395993,
  "running_total_dropped": 12063837,
  "running_total_time_sec": 214.9561082479995,
  "p_gb": 0.00606,
  "p_bg": 0.6,
  "good_loss_rate": 0.0,
  "bad_loss_rate": 1.0
}