{
  "state": "good",
  "episode_index": 17148,
  "state_ordinal": 8574,
  "start_time_wall": 1756991247.5242,
  "end_time_wall": 1756991247.5425973,
  "wall_time_sec": 0.01839748999918811,
  "steps": 146,
  "packets": 1957098,
  "dropped": 0,
  "running_total_steps": 1471311,
  "running_total_packets": 20890563935,
  "running_total_dropped": 200140136,
  "running_total_time_sec": 3865.755548401001,
  "p_gb": 0.00606,
  "p_bg": 0.6,
  "good_loss_rate": 0.0,
  "bad_loss_rate": 1.0
}