{
  "state": "good",
  "episode_index": 6822,
  "state_ordinal": 3411,
  "start_time_wall": 1756988859.69273,
  "end_time_wall": 1756988860.294756,
  "wall_time_sec": 0.6020259209981305,
  "steps": 291,
  "packets": 4068967,
  "dropped": 0,
  "running_total_steps": 573624,
  "running_total_packets": 8144714579,
  "running_total_dropped": 81067188,
  "running_total_time_sec": 1478.5077069170002,
  "p_gb": 0.00606,
  "p_bg": 0.6,
  "good_loss_rate": 0.0,
  "bad_loss_rate": 1.0
}