{
  "state": "good",
  "episode_index": 18138,
  "state_ordinal": 9069,
  "start_time_wall": 1756991494.1938248,
  "end_time_wall": 1756991495.4306028,
  "wall_time_sec": 1.2367776800019783,
  "steps": 565,
  "packets": 8062713,
  "dropped": 0,
  "running_total_steps": 1558866,
  "running_total_packets": 22133778202,
  "running_total_dropped": 211981125,
  "running_total_time_sec": 4113.643553644004,
  "p_gb": 0.00606,
  "p_bg": 0.6,
  "good_loss_rate": 0.0,
  "bad_loss_rate": 1.0
}