{
  "state": "good",
  "episode_index": 8146,
  "state_ordinal": 4073,
  "start_time_wall": 1756989184.745423,
  "end_time_wall": 1756989184.7502334,
  "wall_time_sec": 0.004810163001820911,
  "steps": 36,
  "packets": 486020,
  "dropped": 0,
  "running_total_steps": 689009,
  "running_total_packets": 9782996019,
  "running_total_dropped": 95179389,
  "running_total_time_sec": 1802.9631844600008,
  "p_gb": 0.00606,
  "p_bg": 0.6,
  "good_loss_rate": 0.0,
  "bad_loss_rate": 1.0
}