{
  "state": "good",
  "episode_index": 9178,
  "state_ordinal": 4589,
  "start_time_wall": 1756989440.287001,
  "end_time_wall": 1756989440.292323,
  "wall_time_sec": 0.005321666998497676,
  "steps": 38,
  "packets": 549658,
  "dropped": 0,
  "running_total_steps": 779740,
  "running_total_packets": 11071343536,
  "running_total_dropped": 106771693,
  "running_total_time_sec": 2058.5052741359978,
  "p_gb": 0.00606,
  "p_bg": 0.6,
  "good_loss_rate": 0.0,
  "bad_loss_rate": 1.0
}