{
  "state": "good",
  "episode_index": 18240,
  "state_ordinal": 9120,
  "start_time_wall": 1756991513.0067272,
  "end_time_wall": 1756991513.0381618,
  "wall_time_sec": 0.03143460899445927,
  "steps": 243,
  "packets": 3448418,
  "dropped": 0,
  "running_total_steps": 1567452,
  "running_total_packets": 22255754579,
  "running_total_dropped": 213502797,
  "running_total_time_sec": 4131.251112689999,
  "p_gb": 0.00606,
  "p_bg": 0.6,
  "good_loss_rate": 0.0,
  "bad_loss_rate": 1.0
}