{
  "state": "good",
  "episode_index": 13924,
  "state_ordinal": 6962,
  "start_time_wall": 1756990498.8259132,
  "end_time_wall": 1756990499.4528313,
  "wall_time_sec": 0.6269173649998265,
  "steps": 459,
  "packets": 6448447,
  "dropped": 0,
  "running_total_steps": 1184594,
  "running_total_packets": 16819661796,
  "running_total_dropped": 162813106,
  "running_total_time_sec": 3117.6657821199988,
  "p_gb": 0.00606,
  "p_bg": 0.6,
  "good_loss_rate": 0.0,
  "bad_loss_rate": 1.0
}