{
  "state": "good",
  "episode_index": 12304,
  "state_ordinal": 6152,
  "start_time_wall": 1756990155.491432,
  "end_time_wall": 1756990155.499414,
  "wall_time_sec": 0.007981885995832272,
  "steps": 60,
  "packets": 837511,
  "dropped": 0,
  "running_total_steps": 1050288,
  "running_total_packets": 14912747643,
  "running_total_dropped": 144031858,
  "running_total_time_sec": 2773.7123649860005,
  "p_gb": 0.00606,
  "p_bg": 0.6,
  "good_loss_rate": 0.0,
  "bad_loss_rate": 1.0
}