{
  "state": "good",
  "episode_index": 4816,
  "state_ordinal": 2408,
  "start_time_wall": 1756988440.5149376,
  "end_time_wall": 1756988440.5154507,
  "wall_time_sec": 0.0005130649951752275,
  "steps": 4,
  "packets": 26036,
  "dropped": 0,
  "running_total_steps": 402014,
  "running_total_packets": 5708162330,
  "running_total_dropped": 57195655,
  "running_total_time_sec": 1058.728401679,
  "p_gb": 0.00606,
  "p_bg": 0.6,
  "good_loss_rate": 0.0,
  "bad_loss_rate": 1.0
}