{
  "state": "good",
  "episode_index": 1868,
  "state_ordinal": 934,
  "start_time_wall": 1756987774.1585839,
  "end_time_wall": 1756987774.1661565,
  "wall_time_sec": 0.007572554000944365,
  "steps": 71,
  "packets": 972034,
  "dropped": 0,
  "running_total_steps": 156156,
  "running_total_packets": 2217250475,
  "running_total_dropped": 22330939,
  "running_total_time_sec": 392.3791075170011,
  "p_gb": 0.00606,
  "p_bg": 0.6,
  "good_loss_rate": 0.0,
  "bad_loss_rate": 1.0
}