{
  "state": "good",
  "episode_index": 13588,
  "state_ordinal": 6794,
  "start_time_wall": 1756990445.3470736,
  "end_time_wall": 1756990445.351816,
  "wall_time_sec": 0.00474163699982455,
  "steps": 40,
  "packets": 549670,
  "dropped": 0,
  "running_total_steps": 1158208,
  "running_total_packets": 16445058068,
  "running_total_dropped": 159033391,
  "running_total_time_sec": 3063.5647668890015,
  "p_gb": 0.00606,
  "p_bg": 0.6,
  "good_loss_rate": 0.0,
  "bad_loss_rate": 1.0
}