{
  "state": "good",
  "episode_index": 10252,
  "state_ordinal": 5126,
  "start_time_wall": 1756989673.0490825,
  "end_time_wall": 1756989673.6630826,
  "wall_time_sec": 0.6139997840000433,
  "steps": 337,
  "packets": 4844281,
  "dropped": 0,
  "running_total_steps": 877029,
  "running_total_packets": 12452684213,
  "running_total_dropped": 119698904,
  "running_total_time_sec": 2291.8760335059997,
  "p_gb": 0.00606,
  "p_bg": 0.6,
  "good_loss_rate": 0.0,
  "bad_loss_rate": 1.0
}