{
  "state": "good",
  "episode_index": 626,
  "state_ordinal": 313,
  "start_time_wall": 1756987481.3990922,
  "end_time_wall": 1756987481.4020352,
  "wall_time_sec": 0.0029424919994198717,
  "steps": 22,
  "packets": 306660,
  "dropped": 0,
  "running_total_steps": 47500,
  "running_total_packets": 674555736,
  "running_total_dropped": 7203572,
  "running_total_time_sec": 99.61498625599779,
  "p_gb": 0.00606,
  "p_bg": 0.6,
  "good_loss_rate": 0.0,
  "bad_loss_rate": 1.0
}