{
  "state": "good",
  "episode_index": 5940,
  "state_ordinal": 2970,
  "start_time_wall": 1756988667.6614852,
  "end_time_wall": 1756988668.2800512,
  "wall_time_sec": 0.618565058997774,
  "steps": 329,
  "packets": 4703975,
  "dropped": 0,
  "running_total_steps": 496888,
  "running_total_packets": 7055274792,
  "running_total_dropped": 70286359,
  "running_total_time_sec": 1286.4930021920009,
  "p_gb": 0.00606,
  "p_bg": 0.6,
  "good_loss_rate": 0.0,
  "bad_loss_rate": 1.0
}