{
  "state": "good",
  "episode_index": 9108,
  "state_ordinal": 4554,
  "start_time_wall": 1756989426.1611218,
  "end_time_wall": 1756989426.164679,
  "wall_time_sec": 0.003557312003977131,
  "steps": 33,
  "packets": 410811,
  "dropped": 0,
  "running_total_steps": 773212,
  "running_total_packets": 10978547126,
  "running_total_dropped": 105720135,
  "running_total_time_sec": 2044.3776302210026,
  "p_gb": 0.00606,
  "p_bg": 0.6,
  "good_loss_rate": 0.0,
  "bad_loss_rate": 1.0
}