{
  "state": "good",
  "episode_index": 6286,
  "state_ordinal": 3143,
  "start_time_wall": 1756988761.785282,
  "end_time_wall": 1756988761.8007362,
  "wall_time_sec": 0.01545410700055072,
  "steps": 126,
  "packets": 1818233,
  "dropped": 0,
  "running_total_steps": 525099,
  "running_total_packets": 7455763393,
  "running_total_dropped": 74649029,
  "running_total_time_sec": 1380.0136871740033,
  "p_gb": 0.00606,
  "p_bg": 0.6,
  "good_loss_rate": 0.0,
  "bad_loss_rate": 1.0
}