{
  "state": "good",
  "episode_index": 1588,
  "state_ordinal": 794,
  "start_time_wall": 1756987727.77456,
  "end_time_wall": 1756987727.7771187,
  "wall_time_sec": 0.0025587419950170442,
  "steps": 17,
  "packets": 243004,
  "dropped": 0,
  "running_total_steps": 133334,
  "running_total_packets": 1893299788,
  "running_total_dropped": 18882511,
  "running_total_time_sec": 345.9900697839985,
  "p_gb": 0.00606,
  "p_bg": 0.6,
  "good_loss_rate": 0.0,
  "bad_loss_rate": 1.0
}