{
  "state": "good",
  "episode_index": 2372,
  "state_ordinal": 1186,
  "start_time_wall": 1756987893.6905167,
  "end_time_wall": 1756987893.6922102,
  "wall_time_sec": 0.001693042999249883,
  "steps": 13,
  "packets": 134535,
  "dropped": 0,
  "running_total_steps": 197841,
  "running_total_packets": 2809177165,
  "running_total_dropped": 28490178,
  "running_total_time_sec": 511.9051611140021,
  "p_gb": 0.00606,
  "p_bg": 0.6,
  "good_loss_rate": 0.0,
  "bad_loss_rate": 1.0
}