{
  "state": "good",
  "episode_index": 1940,
  "state_ordinal": 970,
  "start_time_wall": 1756987785.7574584,
  "end_time_wall": 1756987786.5308855,
  "wall_time_sec": 0.7734268309941399,
  "steps": 243,
  "packets": 3565581,
  "dropped": 1,
  "running_total_steps": 162030,
  "running_total_packets": 2300738756,
  "running_total_dropped": 23194503,
  "running_total_time_sec": 404.7438363129986,
  "p_gb": 0.00606,
  "p_bg": 0.6,
  "good_loss_rate": 0.0,
  "bad_loss_rate": 1.0
}