{
  "state": "good",
  "episode_index": 4204,
  "state_ordinal": 2102,
  "start_time_wall": 1756988307.992115,
  "end_time_wall": 1756988308.01167,
  "wall_time_sec": 0.019554833001166116,
  "steps": 47,
  "packets": 639350,
  "dropped": 0,
  "running_total_steps": 356334,
  "running_total_packets": 5059508797,
  "running_total_dropped": 50183131,
  "running_total_time_sec": 926.2246210529993,
  "p_gb": 0.00606,
  "p_bg": 0.6,
  "good_loss_rate": 0.0,
  "bad_loss_rate": 1.0
}