{
  "state": "good",
  "episode_index": 14632,
  "state_ordinal": 7316,
  "start_time_wall": 1756990668.2946222,
  "end_time_wall": 1756990668.898212,
  "wall_time_sec": 0.6035895669992897,
  "steps": 212,
  "packets": 2986999,
  "dropped": 1,
  "running_total_steps": 1250441,
  "running_total_packets": 17754653027,
  "running_total_dropped": 171233207,
  "running_total_time_sec": 3287.111162867004,
  "p_gb": 0.00606,
  "p_bg": 0.6,
  "good_loss_rate": 0.0,
  "bad_loss_rate": 1.0
}