{
  "state": "good",
  "episode_index": 7600,
  "state_ordinal": 3800,
  "start_time_wall": 1756989030.2075677,
  "end_time_wall": 1756989030.2119823,
  "wall_time_sec": 0.004414510003698524,
  "steps": 38,
  "packets": 549658,
  "dropped": 0,
  "running_total_steps": 639761,
  "running_total_packets": 9083774771,
  "running_total_dropped": 89908297,
  "running_total_time_sec": 1648.4249333230036,
  "p_gb": 0.00606,
  "p_bg": 0.6,
  "good_loss_rate": 0.0,
  "bad_loss_rate": 1.0
}