{
  "state": "good",
  "episode_index": 12888,
  "state_ordinal": 6444,
  "start_time_wall": 1756990294.79494,
  "end_time_wall": 1756990295.391876,
  "wall_time_sec": 0.596935260000464,
  "steps": 297,
  "packets": 4145635,
  "dropped": 0,
  "running_total_steps": 1101846,
  "running_total_packets": 15644699974,
  "running_total_dropped": 151287376,
  "running_total_time_sec": 2913.6048269919993,
  "p_gb": 0.00606,
  "p_bg": 0.6,
  "good_loss_rate": 0.0,
  "bad_loss_rate": 1.0
}