{
  "state": "good",
  "episode_index": 6542,
  "state_ordinal": 3271,
  "start_time_wall": 1756988804.1418722,
  "end_time_wall": 1756988804.143387,
  "wall_time_sec": 0.0015142999982344918,
  "steps": 9,
  "packets": 121505,
  "dropped": 0,
  "running_total_steps": 546076,
  "running_total_packets": 7753574620,
  "running_total_dropped": 77459666,
  "running_total_time_sec": 1422.356338110003,
  "p_gb": 0.00606,
  "p_bg": 0.6,
  "good_loss_rate": 0.0,
  "bad_loss_rate": 1.0
}