{
  "state": "good",
  "episode_index": 15116,
  "state_ordinal": 7558,
  "start_time_wall": 1756990809.6827307,
  "end_time_wall": 1756990809.6877446,
  "wall_time_sec": 0.005013739995774813,
  "steps": 32,
  "packets": 558340,
  "dropped": 0,
  "running_total_steps": 1292442,
  "running_total_packets": 18351001622,
  "running_total_dropped": 176726991,
  "running_total_time_sec": 3427.9006954979995,
  "p_gb": 0.00606,
  "p_bg": 0.6,
  "good_loss_rate": 0.0,
  "bad_loss_rate": 1.0
}