{
  "state": "good",
  "episode_index": 4068,
  "state_ordinal": 2034,
  "start_time_wall": 1756988283.4316156,
  "end_time_wall": 1756988283.4677784,
  "wall_time_sec": 0.036163120996207,
  "steps": 149,
  "packets": 2052555,
  "dropped": 0,
  "running_total_steps": 345479,
  "running_total_packets": 4905397273,
  "running_total_dropped": 48495121,
  "running_total_time_sec": 901.680729628999,
  "p_gb": 0.00606,
  "p_bg": 0.6,
  "good_loss_rate": 0.0,
  "bad_loss_rate": 1.0
}