{
  "state": "good",
  "episode_index": 2380,
  "state_ordinal": 1190,
  "start_time_wall": 1756987895.235708,
  "end_time_wall": 1756987895.2391894,
  "wall_time_sec": 0.003481407999061048,
  "steps": 25,
  "packets": 332690,
  "dropped": 0,
  "running_total_steps": 198484,
  "running_total_packets": 2818301592,
  "running_total_dropped": 28546595,
  "running_total_time_sec": 513.4521405060004,
  "p_gb": 0.00606,
  "p_bg": 0.6,
  "good_loss_rate": 0.0,
  "bad_loss_rate": 1.0
}