{
  "state": "good",
  "episode_index": 18892,
  "state_ordinal": 9446,
  "start_time_wall": 1756991673.387765,
  "end_time_wall": 1756991673.391559,
  "wall_time_sec": 0.003793272997427266,
  "steps": 34,
  "packets": 442630,
  "dropped": 0,
  "running_total_steps": 1619323,
  "running_total_packets": 22992201141,
  "running_total_dropped": 221728969,
  "running_total_time_sec": 4291.604509748999,
  "p_gb": 0.00606,
  "p_bg": 0.6,
  "good_loss_rate": 0.0,
  "bad_loss_rate": 1.0
}