{
  "state": "good",
  "episode_index": 1862,
  "state_ordinal": 931,
  "start_time_wall": 1756987774.1131275,
  "end_time_wall": 1756987774.1257899,
  "wall_time_sec": 0.012662483997701202,
  "steps": 97,
  "packets": 1336543,
  "dropped": 0,
  "running_total_steps": 155882,
  "running_total_packets": 2213424512,
  "running_total_dropped": 22319356,
  "running_total_time_sec": 392.33874096399813,
  "p_gb": 0.00606,
  "p_bg": 0.6,
  "good_loss_rate": 0.0,
  "bad_loss_rate": 1.0
}