{
  "state": "good",
  "episode_index": 8124,
  "state_ordinal": 4062,
  "start_time_wall": 1756989179.693555,
  "end_time_wall": 1756989179.6944296,
  "wall_time_sec": 0.0008744820006540976,
  "steps": 4,
  "packets": 95463,
  "dropped": 0,
  "running_total_steps": 686724,
  "running_total_packets": 9750619315,
  "running_total_dropped": 94861152,
  "running_total_time_sec": 1797.9073806759989,
  "p_gb": 0.00606,
  "p_bg": 0.6,
  "good_loss_rate": 0.0,
  "bad_loss_rate": 1.0
}