{
  "state": "good",
  "episode_index": 8924,
  "state_ordinal": 4462,
  "start_time_wall": 1756989361.8012886,
  "end_time_wall": 1756989362.3661458,
  "wall_time_sec": 0.5648570900011691,
  "steps": 90,
  "packets": 1381392,
  "dropped": 0,
  "running_total_steps": 758786,
  "running_total_packets": 10773850540,
  "running_total_dropped": 103563367,
  "running_total_time_sec": 1980.5790967630019,
  "p_gb": 0.00606,
  "p_bg": 0.6,
  "good_loss_rate": 0.0,
  "bad_loss_rate": 1.0
}