{
  "state": "good",
  "episode_index": 2536,
  "state_ordinal": 1268,
  "start_time_wall": 1756987920.7826529,
  "end_time_wall": 1756987921.3629143,
  "wall_time_sec": 0.580261346003681,
  "steps": 222,
  "packets": 3141764,
  "dropped": 0,
  "running_total_steps": 211302,
  "running_total_packets": 3000312936,
  "running_total_dropped": 30743848,
  "running_total_time_sec": 539.5758654220044,
  "p_gb": 0.00606,
  "p_bg": 0.6,
  "good_loss_rate": 0.0,
  "bad_loss_rate": 1.0
}