{
  "state": "good",
  "episode_index": 17602,
  "state_ordinal": 8801,
  "start_time_wall": 1756991362.133019,
  "end_time_wall": 1756991362.7198596,
  "wall_time_sec": 0.5868406650042743,
  "steps": 169,
  "packets": 2414181,
  "dropped": 0,
  "running_total_steps": 1510602,
  "running_total_packets": 21448518444,
  "running_total_dropped": 205727941,
  "running_total_time_sec": 3980.9328107340043,
  "p_gb": 0.00606,
  "p_bg": 0.6,
  "good_loss_rate": 0.0,
  "bad_loss_rate": 1.0
}