{
  "state": "good",
  "episode_index": 4748,
  "state_ordinal": 2374,
  "start_time_wall": 1756988429.828198,
  "end_time_wall": 1756988430.462313,
  "wall_time_sec": 0.6341148209976382,
  "steps": 546,
  "packets": 7651914,
  "dropped": 0,
  "running_total_steps": 397172,
  "running_total_packets": 5639339962,
  "running_total_dropped": 56392871,
  "running_total_time_sec": 1048.6752638830003,
  "p_gb": 0.00606,
  "p_bg": 0.6,
  "good_loss_rate": 0.0,
  "bad_loss_rate": 1.0
}