{
  "state": "good",
  "episode_index": 12856,
  "state_ordinal": 6428,
  "start_time_wall": 1756990288.979558,
  "end_time_wall": 1756990288.9953926,
  "wall_time_sec": 0.01583458900131518,
  "steps": 126,
  "packets": 1701070,
  "dropped": 0,
  "running_total_steps": 1098630,
  "running_total_packets": 15599037302,
  "running_total_dropped": 150866459,
  "running_total_time_sec": 2907.208343546001,
  "p_gb": 0.00606,
  "p_bg": 0.6,
  "good_loss_rate": 0.0,
  "bad_loss_rate": 1.0
}