{
  "state": "good",
  "episode_index": 18456,
  "state_ordinal": 9228,
  "start_time_wall": 1756991550.7904892,
  "end_time_wall": 1756991551.374721,
  "wall_time_sec": 0.5842320049996488,
  "steps": 178,
  "packets": 2596430,
  "dropped": 0,
  "running_total_steps": 1586126,
  "running_total_packets": 22520925844,
  "running_total_dropped": 216233804,
  "running_total_time_sec": 4169.587672128,
  "p_gb": 0.00606,
  "p_bg": 0.6,
  "good_loss_rate": 0.0,
  "bad_loss_rate": 1.0
}