{
  "state": "good",
  "episode_index": 12190,
  "state_ordinal": 6095,
  "start_time_wall": 1756990133.9437723,
  "end_time_wall": 1756990133.9501913,
  "wall_time_sec": 0.006418834993382916,
  "steps": 48,
  "packets": 682734,
  "dropped": 0,
  "running_total_steps": 1039960,
  "running_total_packets": 14766013204,
  "running_total_dropped": 143006255,
  "running_total_time_sec": 2752.163142377998,
  "p_gb": 0.00606,
  "p_bg": 0.6,
  "good_loss_rate": 0.0,
  "bad_loss_rate": 1.0
}