{
  "state": "good",
  "episode_index": 4924,
  "state_ordinal": 2462,
  "start_time_wall": 1756988458.221264,
  "end_time_wall": 1756988458.7813768,
  "wall_time_sec": 0.5601126980036497,
  "steps": 49,
  "packets": 788338,
  "dropped": 0,
  "running_total_steps": 411456,
  "running_total_packets": 5842270387,
  "running_total_dropped": 58092552,
  "running_total_time_sec": 1076.9943278210048,
  "p_gb": 0.00606,
  "p_bg": 0.6,
  "good_loss_rate": 0.0,
  "bad_loss_rate": 1.0
}