{
  "state": "good",
  "episode_index": 344,
  "state_ordinal": 172,
  "start_time_wall": 1756987437.4261887,
  "end_time_wall": 1756987438.662663,
  "wall_time_sec": 1.23647415600135,
  "steps": 574,
  "packets": 8184218,
  "dropped": 1,
  "running_total_steps": 26341,
  "running_total_packets": 374165421,
  "running_total_dropped": 4248312,
  "running_total_time_sec": 56.875613989002886,
  "p_gb": 0.00606,
  "p_bg": 0.6,
  "good_loss_rate": 0.0,
  "bad_loss_rate": 1.0
}