{
  "state": "good",
  "episode_index": 4598,
  "state_ordinal": 2299,
  "start_time_wall": 1756988370.8085475,
  "end_time_wall": 1756988370.8133886,
  "wall_time_sec": 0.004840901005081832,
  "steps": 37,
  "packets": 497591,
  "dropped": 0,
  "running_total_steps": 385064,
  "running_total_packets": 5467401960,
  "running_total_dropped": 54759797,
  "running_total_time_sec": 989.026339435004,
  "p_gb": 0.00606,
  "p_bg": 0.6,
  "good_loss_rate": 0.0,
  "bad_loss_rate": 1.0
}