{
  "state": "good",
  "episode_index": 878,
  "state_ordinal": 439,
  "start_time_wall": 1756987560.67937,
  "end_time_wall": 1756987562.073554,
  "wall_time_sec": 1.3941837960010162,
  "steps": 774,
  "packets": 11051129,
  "dropped": 2,
  "running_total_steps": 69918,
  "running_total_packets": 992798577,
  "running_total_dropped": 10073473,
  "running_total_time_sec": 180.28650493200257,
  "p_gb": 0.00606,
  "p_bg": 0.6,
  "good_loss_rate": 0.0,
  "bad_loss_rate": 1.0
}