{
  "state": "good",
  "episode_index": 8336,
  "state_ordinal": 4168,
  "start_time_wall": 1756989258.8246896,
  "end_time_wall": 1756989258.8390307,
  "wall_time_sec": 0.014340984998852946,
  "steps": 107,
  "packets": 1625837,
  "dropped": 0,
  "running_total_steps": 708761,
  "running_total_packets": 10063578139,
  "running_total_dropped": 97169735,
  "running_total_time_sec": 1877.0519816099986,
  "p_gb": 0.00606,
  "p_bg": 0.6,
  "good_loss_rate": 0.0,
  "bad_loss_rate": 1.0
}