{
  "state": "good",
  "episode_index": 14590,
  "state_ordinal": 7295,
  "start_time_wall": 1756990660.2151358,
  "end_time_wall": 1756990660.2165158,
  "wall_time_sec": 0.0013799149965052493,
  "steps": 9,
  "packets": 108505,
  "dropped": 0,
  "running_total_steps": 1246200,
  "running_total_packets": 17694285400,
  "running_total_dropped": 170679215,
  "running_total_time_sec": 3278.429466898,
  "p_gb": 0.00606,
  "p_bg": 0.6,
  "good_loss_rate": 0.0,
  "bad_loss_rate": 1.0
}