{
  "state": "good",
  "episode_index": 16348,
  "state_ordinal": 8174,
  "start_time_wall": 1756991068.949721,
  "end_time_wall": 1756991069.162533,
  "wall_time_sec": 0.2128120109991869,
  "steps": 236,
  "packets": 3338490,
  "dropped": 0,
  "running_total_steps": 1402323,
  "running_total_packets": 19911062879,
  "running_total_dropped": 191073391,
  "running_total_time_sec": 3687.375484133001,
  "p_gb": 0.00606,
  "p_bg": 0.6,
  "good_loss_rate": 0.0,
  "bad_loss_rate": 1.0
}