{
  "state": "good",
  "episode_index": 8802,
  "state_ordinal": 4401,
  "start_time_wall": 1756989341.897846,
  "end_time_wall": 1756989341.9014525,
  "wall_time_sec": 0.0036064020023331977,
  "steps": 30,
  "packets": 459972,
  "dropped": 0,
  "running_total_steps": 749087,
  "running_total_packets": 10636062609,
  "running_total_dropped": 102503011,
  "running_total_time_sec": 1960.1144034730023,
  "p_gb": 0.00606,
  "p_bg": 0.6,
  "good_loss_rate": 0.0,
  "bad_loss_rate": 1.0
}