{
  "state": "good",
  "episode_index": 5920,
  "state_ordinal": 2960,
  "start_time_wall": 1756988663.2840538,
  "end_time_wall": 1756988663.9100258,
  "wall_time_sec": 0.6259719610025059,
  "steps": 344,
  "packets": 4952768,
  "dropped": 0,
  "running_total_steps": 494863,
  "running_total_packets": 7026524443,
  "running_total_dropped": 69843769,
  "running_total_time_sec": 1282.1229769010024,
  "p_gb": 0.00606,
  "p_bg": 0.6,
  "good_loss_rate": 0.0,
  "bad_loss_rate": 1.0
}