{
  "state": "good",
  "episode_index": 13006,
  "state_ordinal": 6503,
  "start_time_wall": 1756990314.3422785,
  "end_time_wall": 1756990314.9269998,
  "wall_time_sec": 0.5847213870001724,
  "steps": 211,
  "packets": 3007241,
  "dropped": 0,
  "running_total_steps": 1111344,
  "running_total_packets": 15779667242,
  "running_total_dropped": 152592123,
  "running_total_time_sec": 2933.139950902005,
  "p_gb": 0.00606,
  "p_bg": 0.6,
  "good_loss_rate": 0.0,
  "bad_loss_rate": 1.0
}