{
  "state": "good",
  "episode_index": 11396,
  "state_ordinal": 5698,
  "start_time_wall": 1756989951.760087,
  "end_time_wall": 1756989952.3541806,
  "wall_time_sec": 0.5940935460021137,
  "steps": 219,
  "packets": 3266151,
  "dropped": 0,
  "running_total_steps": 969029,
  "running_total_packets": 13759036139,
  "running_total_dropped": 133278560,
  "running_total_time_sec": 2570.567131720003,
  "p_gb": 0.00606,
  "p_bg": 0.6,
  "good_loss_rate": 0.0,
  "bad_loss_rate": 1.0
}