{
  "state": "good",
  "episode_index": 4424,
  "state_ordinal": 2212,
  "start_time_wall": 1756988347.3769953,
  "end_time_wall": 1756988347.9670632,
  "wall_time_sec": 0.5900677960016765,
  "steps": 230,
  "packets": 3218444,
  "dropped": 0,
  "running_total_steps": 374125,
  "running_total_packets": 5312170861,
  "running_total_dropped": 52606038,
  "running_total_time_sec": 966.1800143229993,
  "p_gb": 0.00606,
  "p_bg": 0.6,
  "good_loss_rate": 0.0,
  "bad_loss_rate": 1.0
}