{
  "state": "good",
  "episode_index": 8952,
  "state_ordinal": 4476,
  "start_time_wall": 1756989365.9796283,
  "end_time_wall": 1756989365.9837956,
  "wall_time_sec": 0.004167313003563322,
  "steps": 32,
  "packets": 422370,
  "dropped": 0,
  "running_total_steps": 760533,
  "running_total_packets": 10798550735,
  "running_total_dropped": 103776018,
  "running_total_time_sec": 1984.196746710004,
  "p_gb": 0.00606,
  "p_bg": 0.6,
  "good_loss_rate": 0.0,
  "bad_loss_rate": 1.0
}