{
  "state": "good",
  "episode_index": 8200,
  "state_ordinal": 4100,
  "start_time_wall": 1756989199.454019,
  "end_time_wall": 1756989200.0708065,
  "wall_time_sec": 0.61678738000046,
  "steps": 369,
  "packets": 5130681,
  "dropped": 0,
  "running_total_steps": 696643,
  "running_total_packets": 9891401463,
  "running_total_dropped": 95676996,
  "running_total_time_sec": 1818.2837575529993,
  "p_gb": 0.00606,
  "p_bg": 0.6,
  "good_loss_rate": 0.0,
  "bad_loss_rate": 1.0
}