{
  "state": "good",
  "episode_index": 16094,
  "state_ordinal": 8047,
  "start_time_wall": 1756991020.2127614,
  "end_time_wall": 1756991020.812099,
  "wall_time_sec": 0.5993378339990159,
  "steps": 126,
  "packets": 1867412,
  "dropped": 0,
  "running_total_steps": 1378678,
  "running_total_packets": 19575440502,
  "running_total_dropped": 187866542,
  "running_total_time_sec": 3639.0250501269984,
  "p_gb": 0.00606,
  "p_bg": 0.6,
  "good_loss_rate": 0.0,
  "bad_loss_rate": 1.0
}