{
  "state": "good",
  "episode_index": 6884,
  "state_ordinal": 3442,
  "start_time_wall": 1756988870.0719132,
  "end_time_wall": 1756988870.0749123,
  "wall_time_sec": 0.0029987439993419684,
  "steps": 26,
  "packets": 352944,
  "dropped": 0,
  "running_total_steps": 578605,
  "running_total_packets": 8215454985,
  "running_total_dropped": 81651579,
  "running_total_time_sec": 1488.2878632200009,
  "p_gb": 0.00606,
  "p_bg": 0.6,
  "good_loss_rate": 0.0,
  "bad_loss_rate": 1.0
}