{
  "state": "good",
  "episode_index": 16688,
  "state_ordinal": 8344,
  "start_time_wall": 1756991162.730052,
  "end_time_wall": 1756991162.7561834,
  "wall_time_sec": 0.026130794998607598,
  "steps": 205,
  "packets": 2868388,
  "dropped": 0,
  "running_total_steps": 1430365,
  "running_total_packets": 20309276151,
  "running_total_dropped": 195113462,
  "running_total_time_sec": 3780.9691343230006,
  "p_gb": 0.00606,
  "p_bg": 0.6,
  "good_loss_rate": 0.0,
  "bad_loss_rate": 1.0
}