{
  "state": "good",
  "episode_index": 12548,
  "state_ordinal": 6274,
  "start_time_wall": 1756990197.0386803,
  "end_time_wall": 1756990197.04665,
  "wall_time_sec": 0.007969516002049204,
  "steps": 58,
  "packets": 836058,
  "dropped": 0,
  "running_total_steps": 1070441,
  "running_total_packets": 15198868367,
  "running_total_dropped": 146755624,
  "running_total_time_sec": 2815.2596009280023,
  "p_gb": 0.00606,
  "p_bg": 0.6,
  "good_loss_rate": 0.0,
  "bad_loss_rate": 1.0
}