{
  "state": "good",
  "episode_index": 18182,
  "state_ordinal": 9091,
  "start_time_wall": 1756991502.878625,
  "end_time_wall": 1756991502.8828683,
  "wall_time_sec": 0.0042429500026628375,
  "steps": 37,
  "packets": 517839,
  "dropped": 0,
  "running_total_steps": 1562761,
  "running_total_packets": 22189051321,
  "running_total_dropped": 212551032,
  "running_total_time_sec": 4121.095819234004,
  "p_gb": 0.00606,
  "p_bg": 0.6,
  "good_loss_rate": 0.0,
  "bad_loss_rate": 1.0
}