{
  "state": "good",
  "episode_index": 7822,
  "state_ordinal": 3911,
  "start_time_wall": 1756989126.5091279,
  "end_time_wall": 1756989127.2690465,
  "wall_time_sec": 0.7599185549988761,
  "steps": 282,
  "packets": 3947462,
  "dropped": 1,
  "running_total_steps": 661235,
  "running_total_packets": 9388669453,
  "running_total_dropped": 91729493,
  "running_total_time_sec": 1745.481997574003,
  "p_gb": 0.00606,
  "p_bg": 0.6,
  "good_loss_rate": 0.0,
  "bad_loss_rate": 1.0
}