{
  "state": "good",
  "episode_index": 14600,
  "state_ordinal": 7300,
  "start_time_wall": 1756990661.856823,
  "end_time_wall": 1756990661.86062,
  "wall_time_sec": 0.003796975994191598,
  "steps": 22,
  "packets": 423823,
  "dropped": 0,
  "running_total_steps": 1247022,
  "running_total_packets": 17706124861,
  "running_total_dropped": 171042249,
  "running_total_time_sec": 3280.073571050998,
  "p_gb": 0.00606,
  "p_bg": 0.6,
  "good_loss_rate": 0.0,
  "bad_loss_rate": 1.0
}