{
  "state": "good",
  "episode_index": 7572,
  "state_ordinal": 3786,
  "start_time_wall": 1756989026.9068553,
  "end_time_wall": 1756989026.907589,
  "wall_time_sec": 0.0007332300010602921,
  "steps": 2,
  "packets": 63638,
  "dropped": 0,
  "running_total_steps": 637870,
  "running_total_packets": 9056964154,
  "running_total_dropped": 89553922,
  "running_total_time_sec": 1645.120539853,
  "p_gb": 0.00606,
  "p_bg": 0.6,
  "good_loss_rate": 0.0,
  "bad_loss_rate": 1.0
}