{
  "state": "good",
  "episode_index": 7592,
  "state_ordinal": 3796,
  "start_time_wall": 1756989029.393857,
  "end_time_wall": 1756989029.9643536,
  "wall_time_sec": 0.5704961860028561,
  "steps": 120,
  "packets": 1760372,
  "dropped": 0,
  "running_total_steps": 639496,
  "running_total_packets": 9080038500,
  "running_total_dropped": 89801269,
  "running_total_time_sec": 1648.1773045520022,
  "p_gb": 0.00606,
  "p_bg": 0.6,
  "good_loss_rate": 0.0,
  "bad_loss_rate": 1.0
}