{
  "state": "good",
  "episode_index": 15678,
  "state_ordinal": 7839,
  "start_time_wall": 1756990907.125721,
  "end_time_wall": 1756990907.7177348,
  "wall_time_sec": 0.5920139849986299,
  "steps": 337,
  "packets": 4844281,
  "dropped": 0,
  "running_total_steps": 1340551,
  "running_total_packets": 19034046807,
  "running_total_dropped": 183158181,
  "running_total_time_sec": 3525.9306860139986,
  "p_gb": 0.00606,
  "p_bg": 0.6,
  "good_loss_rate": 0.0,
  "bad_loss_rate": 1.0
}