{
  "state": "good",
  "episode_index": 18648,
  "state_ordinal": 9324,
  "start_time_wall": 1756991578.7888825,
  "end_time_wall": 1756991579.3812773,
  "wall_time_sec": 0.5923949239950161,
  "steps": 204,
  "packets": 2868382,
  "dropped": 0,
  "running_total_steps": 1599881,
  "running_total_packets": 22716111793,
  "running_total_dropped": 218577087,
  "running_total_time_sec": 4197.594228342998,
  "p_gb": 0.00606,
  "p_bg": 0.6,
  "good_loss_rate": 0.0,
  "bad_loss_rate": 1.0
}