{
  "state": "good",
  "episode_index": 6886,
  "state_ordinal": 3443,
  "start_time_wall": 1756988870.0823812,
  "end_time_wall": 1756988904.803132,
  "wall_time_sec": 34.720750321001105,
  "steps": 353,
  "packets": 5056907,
  "dropped": 0,
  "running_total_steps": 578959,
  "running_total_packets": 8220523463,
  "running_total_dropped": 81663150,
  "running_total_time_sec": 1523.0160830370005,
  "p_gb": 0.00606,
  "p_bg": 0.6,
  "good_loss_rate": 0.0,
  "bad_loss_rate": 1.0
}