{
  "state": "good",
  "episode_index": 6368,
  "state_ordinal": 3184,
  "start_time_wall": 1756988774.9769433,
  "end_time_wall": 1756988775.7145116,
  "wall_time_sec": 0.7375679859978845,
  "steps": 151,
  "packets": 2220350,
  "dropped": 1,
  "running_total_steps": 531681,
  "running_total_packets": 7549277268,
  "running_total_dropped": 75706446,
  "running_total_time_sec": 1393.927462585998,
  "p_gb": 0.00606,
  "p_bg": 0.6,
  "good_loss_rate": 0.0,
  "bad_loss_rate": 1.0
}