{
  "state": "good",
  "episode_index": 10346,
  "state_ordinal": 5173,
  "start_time_wall": 1756989689.0879734,
  "end_time_wall": 1756989689.2794333,
  "wall_time_sec": 0.1914596110000275,
  "steps": 40,
  "packets": 678398,
  "dropped": 0,
  "running_total_steps": 884438,
  "running_total_packets": 12557913180,
  "running_total_dropped": 120887871,
  "running_total_time_sec": 2307.492384089004,
  "p_gb": 0.00606,
  "p_bg": 0.6,
  "good_loss_rate": 0.0,
  "bad_loss_rate": 1.0
}