{
  "state": "good",
  "episode_index": 4954,
  "state_ordinal": 2477,
  "start_time_wall": 1756988462.4797285,
  "end_time_wall": 1756988463.0557613,
  "wall_time_sec": 0.5760323209979106,
  "steps": 178,
  "packets": 2553052,
  "dropped": 0,
  "running_total_steps": 413494,
  "running_total_packets": 5871174078,
  "running_total_dropped": 58558292,
  "running_total_time_sec": 1081.268712322999,
  "p_gb": 0.00606,
  "p_bg": 0.6,
  "good_loss_rate": 0.0,
  "bad_loss_rate": 1.0
}