{
  "state": "good",
  "episode_index": 11808,
  "state_ordinal": 5904,
  "start_time_wall": 1756990028.7013385,
  "end_time_wall": 1756990029.294363,
  "wall_time_sec": 0.5930241210007807,
  "steps": 274,
  "packets": 3857776,
  "dropped": 0,
  "running_total_steps": 1006496,
  "running_total_packets": 14290958246,
  "running_total_dropped": 138629030,
  "running_total_time_sec": 2647.5073141320026,
  "p_gb": 0.00606,
  "p_bg": 0.6,
  "good_loss_rate": 0.0,
  "bad_loss_rate": 1.0
}