{
  "state": "good",
  "episode_index": 18362,
  "state_ordinal": 9181,
  "start_time_wall": 1756991531.9506295,
  "end_time_wall": 1756991531.9770312,
  "wall_time_sec": 0.026401545001135673,
  "steps": 203,
  "packets": 2865494,
  "dropped": 1,
  "running_total_steps": 1576781,
  "running_total_packets": 22388139883,
  "running_total_dropped": 215044770,
  "running_total_time_sec": 4150.189982057003,
  "p_gb": 0.00606,
  "p_bg": 0.6,
  "good_loss_rate": 0.0,
  "bad_loss_rate": 1.0
}