{
  "state": "good",
  "episode_index": 2126,
  "state_ordinal": 1063,
  "start_time_wall": 1756987818.1092465,
  "end_time_wall": 1756987818.1131198,
  "wall_time_sec": 0.003872976994898636,
  "steps": 32,
  "packets": 472990,
  "dropped": 0,
  "running_total_steps": 177434,
  "running_total_packets": 2519401156,
  "running_total_dropped": 25782299,
  "running_total_time_sec": 436.3260706389992,
  "p_gb": 0.00606,
  "p_bg": 0.6,
  "good_loss_rate": 0.0,
  "bad_loss_rate": 1.0
}