{
  "state": "good",
  "episode_index": 18258,
  "state_ordinal": 9129,
  "start_time_wall": 1756991516.1298056,
  "end_time_wall": 1756991516.7306917,
  "wall_time_sec": 0.60088593600085,
  "steps": 352,
  "packets": 4919490,
  "dropped": 0,
  "running_total_steps": 1569404,
  "running_total_packets": 22283383906,
  "running_total_dropped": 213605515,
  "running_total_time_sec": 4134.943642511003,
  "p_gb": 0.00606,
  "p_bg": 0.6,
  "good_loss_rate": 0.0,
  "bad_loss_rate": 1.0
}