{
  "state": "good",
  "episode_index": 2492,
  "state_ordinal": 1246,
  "start_time_wall": 1756987914.1906738,
  "end_time_wall": 1756987914.7601674,
  "wall_time_sec": 0.5694934580023983,
  "steps": 107,
  "packets": 1562211,
  "dropped": 0,
  "running_total_steps": 208047,
  "running_total_packets": 2954119407,
  "running_total_dropped": 30162351,
  "running_total_time_sec": 532.9731183730037,
  "p_gb": 0.00606,
  "p_bg": 0.6,
  "good_loss_rate": 0.0,
  "bad_loss_rate": 1.0
}