{
  "state": "good",
  "episode_index": 2736,
  "state_ordinal": 1368,
  "start_time_wall": 1756987958.389654,
  "end_time_wall": 1756987958.3973846,
  "wall_time_sec": 0.007730507000815123,
  "steps": 59,
  "packets": 973475,
  "dropped": 0,
  "running_total_steps": 229595,
  "running_total_packets": 3260083021,
  "running_total_dropped": 33256392,
  "running_total_time_sec": 576.6103356290041,
  "p_gb": 0.00606,
  "p_bg": 0.6,
  "good_loss_rate": 0.0,
  "bad_loss_rate": 1.0
}