{
  "state": "good",
  "episode_index": 15308,
  "state_ordinal": 7654,
  "start_time_wall": 1756990845.6219637,
  "end_time_wall": 1756990845.638942,
  "wall_time_sec": 0.016977952000161167,
  "steps": 126,
  "packets": 1870294,
  "dropped": 0,
  "running_total_steps": 1310126,
  "running_total_packets": 18602133288,
  "running_total_dropped": 179021139,
  "running_total_time_sec": 3463.851892876999,
  "p_gb": 0.00606,
  "p_bg": 0.6,
  "good_loss_rate": 0.0,
  "bad_loss_rate": 1.0
}