{
  "state": "good",
  "episode_index": 13358,
  "state_ordinal": 6679,
  "start_time_wall": 1756990370.7757163,
  "end_time_wall": 1756990371.3789766,
  "wall_time_sec": 0.6032601539991447,
  "steps": 288,
  "packets": 3993758,
  "dropped": 0,
  "running_total_steps": 1139215,
  "running_total_packets": 16175286973,
  "running_total_dropped": 156538218,
  "running_total_time_sec": 2989.5919276389977,
  "p_gb": 0.00606,
  "p_bg": 0.6,
  "good_loss_rate": 0.0,
  "bad_loss_rate": 1.0
}