{
  "state": "good",
  "episode_index": 13270,
  "state_ordinal": 6635,
  "start_time_wall": 1756990354.961243,
  "end_time_wall": 1756990354.9880393,
  "wall_time_sec": 0.026795889003551565,
  "steps": 214,
  "packets": 3039072,
  "dropped": 0,
  "running_total_steps": 1131301,
  "running_total_packets": 16062997705,
  "running_total_dropped": 155440303,
  "running_total_time_sec": 2973.2009901800047,
  "p_gb": 0.00606,
  "p_bg": 0.6,
  "good_loss_rate": 0.0,
  "bad_loss_rate": 1.0
}