{
  "state": "good",
  "episode_index": 16084,
  "state_ordinal": 8042,
  "start_time_wall": 1756991017.7729268,
  "end_time_wall": 1756991019.176659,
  "wall_time_sec": 1.4037324960008846,
  "steps": 605,
  "packets": 8573328,
  "dropped": 1,
  "running_total_steps": 1377884,
  "running_total_packets": 19564157910,
  "running_total_dropped": 187804346,
  "running_total_time_sec": 3637.389610213999,
  "p_gb": 0.00606,
  "p_bg": 0.6,
  "good_loss_rate": 0.0,
  "bad_loss_rate": 1.0
}