{
  "state": "good",
  "episode_index": 8040,
  "state_ordinal": 4020,
  "start_time_wall": 1756989165.4842,
  "end_time_wall": 1756989165.501861,
  "wall_time_sec": 0.01766114099882543,
  "steps": 137,
  "packets": 1971563,
  "dropped": 0,
  "running_total_steps": 679815,
  "running_total_packets": 9652550453,
  "running_total_dropped": 94142258,
  "running_total_time_sec": 1783.7148121740029,
  "p_gb": 0.00606,
  "p_bg": 0.6,
  "good_loss_rate": 0.0,
  "bad_loss_rate": 1.0
}