{
  "state": "good",
  "episode_index": 4808,
  "state_ordinal": 2404,
  "start_time_wall": 1756988438.8020523,
  "end_time_wall": 1756988439.355837,
  "wall_time_sec": 0.5537848570020287,
  "steps": 47,
  "packets": 756513,
  "dropped": 1,
  "running_total_steps": 401404,
  "running_total_packets": 5699542712,
  "running_total_dropped": 57120438,
  "running_total_time_sec": 1057.5687881970007,
  "p_gb": 0.00606,
  "p_bg": 0.6,
  "good_loss_rate": 0.0,
  "bad_loss_rate": 1.0
}