{
  "state": "good",
  "episode_index": 11216,
  "state_ordinal": 5608,
  "start_time_wall": 1756989864.5789633,
  "end_time_wall": 1756989864.5870953,
  "wall_time_sec": 0.008131852002406958,
  "steps": 65,
  "packets": 853429,
  "dropped": 0,
  "running_total_steps": 952312,
  "running_total_packets": 13521508678,
  "running_total_dropped": 131282364,
  "running_total_time_sec": 2482.800046217002,
  "p_gb": 0.00606,
  "p_bg": 0.6,
  "good_loss_rate": 0.0,
  "bad_loss_rate": 1.0
}