{
  "state": "good",
  "episode_index": 5428,
  "state_ordinal": 2714,
  "start_time_wall": 1756988535.9204092,
  "end_time_wall": 1756988535.9239075,
  "wall_time_sec": 0.003498447003948968,
  "steps": 19,
  "packets": 244457,
  "dropped": 1,
  "running_total_steps": 449575,
  "running_total_packets": 6383376241,
  "running_total_dropped": 63748363,
  "running_total_time_sec": 1154.1368585700038,
  "p_gb": 0.00606,
  "p_bg": 0.6,
  "good_loss_rate": 0.0,
  "bad_loss_rate": 1.0
}