{
  "state": "good",
  "episode_index": 1808,
  "state_ordinal": 904,
  "start_time_wall": 1756987766.6004395,
  "end_time_wall": 1756987766.6221814,
  "wall_time_sec": 0.021741636002843734,
  "steps": 184,
  "packets": 2622478,
  "dropped": 0,
  "running_total_steps": 152468,
  "running_total_packets": 2164919506,
  "running_total_dropped": 21682923,
  "running_total_time_sec": 384.8351322810049,
  "p_gb": 0.00606,
  "p_bg": 0.6,
  "good_loss_rate": 0.0,
  "bad_loss_rate": 1.0
}