{
  "state": "good",
  "episode_index": 6684,
  "state_ordinal": 3342,
  "start_time_wall": 1756988831.8466823,
  "end_time_wall": 1756988831.8484187,
  "wall_time_sec": 0.001736253994749859,
  "steps": 11,
  "packets": 164895,
  "dropped": 0,
  "running_total_steps": 559488,
  "running_total_packets": 7944026210,
  "running_total_dropped": 79348788,
  "running_total_time_sec": 1450.0613698419984,
  "p_gb": 0.00606,
  "p_bg": 0.6,
  "good_loss_rate": 0.0,
  "bad_loss_rate": 1.0
}