{
  "state": "good",
  "episode_index": 13768,
  "state_ordinal": 6884,
  "start_time_wall": 1756990475.651733,
  "end_time_wall": 1756990476.2681391,
  "wall_time_sec": 0.6164060420051101,
  "steps": 382,
  "packets": 5451806,
  "dropped": 0,
  "running_total_steps": 1173601,
  "running_total_packets": 16663535325,
  "running_total_dropped": 160870486,
  "running_total_time_sec": 3094.481090031004,
  "p_gb": 0.00606,
  "p_bg": 0.6,
  "good_loss_rate": 0.0,
  "bad_loss_rate": 1.0
}