{
  "state": "good",
  "episode_index": 13400,
  "state_ordinal": 6700,
  "start_time_wall": 1756990377.4129121,
  "end_time_wall": 1756990377.9861064,
  "wall_time_sec": 0.5731940299956477,
  "steps": 59,
  "packets": 941662,
  "dropped": 0,
  "running_total_steps": 1142292,
  "running_total_packets": 16219112599,
  "running_total_dropped": 156970697,
  "running_total_time_sec": 2996.199057288999,
  "p_gb": 0.00606,
  "p_bg": 0.6,
  "good_loss_rate": 0.0,
  "bad_loss_rate": 1.0
}