{
  "state": "good",
  "episode_index": 18394,
  "state_ordinal": 9197,
  "start_time_wall": 1756991536.9598012,
  "end_time_wall": 1756991537.5303993,
  "wall_time_sec": 0.5705979199992726,
  "steps": 209,
  "packets": 2963851,
  "dropped": 0,
  "running_total_steps": 1579387,
  "running_total_packets": 22425122193,
  "running_total_dropped": 215483073,
  "running_total_time_sec": 4155.743350194003,
  "p_gb": 0.00606,
  "p_bg": 0.6,
  "good_loss_rate": 0.0,
  "bad_loss_rate": 1.0
}