{
  "state": "good",
  "episode_index": 15206,
  "state_ordinal": 7603,
  "start_time_wall": 1756990826.0991035,
  "end_time_wall": 1756990826.6557868,
  "wall_time_sec": 0.5566831639953307,
  "steps": 43,
  "packets": 773855,
  "dropped": 0,
  "running_total_steps": 1300697,
  "running_total_packets": 18468242199,
  "running_total_dropped": 177875520,
  "running_total_time_sec": 3444.868737673998,
  "p_gb": 0.00606,
  "p_bg": 0.6,
  "good_loss_rate": 0.0,
  "bad_loss_rate": 1.0
}