{
  "state": "good",
  "episode_index": 12092,
  "state_ordinal": 6046,
  "start_time_wall": 1756990114.1006062,
  "end_time_wall": 1756990115.4734144,
  "wall_time_sec": 1.3728082579982583,
  "steps": 612,
  "packets": 8800419,
  "dropped": 0,
  "running_total_steps": 1030935,
  "running_total_packets": 14637978937,
  "running_total_dropped": 142080472,
  "running_total_time_sec": 2733.6863654339977,
  "p_gb": 0.00606,
  "p_bg": 0.6,
  "good_loss_rate": 0.0,
  "bad_loss_rate": 1.0
}