{
  "state": "good",
  "episode_index": 17338,
  "state_ordinal": 8669,
  "start_time_wall": 1756991316.7717893,
  "end_time_wall": 1756991317.5217328,
  "wall_time_sec": 0.7499433120028698,
  "steps": 392,
  "packets": 5554510,
  "dropped": 1,
  "running_total_steps": 1488738,
  "running_total_packets": 21138049016,
  "running_total_dropped": 202309916,
  "running_total_time_sec": 3935.7346838950034,
  "p_gb": 0.00606,
  "p_bg": 0.6,
  "good_loss_rate": 0.0,
  "bad_loss_rate": 1.0
}