{
  "state": "good",
  "episode_index": 2520,
  "state_ordinal": 1260,
  "start_time_wall": 1756987918.410719,
  "end_time_wall": 1756987918.4351192,
  "wall_time_sec": 0.02440018099878216,
  "steps": 181,
  "packets": 2610895,
  "dropped": 0,
  "running_total_steps": 209861,
  "running_total_packets": 2979913135,
  "running_total_dropped": 30609307,
  "running_total_time_sec": 536.6480701160035,
  "p_gb": 0.00606,
  "p_bg": 0.6,
  "good_loss_rate": 0.0,
  "bad_loss_rate": 1.0
}