{
  "state": "good",
  "episode_index": 17212,
  "state_ordinal": 8606,
  "start_time_wall": 1756991259.2476778,
  "end_time_wall": 1756991260.6883466,
  "wall_time_sec": 1.440669038995111,
  "steps": 797,
  "packets": 11305740,
  "dropped": 1,
  "running_total_steps": 1477598,
  "running_total_packets": 20979943752,
  "running_total_dropped": 200987776,
  "running_total_time_sec": 3878.9012976939994,
  "p_gb": 0.00606,
  "p_bg": 0.6,
  "good_loss_rate": 0.0,
  "bad_loss_rate": 1.0
}