{
  "state": "good",
  "episode_index": 17646,
  "state_ordinal": 8823,
  "start_time_wall": 1756991372.2168365,
  "end_time_wall": 1756991372.8503625,
  "wall_time_sec": 0.6335261330023059,
  "steps": 449,
  "packets": 6318253,
  "dropped": 0,
  "running_total_steps": 1515715,
  "running_total_packets": 21521038029,
  "running_total_dropped": 206415036,
  "running_total_time_sec": 3991.063313561004,
  "p_gb": 0.00606,
  "p_bg": 0.6,
  "good_loss_rate": 0.0,
  "bad_loss_rate": 1.0
}