{
  "state": "good",
  "episode_index": 780,
  "state_ordinal": 390,
  "start_time_wall": 1756987509.78188,
  "end_time_wall": 1756987510.5509453,
  "wall_time_sec": 0.7690655269980198,
  "steps": 157,
  "packets": 2257963,
  "dropped": 1,
  "running_total_steps": 61325,
  "running_total_packets": 870880055,
  "running_total_dropped": 8848281,
  "running_total_time_sec": 128.763896258999,
  "p_gb": 0.00606,
  "p_bg": 0.6,
  "good_loss_rate": 0.0,
  "bad_loss_rate": 1.0
}