{
  "state": "good",
  "episode_index": 13332,
  "state_ordinal": 6666,
  "start_time_wall": 1756990366.591132,
  "end_time_wall": 1756990366.5922418,
  "wall_time_sec": 0.0011095279987785034,
  "steps": 8,
  "packets": 109934,
  "dropped": 0,
  "running_total_steps": 1137046,
  "running_total_packets": 16144486946,
  "running_total_dropped": 156205532,
  "running_total_time_sec": 2984.805192630003,
  "p_gb": 0.00606,
  "p_bg": 0.6,
  "good_loss_rate": 0.0,
  "bad_loss_rate": 1.0
}