{
  "state": "good",
  "episode_index": 16998,
  "state_ordinal": 8499,
  "start_time_wall": 1756991224.9361675,
  "end_time_wall": 1756991225.5781994,
  "wall_time_sec": 0.6420318429954932,
  "steps": 484,
  "packets": 6802826,
  "dropped": 0,
  "running_total_steps": 1460970,
  "running_total_packets": 20743799118,
  "running_total_dropped": 198449190,
  "running_total_time_sec": 3843.7911502979987,
  "p_gb": 0.00606,
  "p_bg": 0.6,
  "good_loss_rate": 0.0,
  "bad_loss_rate": 1.0
}