{
  "state": "good",
  "episode_index": 910,
  "state_ordinal": 455,
  "start_time_wall": 1756987567.2725596,
  "end_time_wall": 1756987567.3007576,
  "wall_time_sec": 0.028198047999467235,
  "steps": 238,
  "packets": 3371756,
  "dropped": 0,
  "running_total_steps": 72492,
  "running_total_packets": 1029349834,
  "running_total_dropped": 10462583,
  "running_total_time_sec": 185.51370873200358,
  "p_gb": 0.00606,
  "p_bg": 0.6,
  "good_loss_rate": 0.0,
  "bad_loss_rate": 1.0
}