{
  "state": "good",
  "episode_index": 9480,
  "state_ordinal": 4740,
  "start_time_wall": 1756989498.4477782,
  "end_time_wall": 1756989498.4537618,
  "wall_time_sec": 0.005983318995276932,
  "steps": 23,
  "packets": 257487,
  "dropped": 0,
  "running_total_steps": 807904,
  "running_total_packets": 11471181222,
  "running_total_dropped": 110392271,
  "running_total_time_sec": 2116.666712749,
  "p_gb": 0.00606,
  "p_bg": 0.6,
  "good_loss_rate": 0.0,
  "bad_loss_rate": 1.0
}