{
  "state": "good",
  "episode_index": 12398,
  "state_ordinal": 6199,
  "start_time_wall": 1756990168.9841347,
  "end_time_wall": 1756990168.9882944,
  "wall_time_sec": 0.004159607000474352,
  "steps": 29,
  "packets": 376092,
  "dropped": 0,
  "running_total_steps": 1056794,
  "running_total_packets": 15005056604,
  "running_total_dropped": 145099415,
  "running_total_time_sec": 2787.2012453370044,
  "p_gb": 0.00606,
  "p_bg": 0.6,
  "good_loss_rate": 0.0,
  "bad_loss_rate": 1.0
}