{
  "state": "good",
  "episode_index": 2740,
  "state_ordinal": 1370,
  "start_time_wall": 1756987958.4258509,
  "end_time_wall": 1756987958.427636,
  "wall_time_sec": 0.0017848889983724803,
  "steps": 15,
  "packets": 167801,
  "dropped": 0,
  "running_total_steps": 229699,
  "running_total_packets": 3261434053,
  "running_total_dropped": 33288217,
  "running_total_time_sec": 576.6405868549991,
  "p_gb": 0.00606,
  "p_bg": 0.6,
  "good_loss_rate": 0.0,
  "bad_loss_rate": 1.0
}