{
  "state": "good",
  "episode_index": 370,
  "state_ordinal": 185,
  "start_time_wall": 1756987441.9250584,
  "end_time_wall": 1756987441.9450412,
  "wall_time_sec": 0.01998263799760025,
  "steps": 150,
  "packets": 2220344,
  "dropped": 0,
  "running_total_steps": 28157,
  "running_total_packets": 399972167,
  "running_total_dropped": 4556432,
  "running_total_time_sec": 60.15799209599936,
  "p_gb": 0.00606,
  "p_bg": 0.6,
  "good_loss_rate": 0.0,
  "bad_loss_rate": 1.0
}