{
  "state": "good",
  "episode_index": 8590,
  "state_ordinal": 4295,
  "start_time_wall": 1756989308.0334473,
  "end_time_wall": 1756989308.0408974,
  "wall_time_sec": 0.007449965996784158,
  "steps": 58,
  "packets": 755066,
  "dropped": 0,
  "running_total_steps": 732794,
  "running_total_packets": 10404678370,
  "running_total_dropped": 100158258,
  "running_total_time_sec": 1926.2538482829987,
  "p_gb": 0.00606,
  "p_bg": 0.6,
  "good_loss_rate": 0.0,
  "bad_loss_rate": 1.0
}