{
  "state": "good",
  "episode_index": 13354,
  "state_ordinal": 6677,
  "start_time_wall": 1756990369.792202,
  "end_time_wall": 1756990370.586026,
  "wall_time_sec": 0.7938239389986848,
  "steps": 463,
  "packets": 6546792,
  "dropped": 0,
  "running_total_steps": 1138827,
  "running_total_packets": 16169807678,
  "running_total_dropped": 156506393,
  "running_total_time_sec": 2988.7989770030035,
  "p_gb": 0.00606,
  "p_bg": 0.6,
  "good_loss_rate": 0.0,
  "bad_loss_rate": 1.0
}