{
  "state": "good",
  "episode_index": 12396,
  "state_ordinal": 6198,
  "start_time_wall": 1756990168.9155815,
  "end_time_wall": 1756990168.9178452,
  "wall_time_sec": 0.00226295900210971,
  "steps": 14,
  "packets": 166354,
  "dropped": 0,
  "running_total_steps": 1056759,
  "running_total_packets": 15004572031,
  "running_total_dropped": 144990934,
  "running_total_time_sec": 2787.1307961540006,
  "p_gb": 0.00606,
  "p_bg": 0.6,
  "good_loss_rate": 0.0,
  "bad_loss_rate": 1.0
}