{
  "state": "good",
  "episode_index": 8644,
  "state_ordinal": 4322,
  "start_time_wall": 1756989314.8639824,
  "end_time_wall": 1756989314.869119,
  "wall_time_sec": 0.005136615000083111,
  "steps": 44,
  "packets": 606078,
  "dropped": 0,
  "running_total_steps": 736173,
  "running_total_packets": 10452695921,
  "running_total_dropped": 100739747,
  "running_total_time_sec": 1933.0820700500044,
  "p_gb": 0.00606,
  "p_bg": 0.6,
  "good_loss_rate": 0.0,
  "bad_loss_rate": 1.0
}