{
  "state": "good",
  "episode_index": 11532,
  "state_ordinal": 5766,
  "start_time_wall": 1756989974.8442965,
  "end_time_wall": 1756989974.8490868,
  "wall_time_sec": 0.004790049999428447,
  "steps": 44,
  "packets": 595954,
  "dropped": 0,
  "running_total_steps": 980122,
  "running_total_packets": 13916487606,
  "running_total_dropped": 134966594,
  "running_total_time_sec": 2593.0620376130028,
  "p_gb": 0.00606,
  "p_bg": 0.6,
  "good_loss_rate": 0.0,
  "bad_loss_rate": 1.0
}