{
  "state": "good",
  "episode_index": 3198,
  "state_ordinal": 1599,
  "start_time_wall": 1756988080.9158912,
  "end_time_wall": 1756988080.9367144,
  "wall_time_sec": 0.020822888996917754,
  "steps": 163,
  "packets": 2218909,
  "dropped": 0,
  "running_total_steps": 273355,
  "running_total_packets": 3881295271,
  "running_total_dropped": 38131079,
  "running_total_time_sec": 699.1496653930008,
  "p_gb": 0.00606,
  "p_bg": 0.6,
  "good_loss_rate": 0.0,
  "bad_loss_rate": 1.0
}