{
  "state": "good",
  "episode_index": 3872,
  "state_ordinal": 1936,
  "start_time_wall": 1756988246.7331173,
  "end_time_wall": 1756988246.768012,
  "wall_time_sec": 0.03489461100252811,
  "steps": 303,
  "packets": 4285929,
  "dropped": 0,
  "running_total_steps": 329006,
  "running_total_packets": 4671497584,
  "running_total_dropped": 46157627,
  "running_total_time_sec": 864.9809630710006,
  "p_gb": 0.00606,
  "p_bg": 0.6,
  "good_loss_rate": 0.0,
  "bad_loss_rate": 1.0
}