{
  "state": "good",
  "episode_index": 362,
  "state_ordinal": 181,
  "start_time_wall": 1756987439.651409,
  "end_time_wall": 1756987439.676073,
  "wall_time_sec": 0.024663896998390555,
  "steps": 196,
  "packets": 2839440,
  "dropped": 1,
  "running_total_steps": 27077,
  "running_total_packets": 384549735,
  "running_total_dropped": 4352476,
  "running_total_time_sec": 57.889023782998265,
  "p_gb": 0.00606,
  "p_bg": 0.6,
  "good_loss_rate": 0.0,
  "bad_loss_rate": 1.0
}