{
  "state": "good",
  "episode_index": 15592,
  "state_ordinal": 7796,
  "start_time_wall": 1756990891.8072283,
  "end_time_wall": 1756990891.8078365,
  "wall_time_sec": 0.0006079060040065087,
  "steps": 3,
  "packets": 13024,
  "dropped": 0,
  "running_total_steps": 1332486,
  "running_total_packets": 18919538630,
  "running_total_dropped": 182394416,
  "running_total_time_sec": 3510.020787291003,
  "p_gb": 0.00606,
  "p_bg": 0.6,
  "good_loss_rate": 0.0,
  "bad_loss_rate": 1.0
}