{
  "state": "good",
  "episode_index": 13056,
  "state_ordinal": 6528,
  "start_time_wall": 1756990321.680891,
  "end_time_wall": 1756990322.3230226,
  "wall_time_sec": 0.6421312239981489,
  "steps": 560,
  "packets": 8017864,
  "dropped": 0,
  "running_total_steps": 1115210,
  "running_total_packets": 15834562828,
  "running_total_dropped": 153070928,
  "running_total_time_sec": 2940.5359735590027,
  "p_gb": 0.00606,
  "p_bg": 0.6,
  "good_loss_rate": 0.0,
  "bad_loss_rate": 1.0
}