{
  "state": "good",
  "episode_index": 17700,
  "state_ordinal": 8850,
  "start_time_wall": 1756991381.2862318,
  "end_time_wall": 1756991381.8791327,
  "wall_time_sec": 0.5929000119940611,
  "steps": 231,
  "packets": 3250263,
  "dropped": 0,
  "running_total_steps": 1519852,
  "running_total_packets": 21579862276,
  "running_total_dropped": 207034108,
  "running_total_time_sec": 4000.0920835139987,
  "p_gb": 0.00606,
  "p_bg": 0.6,
  "good_loss_rate": 0.0,
  "bad_loss_rate": 1.0
}