{
  "state": "good",
  "episode_index": 11430,
  "state_ordinal": 5715,
  "start_time_wall": 1756989955.7972574,
  "end_time_wall": 1756989955.803112,
  "wall_time_sec": 0.005854519004060421,
  "steps": 43,
  "packets": 604631,
  "dropped": 0,
  "running_total_steps": 970685,
  "running_total_packets": 13782486583,
  "running_total_dropped": 133596791,
  "running_total_time_sec": 2574.0160630180035,
  "p_gb": 0.00606,
  "p_bg": 0.6,
  "good_loss_rate": 0.0,
  "bad_loss_rate": 1.0
}