{
  "state": "good",
  "episode_index": 13366,
  "state_ordinal": 6683,
  "start_time_wall": 1756990372.367177,
  "end_time_wall": 1756990372.369781,
  "wall_time_sec": 0.002604004999739118,
  "steps": 18,
  "packets": 243010,
  "dropped": 0,
  "running_total_steps": 1139626,
  "running_total_packets": 16181116312,
  "running_total_dropped": 156626445,
  "running_total_time_sec": 2990.5827320430035,
  "p_gb": 0.00606,
  "p_bg": 0.6,
  "good_loss_rate": 0.0,
  "bad_loss_rate": 1.0
}