{
  "state": "good",
  "episode_index": 8130,
  "state_ordinal": 4065,
  "start_time_wall": 1756989180.4852464,
  "end_time_wall": 1756989181.0960152,
  "wall_time_sec": 0.6107687469993834,
  "steps": 209,
  "packets": 2973975,
  "dropped": 0,
  "running_total_steps": 687357,
  "running_total_packets": 9759558605,
  "running_total_dropped": 94864058,
  "running_total_time_sec": 1799.3089661300037,
  "p_gb": 0.00606,
  "p_bg": 0.6,
  "good_loss_rate": 0.0,
  "bad_loss_rate": 1.0
}