{
  "state": "good",
  "episode_index": 18684,
  "state_ordinal": 9342,
  "start_time_wall": 1756991584.6588497,
  "end_time_wall": 1756991585.1905448,
  "wall_time_sec": 0.531694413999503,
  "steps": 180,
  "packets": 2515450,
  "dropped": 0,
  "running_total_steps": 1602605,
  "running_total_packets": 22754851581,
  "running_total_dropped": 219265600,
  "running_total_time_sec": 4203.403495903003,
  "p_gb": 0.00606,
  "p_bg": 0.6,
  "good_loss_rate": 0.0,
  "bad_loss_rate": 1.0
}