{
  "state": "good",
  "episode_index": 14492,
  "state_ordinal": 7246,
  "start_time_wall": 1756990642.0984092,
  "end_time_wall": 1756990642.7125058,
  "wall_time_sec": 0.6140962130011758,
  "steps": 330,
  "packets": 4735794,
  "dropped": 1,
  "running_total_steps": 1237608,
  "running_total_packets": 17572413138,
  "running_total_dropped": 169974693,
  "running_total_time_sec": 3260.9254570300036,
  "p_gb": 0.00606,
  "p_bg": 0.6,
  "good_loss_rate": 0.0,
  "bad_loss_rate": 1.0
}