{
  "state": "good",
  "episode_index": 3144,
  "state_ordinal": 1572,
  "start_time_wall": 1756988071.0645354,
  "end_time_wall": 1756988071.0685968,
  "wall_time_sec": 0.004061328996613156,
  "steps": 24,
  "packets": 499026,
  "dropped": 0,
  "running_total_steps": 268552,
  "running_total_packets": 3813225080,
  "running_total_dropped": 37488827,
  "running_total_time_sec": 689.281547603001,
  "p_gb": 0.00606,
  "p_bg": 0.6,
  "good_loss_rate": 0.0,
  "bad_loss_rate": 1.0
}