{
  "state": "good",
  "episode_index": 17450,
  "state_ordinal": 8725,
  "start_time_wall": 1756991337.0230544,
  "end_time_wall": 1756991337.639554,
  "wall_time_sec": 0.6164989680037252,
  "steps": 398,
  "packets": 5661550,
  "dropped": 2,
  "running_total_steps": 1498547,
  "running_total_packets": 21277358645,
  "running_total_dropped": 203708680,
  "running_total_time_sec": 3955.8525049730015,
  "p_gb": 0.00606,
  "p_bg": 0.6,
  "good_loss_rate": 0.0,
  "bad_loss_rate": 1.0
}