{
  "state": "good",
  "episode_index": 7006,
  "state_ordinal": 3503,
  "start_time_wall": 1756988930.1822958,
  "end_time_wall": 1756988930.1833575,
  "wall_time_sec": 0.0010615249993861653,
  "steps": 4,
  "packets": 107028,
  "dropped": 0,
  "running_total_steps": 591221,
  "running_total_packets": 8394644219,
  "running_total_dropped": 83053288,
  "running_total_time_sec": 1548.396308469004,
  "p_gb": 0.00606,
  "p_bg": 0.6,
  "good_loss_rate": 0.0,
  "bad_loss_rate": 1.0
}