{
  "state": "good",
  "episode_index": 16298,
  "state_ordinal": 8149,
  "start_time_wall": 1756991059.0829165,
  "end_time_wall": 1756991059.0919785,
  "wall_time_sec": 0.009061656004632823,
  "steps": 54,
  "packets": 729030,
  "dropped": 1,
  "running_total_steps": 1397268,
  "running_total_packets": 19839337415,
  "running_total_dropped": 190390629,
  "running_total_time_sec": 3677.304929431004,
  "p_gb": 0.00606,
  "p_bg": 0.6,
  "good_loss_rate": 0.0,
  "bad_loss_rate": 1.0
}