{
  "state": "good",
  "episode_index": 10470,
  "state_ordinal": 5235,
  "start_time_wall": 1756989708.5604393,
  "end_time_wall": 1756989708.5701187,
  "wall_time_sec": 0.009679399998276494,
  "steps": 73,
  "packets": 983611,
  "dropped": 0,
  "running_total_steps": 893546,
  "running_total_packets": 12687189980,
  "running_total_dropped": 122415407,
  "running_total_time_sec": 2326.783069684003,
  "p_gb": 0.00606,
  "p_bg": 0.6,
  "good_loss_rate": 0.0,
  "bad_loss_rate": 1.0
}