{
  "state": "good",
  "episode_index": 1228,
  "state_ordinal": 614,
  "start_time_wall": 1756987630.5059888,
  "end_time_wall": 1756987630.519092,
  "wall_time_sec": 0.013102842996886466,
  "steps": 127,
  "packets": 1702517,
  "dropped": 0,
  "running_total_steps": 103479,
  "running_total_packets": 1469294235,
  "running_total_dropped": 14315958,
  "running_total_time_sec": 248.7320429579995,
  "p_gb": 0.00606,
  "p_bg": 0.6,
  "good_loss_rate": 0.0,
  "bad_loss_rate": 1.0
}