{
  "state": "good",
  "episode_index": 11340,
  "state_ordinal": 5670,
  "start_time_wall": 1756989888.7799642,
  "end_time_wall": 1756989888.7817628,
  "wall_time_sec": 0.0017985259983106516,
  "steps": 14,
  "packets": 199608,
  "dropped": 0,
  "running_total_steps": 964450,
  "running_total_packets": 13693971754,
  "running_total_dropped": 132626183,
  "running_total_time_sec": 2506.9947138330026,
  "p_gb": 0.00606,
  "p_bg": 0.6,
  "good_loss_rate": 0.0,
  "bad_loss_rate": 1.0
}