{
  "state": "good",
  "episode_index": 3948,
  "state_ordinal": 1974,
  "start_time_wall": 1756988263.2107344,
  "end_time_wall": 1756988263.227323,
  "wall_time_sec": 0.0165884400048526,
  "steps": 30,
  "packets": 378980,
  "dropped": 0,
  "running_total_steps": 336569,
  "running_total_packets": 4778878933,
  "running_total_dropped": 47068940,
  "running_total_time_sec": 881.4402739650031,
  "p_gb": 0.00606,
  "p_bg": 0.6,
  "good_loss_rate": 0.0,
  "bad_loss_rate": 1.0
}