{
  "state": "good",
  "episode_index": 12250,
  "state_ordinal": 6125,
  "start_time_wall": 1756990145.6906753,
  "end_time_wall": 1756990145.6985707,
  "wall_time_sec": 0.007895333001215477,
  "steps": 60,
  "packets": 836070,
  "dropped": 0,
  "running_total_steps": 1045529,
  "running_total_packets": 14845115747,
  "running_total_dropped": 143547252,
  "running_total_time_sec": 2763.911521752001,
  "p_gb": 0.00606,
  "p_bg": 0.6,
  "good_loss_rate": 0.0,
  "bad_loss_rate": 1.0
}