{
  "state": "good",
  "episode_index": 12800,
  "state_ordinal": 6400,
  "start_time_wall": 1756990241.978243,
  "end_time_wall": 1756990241.9818754,
  "wall_time_sec": 0.0036321520019555464,
  "steps": 32,
  "packets": 459984,
  "dropped": 0,
  "running_total_steps": 1092334,
  "running_total_packets": 15509702322,
  "running_total_dropped": 150185168,
  "running_total_time_sec": 2860.1948262700025,
  "p_gb": 0.00606,
  "p_bg": 0.6,
  "good_loss_rate": 0.0,
  "bad_loss_rate": 1.0
}