{
  "state": "good",
  "episode_index": 18008,
  "state_ordinal": 9004,
  "start_time_wall": 1756991470.4833696,
  "end_time_wall": 1756991471.0824366,
  "wall_time_sec": 0.5990670530009083,
  "steps": 272,
  "packets": 3899736,
  "dropped": 3,
  "running_total_steps": 1546708,
  "running_total_packets": 21961208074,
  "running_total_dropped": 210491217,
  "running_total_time_sec": 4089.295387626,
  "p_gb": 0.00606,
  "p_bg": 0.6,
  "good_loss_rate": 0.0,
  "bad_loss_rate": 1.0
}