{
  "state": "good",
  "episode_index": 1330,
  "state_ordinal": 665,
  "start_time_wall": 1756987646.9363594,
  "end_time_wall": 1756987647.50374,
  "wall_time_sec": 0.5673806090053404,
  "steps": 48,
  "packets": 788332,
  "dropped": 0,
  "running_total_steps": 111599,
  "running_total_packets": 1584712237,
  "running_total_dropped": 15552695,
  "running_total_time_sec": 265.71669117700367,
  "p_gb": 0.00606,
  "p_bg": 0.6,
  "good_loss_rate": 0.0,
  "bad_loss_rate": 1.0
}