{
  "state": "good",
  "episode_index": 17638,
  "state_ordinal": 8819,
  "start_time_wall": 1756991371.2154036,
  "end_time_wall": 1756991371.4160056,
  "wall_time_sec": 0.20060185399779584,
  "steps": 125,
  "packets": 1805221,
  "dropped": 0,
  "running_total_steps": 1514820,
  "running_total_packets": 21508405864,
  "running_total_dropped": 206368734,
  "running_total_time_sec": 3989.628956692999,
  "p_gb": 0.00606,
  "p_bg": 0.6,
  "good_loss_rate": 0.0,
  "bad_loss_rate": 1.0
}