{
  "state": "good",
  "episode_index": 5350,
  "state_ordinal": 2675,
  "start_time_wall": 1756988527.0236435,
  "end_time_wall": 1756988527.0429115,
  "wall_time_sec": 0.019268030002422165,
  "steps": 144,
  "packets": 2110422,
  "dropped": 0,
  "running_total_steps": 445042,
  "running_total_packets": 6319117542,
  "running_total_dropped": 63103193,
  "running_total_time_sec": 1145.2558623810037,
  "p_gb": 0.00606,
  "p_bg": 0.6,
  "good_loss_rate": 0.0,
  "bad_loss_rate": 1.0
}