{
  "state": "good",
  "episode_index": 8128,
  "state_ordinal": 4064,
  "start_time_wall": 1756989180.4488232,
  "end_time_wall": 1756989180.4828913,
  "wall_time_sec": 0.03406779899523826,
  "steps": 283,
  "packets": 3959033,
  "dropped": 0,
  "running_total_steps": 687146,
  "running_total_packets": 9756581736,
  "running_total_dropped": 94861164,
  "running_total_time_sec": 1798.6958420829978,
  "p_gb": 0.00606,
  "p_bg": 0.6,
  "good_loss_rate": 0.0,
  "bad_loss_rate": 1.0
}