{
  "state": "good",
  "episode_index": 16582,
  "state_ordinal": 8291,
  "start_time_wall": 1756991144.165242,
  "end_time_wall": 1756991144.3727696,
  "wall_time_sec": 0.20752732799883233,
  "steps": 174,
  "packets": 2489402,
  "dropped": 0,
  "running_total_steps": 1421567,
  "running_total_packets": 20184322899,
  "running_total_dropped": 193944668,
  "running_total_time_sec": 3762.5857204880012,
  "p_gb": 0.00606,
  "p_bg": 0.6,
  "good_loss_rate": 0.0,
  "bad_loss_rate": 1.0
}