{
  "state": "good",
  "episode_index": 6256,
  "state_ordinal": 3128,
  "start_time_wall": 1756988757.5973184,
  "end_time_wall": 1756988757.6004262,
  "wall_time_sec": 0.003107259006355889,
  "steps": 20,
  "packets": 274835,
  "dropped": 0,
  "running_total_steps": 522873,
  "running_total_packets": 7424190940,
  "running_total_dropped": 74359714,
  "running_total_time_sec": 1375.8133771940047,
  "p_gb": 0.00606,
  "p_bg": 0.6,
  "good_loss_rate": 0.0,
  "bad_loss_rate": 1.0
}