{
  "state": "good",
  "episode_index": 4584,
  "state_ordinal": 2292,
  "start_time_wall": 1756988369.9549062,
  "end_time_wall": 1756988369.9561503,
  "wall_time_sec": 0.0012439739948604256,
  "steps": 7,
  "packets": 108487,
  "dropped": 0,
  "running_total_steps": 384624,
  "running_total_packets": 5461195088,
  "running_total_dropped": 54628162,
  "running_total_time_sec": 988.1691011869989,
  "p_gb": 0.00606,
  "p_bg": 0.6,
  "good_loss_rate": 0.0,
  "bad_loss_rate": 1.0
}