{
  "state": "good",
  "episode_index": 8638,
  "state_ordinal": 4319,
  "start_time_wall": 1756989314.0583026,
  "end_time_wall": 1756989314.076741,
  "wall_time_sec": 0.018437573002302088,
  "steps": 153,
  "packets": 2201555,
  "dropped": 0,
  "running_total_steps": 735771,
  "running_total_packets": 10446988087,
  "running_total_dropped": 100723829,
  "running_total_time_sec": 1932.2896918760016,
  "p_gb": 0.00606,
  "p_bg": 0.6,
  "good_loss_rate": 0.0,
  "bad_loss_rate": 1.0
}