{
  "state": "good",
  "episode_index": 11364,
  "state_ordinal": 5682,
  "start_time_wall": 1756989945.3056996,
  "end_time_wall": 1756989945.927878,
  "wall_time_sec": 0.6221781210042536,
  "steps": 486,
  "packets": 6846216,
  "dropped": 0,
  "running_total_steps": 966192,
  "running_total_packets": 13718593846,
  "running_total_dropped": 132942967,
  "running_total_time_sec": 2564.140828759002,
  "p_gb": 0.00606,
  "p_bg": 0.6,
  "good_loss_rate": 0.0,
  "bad_loss_rate": 1.0
}