{
  "state": "good",
  "episode_index": 11764,
  "state_ordinal": 5882,
  "start_time_wall": 1756990019.5680857,
  "end_time_wall": 1756990019.5831575,
  "wall_time_sec": 0.015071648005687166,
  "steps": 147,
  "packets": 1988917,
  "dropped": 0,
  "running_total_steps": 1001979,
  "running_total_packets": 14226712577,
  "running_total_dropped": 137986783,
  "running_total_time_sec": 2637.7961085620045,
  "p_gb": 0.00606,
  "p_bg": 0.6,
  "good_loss_rate": 0.0,
  "bad_loss_rate": 1.0
}