{
  "state": "good",
  "episode_index": 13224,
  "state_ordinal": 6612,
  "start_time_wall": 1756990347.4820995,
  "end_time_wall": 1756990347.485484,
  "wall_time_sec": 0.0033842479970189743,
  "steps": 22,
  "packets": 350038,
  "dropped": 0,
  "running_total_steps": 1127462,
  "running_total_packets": 16008530260,
  "running_total_dropped": 154800950,
  "running_total_time_sec": 2965.6984348240003,
  "p_gb": 0.00606,
  "p_bg": 0.6,
  "good_loss_rate": 0.0,
  "bad_loss_rate": 1.0
}