{
  "state": "good",
  "episode_index": 6846,
  "state_ordinal": 3423,
  "start_time_wall": 1756988864.3895216,
  "end_time_wall": 1756988864.5933971,
  "wall_time_sec": 0.20387532400491182,
  "steps": 159,
  "packets": 2341849,
  "dropped": 0,
  "running_total_steps": 575789,
  "running_total_packets": 8175500135,
  "running_total_dropped": 81272586,
  "running_total_time_sec": 1482.8063482600046,
  "p_gb": 0.00606,
  "p_bg": 0.6,
  "good_loss_rate": 0.0,
  "bad_loss_rate": 1.0
}