{
  "state": "good",
  "episode_index": 13576,
  "state_ordinal": 6788,
  "start_time_wall": 1756990407.7160902,
  "end_time_wall": 1756990407.7196276,
  "wall_time_sec": 0.0035373150021769106,
  "steps": 32,
  "packets": 409364,
  "dropped": 0,
  "running_total_steps": 1157076,
  "running_total_packets": 16428919624,
  "running_total_dropped": 158921993,
  "running_total_time_sec": 3025.932578578002,
  "p_gb": 0.00606,
  "p_bg": 0.6,
  "good_loss_rate": 0.0,
  "bad_loss_rate": 1.0
}