{
  "state": "good",
  "episode_index": 15154,
  "state_ordinal": 7577,
  "start_time_wall": 1756990816.3012283,
  "end_time_wall": 1756990816.8970716,
  "wall_time_sec": 0.595843192000757,
  "steps": 360,
  "packets": 5175518,
  "dropped": 0,
  "running_total_steps": 1295998,
  "running_total_packets": 18401417442,
  "running_total_dropped": 177279533,
  "running_total_time_sec": 3435.1100224740003,
  "p_gb": 0.00606,
  "p_bg": 0.6,
  "good_loss_rate": 0.0,
  "bad_loss_rate": 1.0
}