{
  "state": "good",
  "episode_index": 10284,
  "state_ordinal": 5142,
  "start_time_wall": 1756989679.7450595,
  "end_time_wall": 1756989679.746594,
  "wall_time_sec": 0.0015341100006480701,
  "steps": 13,
  "packets": 135976,
  "dropped": 0,
  "running_total_steps": 880054,
  "running_total_packets": 12495615920,
  "running_total_dropped": 120080769,
  "running_total_time_sec": 2297.959544944002,
  "p_gb": 0.00606,
  "p_bg": 0.6,
  "good_loss_rate": 0.0,
  "bad_loss_rate": 1.0
}