{
  "state": "good",
  "episode_index": 7276,
  "state_ordinal": 3638,
  "start_time_wall": 1756988983.8037167,
  "end_time_wall": 1756988983.808342,
  "wall_time_sec": 0.004624513996532187,
  "steps": 34,
  "packets": 422382,
  "dropped": 0,
  "running_total_steps": 617358,
  "running_total_packets": 8765711296,
  "running_total_dropped": 86157524,
  "running_total_time_sec": 1602.0212929900008,
  "p_gb": 0.00606,
  "p_bg": 0.6,
  "good_loss_rate": 0.0,
  "bad_loss_rate": 1.0
}