{
  "state": "good",
  "episode_index": 5164,
  "state_ordinal": 2582,
  "start_time_wall": 1756988496.5985513,
  "end_time_wall": 1756988497.3540206,
  "wall_time_sec": 0.7554691379991709,
  "steps": 253,
  "packets": 3668285,
  "dropped": 2,
  "running_total_steps": 430592,
  "running_total_packets": 6113904564,
  "running_total_dropped": 60910303,
  "running_total_time_sec": 1115.5669715030017,
  "p_gb": 0.00606,
  "p_bg": 0.6,
  "good_loss_rate": 0.0,
  "bad_loss_rate": 1.0
}