{
  "state": "good",
  "episode_index": 14664,
  "state_ordinal": 7332,
  "start_time_wall": 1756990677.4686646,
  "end_time_wall": 1756990677.477132,
  "wall_time_sec": 0.008466698993288446,
  "steps": 63,
  "packets": 850535,
  "dropped": 0,
  "running_total_steps": 1254627,
  "running_total_packets": 17813964741,
  "running_total_dropped": 171681596,
  "running_total_time_sec": 3295.690083000998,
  "p_gb": 0.00606,
  "p_bg": 0.6,
  "good_loss_rate": 0.0,
  "bad_loss_rate": 1.0
}