{
  "state": "good",
  "episode_index": 6232,
  "state_ordinal": 3116,
  "start_time_wall": 1756988755.043242,
  "end_time_wall": 1756988755.0521395,
  "wall_time_sec": 0.008896728002582677,
  "steps": 67,
  "packets": 893937,
  "dropped": 0,
  "running_total_steps": 521759,
  "running_total_packets": 7408294065,
  "running_total_dropped": 73946012,
  "running_total_time_sec": 1373.2650904480033,
  "p_gb": 0.00606,
  "p_bg": 0.6,
  "good_loss_rate": 0.0,
  "bad_loss_rate": 1.0
}