{
  "state": "good",
  "episode_index": 16992,
  "state_ordinal": 8496,
  "start_time_wall": 1756991223.9347463,
  "end_time_wall": 1756991224.7640622,
  "wall_time_sec": 0.8293158329979633,
  "steps": 425,
  "packets": 6026065,
  "dropped": 1,
  "running_total_steps": 1460447,
  "running_total_packets": 20736329465,
  "running_total_dropped": 198436154,
  "running_total_time_sec": 3842.9770131620025,
  "p_gb": 0.00606,
  "p_bg": 0.6,
  "good_loss_rate": 0.0,
  "bad_loss_rate": 1.0
}