{
  "state": "good",
  "episode_index": 11812,
  "state_ordinal": 5906,
  "start_time_wall": 1756990029.4697416,
  "end_time_wall": 1756990029.4712486,
  "wall_time_sec": 0.001506857995991595,
  "steps": 11,
  "packets": 124399,
  "dropped": 0,
  "running_total_steps": 1006528,
  "running_total_packets": 14291337238,
  "running_total_dropped": 138655090,
  "running_total_time_sec": 2647.684199684998,
  "p_gb": 0.00606,
  "p_bg": 0.6,
  "good_loss_rate": 0.0,
  "bad_loss_rate": 1.0
}