{
  "state": "good",
  "episode_index": 10438,
  "state_ordinal": 5219,
  "start_time_wall": 1756989703.5925407,
  "end_time_wall": 1756989703.5977533,
  "wall_time_sec": 0.005212119001953397,
  "steps": 29,
  "packets": 513503,
  "dropped": 0,
  "running_total_steps": 891239,
  "running_total_packets": 12654474803,
  "running_total_dropped": 121890336,
  "running_total_time_sec": 2321.810704169002,
  "p_gb": 0.00606,
  "p_bg": 0.6,
  "good_loss_rate": 0.0,
  "bad_loss_rate": 1.0
}