{
  "state": "good",
  "episode_index": 17046,
  "state_ordinal": 8523,
  "start_time_wall": 1756991233.984525,
  "end_time_wall": 1756991233.9891336,
  "wall_time_sec": 0.004608377996191848,
  "steps": 35,
  "packets": 474449,
  "dropped": 0,
  "running_total_steps": 1464799,
  "running_total_packets": 20798146493,
  "running_total_dropped": 198927983,
  "running_total_time_sec": 3852.202084427001,
  "p_gb": 0.00606,
  "p_bg": 0.6,
  "good_loss_rate": 0.0,
  "bad_loss_rate": 1.0
}