{
  "state": "good",
  "episode_index": 6070,
  "state_ordinal": 3035,
  "start_time_wall": 1756988691.7770598,
  "end_time_wall": 1756988691.7827024,
  "wall_time_sec": 0.005642360003548674,
  "steps": 52,
  "packets": 697205,
  "dropped": 0,
  "running_total_steps": 508315,
  "running_total_packets": 7217402739,
  "running_total_dropped": 71579579,
  "running_total_time_sec": 1309.9956532880024,
  "p_gb": 0.00606,
  "p_bg": 0.6,
  "good_loss_rate": 0.0,
  "bad_loss_rate": 1.0
}