{
  "state": "good",
  "episode_index": 10626,
  "state_ordinal": 5313,
  "start_time_wall": 1756989767.706526,
  "end_time_wall": 1756989767.7201457,
  "wall_time_sec": 0.013619071993161924,
  "steps": 129,
  "packets": 1701088,
  "dropped": 0,
  "running_total_steps": 905504,
  "running_total_packets": 12856896073,
  "running_total_dropped": 124353668,
  "running_total_time_sec": 2385.933096697998,
  "p_gb": 0.00606,
  "p_bg": 0.6,
  "good_loss_rate": 0.0,
  "bad_loss_rate": 1.0
}