{
  "state": "good",
  "episode_index": 13252,
  "state_ordinal": 6626,
  "start_time_wall": 1756990352.5024402,
  "end_time_wall": 1756990352.5033355,
  "wall_time_sec": 0.0008953090000431985,
  "steps": 4,
  "packets": 46284,
  "dropped": 0,
  "running_total_steps": 1129962,
  "running_total_packets": 16043928676,
  "running_total_dropped": 155226235,
  "running_total_time_sec": 2970.7162864550046,
  "p_gb": 0.00606,
  "p_bg": 0.6,
  "good_loss_rate": 0.0,
  "bad_loss_rate": 1.0
}