{
  "state": "good",
  "episode_index": 2562,
  "state_ordinal": 1281,
  "start_time_wall": 1756987926.4391398,
  "end_time_wall": 1756987926.4475124,
  "wall_time_sec": 0.008372573996894062,
  "steps": 65,
  "packets": 863553,
  "dropped": 0,
  "running_total_steps": 213792,
  "running_total_packets": 3035608648,
  "running_total_dropped": 31025933,
  "running_total_time_sec": 544.6604633850002,
  "p_gb": 0.00606,
  "p_bg": 0.6,
  "good_loss_rate": 0.0,
  "bad_loss_rate": 1.0
}