{
  "state": "good",
  "episode_index": 8578,
  "state_ordinal": 4289,
  "start_time_wall": 1756989304.9283092,
  "end_time_wall": 1756989305.5614536,
  "wall_time_sec": 0.6331442410009913,
  "steps": 365,
  "packets": 5210243,
  "dropped": 0,
  "running_total_steps": 731770,
  "running_total_packets": 10390154204,
  "running_total_dropped": 100110503,
  "running_total_time_sec": 1923.774404611002,
  "p_gb": 0.00606,
  "p_bg": 0.6,
  "good_loss_rate": 0.0,
  "bad_loss_rate": 1.0
}