{
  "state": "good",
  "episode_index": 10480,
  "state_ordinal": 5240,
  "start_time_wall": 1756989709.39073,
  "end_time_wall": 1756989709.394067,
  "wall_time_sec": 0.003336171997943893,
  "steps": 21,
  "packets": 306654,
  "dropped": 0,
  "running_total_steps": 894018,
  "running_total_packets": 12693858277,
  "running_total_dropped": 122486286,
  "running_total_time_sec": 2327.6070179439994,
  "p_gb": 0.00606,
  "p_bg": 0.6,
  "good_loss_rate": 0.0,
  "bad_loss_rate": 1.0
}