{
  "state": "good",
  "episode_index": 976,
  "state_ordinal": 488,
  "start_time_wall": 1756987582.6404326,
  "end_time_wall": 1756987582.6797538,
  "wall_time_sec": 0.03932105200510705,
  "steps": 335,
  "packets": 4675045,
  "dropped": 0,
  "running_total_steps": 80153,
  "running_total_packets": 1138116911,
  "running_total_dropped": 11217650,
  "running_total_time_sec": 200.89270476800448,
  "p_gb": 0.00606,
  "p_bg": 0.6,
  "good_loss_rate": 0.0,
  "bad_loss_rate": 1.0
}