{
  "state": "good",
  "episode_index": 16884,
  "state_ordinal": 8442,
  "start_time_wall": 1756991201.6929305,
  "end_time_wall": 1756991202.2932417,
  "wall_time_sec": 0.6003104109986452,
  "steps": 227,
  "packets": 3292211,
  "dropped": 0,
  "running_total_steps": 1449616,
  "running_total_packets": 20582644658,
  "running_total_dropped": 197019996,
  "running_total_time_sec": 3820.5061928330033,
  "p_gb": 0.00606,
  "p_bg": 0.6,
  "good_loss_rate": 0.0,
  "bad_loss_rate": 1.0
}