{
  "state": "good",
  "episode_index": 12128,
  "state_ordinal": 6064,
  "start_time_wall": 1756990121.4831204,
  "end_time_wall": 1756990121.4924855,
  "wall_time_sec": 0.00936505499703344,
  "steps": 70,
  "packets": 1126805,
  "dropped": 0,
  "running_total_steps": 1033989,
  "running_total_packets": 14681337356,
  "running_total_dropped": 142358251,
  "running_total_time_sec": 2739.705436534001,
  "p_gb": 0.00606,
  "p_bg": 0.6,
  "good_loss_rate": 0.0,
  "bad_loss_rate": 1.0
}