{
  "state": "good",
  "episode_index": 11046,
  "state_ordinal": 5523,
  "start_time_wall": 1756989835.8798048,
  "end_time_wall": 1756989835.8853643,
  "wall_time_sec": 0.0055589699986740015,
  "steps": 41,
  "packets": 593054,
  "dropped": 0,
  "running_total_steps": 938175,
  "running_total_packets": 13320869482,
  "running_total_dropped": 129430840,
  "running_total_time_sec": 2454.098315133,
  "p_gb": 0.00606,
  "p_bg": 0.6,
  "good_loss_rate": 0.0,
  "bad_loss_rate": 1.0
}