{
  "state": "good",
  "episode_index": 17718,
  "state_ordinal": 8859,
  "start_time_wall": 1756991384.6511168,
  "end_time_wall": 1756991385.2506576,
  "wall_time_sec": 0.5995404470013455,
  "steps": 298,
  "packets": 4313424,
  "dropped": 0,
  "running_total_steps": 1521589,
  "running_total_packets": 21604575489,
  "running_total_dropped": 207232270,
  "running_total_time_sec": 4003.463608513004,
  "p_gb": 0.00606,
  "p_bg": 0.6,
  "good_loss_rate": 0.0,
  "bad_loss_rate": 1.0
}