{
  "state": "good",
  "episode_index": 14838,
  "state_ordinal": 7419,
  "start_time_wall": 1756990706.5334458,
  "end_time_wall": 1756990706.5408096,
  "wall_time_sec": 0.007363635995716322,
  "steps": 57,
  "packets": 742054,
  "dropped": 0,
  "running_total_steps": 1268577,
  "running_total_packets": 18012114529,
  "running_total_dropped": 173654617,
  "running_total_time_sec": 3324.753760713,
  "p_gb": 0.00606,
  "p_bg": 0.6,
  "good_loss_rate": 0.0,
  "bad_loss_rate": 1.0
}