{
  "state": "good",
  "episode_index": 1242,
  "state_ordinal": 621,
  "start_time_wall": 1756987631.3489077,
  "end_time_wall": 1756987632.0980434,
  "wall_time_sec": 0.7491355149977608,
  "steps": 297,
  "packets": 4313418,
  "dropped": 1,
  "running_total_steps": 104145,
  "running_total_packets": 1478874304,
  "running_total_dropped": 14420116,
  "running_total_time_sec": 250.310994407002,
  "p_gb": 0.00606,
  "p_bg": 0.6,
  "good_loss_rate": 0.0,
  "bad_loss_rate": 1.0
}