{
  "state": "good",
  "episode_index": 15800,
  "state_ordinal": 7900,
  "start_time_wall": 1756990965.2377172,
  "end_time_wall": 1756990965.2423656,
  "wall_time_sec": 0.004648176996852271,
  "steps": 40,
  "packets": 581483,
  "dropped": 0,
  "running_total_steps": 1352079,
  "running_total_packets": 19197692110,
  "running_total_dropped": 184621986,
  "running_total_time_sec": 3583.455316571999,
  "p_gb": 0.00606,
  "p_bg": 0.6,
  "good_loss_rate": 0.0,
  "bad_loss_rate": 1.0
}