{
  "state": "good",
  "episode_index": 14682,
  "state_ordinal": 7341,
  "start_time_wall": 1756990679.146408,
  "end_time_wall": 1756990679.7695463,
  "wall_time_sec": 0.6231377289950615,
  "steps": 329,
  "packets": 4703975,
  "dropped": 0,
  "running_total_steps": 1255891,
  "running_total_packets": 17832029899,
  "running_total_dropped": 171816121,
  "running_total_time_sec": 3297.982497083998,
  "p_gb": 0.00606,
  "p_bg": 0.6,
  "good_loss_rate": 0.0,
  "bad_loss_rate": 1.0
}