{
  "state": "good",
  "episode_index": 6974,
  "state_ordinal": 3487,
  "start_time_wall": 1756988924.3768966,
  "end_time_wall": 1756988924.378675,
  "wall_time_sec": 0.0017785529998946004,
  "steps": 13,
  "packets": 147541,
  "dropped": 0,
  "running_total_steps": 588512,
  "running_total_packets": 8356051984,
  "running_total_dropped": 82698895,
  "running_total_time_sec": 1542.5916260560043,
  "p_gb": 0.00606,
  "p_bg": 0.6,
  "good_loss_rate": 0.0,
  "bad_loss_rate": 1.0
}