{
  "state": "good",
  "episode_index": 5198,
  "state_ordinal": 2599,
  "start_time_wall": 1756988502.330608,
  "end_time_wall": 1756988502.9204502,
  "wall_time_sec": 0.5898422760001267,
  "steps": 206,
  "packets": 2911772,
  "dropped": 1,
  "running_total_steps": 433251,
  "running_total_packets": 6151644829,
  "running_total_dropped": 61225632,
  "running_total_time_sec": 1121.133401224004,
  "p_gb": 0.00606,
  "p_bg": 0.6,
  "good_loss_rate": 0.0,
  "bad_loss_rate": 1.0
}