{
  "state": "good",
  "episode_index": 15322,
  "state_ordinal": 7661,
  "start_time_wall": 1756990846.4874156,
  "end_time_wall": 1756990847.0921605,
  "wall_time_sec": 0.6047444840005483,
  "steps": 363,
  "packets": 5176977,
  "dropped": 0,
  "running_total_steps": 1311051,
  "running_total_packets": 18615141551,
  "running_total_dropped": 179128185,
  "running_total_time_sec": 3465.30511157,
  "p_gb": 0.00606,
  "p_bg": 0.6,
  "good_loss_rate": 0.0,
  "bad_loss_rate": 1.0
}