{
  "state": "good",
  "episode_index": 14704,
  "state_ordinal": 7352,
  "start_time_wall": 1756990684.0202546,
  "end_time_wall": 1756990684.0241675,
  "wall_time_sec": 0.003912449996278156,
  "steps": 37,
  "packets": 487467,
  "dropped": 0,
  "running_total_steps": 1257915,
  "running_total_packets": 17860735423,
  "running_total_dropped": 171944868,
  "running_total_time_sec": 3302.237118304998,
  "p_gb": 0.00606,
  "p_bg": 0.6,
  "good_loss_rate": 0.0,
  "bad_loss_rate": 1.0
}