{
  "state": "good",
  "episode_index": 3232,
  "state_ordinal": 1616,
  "start_time_wall": 1756988086.845679,
  "end_time_wall": 1756988086.8585327,
  "wall_time_sec": 0.012853341002482921,
  "steps": 106,
  "packets": 1612825,
  "dropped": 0,
  "running_total_steps": 276255,
  "running_total_packets": 3922556286,
  "running_total_dropped": 38432013,
  "running_total_time_sec": 705.0714835120016,
  "p_gb": 0.00606,
  "p_bg": 0.6,
  "good_loss_rate": 0.0,
  "bad_loss_rate": 1.0
}