{
  "state": "good",
  "episode_index": 13208,
  "state_ordinal": 6604,
  "start_time_wall": 1756990343.6434062,
  "end_time_wall": 1756990343.6492193,
  "wall_time_sec": 0.005813080999359954,
  "steps": 54,
  "packets": 729030,
  "dropped": 0,
  "running_total_steps": 1125665,
  "running_total_packets": 15982978095,
  "running_total_dropped": 154612923,
  "running_total_time_sec": 2961.862170320004,
  "p_gb": 0.00606,
  "p_bg": 0.6,
  "good_loss_rate": 0.0,
  "bad_loss_rate": 1.0
}