{
  "state": "good",
  "episode_index": 18284,
  "state_ordinal": 9142,
  "start_time_wall": 1756991519.5464509,
  "end_time_wall": 1756991519.5511904,
  "wall_time_sec": 0.004738622999866493,
  "steps": 33,
  "packets": 410811,
  "dropped": 0,
  "running_total_steps": 1570516,
  "running_total_packets": 22299185330,
  "running_total_dropped": 213942523,
  "running_total_time_sec": 4137.764141307998,
  "p_gb": 0.00606,
  "p_bg": 0.6,
  "good_loss_rate": 0.0,
  "bad_loss_rate": 1.0
}