{
  "state": "good",
  "episode_index": 284,
  "state_ordinal": 142,
  "start_time_wall": 1756987429.6013045,
  "end_time_wall": 1756987430.5526497,
  "wall_time_sec": 0.9513449000005494,
  "steps": 350,
  "packets": 5042442,
  "dropped": 1,
  "running_total_steps": 22654,
  "running_total_packets": 321731742,
  "running_total_dropped": 3273460,
  "running_total_time_sec": 48.76560061900091,
  "p_gb": 0.00606,
  "p_bg": 0.6,
  "good_loss_rate": 0.0,
  "bad_loss_rate": 1.0
}