{
  "state": "good",
  "episode_index": 15230,
  "state_ordinal": 7615,
  "start_time_wall": 1756990831.6929924,
  "end_time_wall": 1756990831.7099178,
  "wall_time_sec": 0.016925212999922223,
  "steps": 159,
  "packets": 2174066,
  "dropped": 0,
  "running_total_steps": 1303473,
  "running_total_packets": 18507530216,
  "running_total_dropped": 178130126,
  "running_total_time_sec": 3449.9228686589995,
  "p_gb": 0.00606,
  "p_bg": 0.6,
  "good_loss_rate": 0.0,
  "bad_loss_rate": 1.0
}