{
  "state": "good",
  "episode_index": 14030,
  "state_ordinal": 7015,
  "start_time_wall": 1756990521.4408946,
  "end_time_wall": 1756990521.4773078,
  "wall_time_sec": 0.03641312800027663,
  "steps": 310,
  "packets": 4313424,
  "dropped": 0,
  "running_total_steps": 1195704,
  "running_total_packets": 16977357708,
  "running_total_dropped": 163701261,
  "running_total_time_sec": 3139.6902589040037,
  "p_gb": 0.00606,
  "p_bg": 0.6,
  "good_loss_rate": 0.0,
  "bad_loss_rate": 1.0
}