{
  "state": "good",
  "episode_index": 9816,
  "state_ordinal": 4908,
  "start_time_wall": 1756989595.388923,
  "end_time_wall": 1756989595.4114542,
  "wall_time_sec": 0.022531471004185732,
  "steps": 177,
  "packets": 2502426,
  "dropped": 0,
  "running_total_steps": 839049,
  "running_total_packets": 11913415405,
  "running_total_dropped": 114426491,
  "running_total_time_sec": 2213.6244052840048,
  "p_gb": 0.00606,
  "p_bg": 0.6,
  "good_loss_rate": 0.0,
  "bad_loss_rate": 1.0
}