{
  "state": "good",
  "episode_index": 2854,
  "state_ordinal": 1427,
  "start_time_wall": 1756987983.310283,
  "end_time_wall": 1756987983.3287904,
  "wall_time_sec": 0.018507169996155426,
  "steps": 150,
  "packets": 2188531,
  "dropped": 0,
  "running_total_steps": 242094,
  "running_total_packets": 3437511901,
  "running_total_dropped": 34454083,
  "running_total_time_sec": 601.5417413949981,
  "p_gb": 0.00606,
  "p_bg": 0.6,
  "good_loss_rate": 0.0,
  "bad_loss_rate": 1.0
}