{
  "state": "good",
  "episode_index": 13584,
  "state_ordinal": 6792,
  "start_time_wall": 1756990408.5465436,
  "end_time_wall": 1756990444.5560317,
  "wall_time_sec": 36.00948801499908,
  "steps": 248,
  "packets": 3642243,
  "dropped": 1,
  "running_total_steps": 1157795,
  "running_total_packets": 16439228717,
  "running_total_dropped": 158989988,
  "running_total_time_sec": 3062.7689826310016,
  "p_gb": 0.00606,
  "p_bg": 0.6,
  "good_loss_rate": 0.0,
  "bad_loss_rate": 1.0
}