{
  "state": "good",
  "episode_index": 7008,
  "state_ordinal": 3504,
  "start_time_wall": 1756988930.183862,
  "end_time_wall": 1756988930.2132554,
  "wall_time_sec": 0.029393298995273653,
  "steps": 245,
  "packets": 3461436,
  "dropped": 0,
  "running_total_steps": 591467,
  "running_total_packets": 8398105661,
  "running_total_dropped": 83053294,
  "running_total_time_sec": 1548.4262062909984,
  "p_gb": 0.00606,
  "p_bg": 0.6,
  "good_loss_rate": 0.0,
  "bad_loss_rate": 1.0
}