{
  "state": "good",
  "episode_index": 15822,
  "state_ordinal": 7911,
  "start_time_wall": 1756990968.992604,
  "end_time_wall": 1756990969.1927693,
  "wall_time_sec": 0.2001651340033277,
  "steps": 115,
  "packets": 1734330,
  "dropped": 0,
  "running_total_steps": 1354008,
  "running_total_packets": 19225137735,
  "running_total_dropped": 184908411,
  "running_total_time_sec": 3587.4057201620017,
  "p_gb": 0.00606,
  "p_bg": 0.6,
  "good_loss_rate": 0.0,
  "bad_loss_rate": 1.0
}