{
  "state": "good",
  "episode_index": 12412,
  "state_ordinal": 6206,
  "start_time_wall": 1756990170.596675,
  "end_time_wall": 1756990171.5418503,
  "wall_time_sec": 0.9451755100017181,
  "steps": 383,
  "packets": 5463377,
  "dropped": 0,
  "running_total_steps": 1058093,
  "running_total_packets": 15023575963,
  "running_total_dropped": 145190548,
  "running_total_time_sec": 2789.7548013580017,
  "p_gb": 0.00606,
  "p_bg": 0.6,
  "good_loss_rate": 0.0,
  "bad_loss_rate": 1.0
}