{
  "state": "good",
  "episode_index": 4092,
  "state_ordinal": 2046,
  "start_time_wall": 1756988287.841702,
  "end_time_wall": 1756988287.8711736,
  "wall_time_sec": 0.029471395995642524,
  "steps": 75,
  "packets": 1035684,
  "dropped": 0,
  "running_total_steps": 347262,
  "running_total_packets": 4930718017,
  "running_total_dropped": 48722227,
  "running_total_time_sec": 906.084124560999,
  "p_gb": 0.00606,
  "p_bg": 0.6,
  "good_loss_rate": 0.0,
  "bad_loss_rate": 1.0
}