{
  "state": "good",
  "episode_index": 11618,
  "state_ordinal": 5809,
  "start_time_wall": 1756989991.504982,
  "end_time_wall": 1756989991.5071042,
  "wall_time_sec": 0.0021217629982857034,
  "steps": 16,
  "packets": 179372,
  "dropped": 0,
  "running_total_steps": 988194,
  "running_total_packets": 14031066656,
  "running_total_dropped": 136222127,
  "running_total_time_sec": 2609.7200551589995,
  "p_gb": 0.00606,
  "p_bg": 0.6,
  "good_loss_rate": 0.0,
  "bad_loss_rate": 1.0
}