{
  "state": "good",
  "episode_index": 6204,
  "state_ordinal": 3102,
  "start_time_wall": 1756988747.7775571,
  "end_time_wall": 1756988748.33305,
  "wall_time_sec": 0.5554926619952312,
  "steps": 28,
  "packets": 532304,
  "dropped": 0,
  "running_total_steps": 518398,
  "running_total_packets": 7360675742,
  "running_total_dropped": 73507745,
  "running_total_time_sec": 1366.5460009509989,
  "p_gb": 0.00606,
  "p_bg": 0.6,
  "good_loss_rate": 0.0,
  "bad_loss_rate": 1.0
}