{
  "state": "good",
  "episode_index": 15248,
  "state_ordinal": 7624,
  "start_time_wall": 1756990834.0456848,
  "end_time_wall": 1756990834.6607015,
  "wall_time_sec": 0.6150165400031256,
  "steps": 520,
  "packets": 7288846,
  "dropped": 1,
  "running_total_steps": 1304811,
  "running_total_packets": 18526548619,
  "running_total_dropped": 178289247,
  "running_total_time_sec": 3452.8736525460045,
  "p_gb": 0.00606,
  "p_bg": 0.6,
  "good_loss_rate": 0.0,
  "bad_loss_rate": 1.0
}