{
  "state": "good",
  "episode_index": 15042,
  "state_ordinal": 7521,
  "start_time_wall": 1756990741.848508,
  "end_time_wall": 1756990741.8666496,
  "wall_time_sec": 0.01814148700213991,
  "steps": 153,
  "packets": 2234809,
  "dropped": 0,
  "running_total_steps": 1285712,
  "running_total_packets": 18255413474,
  "running_total_dropped": 175756411,
  "running_total_time_sec": 3360.0796005220036,
  "p_gb": 0.00606,
  "p_bg": 0.6,
  "good_loss_rate": 0.0,
  "bad_loss_rate": 1.0
}