{
  "state": "good",
  "episode_index": 14050,
  "state_ordinal": 7025,
  "start_time_wall": 1756990523.308789,
  "end_time_wall": 1756990523.3205621,
  "wall_time_sec": 0.011773047997849062,
  "steps": 114,
  "packets": 1565100,
  "dropped": 0,
  "running_total_steps": 1196516,
  "running_total_packets": 16988893434,
  "running_total_dropped": 163890758,
  "running_total_time_sec": 3141.5335130309977,
  "p_gb": 0.00606,
  "p_bg": 0.6,
  "good_loss_rate": 0.0,
  "bad_loss_rate": 1.0
}