{
  "state": "good",
  "episode_index": 9824,
  "state_ordinal": 4912,
  "start_time_wall": 1756989596.1879737,
  "end_time_wall": 1756989596.3919375,
  "wall_time_sec": 0.20396380900638178,
  "steps": 146,
  "packets": 2113316,
  "dropped": 0,
  "running_total_steps": 839467,
  "running_total_packets": 11919353231,
  "running_total_dropped": 114495923,
  "running_total_time_sec": 2214.604888505004,
  "p_gb": 0.00606,
  "p_bg": 0.6,
  "good_loss_rate": 0.0,
  "bad_loss_rate": 1.0
}