{
  "state": "good",
  "episode_index": 4736,
  "state_ordinal": 2368,
  "start_time_wall": 1756988428.1628282,
  "end_time_wall": 1756988428.1706116,
  "wall_time_sec": 0.007783113993355073,
  "steps": 54,
  "packets": 895372,
  "dropped": 0,
  "running_total_steps": 395999,
  "running_total_packets": 5622773365,
  "running_total_dropped": 56155673,
  "running_total_time_sec": 1046.3835625619977,
  "p_gb": 0.00606,
  "p_bg": 0.6,
  "good_loss_rate": 0.0,
  "bad_loss_rate": 1.0
}