{
  "state": "good",
  "episode_index": 6632,
  "state_ordinal": 3316,
  "start_time_wall": 1756988820.7452219,
  "end_time_wall": 1756988821.3498716,
  "wall_time_sec": 0.6046497720017214,
  "steps": 311,
  "packets": 4324995,
  "dropped": 0,
  "running_total_steps": 554349,
  "running_total_packets": 7870994581,
  "running_total_dropped": 78820794,
  "running_total_time_sec": 1439.5628226990011,
  "p_gb": 0.00606,
  "p_bg": 0.6,
  "good_loss_rate": 0.0,
  "bad_loss_rate": 1.0
}