{
  "state": "good",
  "episode_index": 9216,
  "state_ordinal": 4608,
  "start_time_wall": 1756989446.1253865,
  "end_time_wall": 1756989446.7459698,
  "wall_time_sec": 0.6205831050028792,
  "steps": 367,
  "packets": 5223261,
  "dropped": 0,
  "running_total_steps": 783099,
  "running_total_packets": 11119054439,
  "running_total_dropped": 107130432,
  "running_total_time_sec": 2064.9589205950033,
  "p_gb": 0.00606,
  "p_bg": 0.6,
  "good_loss_rate": 0.0,
  "bad_loss_rate": 1.0
}