{
  "state": "good",
  "episode_index": 15570,
  "state_ordinal": 7785,
  "start_time_wall": 1756990887.7110696,
  "end_time_wall": 1756990888.2966666,
  "wall_time_sec": 0.5855968939940794,
  "steps": 256,
  "packets": 3614766,
  "dropped": 0,
  "running_total_steps": 1330953,
  "running_total_packets": 18897724171,
  "running_total_dropped": 182180323,
  "running_total_time_sec": 3506.5096177669984,
  "p_gb": 0.00606,
  "p_bg": 0.6,
  "good_loss_rate": 0.0,
  "bad_loss_rate": 1.0
}