{
  "state": "good",
  "episode_index": 874,
  "state_ordinal": 437,
  "start_time_wall": 1756987560.6630485,
  "end_time_wall": 1756987560.6654556,
  "wall_time_sec": 0.0024071610023383982,
  "steps": 17,
  "packets": 231439,
  "dropped": 0,
  "running_total_steps": 69100,
  "running_total_packets": 981154370,
  "running_total_dropped": 10061888,
  "running_total_time_sec": 178.8784066330045,
  "p_gb": 0.00606,
  "p_bg": 0.6,
  "good_loss_rate": 0.0,
  "bad_loss_rate": 1.0
}