{
  "state": "good",
  "episode_index": 11694,
  "state_ordinal": 5847,
  "start_time_wall": 1756990005.5678797,
  "end_time_wall": 1756990006.9368453,
  "wall_time_sec": 1.3689652120010578,
  "steps": 592,
  "packets": 8437352,
  "dropped": 1,
  "running_total_steps": 995681,
  "running_total_packets": 14137344331,
  "running_total_dropped": 137367694,
  "running_total_time_sec": 2625.1497962720023,
  "p_gb": 0.00606,
  "p_bg": 0.6,
  "good_loss_rate": 0.0,
  "bad_loss_rate": 1.0
}