{
  "state": "good",
  "episode_index": 11328,
  "state_ordinal": 5664,
  "start_time_wall": 1756989885.70323,
  "end_time_wall": 1756989887.0356383,
  "wall_time_sec": 1.3324084549967665,
  "steps": 586,
  "packets": 8330312,
  "dropped": 0,
  "running_total_steps": 963485,
  "running_total_packets": 13680231591,
  "running_total_dropped": 132545178,
  "running_total_time_sec": 2505.248589374998,
  "p_gb": 0.00606,
  "p_bg": 0.6,
  "good_loss_rate": 0.0,
  "bad_loss_rate": 1.0
}