{
  "state": "good",
  "episode_index": 4568,
  "state_ordinal": 2284,
  "start_time_wall": 1756988367.5431385,
  "end_time_wall": 1756988367.5531611,
  "wall_time_sec": 0.010021829002653249,
  "steps": 94,
  "packets": 1246887,
  "dropped": 0,
  "running_total_steps": 383708,
  "running_total_packets": 5448127541,
  "running_total_dropped": 54412628,
  "running_total_time_sec": 985.7661122790014,
  "p_gb": 0.00606,
  "p_bg": 0.6,
  "good_loss_rate": 0.0,
  "bad_loss_rate": 1.0
}