{
  "state": "good",
  "episode_index": 6616,
  "state_ordinal": 3308,
  "start_time_wall": 1756988817.4807498,
  "end_time_wall": 1756988819.1558418,
  "wall_time_sec": 1.675091709003027,
  "steps": 829,
  "packets": 11777289,
  "dropped": 1,
  "running_total_steps": 553307,
  "running_total_packets": 7856237529,
  "running_total_dropped": 78731102,
  "running_total_time_sec": 1437.3687927120045,
  "p_gb": 0.00606,
  "p_bg": 0.6,
  "good_loss_rate": 0.0,
  "bad_loss_rate": 1.0
}