{
  "state": "good",
  "episode_index": 11480,
  "state_ordinal": 5740,
  "start_time_wall": 1756989965.8517199,
  "end_time_wall": 1756989965.8918486,
  "wall_time_sec": 0.04012826299731387,
  "steps": 341,
  "packets": 4783526,
  "dropped": 0,
  "running_total_steps": 975807,
  "running_total_packets": 13855159486,
  "running_total_dropped": 134276628,
  "running_total_time_sec": 2584.1047993030006,
  "p_gb": 0.00606,
  "p_bg": 0.6,
  "good_loss_rate": 0.0,
  "bad_loss_rate": 1.0
}