{
  "state": "good",
  "episode_index": 18824,
  "state_ordinal": 9412,
  "start_time_wall": 1756991661.1734214,
  "end_time_wall": 1756991661.1809409,
  "wall_time_sec": 0.00751938100438565,
  "steps": 57,
  "packets": 742054,
  "dropped": 0,
  "running_total_steps": 1613145,
  "running_total_packets": 22904457297,
  "running_total_dropped": 220748284,
  "running_total_time_sec": 4279.393891753003,
  "p_gb": 0.00606,
  "p_bg": 0.6,
  "good_loss_rate": 0.0,
  "bad_loss_rate": 1.0
}