{
  "state": "good",
  "episode_index": 14504,
  "state_ordinal": 7252,
  "start_time_wall": 1756990644.7233899,
  "end_time_wall": 1756990645.3135467,
  "wall_time_sec": 0.59015689700027,
  "steps": 143,
  "packets": 2111857,
  "dropped": 0,
  "running_total_steps": 1238780,
  "running_total_packets": 17589114258,
  "running_total_dropped": 170106318,
  "running_total_time_sec": 3263.526497897001,
  "p_gb": 0.00606,
  "p_bg": 0.6,
  "good_loss_rate": 0.0,
  "bad_loss_rate": 1.0
}