{
  "state": "good",
  "episode_index": 13470,
  "state_ordinal": 6735,
  "start_time_wall": 1756990386.477195,
  "end_time_wall": 1756990387.069767,
  "wall_time_sec": 0.5925717739955871,
  "steps": 250,
  "packets": 3568470,
  "dropped": 0,
  "running_total_steps": 1146848,
  "running_total_packets": 16283721342,
  "running_total_dropped": 157767724,
  "running_total_time_sec": 3005.2827179710002,
  "p_gb": 0.00606,
  "p_bg": 0.6,
  "good_loss_rate": 0.0,
  "bad_loss_rate": 1.0
}