{
  "state": "good",
  "episode_index": 2374,
  "state_ordinal": 1187,
  "start_time_wall": 1756987893.7007675,
  "end_time_wall": 1756987893.7149835,
  "wall_time_sec": 0.014215729999705218,
  "steps": 118,
  "packets": 1611384,
  "dropped": 1,
  "running_total_steps": 197961,
  "running_total_packets": 2810801567,
  "running_total_dropped": 28503197,
  "running_total_time_sec": 511.9279343300004,
  "p_gb": 0.00606,
  "p_bg": 0.6,
  "good_loss_rate": 0.0,
  "bad_loss_rate": 1.0
}