{
  "state": "good",
  "episode_index": 17994,
  "state_ordinal": 8997,
  "start_time_wall": 1756991467.3374217,
  "end_time_wall": 1756991467.3563979,
  "wall_time_sec": 0.018975898005010094,
  "steps": 141,
  "packets": 2048219,
  "dropped": 1,
  "running_total_steps": 1544964,
  "running_total_packets": 21936416746,
  "running_total_dropped": 210320536,
  "running_total_time_sec": 4085.569348736004,
  "p_gb": 0.00606,
  "p_bg": 0.6,
  "good_loss_rate": 0.0,
  "bad_loss_rate": 1.0
}