{
  "state": "good",
  "episode_index": 14462,
  "state_ordinal": 7231,
  "start_time_wall": 1756990635.6077363,
  "end_time_wall": 1756990636.1662784,
  "wall_time_sec": 0.5585417510010302,
  "steps": 392,
  "packets": 5584882,
  "dropped": 0,
  "running_total_steps": 1234398,
  "running_total_packets": 17526827134,
  "running_total_dropped": 169614522,
  "running_total_time_sec": 3254.379229349004,
  "p_gb": 0.00606,
  "p_bg": 0.6,
  "good_loss_rate": 0.0,
  "bad_loss_rate": 1.0
}