{
  "state": "good",
  "episode_index": 6796,
  "state_ordinal": 3398,
  "start_time_wall": 1756988853.2118711,
  "end_time_wall": 1756988853.815423,
  "wall_time_sec": 0.6035516420015483,
  "steps": 380,
  "packets": 5369361,
  "dropped": 0,
  "running_total_steps": 570341,
  "running_total_packets": 8098105909,
  "running_total_dropped": 80770657,
  "running_total_time_sec": 1472.0283739250008,
  "p_gb": 0.00606,
  "p_bg": 0.6,
  "good_loss_rate": 0.0,
  "bad_loss_rate": 1.0
}