{
  "state": "good",
  "episode_index": 6914,
  "state_ordinal": 3457,
  "start_time_wall": 1756988911.1202252,
  "end_time_wall": 1756988911.9330242,
  "wall_time_sec": 0.8127989490021719,
  "steps": 570,
  "packets": 8001964,
  "dropped": 0,
  "running_total_steps": 582487,
  "running_total_packets": 8270529943,
  "running_total_dropped": 81959695,
  "running_total_time_sec": 1530.1459752180017,
  "p_gb": 0.00606,
  "p_bg": 0.6,
  "good_loss_rate": 0.0,
  "bad_loss_rate": 1.0
}