{
  "state": "good",
  "episode_index": 1394,
  "state_ordinal": 697,
  "start_time_wall": 1756987657.829846,
  "end_time_wall": 1756987657.8312101,
  "wall_time_sec": 0.001364244999422226,
  "steps": 8,
  "packets": 121499,
  "dropped": 0,
  "running_total_steps": 116415,
  "running_total_packets": 1653084746,
  "running_total_dropped": 16503048,
  "running_total_time_sec": 276.0441613189978,
  "p_gb": 0.00606,
  "p_bg": 0.6,
  "good_loss_rate": 0.0,
  "bad_loss_rate": 1.0
}