{
  "state": "good",
  "episode_index": 5672,
  "state_ordinal": 2836,
  "start_time_wall": 1756988611.3815536,
  "end_time_wall": 1756988611.5853565,
  "wall_time_sec": 0.2038026969967177,
  "steps": 124,
  "packets": 1855835,
  "dropped": 1,
  "running_total_steps": 469635,
  "running_total_packets": 6668267450,
  "running_total_dropped": 66814909,
  "running_total_time_sec": 1229.7983074020012,
  "p_gb": 0.00606,
  "p_bg": 0.6,
  "good_loss_rate": 0.0,
  "bad_loss_rate": 1.0
}