{
  "state": "good",
  "episode_index": 14352,
  "state_ordinal": 7176,
  "start_time_wall": 1756990615.9295626,
  "end_time_wall": 1756990615.9487984,
  "wall_time_sec": 0.019235069004935212,
  "steps": 152,
  "packets": 2200108,
  "dropped": 0,
  "running_total_steps": 1224566,
  "running_total_packets": 17387226764,
  "running_total_dropped": 168396562,
  "running_total_time_sec": 3234.1617493650047,
  "p_gb": 0.00606,
  "p_bg": 0.6,
  "good_loss_rate": 0.0,
  "bad_loss_rate": 1.0
}