{
  "state": "good",
  "episode_index": 3868,
  "state_ordinal": 1934,
  "start_time_wall": 1756988245.9263158,
  "end_time_wall": 1756988245.9389865,
  "wall_time_sec": 0.012670659998548217,
  "steps": 103,
  "packets": 1362591,
  "dropped": 0,
  "running_total_steps": 328409,
  "running_total_packets": 4662961881,
  "running_total_dropped": 46112790,
  "running_total_time_sec": 864.1519374630006,
  "p_gb": 0.00606,
  "p_bg": 0.6,
  "good_loss_rate": 0.0,
  "bad_loss_rate": 1.0
}