{
  "state": "good",
  "episode_index": 8348,
  "state_ordinal": 4174,
  "start_time_wall": 1756989261.188879,
  "end_time_wall": 1756989261.8002417,
  "wall_time_sec": 0.6113622420016327,
  "steps": 363,
  "packets": 5207349,
  "dropped": 0,
  "running_total_steps": 710380,
  "running_total_packets": 10086530992,
  "running_total_dropped": 97272446,
  "running_total_time_sec": 1880.0131925370006,
  "p_gb": 0.00606,
  "p_bg": 0.6,
  "good_loss_rate": 0.0,
  "bad_loss_rate": 1.0
}