{
  "state": "good",
  "episode_index": 8776,
  "state_ordinal": 4388,
  "start_time_wall": 1756989337.7902405,
  "end_time_wall": 1756989339.1752775,
  "wall_time_sec": 1.38503695899999,
  "steps": 478,
  "packets": 6872252,
  "dropped": 1,
  "running_total_steps": 747560,
  "running_total_packets": 10614410168,
  "running_total_dropped": 102200698,
  "running_total_time_sec": 1957.3882285069994,
  "p_gb": 0.00606,
  "p_bg": 0.6,
  "good_loss_rate": 0.0,
  "bad_loss_rate": 1.0
}