{
  "state": "good",
  "episode_index": 13022,
  "state_ordinal": 6511,
  "start_time_wall": 1756990316.024732,
  "end_time_wall": 1756990316.599317,
  "wall_time_sec": 0.5745848360020318,
  "steps": 190,
  "packets": 2720835,
  "dropped": 0,
  "running_total_steps": 1112259,
  "running_total_packets": 15792604614,
  "running_total_dropped": 152800410,
  "running_total_time_sec": 2934.812268034002,
  "p_gb": 0.00606,
  "p_bg": 0.6,
  "good_loss_rate": 0.0,
  "bad_loss_rate": 1.0
}