{
  "state": "good",
  "episode_index": 3152,
  "state_ordinal": 1576,
  "start_time_wall": 1756988071.923116,
  "end_time_wall": 1756988073.2657335,
  "wall_time_sec": 1.342617156005872,
  "steps": 494,
  "packets": 7102244,
  "dropped": 0,
  "running_total_steps": 269606,
  "running_total_packets": 3828145592,
  "running_total_dropped": 37577054,
  "running_total_time_sec": 691.4786843270049,
  "p_gb": 0.00606,
  "p_bg": 0.6,
  "good_loss_rate": 0.0,
  "bad_loss_rate": 1.0
}