{
  "state": "good",
  "episode_index": 12030,
  "state_ordinal": 6015,
  "start_time_wall": 1756990069.4453008,
  "end_time_wall": 1756990070.8221502,
  "wall_time_sec": 1.3768493890020181,
  "steps": 576,
  "packets": 8197236,
  "dropped": 1,
  "running_total_steps": 1026634,
  "running_total_packets": 14576835978,
  "running_total_dropped": 141219849,
  "running_total_time_sec": 2689.0351012160027,
  "p_gb": 0.00606,
  "p_bg": 0.6,
  "good_loss_rate": 0.0,
  "bad_loss_rate": 1.0
}