{
  "state": "good",
  "episode_index": 3862,
  "state_ordinal": 1931,
  "start_time_wall": 1756988244.9413164,
  "end_time_wall": 1756988245.145285,
  "wall_time_sec": 0.2039683669936494,
  "steps": 155,
  "packets": 2214573,
  "dropped": 0,
  "running_total_steps": 328109,
  "running_total_packets": 4658771409,
  "running_total_dropped": 46047699,
  "running_total_time_sec": 863.3582358159983,
  "p_gb": 0.00606,
  "p_bg": 0.6,
  "good_loss_rate": 0.0,
  "bad_loss_rate": 1.0
}