{
  "state": "good",
  "episode_index": 12140,
  "state_ordinal": 6070,
  "start_time_wall": 1756990124.8380094,
  "end_time_wall": 1756990124.8397586,
  "wall_time_sec": 0.0017486769938841462,
  "steps": 10,
  "packets": 153324,
  "dropped": 0,
  "running_total_steps": 1035586,
  "running_total_packets": 14704015362,
  "running_total_dropped": 142427691,
  "running_total_time_sec": 2743.0527096279984,
  "p_gb": 0.00606,
  "p_bg": 0.6,
  "good_loss_rate": 0.0,
  "bad_loss_rate": 1.0
}