{
  "state": "good",
  "episode_index": 11352,
  "state_ordinal": 5676,
  "start_time_wall": 1756989944.4418385,
  "end_time_wall": 1756989944.4459078,
  "wall_time_sec": 0.004068704001838341,
  "steps": 26,
  "packets": 438294,
  "dropped": 0,
  "running_total_steps": 965224,
  "running_total_packets": 13704947698,
  "running_total_dropped": 132802662,
  "running_total_time_sec": 2562.658858558003,
  "p_gb": 0.00606,
  "p_bg": 0.6,
  "good_loss_rate": 0.0,
  "bad_loss_rate": 1.0
}