{
  "state": "good",
  "episode_index": 14898,
  "state_ordinal": 7449,
  "start_time_wall": 1756990716.875881,
  "end_time_wall": 1756990716.8770275,
  "wall_time_sec": 0.0011465989955468103,
  "steps": 9,
  "packets": 121505,
  "dropped": 0,
  "running_total_steps": 1273674,
  "running_total_packets": 18084434494,
  "running_total_dropped": 174408206,
  "running_total_time_sec": 3335.0899785660004,
  "p_gb": 0.00606,
  "p_bg": 0.6,
  "good_loss_rate": 0.0,
  "bad_loss_rate": 1.0
}