{
  "state": "good",
  "episode_index": 2752,
  "state_ordinal": 1376,
  "start_time_wall": 1756987960.694728,
  "end_time_wall": 1756987960.7106187,
  "wall_time_sec": 0.015890663999016397,
  "steps": 124,
  "packets": 1698176,
  "dropped": 0,
  "running_total_steps": 230702,
  "running_total_packets": 3275700744,
  "running_total_dropped": 33338850,
  "running_total_time_sec": 578.9235696870019,
  "p_gb": 0.00606,
  "p_bg": 0.6,
  "good_loss_rate": 0.0,
  "bad_loss_rate": 1.0
}