{
  "state": "good",
  "episode_index": 13336,
  "state_ordinal": 6668,
  "start_time_wall": 1756990367.3564334,
  "end_time_wall": 1756990367.3646083,
  "wall_time_sec": 0.00817458500387147,
  "steps": 49,
  "packets": 671175,
  "dropped": 1,
  "running_total_steps": 1137139,
  "running_total_packets": 16145882803,
  "running_total_dropped": 156264835,
  "running_total_time_sec": 2985.577559160003,
  "p_gb": 0.00606,
  "p_bg": 0.6,
  "good_loss_rate": 0.0,
  "bad_loss_rate": 1.0
}