{
  "state": "good",
  "episode_index": 7084,
  "state_ordinal": 3542,
  "start_time_wall": 1756988944.3477533,
  "end_time_wall": 1756988944.918428,
  "wall_time_sec": 0.5706745720017352,
  "steps": 166,
  "packets": 2399716,
  "dropped": 0,
  "running_total_steps": 598420,
  "running_total_packets": 8496867392,
  "running_total_dropped": 83838743,
  "running_total_time_sec": 1563.131378858001,
  "p_gb": 0.00606,
  "p_bg": 0.6,
  "good_loss_rate": 0.0,
  "bad_loss_rate": 1.0
}