{
  "state": "good",
  "episode_index": 12264,
  "state_ordinal": 6132,
  "start_time_wall": 1756990148.1587238,
  "end_time_wall": 1756990148.1606705,
  "wall_time_sec": 0.0019460399998934008,
  "steps": 13,
  "packets": 185155,
  "dropped": 0,
  "running_total_steps": 1046998,
  "running_total_packets": 14865932130,
  "running_total_dropped": 143710695,
  "running_total_time_sec": 2766.3736214020028,
  "p_gb": 0.00606,
  "p_bg": 0.6,
  "good_loss_rate": 0.0,
  "bad_loss_rate": 1.0
}