{
  "state": "good",
  "episode_index": 14686,
  "state_ordinal": 7343,
  "start_time_wall": 1756990679.969911,
  "end_time_wall": 1756990680.54281,
  "wall_time_sec": 0.5728982529981295,
  "steps": 70,
  "packets": 1094992,
  "dropped": 0,
  "running_total_steps": 1256086,
  "running_total_packets": 17834794142,
  "running_total_dropped": 171891330,
  "running_total_time_sec": 3298.7557609529977,
  "p_gb": 0.00606,
  "p_bg": 0.6,
  "good_loss_rate": 0.0,
  "bad_loss_rate": 1.0
}