{
  "state": "good",
  "episode_index": 1530,
  "state_ordinal": 765,
  "start_time_wall": 1756987680.3802996,
  "end_time_wall": 1756987680.3971288,
  "wall_time_sec": 0.016828455998620484,
  "steps": 161,
  "packets": 2155271,
  "dropped": 0,
  "running_total_steps": 127630,
  "running_total_packets": 1812205446,
  "running_total_dropped": 18338573,
  "running_total_time_sec": 298.6100795989987,
  "p_gb": 0.00606,
  "p_bg": 0.6,
  "good_loss_rate": 0.0,
  "bad_loss_rate": 1.0
}