{
  "state": "good",
  "episode_index": 9888,
  "state_ordinal": 4944,
  "start_time_wall": 1756989607.8993723,
  "end_time_wall": 1756989608.4765203,
  "wall_time_sec": 0.5771472589985933,
  "steps": 118,
  "packets": 1696734,
  "dropped": 0,
  "running_total_steps": 845301,
  "running_total_packets": 12002174679,
  "running_total_dropped": 115524339,
  "running_total_time_sec": 2226.6894711839996,
  "p_gb": 0.00606,
  "p_bg": 0.6,
  "good_loss_rate": 0.0,
  "bad_loss_rate": 1.0
}