{
  "state": "good",
  "episode_index": 5432,
  "state_ordinal": 2716,
  "start_time_wall": 1756988536.6773684,
  "end_time_wall": 1756988536.6875944,
  "wall_time_sec": 0.010225954996712971,
  "steps": 80,
  "packets": 1081974,
  "dropped": 0,
  "running_total_steps": 449773,
  "running_total_packets": 6386215693,
  "running_total_dropped": 63803336,
  "running_total_time_sec": 1154.9005454200014,
  "p_gb": 0.00606,
  "p_bg": 0.6,
  "good_loss_rate": 0.0,
  "bad_loss_rate": 1.0
}