{
  "state": "good",
  "episode_index": 7852,
  "state_ordinal": 3926,
  "start_time_wall": 1756989131.4992092,
  "end_time_wall": 1756989131.5130424,
  "wall_time_sec": 0.013833192999300081,
  "steps": 109,
  "packets": 1635973,
  "dropped": 0,
  "running_total_steps": 663365,
  "running_total_packets": 9418968995,
  "running_total_dropped": 92082428,
  "running_total_time_sec": 1749.725993412998,
  "p_gb": 0.00606,
  "p_bg": 0.6,
  "good_loss_rate": 0.0,
  "bad_loss_rate": 1.0
}