{
  "state": "good",
  "episode_index": 5504,
  "state_ordinal": 2752,
  "start_time_wall": 1756988583.1796746,
  "end_time_wall": 1756988583.1815772,
  "wall_time_sec": 0.0019018460006918758,
  "steps": 15,
  "packets": 167801,
  "dropped": 0,
  "running_total_steps": 456052,
  "running_total_packets": 6475309110,
  "running_total_dropped": 64768176,
  "running_total_time_sec": 1201.3945281740016,
  "p_gb": 0.00606,
  "p_bg": 0.6,
  "good_loss_rate": 0.0,
  "bad_loss_rate": 1.0
}