{
  "state": "good",
  "episode_index": 11562,
  "state_ordinal": 5781,
  "start_time_wall": 1756989980.5663443,
  "end_time_wall": 1756989980.5959573,
  "wall_time_sec": 0.029612899001222104,
  "steps": 223,
  "packets": 3192390,
  "dropped": 0,
  "running_total_steps": 982953,
  "running_total_packets": 13956685448,
  "running_total_dropped": 135225525,
  "running_total_time_sec": 2598.808908070001,
  "p_gb": 0.00606,
  "p_bg": 0.6,
  "good_loss_rate": 0.0,
  "bad_loss_rate": 1.0
}