{
  "state": "good",
  "episode_index": 14844,
  "state_ordinal": 7422,
  "start_time_wall": 1756990707.3731935,
  "end_time_wall": 1756990707.9816902,
  "wall_time_sec": 0.6084965629997896,
  "steps": 262,
  "packets": 3810038,
  "dropped": 0,
  "running_total_steps": 1269339,
  "running_total_packets": 18022967509,
  "running_total_dropped": 173712472,
  "running_total_time_sec": 3326.194641221002,
  "p_gb": 0.00606,
  "p_bg": 0.6,
  "good_loss_rate": 0.0,
  "bad_loss_rate": 1.0
}