{
  "state": "good",
  "episode_index": 2648,
  "state_ordinal": 1324,
  "start_time_wall": 1756987944.4125464,
  "end_time_wall": 1756987944.4143317,
  "wall_time_sec": 0.0017851299999165349,
  "steps": 10,
  "packets": 153324,
  "dropped": 0,
  "running_total_steps": 222685,
  "running_total_packets": 3161865177,
  "running_total_dropped": 32100671,
  "running_total_time_sec": 562.6272826990025,
  "p_gb": 0.00606,
  "p_bg": 0.6,
  "good_loss_rate": 0.0,
  "bad_loss_rate": 1.0
}