{
  "state": "good",
  "episode_index": 3888,
  "state_ordinal": 1944,
  "start_time_wall": 1756988249.8660684,
  "end_time_wall": 1756988249.910954,
  "wall_time_sec": 0.044885399998747744,
  "steps": 247,
  "packets": 3461448,
  "dropped": 0,
  "running_total_steps": 330507,
  "running_total_packets": 4692870866,
  "running_total_dropped": 46216966,
  "running_total_time_sec": 868.1239049959986,
  "p_gb": 0.00606,
  "p_bg": 0.6,
  "good_loss_rate": 0.0,
  "bad_loss_rate": 1.0
}