{
  "state": "good",
  "episode_index": 290,
  "state_ordinal": 145,
  "start_time_wall": 1756987431.349306,
  "end_time_wall": 1756987431.3513584,
  "wall_time_sec": 0.0020518910023383796,
  "steps": 14,
  "packets": 196726,
  "dropped": 0,
  "running_total_steps": 23042,
  "running_total_packets": 327239968,
  "running_total_dropped": 3350117,
  "running_total_time_sec": 49.56430937100231,
  "p_gb": 0.00606,
  "p_bg": 0.6,
  "good_loss_rate": 0.0,
  "bad_loss_rate": 1.0
}