{
  "state": "good",
  "episode_index": 236,
  "state_ordinal": 118,
  "start_time_wall": 1756987420.843967,
  "end_time_wall": 1756987420.8559034,
  "wall_time_sec": 0.011936457995034289,
  "steps": 116,
  "packets": 1547746,
  "dropped": 0,
  "running_total_steps": 17810,
  "running_total_packets": 252931086,
  "running_total_dropped": 2872728,
  "running_total_time_sec": 39.068854502998875,
  "p_gb": 0.00606,
  "p_bg": 0.6,
  "good_loss_rate": 0.0,
  "bad_loss_rate": 1.0
}