{
  "state": "good",
  "episode_index": 4370,
  "state_ordinal": 2185,
  "start_time_wall": 1756988337.0338886,
  "end_time_wall": 1756988337.6427572,
  "wall_time_sec": 0.6088686350049102,
  "steps": 207,
  "packets": 2960957,
  "dropped": 0,
  "running_total_steps": 369257,
  "running_total_packets": 5243080899,
  "running_total_dropped": 52040427,
  "running_total_time_sec": 955.8557082340049,
  "p_gb": 0.00606,
  "p_bg": 0.6,
  "good_loss_rate": 0.0,
  "bad_loss_rate": 1.0
}