{
  "state": "good",
  "episode_index": 13858,
  "state_ordinal": 6929,
  "start_time_wall": 1756990489.3870468,
  "end_time_wall": 1756990489.3948102,
  "wall_time_sec": 0.0077625260018976405,
  "steps": 55,
  "packets": 760849,
  "dropped": 0,
  "running_total_steps": 1179757,
  "running_total_packets": 16751002881,
  "running_total_dropped": 161842533,
  "running_total_time_sec": 3107.607761224004,
  "p_gb": 0.00606,
  "p_bg": 0.6,
  "good_loss_rate": 0.0,
  "bad_loss_rate": 1.0
}