{
  "state": "good",
  "episode_index": 15150,
  "state_ordinal": 7575,
  "start_time_wall": 1756990816.2391217,
  "end_time_wall": 1756990816.252679,
  "wall_time_sec": 0.01355748299829429,
  "steps": 105,
  "packets": 1394416,
  "dropped": 0,
  "running_total_steps": 1295586,
  "running_total_packets": 18395556284,
  "running_total_dropped": 177214448,
  "running_total_time_sec": 3434.465630202001,
  "p_gb": 0.00606,
  "p_bg": 0.6,
  "good_loss_rate": 0.0,
  "bad_loss_rate": 1.0
}