{
  "state": "good",
  "episode_index": 16080,
  "state_ordinal": 8040,
  "start_time_wall": 1756991017.7603793,
  "end_time_wall": 1756991017.7618577,
  "wall_time_sec": 0.0014781680001760833,
  "steps": 9,
  "packets": 121505,
  "dropped": 0,
  "running_total_steps": 1377215,
  "running_total_packets": 19554564817,
  "running_total_dropped": 187802892,
  "running_total_time_sec": 3635.974808689003,
  "p_gb": 0.00606,
  "p_bg": 0.6,
  "good_loss_rate": 0.0,
  "bad_loss_rate": 1.0
}