{
  "state": "good",
  "episode_index": 3042,
  "state_ordinal": 1521,
  "start_time_wall": 1756988049.0545368,
  "end_time_wall": 1756988049.6411986,
  "wall_time_sec": 0.5866619160005939,
  "steps": 148,
  "packets": 2136458,
  "dropped": 0,
  "running_total_steps": 257888,
  "running_total_packets": 3661782336,
  "running_total_dropped": 36538470,
  "running_total_time_sec": 667.8541496949983,
  "p_gb": 0.00606,
  "p_bg": 0.6,
  "good_loss_rate": 0.0,
  "bad_loss_rate": 1.0
}