{
  "state": "good",
  "episode_index": 17880,
  "state_ordinal": 8940,
  "start_time_wall": 1756991413.8209429,
  "end_time_wall": 1756991414.4047067,
  "wall_time_sec": 0.5837638500015601,
  "steps": 54,
  "packets": 814380,
  "dropped": 0,
  "running_total_steps": 1535453,
  "running_total_packets": 21801400293,
  "running_total_dropped": 208846593,
  "running_total_time_sec": 4032.617657766001,
  "p_gb": 0.00606,
  "p_bg": 0.6,
  "good_loss_rate": 0.0,
  "bad_loss_rate": 1.0
}