{
  "state": "good",
  "episode_index": 12738,
  "state_ordinal": 6369,
  "start_time_wall": 1756990230.2667592,
  "end_time_wall": 1756990230.7858524,
  "wall_time_sec": 0.5190932280020206,
  "steps": 59,
  "packets": 922855,
  "dropped": 0,
  "running_total_steps": 1086855,
  "running_total_packets": 15431930551,
  "running_total_dropped": 149460491,
  "running_total_time_sec": 2848.9988033560003,
  "p_gb": 0.00606,
  "p_bg": 0.6,
  "good_loss_rate": 0.0,
  "bad_loss_rate": 1.0
}