{
  "state": "good",
  "episode_index": 9618,
  "state_ordinal": 4809,
  "start_time_wall": 1756989526.8118927,
  "end_time_wall": 1756989526.821972,
  "wall_time_sec": 0.010078595005325042,
  "steps": 73,
  "packets": 1003859,
  "dropped": 0,
  "running_total_steps": 821987,
  "running_total_packets": 11671183945,
  "running_total_dropped": 111953015,
  "running_total_time_sec": 2145.034922935003,
  "p_gb": 0.00606,
  "p_bg": 0.6,
  "good_loss_rate": 0.0,
  "bad_loss_rate": 1.0
}