{
  "state": "good",
  "episode_index": 12342,
  "state_ordinal": 6171,
  "start_time_wall": 1756990160.5990782,
  "end_time_wall": 1756990160.6004024,
  "wall_time_sec": 0.00132416400447255,
  "steps": 12,
  "packets": 135970,
  "dropped": 0,
  "running_total_steps": 1052887,
  "running_total_packets": 14949620025,
  "running_total_dropped": 144394944,
  "running_total_time_sec": 2778.813353354002,
  "p_gb": 0.00606,
  "p_bg": 0.6,
  "good_loss_rate": 0.0,
  "bad_loss_rate": 1.0
}