{
  "state": "good",
  "episode_index": 15292,
  "state_ordinal": 7646,
  "start_time_wall": 1756990843.2754798,
  "end_time_wall": 1756990843.276098,
  "wall_time_sec": 0.0006175959933898412,
  "steps": 5,
  "packets": 14477,
  "dropped": 0,
  "running_total_steps": 1309087,
  "running_total_packets": 18587211353,
  "running_total_dropped": 178866374,
  "running_total_time_sec": 3461.489048880998,
  "p_gb": 0.00606,
  "p_bg": 0.6,
  "good_loss_rate": 0.0,
  "bad_loss_rate": 1.0
}