{
  "state": "good",
  "episode_index": 13086,
  "state_ordinal": 6543,
  "start_time_wall": 1756990325.0688753,
  "end_time_wall": 1756990325.06956,
  "wall_time_sec": 0.00068473799910862,
  "steps": 2,
  "packets": 63638,
  "dropped": 0,
  "running_total_steps": 1116478,
  "running_total_packets": 15852505046,
  "running_total_dropped": 153302398,
  "running_total_time_sec": 2943.2825111979982,
  "p_gb": 0.00606,
  "p_bg": 0.6,
  "good_loss_rate": 0.0,
  "bad_loss_rate": 1.0
}