{
  "state": "good",
  "episode_index": 9682,
  "state_ordinal": 4841,
  "start_time_wall": 1756989536.8559792,
  "end_time_wall": 1756989536.8763092,
  "wall_time_sec": 0.020329986000433564,
  "steps": 168,
  "packets": 2382362,
  "dropped": 0,
  "running_total_steps": 827018,
  "running_total_packets": 11742557918,
  "running_total_dropped": 112647327,
  "running_total_time_sec": 2155.0892603050015,
  "p_gb": 0.00606,
  "p_bg": 0.6,
  "good_loss_rate": 0.0,
  "bad_loss_rate": 1.0
}