{
  "state": "good",
  "episode_index": 2670,
  "state_ordinal": 1335,
  "start_time_wall": 1756987946.9153376,
  "end_time_wall": 1756987947.5078561,
  "wall_time_sec": 0.5925184469961096,
  "steps": 281,
  "packets": 3935891,
  "dropped": 0,
  "running_total_steps": 224299,
  "running_total_packets": 3184742809,
  "running_total_dropped": 32446380,
  "running_total_time_sec": 565.720806983998,
  "p_gb": 0.00606,
  "p_bg": 0.6,
  "good_loss_rate": 0.0,
  "bad_loss_rate": 1.0
}