{
  "state": "good",
  "episode_index": 17262,
  "state_ordinal": 8631,
  "start_time_wall": 1756991303.7197871,
  "end_time_wall": 1756991304.2777023,
  "wall_time_sec": 0.5579148550023092,
  "steps": 70,
  "packets": 1094992,
  "dropped": 0,
  "running_total_steps": 1482019,
  "running_total_packets": 21042718355,
  "running_total_dropped": 201543225,
  "running_total_time_sec": 3922.4906532910027,
  "p_gb": 0.00606,
  "p_bg": 0.6,
  "good_loss_rate": 0.0,
  "bad_loss_rate": 1.0
}