{
  "state": "good",
  "episode_index": 15058,
  "state_ordinal": 7529,
  "start_time_wall": 1756990798.3962076,
  "end_time_wall": 1756990798.425874,
  "wall_time_sec": 0.029666247995919548,
  "steps": 225,
  "packets": 3205408,
  "dropped": 0,
  "running_total_steps": 1286937,
  "running_total_packets": 18272779992,
  "running_total_dropped": 175967596,
  "running_total_time_sec": 3416.6388248959993,
  "p_gb": 0.00606,
  "p_bg": 0.6,
  "good_loss_rate": 0.0,
  "bad_loss_rate": 1.0
}