{
  "state": "good",
  "episode_index": 6732,
  "state_ordinal": 3366,
  "start_time_wall": 1756988841.6818767,
  "end_time_wall": 1756988841.684575,
  "wall_time_sec": 0.0026983080024365336,
  "steps": 11,
  "packets": 290741,
  "dropped": 0,
  "running_total_steps": 564412,
  "running_total_packets": 8013994190,
  "running_total_dropped": 79849279,
  "running_total_time_sec": 1459.8975260220031,
  "p_gb": 0.00606,
  "p_bg": 0.6,
  "good_loss_rate": 0.0,
  "bad_loss_rate": 1.0
}