{
  "state": "good",
  "episode_index": 16508,
  "state_ordinal": 8254,
  "start_time_wall": 1756991095.6282213,
  "end_time_wall": 1756991095.6381304,
  "wall_time_sec": 0.00990911599365063,
  "steps": 77,
  "packets": 1067509,
  "dropped": 0,
  "running_total_steps": 1415038,
  "running_total_packets": 20091575662,
  "running_total_dropped": 192962508,
  "running_total_time_sec": 3713.8510813699977,
  "p_gb": 0.00606,
  "p_bg": 0.6,
  "good_loss_rate": 0.0,
  "bad_loss_rate": 1.0
}