{
  "state": "good",
  "episode_index": 13028,
  "state_ordinal": 6514,
  "start_time_wall": 1756990316.7835038,
  "end_time_wall": 1756990316.7919927,
  "wall_time_sec": 0.008488398998451885,
  "steps": 78,
  "packets": 1081962,
  "dropped": 0,
  "running_total_steps": 1112477,
  "running_total_packets": 15795701535,
  "running_total_dropped": 152813446,
  "running_total_time_sec": 2935.0049434620014,
  "p_gb": 0.00606,
  "p_bg": 0.6,
  "good_loss_rate": 0.0,
  "bad_loss_rate": 1.0
}