{
  "state": "good",
  "episode_index": 126,
  "state_ordinal": 63,
  "start_time_wall": 1756987403.8067596,
  "end_time_wall": 1756987403.81064,
  "wall_time_sec": 0.003880409996781964,
  "steps": 34,
  "packets": 473002,
  "dropped": 0,
  "running_total_steps": 9339,
  "running_total_packets": 132689039,
  "running_total_dropped": 1630172,
  "running_total_time_sec": 22.023591085999215,
  "p_gb": 0.00606,
  "p_bg": 0.6,
  "good_loss_rate": 0.0,
  "bad_loss_rate": 1.0
}