{
  "state": "good",
  "episode_index": 2716,
  "state_ordinal": 1358,
  "start_time_wall": 1756987955.9772909,
  "end_time_wall": 1756987955.9875226,
  "wall_time_sec": 0.010231651998765301,
  "steps": 96,
  "packets": 1324972,
  "dropped": 0,
  "running_total_steps": 228434,
  "running_total_packets": 3243567044,
  "running_total_dropped": 33046653,
  "running_total_time_sec": 574.200473568002,
  "p_gb": 0.00606,
  "p_bg": 0.6,
  "good_loss_rate": 0.0,
  "bad_loss_rate": 1.0
}