{
  "state": "good",
  "episode_index": 28,
  "state_ordinal": 14,
  "start_time_wall": 1756987389.2349722,
  "end_time_wall": 1756987389.242526,
  "wall_time_sec": 0.0075536570002441294,
  "steps": 70,
  "packets": 959022,
  "dropped": 0,
  "running_total_steps": 2184,
  "running_total_packets": 31041572,
  "running_total_dropped": 383329,
  "running_total_time_sec": 7.455476964998525,
  "p_gb": 0.00606,
  "p_bg": 0.6,
  "good_loss_rate": 0.0,
  "bad_loss_rate": 1.0
}