{
  "state": "good",
  "episode_index": 14282,
  "state_ordinal": 7141,
  "start_time_wall": 1756990566.575066,
  "end_time_wall": 1756990566.5954251,
  "wall_time_sec": 0.020358989997475874,
  "steps": 167,
  "packets": 2411287,
  "dropped": 0,
  "running_total_steps": 1217754,
  "running_total_packets": 17290482880,
  "running_total_dropped": 167417303,
  "running_total_time_sec": 3184.8083760910013,
  "p_gb": 0.00606,
  "p_bg": 0.6,
  "good_loss_rate": 0.0,
  "bad_loss_rate": 1.0
}