{
  "state": "good",
  "episode_index": 15916,
  "state_ordinal": 7958,
  "start_time_wall": 1756990985.022407,
  "end_time_wall": 1756990985.03707,
  "wall_time_sec": 0.014662991001387127,
  "steps": 123,
  "packets": 1774837,
  "dropped": 0,
  "running_total_steps": 1361650,
  "running_total_packets": 19333601052,
  "running_total_dropped": 185961505,
  "running_total_time_sec": 3603.2500210750004,
  "p_gb": 0.00606,
  "p_bg": 0.6,
  "good_loss_rate": 0.0,
  "bad_loss_rate": 1.0
}