{
  "state": "good",
  "episode_index": 12,
  "state_ordinal": 6,
  "start_time_wall": 1756987387.5876818,
  "end_time_wall": 1756987388.1390052,
  "wall_time_sec": 0.5513234440004453,
  "steps": 70,
  "packets": 1057378,
  "dropped": 0,
  "running_total_steps": 1457,
  "running_total_packets": 20791769,
  "running_total_dropped": 120065,
  "running_total_time_sec": 6.3519561540015275,
  "p_gb": 0.00606,
  "p_bg": 0.6,
  "good_loss_rate": 0.0,
  "bad_loss_rate": 1.0
}