{
  "state": "good",
  "episode_index": 18480,
  "state_ordinal": 9240,
  "start_time_wall": 1756991553.3564067,
  "end_time_wall": 1756991553.9371252,
  "wall_time_sec": 0.5807181589989341,
  "steps": 125,
  "packets": 1805221,
  "dropped": 0,
  "running_total_steps": 1587417,
  "running_total_packets": 22539155921,
  "running_total_dropped": 216575154,
  "running_total_time_sec": 4172.150076026999,
  "p_gb": 0.00606,
  "p_bg": 0.6,
  "good_loss_rate": 0.0,
  "bad_loss_rate": 1.0
}