{
  "state": "good",
  "episode_index": 7198,
  "state_ordinal": 3599,
  "start_time_wall": 1756988965.7163644,
  "end_time_wall": 1756988965.7552671,
  "wall_time_sec": 0.03890226499788696,
  "steps": 318,
  "packets": 4433482,
  "dropped": 2,
  "running_total_steps": 608806,
  "running_total_packets": 8644239734,
  "running_total_dropped": 85114589,
  "running_total_time_sec": 1583.9682180029995,
  "p_gb": 0.00606,
  "p_bg": 0.6,
  "good_loss_rate": 0.0,
  "bad_loss_rate": 1.0
}