{
  "state": "good",
  "episode_index": 194,
  "state_ordinal": 97,
  "start_time_wall": 1756987413.4998772,
  "end_time_wall": 1756987413.5082788,
  "wall_time_sec": 0.008401778002735227,
  "steps": 63,
  "packets": 850535,
  "dropped": 0,
  "running_total_steps": 13944,
  "running_total_packets": 198086120,
  "running_total_dropped": 2318714,
  "running_total_time_sec": 31.721229863003828,
  "p_gb": 0.00606,
  "p_bg": 0.6,
  "good_loss_rate": 0.0,
  "bad_loss_rate": 1.0
}