{
  "state": "good",
  "episode_index": 7188,
  "state_ordinal": 3594,
  "start_time_wall": 1756988963.1501362,
  "end_time_wall": 1756988963.9227016,
  "wall_time_sec": 0.7725652769950102,
  "steps": 375,
  "packets": 5343319,
  "dropped": 2,
  "running_total_steps": 607670,
  "running_total_packets": 8628190976,
  "running_total_dropped": 85006105,
  "running_total_time_sec": 1582.1356526579984,
  "p_gb": 0.00606,
  "p_bg": 0.6,
  "good_loss_rate": 0.0,
  "bad_loss_rate": 1.0
}