{
  "state": "good",
  "episode_index": 13982,
  "state_ordinal": 6991,
  "start_time_wall": 1756990510.202063,
  "end_time_wall": 1756990510.2032695,
  "wall_time_sec": 0.0012063600006513298,
  "steps": 7,
  "packets": 118611,
  "dropped": 0,
  "running_total_steps": 1190021,
  "running_total_packets": 16896717555,
  "running_total_dropped": 163203679,
  "running_total_time_sec": 3128.4162204360036,
  "p_gb": 0.00606,
  "p_bg": 0.6,
  "good_loss_rate": 0.0,
  "bad_loss_rate": 1.0
}