{
  "state": "good",
  "episode_index": 8088,
  "state_ordinal": 4044,
  "start_time_wall": 1756989173.8512166,
  "end_time_wall": 1756989174.4854991,
  "wall_time_sec": 0.6342823069935548,
  "steps": 322,
  "packets": 4615736,
  "dropped": 0,
  "running_total_steps": 684298,
  "running_total_packets": 9716143772,
  "running_total_dropped": 94702029,
  "running_total_time_sec": 1792.6984500539984,
  "p_gb": 0.00606,
  "p_bg": 0.6,
  "good_loss_rate": 0.0,
  "bad_loss_rate": 1.0
}