{
  "state": "good",
  "episode_index": 82,
  "state_ordinal": 41,
  "start_time_wall": 1756987398.1568851,
  "end_time_wall": 1756987398.7139106,
  "wall_time_sec": 0.557024353001907,
  "steps": 199,
  "packets": 2790279,
  "dropped": 0,
  "running_total_steps": 6819,
  "running_total_packets": 96848005,
  "running_total_dropped": 925770,
  "running_total_time_sec": 16.926861496001948,
  "p_gb": 0.00606,
  "p_bg": 0.6,
  "good_loss_rate": 0.0,
  "bad_loss_rate": 1.0
}