{
  "state": "good",
  "episode_index": 7048,
  "state_ordinal": 3524,
  "start_time_wall": 1756988936.8611438,
  "end_time_wall": 1756988937.4377847,
  "wall_time_sec": 0.5766406170005212,
  "steps": 155,
  "packets": 2234821,
  "dropped": 0,
  "running_total_steps": 594790,
  "running_total_packets": 8445300172,
  "running_total_dropped": 83588501,
  "running_total_time_sec": 1555.6507355520007,
  "p_gb": 0.00606,
  "p_bg": 0.6,
  "good_loss_rate": 0.0,
  "bad_loss_rate": 1.0
}