{
  "state": "good",
  "episode_index": 3952,
  "state_ordinal": 1976,
  "start_time_wall": 1756988263.3193045,
  "end_time_wall": 1756988263.9175231,
  "wall_time_sec": 0.5982183719970635,
  "steps": 153,
  "packets": 2201555,
  "dropped": 0,
  "running_total_steps": 336777,
  "running_total_packets": 4781841337,
  "running_total_dropped": 47145596,
  "running_total_time_sec": 882.1304742450011,
  "p_gb": 0.00606,
  "p_bg": 0.6,
  "good_loss_rate": 0.0,
  "bad_loss_rate": 1.0
}