{
  "state": "bad",
  "episode_index": 237,
  "state_ordinal": 118,
  "start_time_wall": 1756968151.7014885,
  "end_time_wall": 1756968151.8813472,
  "wall_time_sec": 0.17985922399748233,
  "steps": 1,
  "packets": 31819,
  "dropped": 31819,
  "running_total_steps": 115636,
  "running_total_packets": 1642001768,
  "running_total_dropped": 1990448,
  "running_total_time_sec": 519.1352725769975,
  "p_gb": 0.00098,
  "p_bg": 0.98,
  "good_loss_rate": 0.0,
  "bad_loss_rate": 1.0
}