{
  "state": "bad",
  "episode_index": 215,
  "state_ordinal": 107,
  "start_time_wall": 1756968084.949192,
  "end_time_wall": 1756968084.9500535,
  "wall_time_sec": 0.0008612919991719536,
  "steps": 2,
  "packets": 12,
  "dropped": 12,
  "running_total_steps": 100810,
  "running_total_packets": 1431451266,
  "running_total_dropped": 1786485,
  "running_total_time_sec": 452.20397828599744,
  "p_gb": 0.00098,
  "p_bg": 0.98,
  "good_loss_rate": 0.0,
  "bad_loss_rate": 1.0
}