{
  "state": "bad",
  "episode_index": 281,
  "state_ordinal": 140,
  "start_time_wall": 1756968219.9746807,
  "end_time_wall": 1756968220.1324227,
  "wall_time_sec": 0.15774232499825303,
  "steps": 1,
  "packets": 31819,
  "dropped": 31819,
  "running_total_steps": 131614,
  "running_total_packets": 1868797766,
  "running_total_dropped": 2573357,
  "running_total_time_sec": 587.3863479879983,
  "p_gb": 0.00098,
  "p_bg": 0.98,
  "good_loss_rate": 0.0,
  "bad_loss_rate": 1.0
}