{
  "state": "good",
  "episode_index": 78,
  "state_ordinal": 39,
  "start_time_wall": 1756967732.846712,
  "end_time_wall": 1756967736.8123477,
  "wall_time_sec": 3.96563536100075,
  "steps": 2039,
  "packets": 28967323,
  "dropped": 1,
  "running_total_steps": 30265,
  "running_total_packets": 429816073,
  "running_total_dropped": 770961,
  "running_total_time_sec": 104.06627263399787,
  "p_gb": 0.00098,
  "p_bg": 0.98,
  "good_loss_rate": 0.0,
  "bad_loss_rate": 1.0
}