{
  "state": "good",
  "episode_index": 130,
  "state_ordinal": 65,
  "start_time_wall": 1756967868.6694136,
  "end_time_wall": 1756967869.257366,
  "wall_time_sec": 0.5879525160016783,
  "steps": 208,
  "packets": 2943597,
  "dropped": 0,
  "running_total_steps": 59044,
  "running_total_packets": 838412224,
  "running_total_dropped": 1102245,
  "running_total_time_sec": 236.5112910759999,
  "p_gb": 0.00098,
  "p_bg": 0.98,
  "good_loss_rate": 0.0,
  "bad_loss_rate": 1.0
}