{
  "state": "good",
  "episode_index": 220,
  "state_ordinal": 110,
  "start_time_wall": 1756968091.958843,
  "end_time_wall": 1756968091.9900784,
  "wall_time_sec": 0.031235436999850208,
  "steps": 230,
  "packets": 3231450,
  "dropped": 1,
  "running_total_steps": 104157,
  "running_total_packets": 1479008833,
  "running_total_dropped": 1818313,
  "running_total_time_sec": 459.2440033389976,
  "p_gb": 0.00098,
  "p_bg": 0.98,
  "good_loss_rate": 0.0,
  "bad_loss_rate": 1.0
}