{
  "state": "good",
  "episode_index": 28,
  "state_ordinal": 14,
  "start_time_wall": 1756967665.987705,
  "end_time_wall": 1756967667.7131803,
  "wall_time_sec": 1.725475405000907,
  "steps": 755,
  "packets": 10764741,
  "dropped": 1,
  "running_total_steps": 14725,
  "running_total_packets": 209213929,
  "running_total_dropped": 231429,
  "running_total_time_sec": 34.96710549599811,
  "p_gb": 0.00098,
  "p_bg": 0.98,
  "good_loss_rate": 0.0,
  "bad_loss_rate": 1.0
}