{
  "state": "good",
  "episode_index": 216,
  "state_ordinal": 108,
  "start_time_wall": 1756968084.9500535,
  "end_time_wall": 1756968085.584335,
  "wall_time_sec": 0.6342817390031996,
  "steps": 362,
  "packets": 5158164,
  "dropped": 0,
  "running_total_steps": 101172,
  "running_total_packets": 1436609430,
  "running_total_dropped": 1786485,
  "running_total_time_sec": 452.83826002500064,
  "p_gb": 0.00098,
  "p_bg": 0.98,
  "good_loss_rate": 0.0,
  "bad_loss_rate": 1.0
}