{
  "state": "good",
  "episode_index": 368,
  "state_ordinal": 184,
  "start_time_wall": 1756968408.2189107,
  "end_time_wall": 1756968409.0207162,
  "wall_time_sec": 0.8018054389976896,
  "steps": 607,
  "packets": 8608035,
  "dropped": 0,
  "running_total_steps": 176529,
  "running_total_packets": 2506585295,
  "running_total_dropped": 3202593,
  "running_total_time_sec": 776.2746411179978,
  "p_gb": 0.00098,
  "p_bg": 0.98,
  "good_loss_rate": 0.0,
  "bad_loss_rate": 1.0
}