{
  "state": "good",
  "episode_index": 10,
  "state_ordinal": 5,
  "start_time_wall": 1756967646.255044,
  "end_time_wall": 1756967647.029734,
  "wall_time_sec": 0.774689555997611,
  "steps": 432,
  "packets": 6253156,
  "dropped": 0,
  "running_total_steps": 5232,
  "running_total_packets": 74440486,
  "running_total_dropped": 108477,
  "running_total_time_sec": 14.283658829997876,
  "p_gb": 0.00098,
  "p_bg": 0.98,
  "good_loss_rate": 0.0,
  "bad_loss_rate": 1.0
}