{
  "state": "good",
  "episode_index": 246,
  "state_ordinal": 123,
  "start_time_wall": 1756968157.9305701,
  "end_time_wall": 1756968158.5677588,
  "wall_time_sec": 0.6371883680003521,
  "steps": 558,
  "packets": 7868876,
  "dropped": 0,
  "running_total_steps": 118979,
  "running_total_packets": 1689397329,
  "running_total_dropped": 2077232,
  "running_total_time_sec": 525.8216836899992,
  "p_gb": 0.00098,
  "p_bg": 0.98,
  "good_loss_rate": 0.0,
  "bad_loss_rate": 1.0
}