{
  "state": "good",
  "episode_index": 328,
  "state_ordinal": 164,
  "start_time_wall": 1756968303.8206787,
  "end_time_wall": 1756968305.3669965,
  "wall_time_sec": 1.546317767999426,
  "steps": 807,
  "packets": 11490877,
  "dropped": 0,
  "running_total_steps": 154354,
  "running_total_packets": 2191654902,
  "running_total_dropped": 2936428,
  "running_total_time_sec": 672.6209215919989,
  "p_gb": 0.00098,
  "p_bg": 0.98,
  "good_loss_rate": 0.0,
  "bad_loss_rate": 1.0
}