{
  "state": "good",
  "episode_index": 184,
  "state_ordinal": 92,
  "start_time_wall": 1756968013.2572565,
  "end_time_wall": 1756968016.498281,
  "wall_time_sec": 3.241024451002886,
  "steps": 1877,
  "packets": 26561830,
  "dropped": 0,
  "running_total_steps": 85703,
  "running_total_packets": 1216947507,
  "running_total_dropped": 1443665,
  "running_total_time_sec": 383.7522059660005,
  "p_gb": 0.00098,
  "p_bg": 0.98,
  "good_loss_rate": 0.0,
  "bad_loss_rate": 1.0
}