{
  "state": "bad",
  "episode_index": 11,
  "state_ordinal": 5,
  "start_time_wall": 1765495747.2308662,
  "end_time_wall": 1765495747.3018727,
  "wall_time_sec": 0.07100648499908857,
  "steps": 1,
  "packets": 1,
  "dropped": 1,
  "running_total_steps": 689,
  "running_total_packets": 160707353,
  "running_total_dropped": 1605295,
  "running_total_time_sec": 153.7920129510003,
  "p_gb": 0.00606,
  "p_bg": 0.6,
  "good_loss_rate": 0.0,
  "bad_loss_rate": 1.0
}