{
  "state": "bad",
  "episode_index": 1677,
  "state_ordinal": 838,
  "start_time_wall": 1756974671.4577763,
  "end_time_wall": 1756974671.606391,
  "wall_time_sec": 0.14861516900054994,
  "steps": 1,
  "packets": 11571,
  "dropped": 11571,
  "running_total_steps": 142043,
  "running_total_packets": 2016880337,
  "running_total_dropped": 19762183,
  "running_total_time_sec": 439.40235824000047,
  "p_gb": 0.00606,
  "p_bg": 0.6,
  "good_loss_rate": 0.0,
  "bad_loss_rate": 1.0
}