{
  "state": "bad",
  "episode_index": 7713,
  "state_ordinal": 3856,
  "start_time_wall": 1756976370.2009344,
  "end_time_wall": 1756976370.2023084,
  "wall_time_sec": 0.0013741039983869996,
  "steps": 1,
  "packets": 1447,
  "dropped": 1447,
  "running_total_steps": 635317,
  "running_total_packets": 9020638559,
  "running_total_dropped": 90945610,
  "running_total_time_sec": 2137.998275189999,
  "p_gb": 0.00606,
  "p_bg": 0.6,
  "good_loss_rate": 0.0,
  "bad_loss_rate": 1.0
}