{
  "state": "bad",
  "episode_index": 5835,
  "state_ordinal": 2917,
  "start_time_wall": 1756975767.7781615,
  "end_time_wall": 1756975767.7855873,
  "wall_time_sec": 0.007426108997606207,
  "steps": 1,
  "packets": 11571,
  "dropped": 11571,
  "running_total_steps": 478463,
  "running_total_packets": 6793608365,
  "running_total_dropped": 68747750,
  "running_total_time_sec": 1535.5815543149984,
  "p_gb": 0.00606,
  "p_bg": 0.6,
  "good_loss_rate": 0.0,
  "bad_loss_rate": 1.0
}