{
  "state": "bad",
  "episode_index": 4683,
  "state_ordinal": 2341,
  "start_time_wall": 1756975503.321612,
  "end_time_wall": 1756975503.3414366,
  "wall_time_sec": 0.019825412000500364,
  "steps": 1,
  "packets": 31819,
  "dropped": 31819,
  "running_total_steps": 386482,
  "running_total_packets": 5487564522,
  "running_total_dropped": 55033532,
  "running_total_time_sec": 1271.1374040570008,
  "p_gb": 0.00606,
  "p_bg": 0.6,
  "good_loss_rate": 0.0,
  "bad_loss_rate": 1.0
}