{
  "state": "bad",
  "episode_index": 4203,
  "state_ordinal": 2101,
  "start_time_wall": 1756975353.6622713,
  "end_time_wall": 1756975353.8296885,
  "wall_time_sec": 0.16741757100317045,
  "steps": 1,
  "packets": 11571,
  "dropped": 11571,
  "running_total_steps": 347987,
  "running_total_packets": 4941051717,
  "running_total_dropped": 49225998,
  "running_total_time_sec": 1121.6256556260014,
  "p_gb": 0.00606,
  "p_bg": 0.6,
  "good_loss_rate": 0.0,
  "bad_loss_rate": 1.0
}