{
  "state": "bad",
  "episode_index": 5317,
  "state_ordinal": 2658,
  "start_time_wall": 1756975648.4328182,
  "end_time_wall": 1756975648.6347356,
  "wall_time_sec": 0.20191797699953895,
  "steps": 2,
  "packets": 63638,
  "dropped": 63638,
  "running_total_steps": 438389,
  "running_total_packets": 6224695259,
  "running_total_dropped": 62689742,
  "running_total_time_sec": 1416.4307030130003,
  "p_gb": 0.00606,
  "p_bg": 0.6,
  "good_loss_rate": 0.0,
  "bad_loss_rate": 1.0
}