{
  "state": "bad",
  "episode_index": 4635,
  "state_ordinal": 2317,
  "start_time_wall": 1756975462.8884993,
  "end_time_wall": 1756975463.0493095,
  "wall_time_sec": 0.16081038099946454,
  "steps": 1,
  "packets": 6,
  "dropped": 6,
  "running_total_steps": 383334,
  "running_total_packets": 5442965017,
  "running_total_dropped": 54554739,
  "running_total_time_sec": 1230.845276314998,
  "p_gb": 0.00606,
  "p_bg": 0.6,
  "good_loss_rate": 0.0,
  "bad_loss_rate": 1.0
}