{
  "state": "bad",
  "episode_index": 349,
  "state_ordinal": 174,
  "start_time_wall": 1756974292.2178044,
  "end_time_wall": 1756974292.219245,
  "wall_time_sec": 0.0014405150031961966,
  "steps": 1,
  "packets": 1447,
  "dropped": 1447,
  "running_total_steps": 26433,
  "running_total_packets": 375393489,
  "running_total_dropped": 4293161,
  "running_total_time_sec": 60.0152118670012,
  "p_gb": 0.00606,
  "p_bg": 0.6,
  "good_loss_rate": 0.0,
  "bad_loss_rate": 1.0
}