{
  "state": "bad",
  "episode_index": 8197,
  "state_ordinal": 4098,
  "start_time_wall": 1756976589.4928532,
  "end_time_wall": 1756976589.4933872,
  "wall_time_sec": 0.0005341759970178828,
  "steps": 1,
  "packets": 6,
  "dropped": 6,
  "running_total_steps": 674491,
  "running_total_packets": 9576894899,
  "running_total_dropped": 96717181,
  "running_total_time_sec": 2357.2893542409984,
  "p_gb": 0.00606,
  "p_bg": 0.6,
  "good_loss_rate": 0.0,
  "bad_loss_rate": 1.0
}