{
  "state": "bad",
  "episode_index": 6597,
  "state_ordinal": 3298,
  "start_time_wall": 1756976064.0368528,
  "end_time_wall": 1756976064.045973,
  "wall_time_sec": 0.009120389000599971,
  "steps": 3,
  "packets": 14465,
  "dropped": 14465,
  "running_total_steps": 539095,
  "running_total_packets": 7654522153,
  "running_total_dropped": 77857755,
  "running_total_time_sec": 1831.8419399070008,
  "p_gb": 0.00606,
  "p_bg": 0.6,
  "good_loss_rate": 0.0,
  "bad_loss_rate": 1.0
}