{
  "state": "bad",
  "episode_index": 6497,
  "state_ordinal": 3248,
  "start_time_wall": 1756976048.706008,
  "end_time_wall": 1756976048.727549,
  "wall_time_sec": 0.021541246998822317,
  "steps": 3,
  "packets": 31831,
  "dropped": 31831,
  "running_total_steps": 532018,
  "running_total_packets": 7553953766,
  "running_total_dropped": 76668751,
  "running_total_time_sec": 1816.5235159650001,
  "p_gb": 0.00606,
  "p_bg": 0.6,
  "good_loss_rate": 0.0,
  "bad_loss_rate": 1.0
}