{
  "state": "bad",
  "episode_index": 2777,
  "state_ordinal": 1388,
  "start_time_wall": 1756974980.2905836,
  "end_time_wall": 1756974980.298297,
  "wall_time_sec": 0.007713402999797836,
  "steps": 1,
  "packets": 11571,
  "dropped": 11571,
  "running_total_steps": 230885,
  "running_total_packets": 3278311651,
  "running_total_dropped": 32375774,
  "running_total_time_sec": 748.094263848001,
  "p_gb": 0.00606,
  "p_bg": 0.6,
  "good_loss_rate": 0.0,
  "bad_loss_rate": 1.0
}