{
  "state": "bad",
  "episode_index": 655,
  "state_ordinal": 327,
  "start_time_wall": 1756974380.2404313,
  "end_time_wall": 1756974380.4398694,
  "wall_time_sec": 0.19943891699949745,
  "steps": 2,
  "packets": 63638,
  "dropped": 63638,
  "running_total_steps": 52513,
  "running_total_packets": 745750325,
  "running_total_dropped": 8019268,
  "running_total_time_sec": 148.23583697600043,
  "p_gb": 0.00606,
  "p_bg": 0.6,
  "good_loss_rate": 0.0,
  "bad_loss_rate": 1.0
}