{
  "state": "bad",
  "episode_index": 5699,
  "state_ordinal": 2849,
  "start_time_wall": 1756975744.5100505,
  "end_time_wall": 1756975744.550028,
  "wall_time_sec": 0.03997800499928417,
  "steps": 2,
  "packets": 63638,
  "dropped": 63638,
  "running_total_steps": 467587,
  "running_total_packets": 6639210435,
  "running_total_dropped": 66858585,
  "running_total_time_sec": 1512.345995476,
  "p_gb": 0.00606,
  "p_bg": 0.6,
  "good_loss_rate": 0.0,
  "bad_loss_rate": 1.0
}