{
  "state": "bad",
  "episode_index": 4997,
  "state_ordinal": 2498,
  "start_time_wall": 1756975556.0078435,
  "end_time_wall": 1756975556.1712482,
  "wall_time_sec": 0.1634048289997736,
  "steps": 1,
  "packets": 1447,
  "dropped": 1447,
  "running_total_steps": 411505,
  "running_total_packets": 5842892383,
  "running_total_dropped": 59247053,
  "running_total_time_sec": 1323.967215296998,
  "p_gb": 0.00606,
  "p_bg": 0.6,
  "good_loss_rate": 0.0,
  "bad_loss_rate": 1.0
}