{
  "state": "bad",
  "episode_index": 1555,
  "state_ordinal": 777,
  "start_time_wall": 1756974650.3408992,
  "end_time_wall": 1756974650.500347,
  "wall_time_sec": 0.15944781600046554,
  "steps": 1,
  "packets": 11571,
  "dropped": 11571,
  "running_total_steps": 131837,
  "running_total_packets": 1871938095,
  "running_total_dropped": 18677251,
  "running_total_time_sec": 418.29631398700076,
  "p_gb": 0.00606,
  "p_bg": 0.6,
  "good_loss_rate": 0.0,
  "bad_loss_rate": 1.0
}