{
  "state": "bad",
  "episode_index": 2005,
  "state_ordinal": 1002,
  "start_time_wall": 1756974778.6575863,
  "end_time_wall": 1756974778.8396828,
  "wall_time_sec": 0.1820970579974528,
  "steps": 1,
  "packets": 31819,
  "dropped": 31819,
  "running_total_steps": 167870,
  "running_total_packets": 2383687492,
  "running_total_dropped": 23877439,
  "running_total_time_sec": 546.6356503239986,
  "p_gb": 0.00606,
  "p_bg": 0.6,
  "good_loss_rate": 0.0,
  "bad_loss_rate": 1.0
}