{
  "state": "bad",
  "episode_index": 6681,
  "state_ordinal": 3340,
  "start_time_wall": 1756976079.839111,
  "end_time_wall": 1756976080.0374885,
  "wall_time_sec": 0.19837780099987867,
  "steps": 2,
  "packets": 63638,
  "dropped": 63638,
  "running_total_steps": 546526,
  "running_total_packets": 7760070786,
  "running_total_dropped": 79068455,
  "running_total_time_sec": 1847.8334558959978,
  "p_gb": 0.00606,
  "p_bg": 0.6,
  "good_loss_rate": 0.0,
  "bad_loss_rate": 1.0
}