{
  "state": "bad",
  "episode_index": 1949,
  "state_ordinal": 974,
  "start_time_wall": 1756974770.3971775,
  "end_time_wall": 1756974770.4156902,
  "wall_time_sec": 0.018513391998567386,
  "steps": 1,
  "packets": 31819,
  "dropped": 31819,
  "running_total_steps": 164213,
  "running_total_packets": 2331650159,
  "running_total_dropped": 23193239,
  "running_total_time_sec": 538.2116575369982,
  "p_gb": 0.00606,
  "p_bg": 0.6,
  "good_loss_rate": 0.0,
  "bad_loss_rate": 1.0
}