{
  "state": "bad",
  "episode_index": 4337,
  "state_ordinal": 2168,
  "start_time_wall": 1756975417.020896,
  "end_time_wall": 1756975417.0226839,
  "wall_time_sec": 0.001787982000678312,
  "steps": 1,
  "packets": 1447,
  "dropped": 1447,
  "running_total_steps": 361792,
  "running_total_packets": 5136943542,
  "running_total_dropped": 51006580,
  "running_total_time_sec": 1184.8186508379986,
  "p_gb": 0.00606,
  "p_bg": 0.6,
  "good_loss_rate": 0.0,
  "bad_loss_rate": 1.0
}