{
  "state": "bad",
  "episode_index": 5267,
  "state_ordinal": 2633,
  "start_time_wall": 1756975638.3942342,
  "end_time_wall": 1756975638.558019,
  "wall_time_sec": 0.16378492200237815,
  "steps": 3,
  "packets": 13024,
  "dropped": 13024,
  "running_total_steps": 433677,
  "running_total_packets": 6157672341,
  "running_total_dropped": 61836371,
  "running_total_time_sec": 1406.353985736001,
  "p_gb": 0.00606,
  "p_bg": 0.6,
  "good_loss_rate": 0.0,
  "bad_loss_rate": 1.0
}