{
  "state": "bad",
  "episode_index": 787,
  "state_ordinal": 393,
  "start_time_wall": 1756974440.4858809,
  "end_time_wall": 1756974440.5045865,
  "wall_time_sec": 0.018706293998548063,
  "steps": 1,
  "packets": 31819,
  "dropped": 31819,
  "running_total_steps": 65176,
  "running_total_packets": 925547096,
  "running_total_dropped": 9457094,
  "running_total_time_sec": 208.3005538619982,
  "p_gb": 0.00606,
  "p_bg": 0.6,
  "good_loss_rate": 0.0,
  "bad_loss_rate": 1.0
}