{
  "state": "bad",
  "episode_index": 5145,
  "state_ordinal": 2572,
  "start_time_wall": 1756975614.709391,
  "end_time_wall": 1756975614.7169836,
  "wall_time_sec": 0.0075929739978164434,
  "steps": 1,
  "packets": 11571,
  "dropped": 11571,
  "running_total_steps": 422579,
  "running_total_packets": 6000112399,
  "running_total_dropped": 60318945,
  "running_total_time_sec": 1382.5129507989986,
  "p_gb": 0.00606,
  "p_bg": 0.6,
  "good_loss_rate": 0.0,
  "bad_loss_rate": 1.0
}