{
  "state": "bad",
  "episode_index": 2553,
  "state_ordinal": 1276,
  "start_time_wall": 1756974907.9320438,
  "end_time_wall": 1756974908.0889995,
  "wall_time_sec": 0.1569557809998514,
  "steps": 1,
  "packets": 6,
  "dropped": 6,
  "running_total_steps": 212656,
  "running_total_packets": 3019444168,
  "running_total_dropped": 29834286,
  "running_total_time_sec": 675.8849663459987,
  "p_gb": 0.00606,
  "p_bg": 0.6,
  "good_loss_rate": 0.0,
  "bad_loss_rate": 1.0
}