{
  "state": "bad",
  "episode_index": 5785,
  "state_ordinal": 2892,
  "start_time_wall": 1756975758.312001,
  "end_time_wall": 1756975758.4747295,
  "wall_time_sec": 0.16272858400043333,
  "steps": 3,
  "packets": 11583,
  "dropped": 11583,
  "running_total_steps": 473930,
  "running_total_packets": 6729183324,
  "running_total_dropped": 68318084,
  "running_total_time_sec": 1526.2706964950012,
  "p_gb": 0.00606,
  "p_bg": 0.6,
  "good_loss_rate": 0.0,
  "bad_loss_rate": 1.0
}