{
  "state": "bad",
  "episode_index": 7979,
  "state_ordinal": 3989,
  "start_time_wall": 1756976550.8894386,
  "end_time_wall": 1756976550.8983302,
  "wall_time_sec": 0.008891498997400049,
  "steps": 1,
  "packets": 11571,
  "dropped": 11571,
  "running_total_steps": 656111,
  "running_total_packets": 9315984973,
  "running_total_dropped": 94256598,
  "running_total_time_sec": 2318.6942970889977,
  "p_gb": 0.00606,
  "p_bg": 0.6,
  "good_loss_rate": 0.0,
  "bad_loss_rate": 1.0
}