{
  "state": "bad",
  "episode_index": 4449,
  "state_ordinal": 2224,
  "start_time_wall": 1756975435.3547428,
  "end_time_wall": 1756975435.362038,
  "wall_time_sec": 0.007295512998098275,
  "steps": 1,
  "packets": 11571,
  "dropped": 11571,
  "running_total_steps": 370382,
  "running_total_packets": 5258944514,
  "running_total_dropped": 52445778,
  "running_total_time_sec": 1203.158005166999,
  "p_gb": 0.00606,
  "p_bg": 0.6,
  "good_loss_rate": 0.0,
  "bad_loss_rate": 1.0
}