{
  "state": "bad",
  "episode_index": 3293,
  "state_ordinal": 1646,
  "start_time_wall": 1756975107.4046948,
  "end_time_wall": 1756975107.410276,
  "wall_time_sec": 0.005581068002356915,
  "steps": 2,
  "packets": 13018,
  "dropped": 13018,
  "running_total_steps": 274824,
  "running_total_packets": 3902227376,
  "running_total_dropped": 37904319,
  "running_total_time_sec": 875.2062426650009,
  "p_gb": 0.00606,
  "p_bg": 0.6,
  "good_loss_rate": 0.0,
  "bad_loss_rate": 1.0
}