{
  "state": "bad",
  "episode_index": 3197,
  "state_ordinal": 1598,
  "start_time_wall": 1756975088.9039862,
  "end_time_wall": 1756975088.9117916,
  "wall_time_sec": 0.0078059669976937585,
  "steps": 1,
  "packets": 11571,
  "dropped": 11571,
  "running_total_steps": 266297,
  "running_total_packets": 3781087063,
  "running_total_dropped": 36946729,
  "running_total_time_sec": 856.7077588549982,
  "p_gb": 0.00606,
  "p_bg": 0.6,
  "good_loss_rate": 0.0,
  "bad_loss_rate": 1.0
}