{
  "state": "bad",
  "episode_index": 4041,
  "state_ordinal": 2020,
  "start_time_wall": 1756975332.3475482,
  "end_time_wall": 1756975332.5292268,
  "wall_time_sec": 0.18167956999968737,
  "steps": 1,
  "packets": 31819,
  "dropped": 31819,
  "running_total_steps": 337923,
  "running_total_packets": 4798159141,
  "running_total_dropped": 47245746,
  "running_total_time_sec": 1100.3251944369986,
  "p_gb": 0.00606,
  "p_bg": 0.6,
  "good_loss_rate": 0.0,
  "bad_loss_rate": 1.0
}