{
  "state": "bad",
  "episode_index": 8043,
  "state_ordinal": 4021,
  "start_time_wall": 1756976564.3309672,
  "end_time_wall": 1756976564.3315783,
  "wall_time_sec": 0.0006114349962444976,
  "steps": 1,
  "packets": 6,
  "dropped": 6,
  "running_total_steps": 662586,
  "running_total_packets": 9407906265,
  "running_total_dropped": 94786071,
  "running_total_time_sec": 2332.127545387997,
  "p_gb": 0.00606,
  "p_bg": 0.6,
  "good_loss_rate": 0.0,
  "bad_loss_rate": 1.0
}