{
  "state": "bad",
  "episode_index": 2593,
  "state_ordinal": 1296,
  "start_time_wall": 1756974912.3952532,
  "end_time_wall": 1756974912.3975215,
  "wall_time_sec": 0.002268415999424178,
  "steps": 2,
  "packets": 2894,
  "dropped": 2894,
  "running_total_steps": 214753,
  "running_total_packets": 3049272155,
  "running_total_dropped": 30207504,
  "running_total_time_sec": 680.1934883930007,
  "p_gb": 0.00606,
  "p_bg": 0.6,
  "good_loss_rate": 0.0,
  "bad_loss_rate": 1.0
}