{
  "state": "bad",
  "episode_index": 2219,
  "state_ordinal": 1109,
  "start_time_wall": 1756974813.6564295,
  "end_time_wall": 1756974813.713602,
  "wall_time_sec": 0.05717257099968265,
  "steps": 5,
  "packets": 95469,
  "dropped": 95469,
  "running_total_steps": 184591,
  "running_total_packets": 2621048635,
  "running_total_dropped": 26498482,
  "running_total_time_sec": 581.509568876998,
  "p_gb": 0.00606,
  "p_bg": 0.6,
  "good_loss_rate": 0.0,
  "bad_loss_rate": 1.0
}