{
  "state": "bad",
  "episode_index": 3517,
  "state_ordinal": 1758,
  "start_time_wall": 1756975180.4548798,
  "end_time_wall": 1756975180.493259,
  "wall_time_sec": 0.03837953200127231,
  "steps": 4,
  "packets": 63650,
  "dropped": 63650,
  "running_total_steps": 292774,
  "running_total_packets": 4157063506,
  "running_total_dropped": 41229732,
  "running_total_time_sec": 948.2892259990003,
  "p_gb": 0.00606,
  "p_bg": 0.6,
  "good_loss_rate": 0.0,
  "bad_loss_rate": 1.0
}