{
  "state": "bad",
  "episode_index": 8011,
  "state_ordinal": 4005,
  "start_time_wall": 1756976559.1665967,
  "end_time_wall": 1756976559.1673,
  "wall_time_sec": 0.0007034780064714141,
  "steps": 2,
  "packets": 12,
  "dropped": 12,
  "running_total_steps": 660121,
  "running_total_packets": 9372930237,
  "running_total_dropped": 94502557,
  "running_total_time_sec": 2326.963266943003,
  "p_gb": 0.00606,
  "p_bg": 0.6,
  "good_loss_rate": 0.0,
  "bad_loss_rate": 1.0
}