{
  "state": "bad",
  "episode_index": 1899,
  "state_ordinal": 949,
  "start_time_wall": 1756974708.0823998,
  "end_time_wall": 1756974708.0838482,
  "wall_time_sec": 0.0014484460007224698,
  "steps": 1,
  "packets": 1447,
  "dropped": 1447,
  "running_total_steps": 159294,
  "running_total_packets": 2261832626,
  "running_total_dropped": 22649361,
  "running_total_time_sec": 475.879815065,
  "p_gb": 0.00606,
  "p_bg": 0.6,
  "good_loss_rate": 0.0,
  "bad_loss_rate": 1.0
}