{
  "state": "bad",
  "episode_index": 3995,
  "state_ordinal": 1997,
  "start_time_wall": 1756975323.2563365,
  "end_time_wall": 1756975323.2638798,
  "wall_time_sec": 0.007543448999058455,
  "steps": 1,
  "packets": 11571,
  "dropped": 11571,
  "running_total_steps": 333674,
  "running_total_packets": 4737830550,
  "running_total_dropped": 46538424,
  "running_total_time_sec": 1091.0598466509982,
  "p_gb": 0.00606,
  "p_bg": 0.6,
  "good_loss_rate": 0.0,
  "bad_loss_rate": 1.0
}