{
  "state": "bad",
  "episode_index": 3871,
  "state_ordinal": 1935,
  "start_time_wall": 1756975240.1435425,
  "end_time_wall": 1756975240.3167927,
  "wall_time_sec": 0.17325058899950818,
  "steps": 1,
  "packets": 31819,
  "dropped": 31819,
  "running_total_steps": 321477,
  "running_total_packets": 4564623967,
  "running_total_dropped": 45052869,
  "running_total_time_sec": 1008.1127599499996,
  "p_gb": 0.00606,
  "p_bg": 0.6,
  "good_loss_rate": 0.0,
  "bad_loss_rate": 1.0
}