{
  "state": "bad",
  "episode_index": 1749,
  "state_ordinal": 874,
  "start_time_wall": 1756974683.9494562,
  "end_time_wall": 1756974683.9499362,
  "wall_time_sec": 0.0004800320020876825,
  "steps": 1,
  "packets": 6,
  "dropped": 6,
  "running_total_steps": 147825,
  "running_total_packets": 2099024828,
  "running_total_dropped": 20310457,
  "running_total_time_sec": 451.7459029290003,
  "p_gb": 0.00606,
  "p_bg": 0.6,
  "good_loss_rate": 0.0,
  "bad_loss_rate": 1.0
}