{
  "state": "bad",
  "episode_index": 647,
  "state_ordinal": 323,
  "start_time_wall": 1756974378.5407317,
  "end_time_wall": 1756974378.8208284,
  "wall_time_sec": 0.2800970780008356,
  "steps": 1,
  "packets": 180789,
  "dropped": 180789,
  "running_total_steps": 51658,
  "running_total_packets": 733637458,
  "running_total_dropped": 7900649,
  "running_total_time_sec": 146.61679590600033,
  "p_gb": 0.00606,
  "p_bg": 0.6,
  "good_loss_rate": 0.0,
  "bad_loss_rate": 1.0
}