{
  "state": "bad",
  "episode_index": 4629,
  "state_ordinal": 2314,
  "start_time_wall": 1756975462.0924752,
  "end_time_wall": 1756975462.2667243,
  "wall_time_sec": 0.1742496119986754,
  "steps": 1,
  "packets": 11571,
  "dropped": 11571,
  "running_total_steps": 382946,
  "running_total_packets": 5437404730,
  "running_total_dropped": 54541713,
  "running_total_time_sec": 1230.0626914819986,
  "p_gb": 0.00606,
  "p_bg": 0.6,
  "good_loss_rate": 0.0,
  "bad_loss_rate": 1.0
}