{
  "state": "bad",
  "episode_index": 5997,
  "state_ordinal": 2998,
  "start_time_wall": 1756975924.0648458,
  "end_time_wall": 1756975924.0671825,
  "wall_time_sec": 0.0023368479996861424,
  "steps": 2,
  "packets": 2894,
  "dropped": 2894,
  "running_total_steps": 489418,
  "running_total_packets": 6949059332,
  "running_total_dropped": 70613738,
  "running_total_time_sec": 1691.863149449,
  "p_gb": 0.00606,
  "p_bg": 0.6,
  "good_loss_rate": 0.0,
  "bad_loss_rate": 1.0
}