{
  "state": "bad",
  "episode_index": 5869,
  "state_ordinal": 2934,
  "start_time_wall": 1756975773.7498496,
  "end_time_wall": 1756975773.7691433,
  "wall_time_sec": 0.019294297002488747,
  "steps": 1,
  "packets": 31819,
  "dropped": 31819,
  "running_total_steps": 481209,
  "running_total_packets": 6832637447,
  "running_total_dropped": 69190358,
  "running_total_time_sec": 1541.565110585001,
  "p_gb": 0.00606,
  "p_bg": 0.6,
  "good_loss_rate": 0.0,
  "bad_loss_rate": 1.0
}