{
  "state": "bad",
  "episode_index": 473,
  "state_ordinal": 236,
  "start_time_wall": 1756974346.2133114,
  "end_time_wall": 1756974346.2218194,
  "wall_time_sec": 0.00850784499925794,
  "steps": 2,
  "packets": 13018,
  "dropped": 13018,
  "running_total_steps": 36291,
  "running_total_packets": 515356927,
  "running_total_dropped": 5689008,
  "running_total_time_sec": 114.01778617899981,
  "p_gb": 0.00606,
  "p_bg": 0.6,
  "good_loss_rate": 0.0,
  "bad_loss_rate": 1.0
}