{
  "state": "bad",
  "episode_index": 2565,
  "state_ordinal": 1282,
  "start_time_wall": 1756974908.911041,
  "end_time_wall": 1756974908.9198132,
  "wall_time_sec": 0.008772257002419792,
  "steps": 2,
  "packets": 13018,
  "dropped": 13018,
  "running_total_steps": 213209,
  "running_total_packets": 3027302925,
  "running_total_dropped": 29858900,
  "running_total_time_sec": 676.7157800200002,
  "p_gb": 0.00606,
  "p_bg": 0.6,
  "good_loss_rate": 0.0,
  "bad_loss_rate": 1.0
}