{
  "state": "bad",
  "episode_index": 2665,
  "state_ordinal": 1332,
  "start_time_wall": 1756974929.0688338,
  "end_time_wall": 1756974929.2431285,
  "wall_time_sec": 0.17429546600033063,
  "steps": 1,
  "packets": 31819,
  "dropped": 31819,
  "running_total_steps": 222621,
  "running_total_packets": 3160982823,
  "running_total_dropped": 31133269,
  "running_total_time_sec": 697.0390960449986,
  "p_gb": 0.00606,
  "p_bg": 0.6,
  "good_loss_rate": 0.0,
  "bad_loss_rate": 1.0
}