{
  "state": "bad",
  "episode_index": 6367,
  "state_ordinal": 3183,
  "start_time_wall": 1756976025.7432525,
  "end_time_wall": 1756976025.78216,
  "wall_time_sec": 0.03890773500097566,
  "steps": 3,
  "packets": 63644,
  "dropped": 63644,
  "running_total_steps": 520962,
  "running_total_packets": 7396988325,
  "running_total_dropped": 75018304,
  "running_total_time_sec": 1793.5781270869993,
  "p_gb": 0.00606,
  "p_bg": 0.6,
  "good_loss_rate": 0.0,
  "bad_loss_rate": 1.0
}