{
  "state": "bad",
  "episode_index": 4841,
  "state_ordinal": 2420,
  "start_time_wall": 1756975532.5487893,
  "end_time_wall": 1756975532.7383618,
  "wall_time_sec": 0.1895734449972224,
  "steps": 3,
  "packets": 44837,
  "dropped": 44837,
  "running_total_steps": 400260,
  "running_total_packets": 5683237926,
  "running_total_dropped": 57276947,
  "running_total_time_sec": 1300.534329498998,
  "p_gb": 0.00606,
  "p_bg": 0.6,
  "good_loss_rate": 0.0,
  "bad_loss_rate": 1.0
}