{
  "state": "bad",
  "episode_index": 195,
  "state_ordinal": 97,
  "start_time_wall": 1756974265.442794,
  "end_time_wall": 1756974265.4512258,
  "wall_time_sec": 0.008432141003140714,
  "steps": 2,
  "packets": 13018,
  "dropped": 13018,
  "running_total_steps": 13946,
  "running_total_packets": 198099138,
  "running_total_dropped": 2331732,
  "running_total_time_sec": 33.24719287300104,
  "p_gb": 0.00606,
  "p_bg": 0.6,
  "good_loss_rate": 0.0,
  "bad_loss_rate": 1.0
}