{
  "state": "bad",
  "episode_index": 859,
  "state_ordinal": 429,
  "start_time_wall": 1756974458.1303363,
  "end_time_wall": 1756974458.1379771,
  "wall_time_sec": 0.007641346001037164,
  "steps": 1,
  "packets": 11571,
  "dropped": 11571,
  "running_total_steps": 73505,
  "running_total_packets": 1043709105,
  "running_total_dropped": 10314910,
  "running_total_time_sec": 225.93394442600038,
  "p_gb": 0.00606,
  "p_bg": 0.6,
  "good_loss_rate": 0.0,
  "bad_loss_rate": 1.0
}