{
  "state": "bad",
  "episode_index": 573,
  "state_ordinal": 286,
  "start_time_wall": 1756974364.6019945,
  "end_time_wall": 1756974364.6596403,
  "wall_time_sec": 0.05764661099965451,
  "steps": 3,
  "packets": 95457,
  "dropped": 95457,
  "running_total_steps": 45185,
  "running_total_packets": 641645275,
  "running_total_dropped": 6815806,
  "running_total_time_sec": 132.45560796599966,
  "p_gb": 0.00606,
  "p_bg": 0.6,
  "good_loss_rate": 0.0,
  "bad_loss_rate": 1.0
}