{
  "state": "bad",
  "episode_index": 3105,
  "state_ordinal": 1552,
  "start_time_wall": 1756975074.4514296,
  "end_time_wall": 1756975074.470085,
  "wall_time_sec": 0.01865597500000149,
  "steps": 1,
  "packets": 31819,
  "dropped": 31819,
  "running_total_steps": 259370,
  "running_total_packets": 3682827252,
  "running_total_dropped": 36013736,
  "running_total_time_sec": 842.2660523779996,
  "p_gb": 0.00606,
  "p_bg": 0.6,
  "good_loss_rate": 0.0,
  "bad_loss_rate": 1.0
}