{
  "state": "bad",
  "episode_index": 1279,
  "state_ordinal": 639,
  "start_time_wall": 1756974564.6972103,
  "end_time_wall": 1756974564.6987312,
  "wall_time_sec": 0.0015210079982352909,
  "steps": 1,
  "packets": 1447,
  "dropped": 1447,
  "running_total_steps": 107646,
  "running_total_packets": 1528497462,
  "running_total_dropped": 15043656,
  "running_total_time_sec": 332.4946980579989,
  "p_gb": 0.00606,
  "p_bg": 0.6,
  "good_loss_rate": 0.0,
  "bad_loss_rate": 1.0
}