{
  "state": "bad",
  "episode_index": 7211,
  "state_ordinal": 3605,
  "start_time_wall": 1756976241.1148891,
  "end_time_wall": 1756976241.1153562,
  "wall_time_sec": 0.00046686100176884793,
  "steps": 1,
  "packets": 6,
  "dropped": 6,
  "running_total_steps": 590455,
  "running_total_packets": 8383714583,
  "running_total_dropped": 84890694,
  "running_total_time_sec": 2008.9113229430004,
  "p_gb": 0.00606,
  "p_bg": 0.6,
  "good_loss_rate": 0.0,
  "bad_loss_rate": 1.0
}