{
  "state": "bad",
  "episode_index": 7915,
  "state_ordinal": 3957,
  "start_time_wall": 1756976540.961833,
  "end_time_wall": 1756976540.9624262,
  "wall_time_sec": 0.0005933860011282377,
  "steps": 1,
  "packets": 6,
  "dropped": 6,
  "running_total_steps": 651594,
  "running_total_packets": 9251791365,
  "running_total_dropped": 93287487,
  "running_total_time_sec": 2308.758393025997,
  "p_gb": 0.00606,
  "p_bg": 0.6,
  "good_loss_rate": 0.0,
  "bad_loss_rate": 1.0
}