{
  "state": "bad",
  "episode_index": 1463,
  "state_ordinal": 731,
  "start_time_wall": 1756974596.2822688,
  "end_time_wall": 1756974596.2905402,
  "wall_time_sec": 0.008271849001175724,
  "steps": 3,
  "packets": 11583,
  "dropped": 11583,
  "running_total_steps": 122501,
  "running_total_packets": 1739442863,
  "running_total_dropped": 17512776,
  "running_total_time_sec": 364.08650722200036,
  "p_gb": 0.00606,
  "p_bg": 0.6,
  "good_loss_rate": 0.0,
  "bad_loss_rate": 1.0
}