{
  "state": "bad",
  "episode_index": 3529,
  "state_ordinal": 1764,
  "start_time_wall": 1756975183.3855147,
  "end_time_wall": 1756975183.5583127,
  "wall_time_sec": 0.17279857299945434,
  "steps": 1,
  "packets": 31819,
  "dropped": 31819,
  "running_total_steps": 294141,
  "running_total_packets": 4176491255,
  "running_total_dropped": 41372926,
  "running_total_time_sec": 951.3542801629992,
  "p_gb": 0.00606,
  "p_bg": 0.6,
  "good_loss_rate": 0.0,
  "bad_loss_rate": 1.0
}