{
  "state": "bad",
  "episode_index": 4941,
  "state_ordinal": 2470,
  "start_time_wall": 1756975547.6111667,
  "end_time_wall": 1756975547.6783755,
  "wall_time_sec": 0.06720867400144925,
  "steps": 5,
  "packets": 107034,
  "dropped": 107034,
  "running_total_steps": 407691,
  "running_total_packets": 5788774994,
  "running_total_dropped": 58493455,
  "running_total_time_sec": 1315.4743421790008,
  "p_gb": 0.00606,
  "p_bg": 0.6,
  "good_loss_rate": 0.0,
  "bad_loss_rate": 1.0
}