{
  "state": "bad",
  "episode_index": 6653,
  "state_ordinal": 3326,
  "start_time_wall": 1756976074.161212,
  "end_time_wall": 1756976074.1807637,
  "wall_time_sec": 0.019552451998606557,
  "steps": 1,
  "packets": 31819,
  "dropped": 31819,
  "running_total_steps": 544048,
  "running_total_packets": 7724792440,
  "running_total_dropped": 78508685,
  "running_total_time_sec": 1841.9767312069998,
  "p_gb": 0.00606,
  "p_bg": 0.6,
  "good_loss_rate": 0.0,
  "bad_loss_rate": 1.0
}