{
  "state": "bad",
  "episode_index": 6329,
  "state_ordinal": 3164,
  "start_time_wall": 1756976019.003032,
  "end_time_wall": 1756976019.0044942,
  "wall_time_sec": 0.001462165000702953,
  "steps": 1,
  "packets": 1447,
  "dropped": 1447,
  "running_total_steps": 517633,
  "running_total_packets": 7349760559,
  "running_total_dropped": 74548199,
  "running_total_time_sec": 1786.8004609679992,
  "p_gb": 0.00606,
  "p_bg": 0.6,
  "good_loss_rate": 0.0,
  "bad_loss_rate": 1.0
}