{
  "state": "bad",
  "episode_index": 7025,
  "state_ordinal": 3512,
  "start_time_wall": 1756976173.6488135,
  "end_time_wall": 1756976173.656143,
  "wall_time_sec": 0.0073294860012538265,
  "steps": 1,
  "packets": 11571,
  "dropped": 11571,
  "running_total_steps": 574523,
  "running_total_packets": 8157537681,
  "running_total_dropped": 82830855,
  "running_total_time_sec": 1941.4521099470003,
  "p_gb": 0.00606,
  "p_bg": 0.6,
  "good_loss_rate": 0.0,
  "bad_loss_rate": 1.0
}