{
  "state": "bad",
  "episode_index": 251,
  "state_ordinal": 125,
  "start_time_wall": 1756974275.7764144,
  "end_time_wall": 1756974275.7770112,
  "wall_time_sec": 0.0005969439989712555,
  "steps": 1,
  "packets": 6,
  "dropped": 6,
  "running_total_steps": 18949,
  "running_total_packets": 269178017,
  "running_total_dropped": 2952308,
  "running_total_time_sec": 43.572978077998414,
  "p_gb": 0.00606,
  "p_bg": 0.6,
  "good_loss_rate": 0.0,
  "bad_loss_rate": 1.0
}