{
  "state": "bad",
  "episode_index": 5793,
  "state_ordinal": 2896,
  "start_time_wall": 1756975759.4621809,
  "end_time_wall": 1756975759.4892228,
  "wall_time_sec": 0.027042321999033447,
  "steps": 1,
  "packets": 31819,
  "dropped": 31819,
  "running_total_steps": 474368,
  "running_total_packets": 6735546402,
  "running_total_dropped": 68393311,
  "running_total_time_sec": 1527.285189891998,
  "p_gb": 0.00606,
  "p_bg": 0.6,
  "good_loss_rate": 0.0,
  "bad_loss_rate": 1.0
}