{
  "state": "bad",
  "episode_index": 511,
  "state_ordinal": 255,
  "start_time_wall": 1756974352.8853064,
  "end_time_wall": 1756974352.8865652,
  "wall_time_sec": 0.0012588010031322483,
  "steps": 1,
  "packets": 1447,
  "dropped": 1447,
  "running_total_steps": 39499,
  "running_total_packets": 560899541,
  "running_total_dropped": 6099840,
  "running_total_time_sec": 120.68253189900133,
  "p_gb": 0.00606,
  "p_bg": 0.6,
  "good_loss_rate": 0.0,
  "bad_loss_rate": 1.0
}