{
  "state": "bad",
  "episode_index": 2517,
  "state_ordinal": 1258,
  "start_time_wall": 1756974899.532144,
  "end_time_wall": 1756974899.5400338,
  "wall_time_sec": 0.007889658001658972,
  "steps": 1,
  "packets": 11571,
  "dropped": 11571,
  "running_total_steps": 208823,
  "running_total_packets": 2965002771,
  "running_total_dropped": 29420567,
  "running_total_time_sec": 667.3360006760013,
  "p_gb": 0.00606,
  "p_bg": 0.6,
  "good_loss_rate": 0.0,
  "bad_loss_rate": 1.0
}