{
  "state": "bad",
  "episode_index": 3383,
  "state_ordinal": 1691,
  "start_time_wall": 1756975122.172014,
  "end_time_wall": 1756975122.209762,
  "wall_time_sec": 0.03774858999895514,
  "steps": 2,
  "packets": 63638,
  "dropped": 63638,
  "running_total_steps": 281863,
  "running_total_packets": 4002191127,
  "running_total_dropped": 39060058,
  "running_total_time_sec": 890.0057294139988,
  "p_gb": 0.00606,
  "p_bg": 0.6,
  "good_loss_rate": 0.0,
  "bad_loss_rate": 1.0
}