{
  "state": "bad",
  "episode_index": 6845,
  "state_ordinal": 3422,
  "start_time_wall": 1756976141.6052053,
  "end_time_wall": 1756976141.6066737,
  "wall_time_sec": 0.0014686569993500598,
  "steps": 1,
  "packets": 1447,
  "dropped": 1447,
  "running_total_steps": 559311,
  "running_total_packets": 7941491971,
  "running_total_dropped": 80697248,
  "running_total_time_sec": 1909.4026406449993,
  "p_gb": 0.00606,
  "p_bg": 0.6,
  "good_loss_rate": 0.0,
  "bad_loss_rate": 1.0
}