{
  "state": "bad",
  "episode_index": 7731,
  "state_ordinal": 3865,
  "start_time_wall": 1756976373.5368278,
  "end_time_wall": 1756976373.5740833,
  "wall_time_sec": 0.03725560499879066,
  "steps": 2,
  "packets": 63638,
  "dropped": 63638,
  "running_total_steps": 636848,
  "running_total_packets": 9042483378,
  "running_total_dropped": 91187164,
  "running_total_time_sec": 2141.3700503399996,
  "p_gb": 0.00606,
  "p_bg": 0.6,
  "good_loss_rate": 0.0,
  "bad_loss_rate": 1.0
}