{
  "state": "bad",
  "episode_index": 6413,
  "state_ordinal": 3206,
  "start_time_wall": 1756976034.8744798,
  "end_time_wall": 1756976035.021085,
  "wall_time_sec": 0.14660518299933756,
  "steps": 1,
  "packets": 31819,
  "dropped": 31819,
  "running_total_steps": 525582,
  "running_total_packets": 7462564772,
  "running_total_dropped": 75458063,
  "running_total_time_sec": 1802.8170518629995,
  "p_gb": 0.00606,
  "p_bg": 0.6,
  "good_loss_rate": 0.0,
  "bad_loss_rate": 1.0
}