{
  "state": "bad",
  "episode_index": 7407,
  "state_ordinal": 3703,
  "start_time_wall": 1756976271.800687,
  "end_time_wall": 1756976271.8278086,
  "wall_time_sec": 0.027121986997372005,
  "steps": 3,
  "packets": 44837,
  "dropped": 44837,
  "running_total_steps": 604887,
  "running_total_packets": 8588646937,
  "running_total_dropped": 87054590,
  "running_total_time_sec": 2039.6237758959978,
  "p_gb": 0.00606,
  "p_bg": 0.6,
  "good_loss_rate": 0.0,
  "bad_loss_rate": 1.0
}