{
  "state": "bad",
  "episode_index": 1421,
  "state_ordinal": 710,
  "start_time_wall": 1756974588.5733085,
  "end_time_wall": 1756974588.573792,
  "wall_time_sec": 0.0004833130005863495,
  "steps": 1,
  "packets": 6,
  "dropped": 6,
  "running_total_steps": 118926,
  "running_total_packets": 1688668305,
  "running_total_dropped": 17042637,
  "running_total_time_sec": 356.36975880200043,
  "p_gb": 0.00606,
  "p_bg": 0.6,
  "good_loss_rate": 0.0,
  "bad_loss_rate": 1.0
}