{
  "state": "bad",
  "episode_index": 3401,
  "state_ordinal": 1700,
  "start_time_wall": 1756975126.9979076,
  "end_time_wall": 1756975127.1632547,
  "wall_time_sec": 0.16534700500051258,
  "steps": 1,
  "packets": 6,
  "dropped": 6,
  "running_total_steps": 284059,
  "running_total_packets": 4033373035,
  "running_total_dropped": 39194600,
  "running_total_time_sec": 894.9592215759985,
  "p_gb": 0.00606,
  "p_bg": 0.6,
  "good_loss_rate": 0.0,
  "bad_loss_rate": 1.0
}