{
  "state": "bad",
  "episode_index": 7967,
  "state_ordinal": 3983,
  "start_time_wall": 1756976548.978028,
  "end_time_wall": 1756976548.9946063,
  "wall_time_sec": 0.016578648996073753,
  "steps": 4,
  "packets": 26036,
  "dropped": 26036,
  "running_total_steps": 655355,
  "running_total_packets": 9305191295,
  "running_total_dropped": 94061335,
  "running_total_time_sec": 2316.7905734999986,
  "p_gb": 0.00606,
  "p_bg": 0.6,
  "good_loss_rate": 0.0,
  "bad_loss_rate": 1.0
}