{
  "state": "bad",
  "episode_index": 6453,
  "state_ordinal": 3226,
  "start_time_wall": 1756976041.7962878,
  "end_time_wall": 1756976041.797393,
  "wall_time_sec": 0.0011055579998355825,
  "steps": 1,
  "packets": 1447,
  "dropped": 1447,
  "running_total_steps": 528687,
  "running_total_packets": 7506724547,
  "running_total_dropped": 75973025,
  "running_total_time_sec": 1809.593360038998,
  "p_gb": 0.00606,
  "p_bg": 0.6,
  "good_loss_rate": 0.0,
  "bad_loss_rate": 1.0
}