{
  "state": "bad",
  "episode_index": 4147,
  "state_ordinal": 2073,
  "start_time_wall": 1756975347.683839,
  "end_time_wall": 1756975347.7234075,
  "wall_time_sec": 0.039568907999637304,
  "steps": 3,
  "packets": 63644,
  "dropped": 63644,
  "running_total_steps": 345444,
  "running_total_packets": 4904911259,
  "running_total_dropped": 48492635,
  "running_total_time_sec": 1115.519374563999,
  "p_gb": 0.00606,
  "p_bg": 0.6,
  "good_loss_rate": 0.0,
  "bad_loss_rate": 1.0
}