{
  "state": "bad",
  "episode_index": 2625,
  "state_ordinal": 1312,
  "start_time_wall": 1756974919.1279426,
  "end_time_wall": 1756974919.1733565,
  "wall_time_sec": 0.04541434299972025,
  "steps": 3,
  "packets": 75209,
  "dropped": 75209,
  "running_total_steps": 217798,
  "running_total_packets": 3092520634,
  "running_total_dropped": 30622664,
  "running_total_time_sec": 686.9693238479995,
  "p_gb": 0.00606,
  "p_bg": 0.6,
  "good_loss_rate": 0.0,
  "bad_loss_rate": 1.0
}