{
  "state": "bad",
  "episode_index": 131,
  "state_ordinal": 65,
  "start_time_wall": 1756974256.071936,
  "end_time_wall": 1756974256.080553,
  "wall_time_sec": 0.00861685500058229,
  "steps": 2,
  "packets": 13018,
  "dropped": 13018,
  "running_total_steps": 9513,
  "running_total_packets": 135178441,
  "running_total_dropped": 1708276,
  "running_total_time_sec": 23.876519808000012,
  "p_gb": 0.00606,
  "p_bg": 0.6,
  "good_loss_rate": 0.0,
  "bad_loss_rate": 1.0
}