{
  "state": "bad",
  "episode_index": 7661,
  "state_ordinal": 3830,
  "start_time_wall": 1756976360.8312762,
  "end_time_wall": 1756976360.974973,
  "wall_time_sec": 0.1436970550021215,
  "steps": 1,
  "packets": 11571,
  "dropped": 11571,
  "running_total_steps": 630857,
  "running_total_packets": 8957363471,
  "running_total_dropped": 90544901,
  "running_total_time_sec": 2128.770940055001,
  "p_gb": 0.00606,
  "p_bg": 0.6,
  "good_loss_rate": 0.0,
  "bad_loss_rate": 1.0
}