{
  "state": "bad",
  "episode_index": 5485,
  "state_ordinal": 2742,
  "start_time_wall": 1756975708.7881963,
  "end_time_wall": 1756975708.7966814,
  "wall_time_sec": 0.00848581099853618,
  "steps": 3,
  "packets": 11583,
  "dropped": 11583,
  "running_total_steps": 450515,
  "running_total_packets": 6396792397,
  "running_total_dropped": 64425599,
  "running_total_time_sec": 1476.5926489339981,
  "p_gb": 0.00606,
  "p_bg": 0.6,
  "good_loss_rate": 0.0,
  "bad_loss_rate": 1.0
}