{
  "state": "bad",
  "episode_index": 6565,
  "state_ordinal": 3282,
  "start_time_wall": 1756976059.9278603,
  "end_time_wall": 1756976059.942562,
  "wall_time_sec": 0.014701994998176815,
  "steps": 2,
  "packets": 13018,
  "dropped": 13018,
  "running_total_steps": 537077,
  "running_total_packets": 7625873049,
  "running_total_dropped": 77691395,
  "running_total_time_sec": 1827.738528935999,
  "p_gb": 0.00606,
  "p_bg": 0.6,
  "good_loss_rate": 0.0,
  "bad_loss_rate": 1.0
}