{
  "state": "bad",
  "episode_index": 5189,
  "state_ordinal": 2594,
  "start_time_wall": 1756975621.3625531,
  "end_time_wall": 1756975621.5543737,
  "wall_time_sec": 0.19182069999806117,
  "steps": 4,
  "packets": 63650,
  "dropped": 63650,
  "running_total_steps": 425671,
  "running_total_packets": 6043988663,
  "running_total_dropped": 60838246,
  "running_total_time_sec": 1389.3503406339987,
  "p_gb": 0.00606,
  "p_bg": 0.6,
  "good_loss_rate": 0.0,
  "bad_loss_rate": 1.0
}