{
  "state": "bad",
  "episode_index": 3037,
  "state_ordinal": 1518,
  "start_time_wall": 1756975027.4383352,
  "end_time_wall": 1756975027.6113946,
  "wall_time_sec": 0.17305929099893547,
  "steps": 4,
  "packets": 14471,
  "dropped": 14471,
  "running_total_steps": 253135,
  "running_total_packets": 3594248797,
  "running_total_dropped": 35319414,
  "running_total_time_sec": 795.4073613250002,
  "p_gb": 0.00606,
  "p_bg": 0.6,
  "good_loss_rate": 0.0,
  "bad_loss_rate": 1.0
}