{
  "state": "bad",
  "episode_index": 8083,
  "state_ordinal": 4041,
  "start_time_wall": 1756976570.2775054,
  "end_time_wall": 1756976570.2849784,
  "wall_time_sec": 0.007473436999134719,
  "steps": 2,
  "packets": 11577,
  "dropped": 11577,
  "running_total_steps": 665210,
  "running_total_packets": 9445140268,
  "running_total_dropped": 95533883,
  "running_total_time_sec": 2338.0809454590017,
  "p_gb": 0.00606,
  "p_bg": 0.6,
  "good_loss_rate": 0.0,
  "bad_loss_rate": 1.0
}