{
  "state": "bad",
  "episode_index": 4125,
  "state_ordinal": 2062,
  "start_time_wall": 1756975345.1747,
  "end_time_wall": 1756975345.1754177,
  "wall_time_sec": 0.000717717000952689,
  "steps": 2,
  "packets": 12,
  "dropped": 12,
  "running_total_steps": 344029,
  "running_total_packets": 4884812341,
  "running_total_dropped": 48384125,
  "running_total_time_sec": 1112.9713844479993,
  "p_gb": 0.00606,
  "p_bg": 0.6,
  "good_loss_rate": 0.0,
  "bad_loss_rate": 1.0
}