{
  "state": "bad",
  "episode_index": 6189,
  "state_ordinal": 3094,
  "start_time_wall": 1756975959.3653858,
  "end_time_wall": 1756975959.391429,
  "wall_time_sec": 0.026043935999041423,
  "steps": 2,
  "packets": 43390,
  "dropped": 43390,
  "running_total_steps": 505758,
  "running_total_packets": 7181179836,
  "running_total_dropped": 72926668,
  "running_total_time_sec": 1727.1873963949984,
  "p_gb": 0.00606,
  "p_bg": 0.6,
  "good_loss_rate": 0.0,
  "bad_loss_rate": 1.0
}