{
  "state": "bad",
  "episode_index": 927,
  "state_ordinal": 463,
  "start_time_wall": 1756974470.0347378,
  "end_time_wall": 1756974470.0429397,
  "wall_time_sec": 0.008201856002415298,
  "steps": 2,
  "packets": 13018,
  "dropped": 13018,
  "running_total_steps": 79377,
  "running_total_packets": 1127067205,
  "running_total_dropped": 10929741,
  "running_total_time_sec": 237.83890642700135,
  "p_gb": 0.00606,
  "p_bg": 0.6,
  "good_loss_rate": 0.0,
  "bad_loss_rate": 1.0
}