{
  "state": "bad",
  "episode_index": 3961,
  "state_ordinal": 1980,
  "start_time_wall": 1756975316.4623494,
  "end_time_wall": 1756975316.6233366,
  "wall_time_sec": 0.16098750400124118,
  "steps": 2,
  "packets": 13018,
  "dropped": 13018,
  "running_total_steps": 330383,
  "running_total_packets": 4691015031,
  "running_total_dropped": 46172449,
  "running_total_time_sec": 1084.419303568,
  "p_gb": 0.00606,
  "p_bg": 0.6,
  "good_loss_rate": 0.0,
  "bad_loss_rate": 1.0
}