{
  "state": "bad",
  "episode_index": 5067,
  "state_ordinal": 2533,
  "start_time_wall": 1756975566.6337912,
  "end_time_wall": 1756975566.6502683,
  "wall_time_sec": 0.016477242999826558,
  "steps": 2,
  "packets": 13018,
  "dropped": 13018,
  "running_total_steps": 416484,
  "running_total_packets": 5913631336,
  "running_total_dropped": 59824221,
  "running_total_time_sec": 1334.4462352629998,
  "p_gb": 0.00606,
  "p_bg": 0.6,
  "good_loss_rate": 0.0,
  "bad_loss_rate": 1.0
}