{
  "state": "bad",
  "episode_index": 151,
  "state_ordinal": 75,
  "start_time_wall": 1756974259.2408812,
  "end_time_wall": 1756974259.418286,
  "wall_time_sec": 0.17740553399926284,
  "steps": 1,
  "packets": 31819,
  "dropped": 31819,
  "running_total_steps": 11108,
  "running_total_packets": 157875242,
  "running_total_dropped": 1916579,
  "running_total_time_sec": 27.214253513000585,
  "p_gb": 0.00606,
  "p_bg": 0.6,
  "good_loss_rate": 0.0,
  "bad_loss_rate": 1.0
}