{
  "state": "bad",
  "episode_index": 8031,
  "state_ordinal": 4015,
  "start_time_wall": 1756976563.2783988,
  "end_time_wall": 1756976563.2870812,
  "wall_time_sec": 0.008682728999701794,
  "steps": 2,
  "packets": 13018,
  "dropped": 13018,
  "running_total_steps": 662097,
  "running_total_packets": 9400996405,
  "running_total_dropped": 94647211,
  "running_total_time_sec": 2331.083048172997,
  "p_gb": 0.00606,
  "p_bg": 0.6,
  "good_loss_rate": 0.0,
  "bad_loss_rate": 1.0
}