{
  "state": "bad",
  "episode_index": 2319,
  "state_ordinal": 1159,
  "start_time_wall": 1756974829.7852557,
  "end_time_wall": 1756974829.786133,
  "wall_time_sec": 0.0008773010013101157,
  "steps": 2,
  "packets": 12,
  "dropped": 12,
  "running_total_steps": 191992,
  "running_total_packets": 2726157544,
  "running_total_dropped": 27453186,
  "running_total_time_sec": 597.5820999339994,
  "p_gb": 0.00606,
  "p_bg": 0.6,
  "good_loss_rate": 0.0,
  "bad_loss_rate": 1.0
}