{
  "state": "bad",
  "episode_index": 4323,
  "state_ordinal": 2161,
  "start_time_wall": 1756975415.8900309,
  "end_time_wall": 1756975416.068577,
  "wall_time_sec": 0.1785465960019792,
  "steps": 2,
  "packets": 31825,
  "dropped": 31825,
  "running_total_steps": 361296,
  "running_total_packets": 5130006187,
  "running_total_dropped": 50744774,
  "running_total_time_sec": 1183.8645441820008,
  "p_gb": 0.00606,
  "p_bg": 0.6,
  "good_loss_rate": 0.0,
  "bad_loss_rate": 1.0
}