{
  "state": "bad",
  "episode_index": 6273,
  "state_ordinal": 3136,
  "start_time_wall": 1756975973.91673,
  "end_time_wall": 1756975973.9556406,
  "wall_time_sec": 0.03891146400201251,
  "steps": 2,
  "packets": 63638,
  "dropped": 63638,
  "running_total_steps": 512584,
  "running_total_packets": 7278123328,
  "running_total_dropped": 73997060,
  "running_total_time_sec": 1741.7516079710003,
  "p_gb": 0.00606,
  "p_bg": 0.6,
  "good_loss_rate": 0.0,
  "bad_loss_rate": 1.0
}