{
  "state": "bad",
  "episode_index": 111,
  "state_ordinal": 55,
  "start_time_wall": 1756974254.3758008,
  "end_time_wall": 1756974254.3948,
  "wall_time_sec": 0.0189996320004866,
  "steps": 1,
  "packets": 31819,
  "dropped": 31819,
  "running_total_steps": 8767,
  "running_total_packets": 124568459,
  "running_total_dropped": 1468164,
  "running_total_time_sec": 22.190767336000135,
  "p_gb": 0.00606,
  "p_bg": 0.6,
  "good_loss_rate": 0.0,
  "bad_loss_rate": 1.0
}