{
  "state": "bad",
  "episode_index": 6051,
  "state_ordinal": 3025,
  "start_time_wall": 1756975933.3847165,
  "end_time_wall": 1756975933.4043665,
  "wall_time_sec": 0.01965042300071218,
  "steps": 1,
  "packets": 31819,
  "dropped": 31819,
  "running_total_steps": 493797,
  "running_total_packets": 7011281371,
  "running_total_dropped": 71073762,
  "running_total_time_sec": 1701.2003337649985,
  "p_gb": 0.00606,
  "p_bg": 0.6,
  "good_loss_rate": 0.0,
  "bad_loss_rate": 1.0
}