{
  "state": "bad",
  "episode_index": 5469,
  "state_ordinal": 2734,
  "start_time_wall": 1756975671.819392,
  "end_time_wall": 1756975671.8273687,
  "wall_time_sec": 0.00797726699966006,
  "steps": 3,
  "packets": 11583,
  "dropped": 11583,
  "running_total_steps": 449483,
  "running_total_packets": 6382158297,
  "running_total_dropped": 64227417,
  "running_total_time_sec": 1439.6233360549995,
  "p_gb": 0.00606,
  "p_bg": 0.6,
  "good_loss_rate": 0.0,
  "bad_loss_rate": 1.0
}