{
  "state": "bad",
  "episode_index": 7545,
  "state_ordinal": 3772,
  "start_time_wall": 1756976335.8045669,
  "end_time_wall": 1756976335.8060431,
  "wall_time_sec": 0.0014764959996682592,
  "steps": 1,
  "packets": 1447,
  "dropped": 1447,
  "running_total_steps": 618661,
  "running_total_packets": 8784127963,
  "running_total_dropped": 89018871,
  "running_total_time_sec": 2103.6020101169997,
  "p_gb": 0.00606,
  "p_bg": 0.6,
  "good_loss_rate": 0.0,
  "bad_loss_rate": 1.0
}