{
  "state": "bad",
  "episode_index": 6369,
  "state_ordinal": 3184,
  "start_time_wall": 1756976025.9663265,
  "end_time_wall": 1756976025.9786994,
  "wall_time_sec": 0.01237355299963383,
  "steps": 1,
  "packets": 11571,
  "dropped": 11571,
  "running_total_steps": 521021,
  "running_total_packets": 7397909739,
  "running_total_dropped": 75029875,
  "running_total_time_sec": 1793.7746668170003,
  "p_gb": 0.00606,
  "p_bg": 0.6,
  "good_loss_rate": 0.0,
  "bad_loss_rate": 1.0
}