{
  "state": "bad",
  "episode_index": 6011,
  "state_ordinal": 3005,
  "start_time_wall": 1756975926.2293992,
  "end_time_wall": 1756975926.3912196,
  "wall_time_sec": 0.16182056999969063,
  "steps": 1,
  "packets": 1447,
  "dropped": 1447,
  "running_total_steps": 490297,
  "running_total_packets": 6961627847,
  "running_total_dropped": 70681742,
  "running_total_time_sec": 1694.187186608,
  "p_gb": 0.00606,
  "p_bg": 0.6,
  "good_loss_rate": 0.0,
  "bad_loss_rate": 1.0
}