{
  "state": "bad",
  "episode_index": 4465,
  "state_ordinal": 2232,
  "start_time_wall": 1756975437.4389858,
  "end_time_wall": 1756975437.595912,
  "wall_time_sec": 0.15692625299925567,
  "steps": 1,
  "packets": 6,
  "dropped": 6,
  "running_total_steps": 371337,
  "running_total_packets": 5272580532,
  "running_total_dropped": 52649729,
  "running_total_time_sec": 1205.391878729999,
  "p_gb": 0.00606,
  "p_bg": 0.6,
  "good_loss_rate": 0.0,
  "bad_loss_rate": 1.0
}