{
  "state": "bad",
  "episode_index": 6147,
  "state_ordinal": 3073,
  "start_time_wall": 1756975949.808216,
  "end_time_wall": 1756975949.8283458,
  "wall_time_sec": 0.020130397999309935,
  "steps": 1,
  "packets": 31819,
  "dropped": 31819,
  "running_total_steps": 501329,
  "running_total_packets": 7118335795,
  "running_total_dropped": 72429061,
  "running_total_time_sec": 1717.6243132829986,
  "p_gb": 0.00606,
  "p_bg": 0.6,
  "good_loss_rate": 0.0,
  "bad_loss_rate": 1.0
}