{
  "state": "bad",
  "episode_index": 7559,
  "state_ordinal": 3779,
  "start_time_wall": 1756976337.656532,
  "end_time_wall": 1756976337.6651087,
  "wall_time_sec": 0.008577061002142727,
  "steps": 2,
  "packets": 13018,
  "dropped": 13018,
  "running_total_steps": 619622,
  "running_total_packets": 8797801594,
  "running_total_dropped": 89273441,
  "running_total_time_sec": 2105.4610757230002,
  "p_gb": 0.00606,
  "p_bg": 0.6,
  "good_loss_rate": 0.0,
  "bad_loss_rate": 1.0
}