{
  "state": "bad",
  "episode_index": 3723,
  "state_ordinal": 1861,
  "start_time_wall": 1756975213.127651,
  "end_time_wall": 1756975213.1472278,
  "wall_time_sec": 0.019577397000830388,
  "steps": 1,
  "packets": 31819,
  "dropped": 31819,
  "running_total_steps": 308328,
  "running_total_packets": 4377845010,
  "running_total_dropped": 43693062,
  "running_total_time_sec": 980.943195197,
  "p_gb": 0.00606,
  "p_bg": 0.6,
  "good_loss_rate": 0.0,
  "bad_loss_rate": 1.0
}