{
  "state": "bad",
  "episode_index": 6923,
  "state_ordinal": 3461,
  "start_time_wall": 1756976157.369934,
  "end_time_wall": 1756976157.5193567,
  "wall_time_sec": 0.14942249900195748,
  "steps": 2,
  "packets": 2894,
  "dropped": 2894,
  "running_total_steps": 566812,
  "running_total_packets": 8047938882,
  "running_total_dropped": 81497203,
  "running_total_time_sec": 1925.315323535,
  "p_gb": 0.00606,
  "p_bg": 0.6,
  "good_loss_rate": 0.0,
  "bad_loss_rate": 1.0
}