{
  "state": "bad",
  "episode_index": 7621,
  "state_ordinal": 3810,
  "start_time_wall": 1756976351.786502,
  "end_time_wall": 1756976351.8271513,
  "wall_time_sec": 0.040649983999173855,
  "steps": 2,
  "packets": 63638,
  "dropped": 63638,
  "running_total_steps": 626414,
  "running_total_packets": 8894322704,
  "running_total_dropped": 90126869,
  "running_total_time_sec": 2119.6231186229998,
  "p_gb": 0.00606,
  "p_bg": 0.6,
  "good_loss_rate": 0.0,
  "bad_loss_rate": 1.0
}