{
  "state": "bad",
  "episode_index": 1121,
  "state_ordinal": 560,
  "start_time_wall": 1756974505.012394,
  "end_time_wall": 1756974505.0392778,
  "wall_time_sec": 0.026884639999479987,
  "steps": 3,
  "packets": 44837,
  "dropped": 44837,
  "running_total_steps": 95772,
  "running_total_packets": 1359918186,
  "running_total_dropped": 13092356,
  "running_total_time_sec": 272.83524530999784,
  "p_gb": 0.00606,
  "p_bg": 0.6,
  "good_loss_rate": 0.0,
  "bad_loss_rate": 1.0
}