{
  "state": "bad",
  "episode_index": 4251,
  "state_ordinal": 2125,
  "start_time_wall": 1756975362.2474787,
  "end_time_wall": 1756975362.2479808,
  "wall_time_sec": 0.0005023019984946586,
  "steps": 1,
  "packets": 6,
  "dropped": 6,
  "running_total_steps": 352341,
  "running_total_packets": 5002794972,
  "running_total_dropped": 49600664,
  "running_total_time_sec": 1130.043947803999,
  "p_gb": 0.00606,
  "p_bg": 0.6,
  "good_loss_rate": 0.0,
  "bad_loss_rate": 1.0
}