{
  "state": "bad",
  "episode_index": 3839,
  "state_ordinal": 1919,
  "start_time_wall": 1756975232.2680318,
  "end_time_wall": 1756975232.2687771,
  "wall_time_sec": 0.0007455689992639236,
  "steps": 2,
  "packets": 12,
  "dropped": 12,
  "running_total_steps": 317533,
  "running_total_packets": 4508581317,
  "running_total_dropped": 44763525,
  "running_total_time_sec": 1000.0647440009998,
  "p_gb": 0.00606,
  "p_bg": 0.6,
  "good_loss_rate": 0.0,
  "bad_loss_rate": 1.0
}