{
  "state": "bad",
  "episode_index": 4431,
  "state_ordinal": 2215,
  "start_time_wall": 1756975433.196408,
  "end_time_wall": 1756975433.3801425,
  "wall_time_sec": 0.1837354149974999,
  "steps": 1,
  "packets": 31819,
  "dropped": 31819,
  "running_total_steps": 369252,
  "running_total_packets": 5243005678,
  "running_total_dropped": 52071162,
  "running_total_time_sec": 1201.176110141998,
  "p_gb": 0.00606,
  "p_bg": 0.6,
  "good_loss_rate": 0.0,
  "bad_loss_rate": 1.0
}