{
  "state": "bad",
  "episode_index": 7071,
  "state_ordinal": 3535,
  "start_time_wall": 1756976181.1501641,
  "end_time_wall": 1756976181.1517386,
  "wall_time_sec": 0.0015744709999125917,
  "steps": 1,
  "packets": 1447,
  "dropped": 1447,
  "running_total_steps": 578233,
  "running_total_packets": 8210126131,
  "running_total_dropped": 83289400,
  "running_total_time_sec": 1948.9477054259987,
  "p_gb": 0.00606,
  "p_bg": 0.6,
  "good_loss_rate": 0.0,
  "bad_loss_rate": 1.0
}