{
  "state": "bad",
  "episode_index": 5343,
  "state_ordinal": 2671,
  "start_time_wall": 1756975653.0424962,
  "end_time_wall": 1756975653.0429358,
  "wall_time_sec": 0.0004397310003696475,
  "steps": 1,
  "packets": 6,
  "dropped": 6,
  "running_total_steps": 440673,
  "running_total_packets": 6257060392,
  "running_total_dropped": 62932773,
  "running_total_time_sec": 1420.8389027800004,
  "p_gb": 0.00606,
  "p_bg": 0.6,
  "good_loss_rate": 0.0,
  "bad_loss_rate": 1.0
}