{
  "state": "bad",
  "episode_index": 5363,
  "state_ordinal": 2681,
  "start_time_wall": 1756975655.5157743,
  "end_time_wall": 1756975655.5242884,
  "wall_time_sec": 0.008514457000273978,
  "steps": 2,
  "packets": 13018,
  "dropped": 13018,
  "running_total_steps": 441947,
  "running_total_packets": 6275060471,
  "running_total_dropped": 63122271,
  "running_total_time_sec": 1423.3202554819982,
  "p_gb": 0.00606,
  "p_bg": 0.6,
  "good_loss_rate": 0.0,
  "bad_loss_rate": 1.0
}