{
  "state": "bad",
  "episode_index": 371,
  "state_ordinal": 185,
  "start_time_wall": 1756974295.493771,
  "end_time_wall": 1756974295.5018737,
  "wall_time_sec": 0.008102822997898329,
  "steps": 4,
  "packets": 13030,
  "dropped": 13030,
  "running_total_steps": 28161,
  "running_total_packets": 399985197,
  "running_total_dropped": 4569462,
  "running_total_time_sec": 63.297840555998846,
  "p_gb": 0.00606,
  "p_bg": 0.6,
  "good_loss_rate": 0.0,
  "bad_loss_rate": 1.0
}