{
  "state": "bad",
  "episode_index": 8091,
  "state_ordinal": 4045,
  "start_time_wall": 1756976571.268046,
  "end_time_wall": 1756976571.28739,
  "wall_time_sec": 0.019344608001119923,
  "steps": 1,
  "packets": 31819,
  "dropped": 31819,
  "running_total_steps": 665898,
  "running_total_packets": 9454841848,
  "running_total_dropped": 95590297,
  "running_total_time_sec": 2339.083357159998,
  "p_gb": 0.00606,
  "p_bg": 0.6,
  "good_loss_rate": 0.0,
  "bad_loss_rate": 1.0
}