{
  "state": "bad",
  "episode_index": 1487,
  "state_ordinal": 743,
  "start_time_wall": 1756974602.776933,
  "end_time_wall": 1756974602.9408147,
  "wall_time_sec": 0.16388215900224168,
  "steps": 2,
  "packets": 2894,
  "dropped": 2894,
  "running_total_steps": 125701,
  "running_total_packets": 1784865419,
  "running_total_dropped": 17991565,
  "running_total_time_sec": 370.73678179000126,
  "p_gb": 0.00606,
  "p_bg": 0.6,
  "good_loss_rate": 0.0,
  "bad_loss_rate": 1.0
}