{
  "state": "bad",
  "episode_index": 6633,
  "state_ordinal": 3316,
  "start_time_wall": 1756976070.815677,
  "end_time_wall": 1756976070.8161376,
  "wall_time_sec": 0.0004607919981935993,
  "steps": 1,
  "packets": 6,
  "dropped": 6,
  "running_total_steps": 542197,
  "running_total_packets": 7698531493,
  "running_total_dropped": 78332206,
  "running_total_time_sec": 1838.6121043819985,
  "p_gb": 0.00606,
  "p_bg": 0.6,
  "good_loss_rate": 0.0,
  "bad_loss_rate": 1.0
}