{
  "state": "bad",
  "episode_index": 4679,
  "state_ordinal": 2339,
  "start_time_wall": 1756975503.3070738,
  "end_time_wall": 1756975503.3149545,
  "wall_time_sec": 0.007880985998781398,
  "steps": 1,
  "packets": 11571,
  "dropped": 11571,
  "running_total_steps": 386444,
  "running_total_packets": 5487014864,
  "running_total_dropped": 55000266,
  "running_total_time_sec": 1271.11092146,
  "p_gb": 0.00606,
  "p_bg": 0.6,
  "good_loss_rate": 0.0,
  "bad_loss_rate": 1.0
}