{
  "state": "bad",
  "episode_index": 5201,
  "state_ordinal": 2600,
  "start_time_wall": 1756975625.5660272,
  "end_time_wall": 1756975625.7412393,
  "wall_time_sec": 0.1752126989995304,
  "steps": 1,
  "packets": 31819,
  "dropped": 31819,
  "running_total_steps": 427634,
  "running_total_packets": 6071920296,
  "running_total_dropped": 61060994,
  "running_total_time_sec": 1393.5372067839999,
  "p_gb": 0.00606,
  "p_bg": 0.6,
  "good_loss_rate": 0.0,
  "bad_loss_rate": 1.0
}