{
  "state": "bad",
  "episode_index": 2345,
  "state_ordinal": 1172,
  "start_time_wall": 1756974870.0610235,
  "end_time_wall": 1756974870.2299821,
  "wall_time_sec": 0.16895886500060442,
  "steps": 1,
  "packets": 6,
  "dropped": 6,
  "running_total_steps": 194824,
  "running_total_packets": 2766355392,
  "running_total_dropped": 27657167,
  "running_total_time_sec": 638.025949199,
  "p_gb": 0.00606,
  "p_bg": 0.6,
  "good_loss_rate": 0.0,
  "bad_loss_rate": 1.0
}