{
  "state": "bad",
  "episode_index": 6129,
  "state_ordinal": 3064,
  "start_time_wall": 1756975947.8779533,
  "end_time_wall": 1756975948.0652022,
  "wall_time_sec": 0.18724895900231786,
  "steps": 2,
  "packets": 13018,
  "dropped": 13018,
  "running_total_steps": 500294,
  "running_total_packets": 7103606238,
  "running_total_dropped": 72238129,
  "running_total_time_sec": 1715.8611691260012,
  "p_gb": 0.00606,
  "p_bg": 0.6,
  "good_loss_rate": 0.0,
  "bad_loss_rate": 1.0
}