{
  "state": "bad",
  "episode_index": 5393,
  "state_ordinal": 2696,
  "start_time_wall": 1756975658.9632916,
  "end_time_wall": 1756975658.9658334,
  "wall_time_sec": 0.002542082002037205,
  "steps": 2,
  "packets": 2894,
  "dropped": 2894,
  "running_total_steps": 443428,
  "running_total_packets": 6296179166,
  "running_total_dropped": 63311785,
  "running_total_time_sec": 1426.7618004180003,
  "p_gb": 0.00606,
  "p_bg": 0.6,
  "good_loss_rate": 0.0,
  "bad_loss_rate": 1.0
}