{
  "state": "bad",
  "episode_index": 605,
  "state_ordinal": 302,
  "start_time_wall": 1756974370.340144,
  "end_time_wall": 1756974370.3476052,
  "wall_time_sec": 0.00746159499976784,
  "steps": 1,
  "packets": 11571,
  "dropped": 11571,
  "running_total_steps": 47939,
  "running_total_packets": 680761161,
  "running_total_dropped": 7261345,
  "running_total_time_sec": 138.1435723100003,
  "p_gb": 0.00606,
  "p_bg": 0.6,
  "good_loss_rate": 0.0,
  "bad_loss_rate": 1.0
}