{
  "state": "bad",
  "episode_index": 811,
  "state_ordinal": 405,
  "start_time_wall": 1756974446.371427,
  "end_time_wall": 1756974446.4101417,
  "wall_time_sec": 0.03871553099816083,
  "steps": 2,
  "packets": 63638,
  "dropped": 63638,
  "running_total_steps": 68045,
  "running_total_packets": 966262783,
  "running_total_dropped": 9721804,
  "running_total_time_sec": 214.20610925399887,
  "p_gb": 0.00606,
  "p_bg": 0.6,
  "good_loss_rate": 0.0,
  "bad_loss_rate": 1.0
}