{
  "state": "bad",
  "episode_index": 6919,
  "state_ordinal": 3459,
  "start_time_wall": 1756976156.008661,
  "end_time_wall": 1756976156.016384,
  "wall_time_sec": 0.007723634000285529,
  "steps": 3,
  "packets": 11583,
  "dropped": 11583,
  "running_total_steps": 566180,
  "running_total_packets": 8039009722,
  "running_total_dropped": 81481291,
  "running_total_time_sec": 1923.812351315999,
  "p_gb": 0.00606,
  "p_bg": 0.6,
  "good_loss_rate": 0.0,
  "bad_loss_rate": 1.0
}