{
  "state": "bad",
  "episode_index": 2207,
  "state_ordinal": 1103,
  "start_time_wall": 1756974812.0084255,
  "end_time_wall": 1756974812.0160892,
  "wall_time_sec": 0.007663869997486472,
  "steps": 1,
  "packets": 11571,
  "dropped": 11571,
  "running_total_steps": 183707,
  "running_total_packets": 2608384651,
  "running_total_dropped": 26272824,
  "running_total_time_sec": 579.8120560729985,
  "p_gb": 0.00606,
  "p_bg": 0.6,
  "good_loss_rate": 0.0,
  "bad_loss_rate": 1.0
}