{
  "state": "bad",
  "episode_index": 6877,
  "state_ordinal": 3438,
  "start_time_wall": 1756976148.8892243,
  "end_time_wall": 1756976149.0722983,
  "wall_time_sec": 0.18307427499894402,
  "steps": 3,
  "packets": 31831,
  "dropped": 31831,
  "running_total_steps": 562627,
  "running_total_packets": 7988658987,
  "running_total_dropped": 81126864,
  "running_total_time_sec": 1916.8682652499992,
  "p_gb": 0.00606,
  "p_bg": 0.6,
  "good_loss_rate": 0.0,
  "bad_loss_rate": 1.0
}