{
  "state": "bad",
  "episode_index": 6303,
  "state_ordinal": 3151,
  "start_time_wall": 1756976012.4987874,
  "end_time_wall": 1756976012.56896,
  "wall_time_sec": 0.07017288399947574,
  "steps": 6,
  "packets": 107040,
  "dropped": 107040,
  "running_total_steps": 514723,
  "running_total_packets": 7308395399,
  "running_total_dropped": 74274803,
  "running_total_time_sec": 1780.3649268539993,
  "p_gb": 0.00606,
  "p_bg": 0.6,
  "good_loss_rate": 0.0,
  "bad_loss_rate": 1.0
}