{
  "state": "bad",
  "episode_index": 3205,
  "state_ordinal": 1602,
  "start_time_wall": 1756975089.7169251,
  "end_time_wall": 1756975089.7239165,
  "wall_time_sec": 0.006991677000769414,
  "steps": 1,
  "packets": 11571,
  "dropped": 11571,
  "running_total_steps": 266573,
  "running_total_packets": 3785093827,
  "running_total_dropped": 37023391,
  "running_total_time_sec": 857.5198835880001,
  "p_gb": 0.00606,
  "p_bg": 0.6,
  "good_loss_rate": 0.0,
  "bad_loss_rate": 1.0
}