{
  "state": "bad",
  "episode_index": 8115,
  "state_ordinal": 4057,
  "start_time_wall": 1756976576.114129,
  "end_time_wall": 1756976576.123709,
  "wall_time_sec": 0.009579771001881454,
  "steps": 3,
  "packets": 14465,
  "dropped": 14465,
  "running_total_steps": 667981,
  "running_total_packets": 9484490475,
  "running_total_dropped": 95817425,
  "running_total_time_sec": 2343.9196757499994,
  "p_gb": 0.00606,
  "p_bg": 0.6,
  "good_loss_rate": 0.0,
  "bad_loss_rate": 1.0
}