{
  "state": "bad",
  "episode_index": 2317,
  "state_ordinal": 1158,
  "start_time_wall": 1756974829.6008658,
  "end_time_wall": 1756974829.7833474,
  "wall_time_sec": 0.18248232699988876,
  "steps": 1,
  "packets": 31819,
  "dropped": 31819,
  "running_total_steps": 191980,
  "running_total_packets": 2726004208,
  "running_total_dropped": 27453174,
  "running_total_time_sec": 597.5793149950005,
  "p_gb": 0.00606,
  "p_bg": 0.6,
  "good_loss_rate": 0.0,
  "bad_loss_rate": 1.0
}