{
  "state": "bad",
  "episode_index": 2909,
  "state_ordinal": 1454,
  "start_time_wall": 1756975005.6515043,
  "end_time_wall": 1756975005.6528869,
  "wall_time_sec": 0.0013824849993397947,
  "steps": 1,
  "packets": 1447,
  "dropped": 1447,
  "running_total_steps": 242838,
  "running_total_packets": 3448090058,
  "running_total_dropped": 33930705,
  "running_total_time_sec": 773.4488537249999,
  "p_gb": 0.00606,
  "p_bg": 0.6,
  "good_loss_rate": 0.0,
  "bad_loss_rate": 1.0
}