{
  "state": "bad",
  "episode_index": 3349,
  "state_ordinal": 1674,
  "start_time_wall": 1756975115.3626633,
  "end_time_wall": 1756975115.370441,
  "wall_time_sec": 0.007777961000101641,
  "steps": 1,
  "packets": 11571,
  "dropped": 11571,
  "running_total_steps": 278780,
  "running_total_packets": 3958287392,
  "running_total_dropped": 38600098,
  "running_total_time_sec": 883.166407888999,
  "p_gb": 0.00606,
  "p_bg": 0.6,
  "good_loss_rate": 0.0,
  "bad_loss_rate": 1.0
}