{
  "state": "bad",
  "episode_index": 1561,
  "state_ordinal": 780,
  "start_time_wall": 1756974651.3555188,
  "end_time_wall": 1756974651.537132,
  "wall_time_sec": 0.18161337899800856,
  "steps": 4,
  "packets": 26036,
  "dropped": 26036,
  "running_total_steps": 132143,
  "running_total_packets": 1876323839,
  "running_total_dropped": 18842146,
  "running_total_time_sec": 419.33309890599776,
  "p_gb": 0.00606,
  "p_bg": 0.6,
  "good_loss_rate": 0.0,
  "bad_loss_rate": 1.0
}