{
  "state": "bad",
  "episode_index": 777,
  "state_ordinal": 388,
  "start_time_wall": 1756974402.2629673,
  "end_time_wall": 1756974402.3202152,
  "wall_time_sec": 0.05724867999742855,
  "steps": 3,
  "packets": 95457,
  "dropped": 95457,
  "running_total_steps": 63221,
  "running_total_packets": 897768775,
  "running_total_dropped": 9297985,
  "running_total_time_sec": 170.11618289299804,
  "p_gb": 0.00606,
  "p_bg": 0.6,
  "good_loss_rate": 0.0,
  "bad_loss_rate": 1.0
}