{
  "state": "bad",
  "episode_index": 4497,
  "state_ordinal": 2248,
  "start_time_wall": 1756975442.8279552,
  "end_time_wall": 1756975442.8284495,
  "wall_time_sec": 0.000494542000524234,
  "steps": 1,
  "packets": 6,
  "dropped": 6,
  "running_total_steps": 373932,
  "running_total_packets": 5309438443,
  "running_total_dropped": 53066332,
  "running_total_time_sec": 1210.624416445,
  "p_gb": 0.00606,
  "p_bg": 0.6,
  "good_loss_rate": 0.0,
  "bad_loss_rate": 1.0
}