{
  "state": "bad",
  "episode_index": 1483,
  "state_ordinal": 741,
  "start_time_wall": 1756974601.2952945,
  "end_time_wall": 1756974601.3022256,
  "wall_time_sec": 0.006931545001862105,
  "steps": 1,
  "packets": 11571,
  "dropped": 11571,
  "running_total_steps": 125069,
  "running_total_packets": 1775936259,
  "running_total_dropped": 17977100,
  "running_total_time_sec": 369.0981928100009,
  "p_gb": 0.00606,
  "p_bg": 0.6,
  "good_loss_rate": 0.0,
  "bad_loss_rate": 1.0
}