{
  "state": "bad",
  "episode_index": 6407,
  "state_ordinal": 3203,
  "start_time_wall": 1756976033.9718623,
  "end_time_wall": 1756976034.153055,
  "wall_time_sec": 0.1811935280020407,
  "steps": 1,
  "packets": 31819,
  "dropped": 31819,
  "running_total_steps": 524863,
  "running_total_packets": 7452455275,
  "running_total_dropped": 75330787,
  "running_total_time_sec": 1801.9490225560003,
  "p_gb": 0.00606,
  "p_bg": 0.6,
  "good_loss_rate": 0.0,
  "bad_loss_rate": 1.0
}