{
  "state": "bad",
  "episode_index": 7593,
  "state_ordinal": 3796,
  "start_time_wall": 1756976345.6778843,
  "end_time_wall": 1756976345.8494842,
  "wall_time_sec": 0.17160079700261122,
  "steps": 2,
  "packets": 63638,
  "dropped": 63638,
  "running_total_steps": 623618,
  "running_total_packets": 8854610876,
  "running_total_dropped": 89658230,
  "running_total_time_sec": 2113.6454519360013,
  "p_gb": 0.00606,
  "p_bg": 0.6,
  "good_loss_rate": 0.0,
  "bad_loss_rate": 1.0
}