{
  "state": "bad",
  "episode_index": 4409,
  "state_ordinal": 2204,
  "start_time_wall": 1756975429.210745,
  "end_time_wall": 1756975429.2335567,
  "wall_time_sec": 0.022812051000073552,
  "steps": 1,
  "packets": 31819,
  "dropped": 31819,
  "running_total_steps": 367499,
  "running_total_packets": 5218113093,
  "running_total_dropped": 51842633,
  "running_total_time_sec": 1197.0295240390005,
  "p_gb": 0.00606,
  "p_bg": 0.6,
  "good_loss_rate": 0.0,
  "bad_loss_rate": 1.0
}