{
  "state": "bad",
  "episode_index": 2891,
  "state_ordinal": 1445,
  "start_time_wall": 1756975002.2919698,
  "end_time_wall": 1756975002.3297646,
  "wall_time_sec": 0.03779514699999709,
  "steps": 2,
  "packets": 63638,
  "dropped": 63638,
  "running_total_steps": 241298,
  "running_total_packets": 3426217732,
  "running_total_dropped": 33796181,
  "running_total_time_sec": 770.1257317220006,
  "p_gb": 0.00606,
  "p_bg": 0.6,
  "good_loss_rate": 0.0,
  "bad_loss_rate": 1.0
}