{
  "state": "bad",
  "episode_index": 6981,
  "state_ordinal": 3490,
  "start_time_wall": 1756976165.7248285,
  "end_time_wall": 1756976165.8979352,
  "wall_time_sec": 0.17310743799680495,
  "steps": 1,
  "packets": 31819,
  "dropped": 31819,
  "running_total_steps": 570745,
  "running_total_packets": 8103877381,
  "running_total_dropped": 82239248,
  "running_total_time_sec": 1933.6939025869979,
  "p_gb": 0.00606,
  "p_bg": 0.6,
  "good_loss_rate": 0.0,
  "bad_loss_rate": 1.0
}