{
  "state": "bad",
  "episode_index": 2187,
  "state_ordinal": 1093,
  "start_time_wall": 1756974808.302138,
  "end_time_wall": 1756974808.4859426,
  "wall_time_sec": 0.1838050199985446,
  "steps": 1,
  "packets": 31819,
  "dropped": 31819,
  "running_total_steps": 181993,
  "running_total_packets": 2584158893,
  "running_total_dropped": 25941590,
  "running_total_time_sec": 576.2819100369998,
  "p_gb": 0.00606,
  "p_bg": 0.6,
  "good_loss_rate": 0.0,
  "bad_loss_rate": 1.0
}