{
  "state": "bad",
  "episode_index": 4127,
  "state_ordinal": 2063,
  "start_time_wall": 1756975345.1845994,
  "end_time_wall": 1756975345.1850512,
  "wall_time_sec": 0.0004518309979175683,
  "steps": 1,
  "packets": 6,
  "dropped": 6,
  "running_total_steps": 344101,
  "running_total_packets": 4885784381,
  "running_total_dropped": 48384131,
  "running_total_time_sec": 1112.981017926999,
  "p_gb": 0.00606,
  "p_bg": 0.6,
  "good_loss_rate": 0.0,
  "bad_loss_rate": 1.0
}