{
  "state": "bad",
  "episode_index": 7809,
  "state_ordinal": 3904,
  "start_time_wall": 1756976522.9411335,
  "end_time_wall": 1756976522.9487705,
  "wall_time_sec": 0.007637212998815812,
  "steps": 1,
  "packets": 11571,
  "dropped": 11571,
  "running_total_steps": 643310,
  "running_total_packets": 9134184820,
  "running_total_dropped": 92140414,
  "running_total_time_sec": 2290.7447375340016,
  "p_gb": 0.00606,
  "p_bg": 0.6,
  "good_loss_rate": 0.0,
  "bad_loss_rate": 1.0
}