{
  "state": "bad",
  "episode_index": 7391,
  "state_ordinal": 3695,
  "start_time_wall": 1756976269.079454,
  "end_time_wall": 1756976269.23371,
  "wall_time_sec": 0.1542562119975628,
  "steps": 1,
  "packets": 1447,
  "dropped": 1447,
  "running_total_steps": 603787,
  "running_total_packets": 8572938105,
  "running_total_dropped": 86917166,
  "running_total_time_sec": 2037.0296770329987,
  "p_gb": 0.00606,
  "p_bg": 0.6,
  "good_loss_rate": 0.0,
  "bad_loss_rate": 1.0
}