{
  "state": "bad",
  "episode_index": 1489,
  "state_ordinal": 744,
  "start_time_wall": 1756974602.9584942,
  "end_time_wall": 1756974602.959235,
  "wall_time_sec": 0.0007411389997287188,
  "steps": 2,
  "packets": 18,
  "dropped": 18,
  "running_total_steps": 125826,
  "running_total_packets": 1786552042,
  "running_total_dropped": 17991583,
  "running_total_time_sec": 370.7552020039984,
  "p_gb": 0.00606,
  "p_bg": 0.6,
  "good_loss_rate": 0.0,
  "bad_loss_rate": 1.0
}