{
  "state": "bad",
  "episode_index": 1837,
  "state_ordinal": 918,
  "start_time_wall": 1756974696.8281627,
  "end_time_wall": 1756974696.8365312,
  "wall_time_sec": 0.00836880399947404,
  "steps": 2,
  "packets": 13018,
  "dropped": 13018,
  "running_total_steps": 154068,
  "running_total_packets": 2187630784,
  "running_total_dropped": 21373654,
  "running_total_time_sec": 464.6324981789985,
  "p_gb": 0.00606,
  "p_bg": 0.6,
  "good_loss_rate": 0.0,
  "bad_loss_rate": 1.0
}