{
  "state": "bad",
  "episode_index": 5211,
  "state_ordinal": 2605,
  "start_time_wall": 1756975626.725531,
  "end_time_wall": 1756975626.732891,
  "wall_time_sec": 0.00736013799905777,
  "steps": 2,
  "packets": 11577,
  "dropped": 11577,
  "running_total_steps": 428066,
  "running_total_packets": 6078004228,
  "running_total_dropped": 61118861,
  "running_total_time_sec": 1394.5288581610002,
  "p_gb": 0.00606,
  "p_bg": 0.6,
  "good_loss_rate": 0.0,
  "bad_loss_rate": 1.0
}