{
  "state": "bad",
  "episode_index": 4739,
  "state_ordinal": 2369,
  "start_time_wall": 1756975513.4370487,
  "end_time_wall": 1756975513.6173494,
  "wall_time_sec": 0.18030123700009426,
  "steps": 1,
  "packets": 11571,
  "dropped": 11571,
  "running_total_steps": 390959,
  "running_total_packets": 5551196895,
  "running_total_dropped": 55989624,
  "running_total_time_sec": 1281.413316596001,
  "p_gb": 0.00606,
  "p_bg": 0.6,
  "good_loss_rate": 0.0,
  "bad_loss_rate": 1.0
}