{
  "state": "bad",
  "episode_index": 6463,
  "state_ordinal": 3231,
  "start_time_wall": 1756976043.3344357,
  "end_time_wall": 1756976043.5102866,
  "wall_time_sec": 0.17585093900197535,
  "steps": 2,
  "packets": 2894,
  "dropped": 2894,
  "running_total_steps": 529237,
  "running_total_packets": 7514558715,
  "running_total_dropped": 76071382,
  "running_total_time_sec": 1811.306253412,
  "p_gb": 0.00606,
  "p_bg": 0.6,
  "good_loss_rate": 0.0,
  "bad_loss_rate": 1.0
}