{
  "state": "bad",
  "episode_index": 2671,
  "state_ordinal": 1335,
  "start_time_wall": 1756974930.0456445,
  "end_time_wall": 1756974930.0532546,
  "wall_time_sec": 0.007610279997606995,
  "steps": 1,
  "packets": 11571,
  "dropped": 11571,
  "running_total_steps": 222983,
  "running_total_packets": 3166158353,
  "running_total_dropped": 31188236,
  "running_total_time_sec": 697.8492216259983,
  "p_gb": 0.00606,
  "p_bg": 0.6,
  "good_loss_rate": 0.0,
  "bad_loss_rate": 1.0
}