{
  "state": "bad",
  "episode_index": 4255,
  "state_ordinal": 2127,
  "start_time_wall": 1756975362.9955459,
  "end_time_wall": 1756975363.0157285,
  "wall_time_sec": 0.020182587999443058,
  "steps": 2,
  "packets": 31825,
  "dropped": 31825,
  "running_total_steps": 352707,
  "running_total_packets": 5008016786,
  "running_total_dropped": 49633936,
  "running_total_time_sec": 1130.8116951209995,
  "p_gb": 0.00606,
  "p_bg": 0.6,
  "good_loss_rate": 0.0,
  "bad_loss_rate": 1.0
}