{
  "state": "bad",
  "episode_index": 6693,
  "state_ordinal": 3346,
  "start_time_wall": 1756976116.3627584,
  "end_time_wall": 1756976116.3821862,
  "wall_time_sec": 0.019428514002356678,
  "steps": 1,
  "packets": 31819,
  "dropped": 31819,
  "running_total_steps": 547282,
  "running_total_packets": 7770698122,
  "running_total_dropped": 79187066,
  "running_total_time_sec": 1884.1781536810013,
  "p_gb": 0.00606,
  "p_bg": 0.6,
  "good_loss_rate": 0.0,
  "bad_loss_rate": 1.0
}