{
  "state": "bad",
  "episode_index": 7781,
  "state_ordinal": 3890,
  "start_time_wall": 1756976383.6312697,
  "end_time_wall": 1756976383.703914,
  "wall_time_sec": 0.07264430499708396,
  "steps": 6,
  "packets": 107040,
  "dropped": 107040,
  "running_total_steps": 641602,
  "running_total_packets": 9110005358,
  "running_total_dropped": 91862661,
  "running_total_time_sec": 2151.4998807989978,
  "p_gb": 0.00606,
  "p_bg": 0.6,
  "good_loss_rate": 0.0,
  "bad_loss_rate": 1.0
}