{
  "state": "bad",
  "episode_index": 6627,
  "state_ordinal": 3313,
  "start_time_wall": 1756976068.9381208,
  "end_time_wall": 1756976069.1178882,
  "wall_time_sec": 0.17976803300189204,
  "steps": 2,
  "packets": 63638,
  "dropped": 63638,
  "running_total_steps": 541547,
  "running_total_packets": 7689362205,
  "running_total_dropped": 78329305,
  "running_total_time_sec": 1836.9138558000013,
  "p_gb": 0.00606,
  "p_bg": 0.6,
  "good_loss_rate": 0.0,
  "bad_loss_rate": 1.0
}