{
  "state": "bad",
  "episode_index": 857,
  "state_ordinal": 428,
  "start_time_wall": 1756974457.1787868,
  "end_time_wall": 1756974457.3489368,
  "wall_time_sec": 0.17015059299956192,
  "steps": 2,
  "packets": 43390,
  "dropped": 43390,
  "running_total_steps": 73188,
  "running_total_packets": 1039307442,
  "running_total_dropped": 10303338,
  "running_total_time_sec": 225.1449041349988,
  "p_gb": 0.00606,
  "p_bg": 0.6,
  "good_loss_rate": 0.0,
  "bad_loss_rate": 1.0
}