{
  "state": "good",
  "episode_index": 1414,
  "state_ordinal": 707,
  "start_time_wall": 1756974587.7459433,
  "end_time_wall": 1756974587.7692366,
  "wall_time_sec": 0.023292669000511523,
  "steps": 184,
  "packets": 2642726,
  "dropped": 0,
  "running_total_steps": 118668,
  "running_total_packets": 1685021714,
  "running_total_dropped": 16947168,
  "running_total_time_sec": 355.5652033080005,
  "p_gb": 0.00606,
  "p_bg": 0.6,
  "good_loss_rate": 0.0,
  "bad_loss_rate": 1.0
}