{
  "state": "good",
  "episode_index": 8134,
  "state_ordinal": 4067,
  "start_time_wall": 1756976577.7923968,
  "end_time_wall": 1756976577.986699,
  "wall_time_sec": 0.1943022160048713,
  "steps": 162,
  "packets": 2356314,
  "dropped": 0,
  "running_total_steps": 669044,
  "running_total_packets": 9499596118,
  "running_total_dropped": 96012699,
  "running_total_time_sec": 2345.7826658000013,
  "p_gb": 0.00606,
  "p_bg": 0.6,
  "good_loss_rate": 0.0,
  "bad_loss_rate": 1.0
}