{
  "state": "good",
  "episode_index": 2812,
  "state_ordinal": 1406,
  "start_time_wall": 1756974986.9669437,
  "end_time_wall": 1756974987.5861683,
  "wall_time_sec": 0.6192243810000946,
  "steps": 359,
  "packets": 5103203,
  "dropped": 0,
  "running_total_steps": 234415,
  "running_total_packets": 3328470001,
  "running_total_dropped": 32712817,
  "running_total_time_sec": 755.382135066,
  "p_gb": 0.00606,
  "p_bg": 0.6,
  "good_loss_rate": 0.0,
  "bad_loss_rate": 1.0
}