{
  "state": "good",
  "episode_index": 384,
  "state_ordinal": 192,
  "start_time_wall": 1756974297.18293,
  "end_time_wall": 1756974297.1975813,
  "wall_time_sec": 0.014650910001364537,
  "steps": 138,
  "packets": 1854406,
  "dropped": 0,
  "running_total_steps": 29089,
  "running_total_packets": 413088917,
  "running_total_dropped": 4675055,
  "running_total_time_sec": 64.9935481700013,
  "p_gb": 0.00606,
  "p_bg": 0.6,
  "good_loss_rate": 0.0,
  "bad_loss_rate": 1.0
}