{
  "state": "good",
  "episode_index": 740,
  "state_ordinal": 370,
  "start_time_wall": 1756974396.360451,
  "end_time_wall": 1756974396.3798351,
  "wall_time_sec": 0.019383924001886044,
  "steps": 156,
  "packets": 2246392,
  "dropped": 0,
  "running_total_steps": 60367,
  "running_total_packets": 857220889,
  "running_total_dropped": 8963847,
  "running_total_time_sec": 164.17580183300015,
  "p_gb": 0.00606,
  "p_bg": 0.6,
  "good_loss_rate": 0.0,
  "bad_loss_rate": 1.0
}