{
  "state": "good",
  "episode_index": 4936,
  "state_ordinal": 2468,
  "start_time_wall": 1756975546.7811637,
  "end_time_wall": 1756975546.808928,
  "wall_time_sec": 0.02776419200017699,
  "steps": 216,
  "packets": 3065096,
  "dropped": 0,
  "running_total_steps": 407278,
  "running_total_packets": 5782913830,
  "running_total_dropped": 58343031,
  "running_total_time_sec": 1314.6048947950003,
  "p_gb": 0.00606,
  "p_bg": 0.6,
  "good_loss_rate": 0.0,
  "bad_loss_rate": 1.0
}