{
  "state": "good",
  "episode_index": 960,
  "state_ordinal": 480,
  "start_time_wall": 1756974477.537949,
  "end_time_wall": 1756974477.5633225,
  "wall_time_sec": 0.025372665000759298,
  "steps": 214,
  "packets": 3070885,
  "dropped": 0,
  "running_total_steps": 82965,
  "running_total_packets": 1178060172,
  "running_total_dropped": 11211826,
  "running_total_time_sec": 245.35928927699933,
  "p_gb": 0.00606,
  "p_bg": 0.6,
  "good_loss_rate": 0.0,
  "bad_loss_rate": 1.0
}