{
  "state": "good",
  "episode_index": 6272,
  "state_ordinal": 3136,
  "start_time_wall": 1756975973.8955305,
  "end_time_wall": 1756975973.91673,
  "wall_time_sec": 0.021198520000325516,
  "steps": 163,
  "packets": 2304259,
  "dropped": 0,
  "running_total_steps": 512582,
  "running_total_packets": 7278059690,
  "running_total_dropped": 73933422,
  "running_total_time_sec": 1741.7126965069983,
  "p_gb": 0.00606,
  "p_bg": 0.6,
  "good_loss_rate": 0.0,
  "bad_loss_rate": 1.0
}