{
  "state": "good",
  "episode_index": 4036,
  "state_ordinal": 2018,
  "start_time_wall": 1756975331.5621877,
  "end_time_wall": 1756975331.5628884,
  "wall_time_sec": 0.0007006559972069226,
  "steps": 3,
  "packets": 13024,
  "dropped": 0,
  "running_total_steps": 337554,
  "running_total_packets": 4792892490,
  "running_total_dropped": 47180649,
  "running_total_time_sec": 1099.3588553599984,
  "p_gb": 0.00606,
  "p_bg": 0.6,
  "good_loss_rate": 0.0,
  "bad_loss_rate": 1.0
}