{
  "state": "good",
  "episode_index": 5082,
  "state_ordinal": 2541,
  "start_time_wall": 1756975569.009568,
  "end_time_wall": 1756975569.0154238,
  "wall_time_sec": 0.005855495997820981,
  "steps": 43,
  "packets": 604631,
  "dropped": 0,
  "running_total_steps": 417587,
  "running_total_packets": 5929236029,
  "running_total_dropped": 59879195,
  "running_total_time_sec": 1336.811390464998,
  "p_gb": 0.00606,
  "p_bg": 0.6,
  "good_loss_rate": 0.0,
  "bad_loss_rate": 1.0
}