{
  "state": "good",
  "episode_index": 3910,
  "state_ordinal": 1955,
  "start_time_wall": 1756975307.3922465,
  "end_time_wall": 1756975307.4184978,
  "wall_time_sec": 0.026251073999446817,
  "steps": 208,
  "packets": 2972528,
  "dropped": 0,
  "running_total_steps": 326096,
  "running_total_packets": 4630217774,
  "running_total_dropped": 45543226,
  "running_total_time_sec": 1075.2144644559994,
  "p_gb": 0.00606,
  "p_bg": 0.6,
  "good_loss_rate": 0.0,
  "bad_loss_rate": 1.0
}