{
  "state": "good",
  "episode_index": 6336,
  "state_ordinal": 3168,
  "start_time_wall": 1756976020.7869596,
  "end_time_wall": 1756976021.3897552,
  "wall_time_sec": 0.6027955239987932,
  "steps": 223,
  "packets": 3111398,
  "dropped": 0,
  "running_total_steps": 518920,
  "running_total_packets": 7367977606,
  "running_total_dropped": 74656681,
  "running_total_time_sec": 1789.1857219619997,
  "p_gb": 0.00606,
  "p_bg": 0.6,
  "good_loss_rate": 0.0,
  "bad_loss_rate": 1.0
}