{
  "state": "good",
  "episode_index": 1396,
  "state_ordinal": 698,
  "start_time_wall": 1756974583.5301468,
  "end_time_wall": 1756974584.2879395,
  "wall_time_sec": 0.7577926699996169,
  "steps": 266,
  "packets": 3717470,
  "dropped": 1,
  "running_total_steps": 116910,
  "running_total_packets": 1660020654,
  "running_total_dropped": 16598582,
  "running_total_time_sec": 352.08390634399984,
  "p_gb": 0.00606,
  "p_bg": 0.6,
  "good_loss_rate": 0.0,
  "bad_loss_rate": 1.0
}