{
  "state": "good",
  "episode_index": 4832,
  "state_ordinal": 2416,
  "start_time_wall": 1756975530.3748677,
  "end_time_wall": 1756975530.9833958,
  "wall_time_sec": 0.6085275599980378,
  "steps": 270,
  "packets": 3781120,
  "dropped": 0,
  "running_total_steps": 399543,
  "running_total_packets": 5672992471,
  "running_total_dropped": 57155454,
  "running_total_time_sec": 1298.7793627139981,
  "p_gb": 0.00606,
  "p_bg": 0.6,
  "good_loss_rate": 0.0,
  "bad_loss_rate": 1.0
}