{
  "state": "good",
  "episode_index": 6624,
  "state_ordinal": 3312,
  "start_time_wall": 1756976068.313435,
  "end_time_wall": 1756976068.3177035,
  "wall_time_sec": 0.004267689000698738,
  "steps": 37,
  "packets": 486026,
  "dropped": 0,
  "running_total_steps": 541236,
  "running_total_packets": 7684869427,
  "running_total_dropped": 78252643,
  "running_total_time_sec": 1836.1136702549993,
  "p_gb": 0.00606,
  "p_bg": 0.6,
  "good_loss_rate": 0.0,
  "bad_loss_rate": 1.0
}