{
  "state": "good",
  "episode_index": 854,
  "state_ordinal": 427,
  "start_time_wall": 1756974455.8011403,
  "end_time_wall": 1756974456.4207113,
  "wall_time_sec": 0.6195708849991206,
  "steps": 500,
  "packets": 7044383,
  "dropped": 0,
  "running_total_steps": 72888,
  "running_total_packets": 1034999807,
  "running_total_dropped": 10259942,
  "running_total_time_sec": 224.21667797400005,
  "p_gb": 0.00606,
  "p_bg": 0.6,
  "good_loss_rate": 0.0,
  "bad_loss_rate": 1.0
}