{
  "state": "good",
  "episode_index": 334,
  "state_ordinal": 167,
  "start_time_wall": 1756974289.7147198,
  "end_time_wall": 1756974289.7155297,
  "wall_time_sec": 0.0008098190010059625,
  "steps": 4,
  "packets": 63650,
  "dropped": 0,
  "running_total_steps": 25462,
  "running_total_packets": 361596906,
  "running_total_dropped": 4028468,
  "running_total_time_sec": 57.511496541999804,
  "p_gb": 0.00606,
  "p_bg": 0.6,
  "good_loss_rate": 0.0,
  "bad_loss_rate": 1.0
}