{
  "state": "good",
  "episode_index": 4642,
  "state_ordinal": 2321,
  "start_time_wall": 1756975464.634771,
  "end_time_wall": 1756975464.826919,
  "wall_time_sec": 0.19214778799869237,
  "steps": 110,
  "packets": 1637420,
  "dropped": 0,
  "running_total_steps": 384314,
  "running_total_packets": 5456881664,
  "running_total_dropped": 54619825,
  "running_total_time_sec": 1232.6228859039984,
  "p_gb": 0.00606,
  "p_bg": 0.6,
  "good_loss_rate": 0.0,
  "bad_loss_rate": 1.0
}