{
  "state": "good",
  "episode_index": 3008,
  "state_ordinal": 1504,
  "start_time_wall": 1756975022.603988,
  "end_time_wall": 1756975022.6133986,
  "wall_time_sec": 0.009410528000444174,
  "steps": 89,
  "packets": 1183231,
  "dropped": 0,
  "running_total_steps": 250944,
  "running_total_packets": 3563142110,
  "running_total_dropped": 34915843,
  "running_total_time_sec": 790.4093654030003,
  "p_gb": 0.00606,
  "p_bg": 0.6,
  "good_loss_rate": 0.0,
  "bad_loss_rate": 1.0
}