{
  "state": "good",
  "episode_index": 5314,
  "state_ordinal": 2657,
  "start_time_wall": 1756975647.8298893,
  "end_time_wall": 1756975647.8396559,
  "wall_time_sec": 0.009766577000846155,
  "steps": 92,
  "packets": 1217944,
  "dropped": 0,
  "running_total_steps": 438364,
  "running_total_packets": 6224164414,
  "running_total_dropped": 62582714,
  "running_total_time_sec": 1415.6356226520002,
  "p_gb": 0.00606,
  "p_bg": 0.6,
  "good_loss_rate": 0.0,
  "bad_loss_rate": 1.0
}