{
  "state": "good",
  "episode_index": 424,
  "state_ordinal": 212,
  "start_time_wall": 1756974303.7202864,
  "end_time_wall": 1756974337.8523371,
  "wall_time_sec": 34.132050531999994,
  "steps": 230,
  "packets": 3231450,
  "dropped": 0,
  "running_total_steps": 32246,
  "running_total_packets": 457927090,
  "running_total_dropped": 5023651,
  "running_total_time_sec": 105.64830398399863,
  "p_gb": 0.00606,
  "p_bg": 0.6,
  "good_loss_rate": 0.0,
  "bad_loss_rate": 1.0
}