{
  "state": "good",
  "episode_index": 5796,
  "state_ordinal": 2898,
  "start_time_wall": 1756975759.5528483,
  "end_time_wall": 1756975759.560174,
  "wall_time_sec": 0.007324756999878446,
  "steps": 68,
  "packets": 865012,
  "dropped": 0,
  "running_total_steps": 474490,
  "running_total_packets": 6737140444,
  "running_total_dropped": 68488768,
  "running_total_time_sec": 1527.3561407429988,
  "p_gb": 0.00606,
  "p_bg": 0.6,
  "good_loss_rate": 0.0,
  "bad_loss_rate": 1.0
}