{
  "state": "good",
  "episode_index": 1020,
  "state_ordinal": 510,
  "start_time_wall": 1756974487.887778,
  "end_time_wall": 1756974487.9056814,
  "wall_time_sec": 0.017902717998367734,
  "steps": 139,
  "packets": 1865977,
  "dropped": 0,
  "running_total_steps": 87608,
  "running_total_packets": 1243954850,
  "running_total_dropped": 11807813,
  "running_total_time_sec": 255.70164825299798,
  "p_gb": 0.00606,
  "p_bg": 0.6,
  "good_loss_rate": 0.0,
  "bad_loss_rate": 1.0
}