{
  "state": "good",
  "episode_index": 1806,
  "state_ordinal": 903,
  "start_time_wall": 1756974693.239511,
  "end_time_wall": 1756974693.2400796,
  "wall_time_sec": 0.000567904000490671,
  "steps": 2,
  "packets": 12,
  "dropped": 0,
  "running_total_steps": 152329,
  "running_total_packets": 2162904553,
  "running_total_dropped": 20825449,
  "running_total_time_sec": 461.036046494999,
  "p_gb": 0.00606,
  "p_bg": 0.6,
  "good_loss_rate": 0.0,
  "bad_loss_rate": 1.0
}