{
  "state": "good",
  "episode_index": 6946,
  "state_ordinal": 3473,
  "start_time_wall": 1756976160.1893175,
  "end_time_wall": 1756976160.7601385,
  "wall_time_sec": 0.5708209500007797,
  "steps": 79,
  "packets": 1259875,
  "dropped": 0,
  "running_total_steps": 568289,
  "running_total_packets": 8069054671,
  "running_total_dropped": 81837112,
  "running_total_time_sec": 1928.5561051699988,
  "p_gb": 0.00606,
  "p_bg": 0.6,
  "good_loss_rate": 0.0,
  "bad_loss_rate": 1.0
}