{
  "state": "good",
  "episode_index": 5072,
  "state_ordinal": 2536,
  "start_time_wall": 1756975567.4382262,
  "end_time_wall": 1756975567.4427407,
  "wall_time_sec": 0.0045145549993321765,
  "steps": 25,
  "packets": 519280,
  "dropped": 0,
  "running_total_steps": 416892,
  "running_total_packets": 5919447651,
  "running_total_dropped": 59847364,
  "running_total_time_sec": 1335.2387075849983,
  "p_gb": 0.00606,
  "p_bg": 0.6,
  "good_loss_rate": 0.0,
  "bad_loss_rate": 1.0
}