{
  "state": "good",
  "episode_index": 7432,
  "state_ordinal": 3716,
  "start_time_wall": 1756976276.9452422,
  "end_time_wall": 1756976277.7152557,
  "wall_time_sec": 0.7700133110010938,
  "steps": 208,
  "packets": 2932032,
  "dropped": 2,
  "running_total_steps": 607717,
  "running_total_packets": 8628801395,
  "running_total_dropped": 87439358,
  "running_total_time_sec": 2045.5112226970014,
  "p_gb": 0.00606,
  "p_bg": 0.6,
  "good_loss_rate": 0.0,
  "bad_loss_rate": 1.0
}