{
  "state": "good",
  "episode_index": 2098,
  "state_ordinal": 1049,
  "start_time_wall": 1756974790.8322508,
  "end_time_wall": 1756974791.400211,
  "wall_time_sec": 0.5679601240008196,
  "steps": 185,
  "packets": 2674545,
  "dropped": 0,
  "running_total_steps": 173908,
  "running_total_packets": 2469394688,
  "running_total_dropped": 24910250,
  "running_total_time_sec": 559.1961781040009,
  "p_gb": 0.00606,
  "p_bg": 0.6,
  "good_loss_rate": 0.0,
  "bad_loss_rate": 1.0
}