{
  "state": "good",
  "episode_index": 5460,
  "state_ordinal": 2730,
  "start_time_wall": 1756975669.2348611,
  "end_time_wall": 1756975669.2377844,
  "wall_time_sec": 0.002922812000178965,
  "steps": 25,
  "packets": 300877,
  "dropped": 0,
  "running_total_steps": 448281,
  "running_total_packets": 6365081079,
  "running_total_dropped": 64013342,
  "running_total_time_sec": 1437.033751160001,
  "p_gb": 0.00606,
  "p_bg": 0.6,
  "good_loss_rate": 0.0,
  "bad_loss_rate": 1.0
}