{
  "state": "good",
  "episode_index": 2676,
  "state_ordinal": 1338,
  "start_time_wall": 1756974930.089961,
  "end_time_wall": 1756974930.0937965,
  "wall_time_sec": 0.0038351260009221733,
  "steps": 34,
  "packets": 473002,
  "dropped": 0,
  "running_total_steps": 223248,
  "running_total_packets": 3169864252,
  "running_total_dropped": 31199819,
  "running_total_time_sec": 697.889763236999,
  "p_gb": 0.00606,
  "p_bg": 0.6,
  "good_loss_rate": 0.0,
  "bad_loss_rate": 1.0
}