{
  "state": "good",
  "episode_index": 2524,
  "state_ordinal": 1262,
  "start_time_wall": 1756974901.2879398,
  "end_time_wall": 1756974901.3218484,
  "wall_time_sec": 0.03390838099949178,
  "steps": 267,
  "packets": 3717476,
  "dropped": 1,
  "running_total_steps": 209553,
  "running_total_packets": 2975433381,
  "running_total_dropped": 29495789,
  "running_total_time_sec": 669.117815054,
  "p_gb": 0.00606,
  "p_bg": 0.6,
  "good_loss_rate": 0.0,
  "bad_loss_rate": 1.0
}