{
  "state": "good",
  "episode_index": 4948,
  "state_ordinal": 2474,
  "start_time_wall": 1756975548.4731212,
  "end_time_wall": 1756975548.4740515,
  "wall_time_sec": 0.0009303730003011879,
  "steps": 3,
  "packets": 95457,
  "dropped": 0,
  "running_total_steps": 408026,
  "running_total_packets": 5793451480,
  "running_total_dropped": 58548416,
  "running_total_time_sec": 1316.2700185370013,
  "p_gb": 0.00606,
  "p_bg": 0.6,
  "good_loss_rate": 0.0,
  "bad_loss_rate": 1.0
}