{
  "state": "good",
  "episode_index": 4056,
  "state_ordinal": 2028,
  "start_time_wall": 1756975334.1881473,
  "end_time_wall": 1756975334.19003,
  "wall_time_sec": 0.0018822550009645056,
  "steps": 15,
  "packets": 167801,
  "dropped": 0,
  "running_total_steps": 339043,
  "running_total_packets": 4813964901,
  "running_total_dropped": 47410643,
  "running_total_time_sec": 1101.9859969610006,
  "p_gb": 0.00606,
  "p_bg": 0.6,
  "good_loss_rate": 0.0,
  "bad_loss_rate": 1.0
}