{
  "state": "good",
  "episode_index": 6906,
  "state_ordinal": 3453,
  "start_time_wall": 1756976154.9364,
  "end_time_wall": 1756976154.959259,
  "wall_time_sec": 0.02285929500067141,
  "steps": 185,
  "packets": 2623925,
  "dropped": 0,
  "running_total_steps": 565709,
  "running_total_packets": 8032344313,
  "running_total_dropped": 81317824,
  "running_total_time_sec": 1922.7552259529984,
  "p_gb": 0.00606,
  "p_bg": 0.6,
  "good_loss_rate": 0.0,
  "bad_loss_rate": 1.0
}