{
  "state": "good",
  "episode_index": 5046,
  "state_ordinal": 2523,
  "start_time_wall": 1756975563.2677295,
  "end_time_wall": 1756975563.8499043,
  "wall_time_sec": 0.5821742410007573,
  "steps": 233,
  "packets": 3232909,
  "dropped": 0,
  "running_total_steps": 415159,
  "running_total_packets": 5894748909,
  "running_total_dropped": 59705602,
  "running_total_time_sec": 1331.6458711099986,
  "p_gb": 0.00606,
  "p_bg": 0.6,
  "good_loss_rate": 0.0,
  "bad_loss_rate": 1.0
}