{
  "state": "good",
  "episode_index": 2556,
  "state_ordinal": 1278,
  "start_time_wall": 1756974908.096099,
  "end_time_wall": 1756974908.097294,
  "wall_time_sec": 0.0011952899985772092,
  "steps": 8,
  "packets": 121499,
  "dropped": 0,
  "running_total_steps": 212702,
  "running_total_packets": 3020232488,
  "running_total_dropped": 29834292,
  "running_total_time_sec": 675.8932608709983,
  "p_gb": 0.00606,
  "p_bg": 0.6,
  "good_loss_rate": 0.0,
  "bad_loss_rate": 1.0
}