{
  "state": "good",
  "episode_index": 3458,
  "state_ordinal": 1729,
  "start_time_wall": 1756975136.9704049,
  "end_time_wall": 1756975137.001169,
  "wall_time_sec": 0.03076335600053426,
  "steps": 254,
  "packets": 3551128,
  "dropped": 0,
  "running_total_steps": 288787,
  "running_total_packets": 4100439355,
  "running_total_dropped": 40110187,
  "running_total_time_sec": 904.7971358020004,
  "p_gb": 0.00606,
  "p_bg": 0.6,
  "good_loss_rate": 0.0,
  "bad_loss_rate": 1.0
}