{
  "state": "good",
  "episode_index": 3756,
  "state_ordinal": 1878,
  "start_time_wall": 1756975217.3348832,
  "end_time_wall": 1756975217.342591,
  "wall_time_sec": 0.007707655997364782,
  "steps": 35,
  "packets": 474449,
  "dropped": 0,
  "running_total_steps": 310282,
  "running_total_packets": 4405611760,
  "running_total_dropped": 44059027,
  "running_total_time_sec": 985.1385578759982,
  "p_gb": 0.00606,
  "p_bg": 0.6,
  "good_loss_rate": 0.0,
  "bad_loss_rate": 1.0
}