{
  "state": "good",
  "episode_index": 7072,
  "state_ordinal": 3536,
  "start_time_wall": 1756976181.1517386,
  "end_time_wall": 1756976181.7411394,
  "wall_time_sec": 0.5894008300019777,
  "steps": 226,
  "packets": 3215538,
  "dropped": 0,
  "running_total_steps": 578459,
  "running_total_packets": 8213341669,
  "running_total_dropped": 83289400,
  "running_total_time_sec": 1949.5371062560007,
  "p_gb": 0.00606,
  "p_bg": 0.6,
  "good_loss_rate": 0.0,
  "bad_loss_rate": 1.0
}