{
  "state": "good",
  "episode_index": 468,
  "state_ordinal": 234,
  "start_time_wall": 1756974344.639494,
  "end_time_wall": 1756974345.212511,
  "wall_time_sec": 0.573016820999328,
  "steps": 217,
  "packets": 3065102,
  "dropped": 0,
  "running_total_steps": 35665,
  "running_total_packets": 506507317,
  "running_total_dropped": 5612350,
  "running_total_time_sec": 113.00847782200071,
  "p_gb": 0.00606,
  "p_bg": 0.6,
  "good_loss_rate": 0.0,
  "bad_loss_rate": 1.0
}