{
  "state": "good",
  "episode_index": 2376,
  "state_ordinal": 1188,
  "start_time_wall": 1756974874.4781744,
  "end_time_wall": 1756974874.4803765,
  "wall_time_sec": 0.0022014959977241233,
  "steps": 14,
  "packets": 166354,
  "dropped": 0,
  "running_total_steps": 196890,
  "running_total_packets": 2795636610,
  "running_total_dropped": 27910338,
  "running_total_time_sec": 642.2763432799984,
  "p_gb": 0.00606,
  "p_bg": 0.6,
  "good_loss_rate": 0.0,
  "bad_loss_rate": 1.0
}