{
  "state": "good",
  "episode_index": 6786,
  "state_ordinal": 3393,
  "start_time_wall": 1756976133.1923053,
  "end_time_wall": 1756976133.218416,
  "wall_time_sec": 0.02610958699733601,
  "steps": 223,
  "packets": 3140329,
  "dropped": 0,
  "running_total_steps": 555317,
  "running_total_packets": 7884776699,
  "running_total_dropped": 80095494,
  "running_total_time_sec": 1901.014382508998,
  "p_gb": 0.00606,
  "p_bg": 0.6,
  "good_loss_rate": 0.0,
  "bad_loss_rate": 1.0
}