{
  "state": "good",
  "episode_index": 1584,
  "state_ordinal": 792,
  "start_time_wall": 1756974654.1908274,
  "end_time_wall": 1756974655.5798364,
  "wall_time_sec": 1.3890082580001035,
  "steps": 928,
  "packets": 13073348,
  "dropped": 1,
  "running_total_steps": 134425,
  "running_total_packets": 1908677395,
  "running_total_dropped": 19007061,
  "running_total_time_sec": 423.3758030639983,
  "p_gb": 0.00606,
  "p_bg": 0.6,
  "good_loss_rate": 0.0,
  "bad_loss_rate": 1.0
}