{
  "state": "good",
  "episode_index": 2148,
  "state_ordinal": 1074,
  "start_time_wall": 1756974800.7401345,
  "end_time_wall": 1756974800.75185,
  "wall_time_sec": 0.011715488999470836,
  "steps": 89,
  "packets": 1213603,
  "dropped": 0,
  "running_total_steps": 178380,
  "running_total_packets": 2532833236,
  "running_total_dropped": 25455563,
  "running_total_time_sec": 568.5478168810005,
  "p_gb": 0.00606,
  "p_bg": 0.6,
  "good_loss_rate": 0.0,
  "bad_loss_rate": 1.0
}