{
  "state": "good",
  "episode_index": 376,
  "state_ordinal": 188,
  "start_time_wall": 1756974295.5238264,
  "end_time_wall": 1756974296.0460413,
  "wall_time_sec": 0.5222147940003197,
  "steps": 106,
  "packets": 1612825,
  "dropped": 0,
  "running_total_steps": 28395,
  "running_total_packets": 403312110,
  "running_total_dropped": 4582480,
  "running_total_time_sec": 63.84200802399937,
  "p_gb": 0.00606,
  "p_bg": 0.6,
  "good_loss_rate": 0.0,
  "bad_loss_rate": 1.0
}