{
  "state": "good",
  "episode_index": 7824,
  "state_ordinal": 3912,
  "start_time_wall": 1756976524.5232909,
  "end_time_wall": 1756976525.8971572,
  "wall_time_sec": 1.3738662830000976,
  "steps": 759,
  "packets": 10808143,
  "dropped": 0,
  "running_total_steps": 644737,
  "running_total_packets": 9154408143,
  "running_total_dropped": 92212748,
  "running_total_time_sec": 2293.693123934998,
  "p_gb": 0.00606,
  "p_bg": 0.6,
  "good_loss_rate": 0.0,
  "bad_loss_rate": 1.0
}