{
  "state": "good",
  "episode_index": 6448,
  "state_ordinal": 3224,
  "start_time_wall": 1756976041.0258083,
  "end_time_wall": 1756976041.0368335,
  "wall_time_sec": 0.011024845000065397,
  "steps": 100,
  "packets": 1368374,
  "dropped": 0,
  "running_total_steps": 528389,
  "running_total_packets": 7502461743,
  "running_total_dropped": 75959995,
  "running_total_time_sec": 1808.8328004030009,
  "p_gb": 0.00606,
  "p_bg": 0.6,
  "good_loss_rate": 0.0,
  "bad_loss_rate": 1.0
}