{
  "state": "good",
  "episode_index": 2442,
  "state_ordinal": 1221,
  "start_time_wall": 1756974885.6645515,
  "end_time_wall": 1756974886.255567,
  "wall_time_sec": 0.5910155629971996,
  "steps": 96,
  "packets": 1440694,
  "dropped": 0,
  "running_total_steps": 202476,
  "running_total_packets": 2874983598,
  "running_total_dropped": 28580121,
  "running_total_time_sec": 654.0515339669982,
  "p_gb": 0.00606,
  "p_bg": 0.6,
  "good_loss_rate": 0.0,
  "bad_loss_rate": 1.0
}