{
  "state": "good",
  "episode_index": 2626,
  "state_ordinal": 1313,
  "start_time_wall": 1756974919.1733565,
  "end_time_wall": 1756974919.778972,
  "wall_time_sec": 0.6056147509989387,
  "steps": 340,
  "packets": 4889118,
  "dropped": 0,
  "running_total_steps": 218138,
  "running_total_packets": 3097409752,
  "running_total_dropped": 30622664,
  "running_total_time_sec": 687.5749385989984,
  "p_gb": 0.00606,
  "p_bg": 0.6,
  "good_loss_rate": 0.0,
  "bad_loss_rate": 1.0
}