{
  "state": "good",
  "episode_index": 3354,
  "state_ordinal": 1677,
  "start_time_wall": 1756975116.1787999,
  "end_time_wall": 1756975116.1854205,
  "wall_time_sec": 0.006620244999794522,
  "steps": 61,
  "packets": 786897,
  "dropped": 0,
  "running_total_steps": 279146,
  "running_total_packets": 3963509206,
  "running_total_dropped": 38663736,
  "running_total_time_sec": 883.9813872949999,
  "p_gb": 0.00606,
  "p_bg": 0.6,
  "good_loss_rate": 0.0,
  "bad_loss_rate": 1.0
}