{
  "state": "good",
  "episode_index": 8118,
  "state_ordinal": 4059,
  "start_time_wall": 1756976576.1546416,
  "end_time_wall": 1756976576.1646476,
  "wall_time_sec": 0.010005432995967567,
  "steps": 69,
  "packets": 1094986,
  "dropped": 0,
  "running_total_steps": 668142,
  "running_total_packets": 9486843901,
  "running_total_dropped": 95849244,
  "running_total_time_sec": 2343.960614585998,
  "p_gb": 0.00606,
  "p_bg": 0.6,
  "good_loss_rate": 0.0,
  "bad_loss_rate": 1.0
}