{
  "state": "good",
  "episode_index": 8150,
  "state_ordinal": 4075,
  "start_time_wall": 1756976580.415693,
  "end_time_wall": 1756976580.9969804,
  "wall_time_sec": 0.5812873070026399,
  "steps": 144,
  "packets": 2049678,
  "dropped": 0,
  "running_total_steps": 670465,
  "running_total_packets": 9519709519,
  "running_total_dropped": 96274511,
  "running_total_time_sec": 2348.7929472610012,
  "p_gb": 0.00606,
  "p_bg": 0.6,
  "good_loss_rate": 0.0,
  "bad_loss_rate": 1.0
}