{
  "state": "good",
  "episode_index": 3944,
  "state_ordinal": 1972,
  "start_time_wall": 1756975313.2760262,
  "end_time_wall": 1756975313.299302,
  "wall_time_sec": 0.023274972998478916,
  "steps": 190,
  "packets": 2668774,
  "dropped": 0,
  "running_total_steps": 328932,
  "running_total_packets": 4670461906,
  "running_total_dropped": 45933791,
  "running_total_time_sec": 1081.095268918998,
  "p_gb": 0.00606,
  "p_bg": 0.6,
  "good_loss_rate": 0.0,
  "bad_loss_rate": 1.0
}