{
  "state": "good",
  "episode_index": 5770,
  "state_ordinal": 2885,
  "start_time_wall": 1756975755.902278,
  "end_time_wall": 1756975755.903238,
  "wall_time_sec": 0.000958925000304589,
  "steps": 2,
  "packets": 63638,
  "dropped": 0,
  "running_total_steps": 472712,
  "running_total_packets": 6711926734,
  "running_total_dropped": 68176307,
  "running_total_time_sec": 1523.699204870998,
  "p_gb": 0.00606,
  "p_bg": 0.6,
  "good_loss_rate": 0.0,
  "bad_loss_rate": 1.0
}