{
  "state": "good",
  "episode_index": 3564,
  "state_ordinal": 1782,
  "start_time_wall": 1756975188.718356,
  "end_time_wall": 1756975190.3948648,
  "wall_time_sec": 1.6765087969979504,
  "steps": 796,
  "packets": 11294169,
  "dropped": 0,
  "running_total_steps": 297616,
  "running_total_packets": 4225800524,
  "running_total_dropped": 41714301,
  "running_total_time_sec": 958.1908316839981,
  "p_gb": 0.00606,
  "p_bg": 0.6,
  "good_loss_rate": 0.0,
  "bad_loss_rate": 1.0
}