{
  "state": "good",
  "episode_index": 5326,
  "state_ordinal": 2663,
  "start_time_wall": 1756975650.4533186,
  "end_time_wall": 1756975650.4617534,
  "wall_time_sec": 0.008434753999608802,
  "steps": 62,
  "packets": 850529,
  "dropped": 0,
  "running_total_steps": 439284,
  "running_total_packets": 6237325983,
  "running_total_dropped": 62841619,
  "running_total_time_sec": 1418.2577202270004,
  "p_gb": 0.00606,
  "p_bg": 0.6,
  "good_loss_rate": 0.0,
  "bad_loss_rate": 1.0
}