{
  "state": "good",
  "episode_index": 3392,
  "state_ordinal": 1696,
  "start_time_wall": 1756975123.0675616,
  "end_time_wall": 1756975123.6684031,
  "wall_time_sec": 0.6008414610005275,
  "steps": 159,
  "packets": 2278223,
  "dropped": 0,
  "running_total_steps": 282541,
  "running_total_packets": 4011756749,
  "running_total_dropped": 39138167,
  "running_total_time_sec": 891.4643700199995,
  "p_gb": 0.00606,
  "p_bg": 0.6,
  "good_loss_rate": 0.0,
  "bad_loss_rate": 1.0
}