{
  "state": "good",
  "episode_index": 1640,
  "state_ordinal": 820,
  "start_time_wall": 1756974664.9763963,
  "end_time_wall": 1756974664.9784548,
  "wall_time_sec": 0.002058099002169911,
  "steps": 16,
  "packets": 229992,
  "dropped": 0,
  "running_total_steps": 138801,
  "running_total_packets": 1970854597,
  "running_total_dropped": 19522036,
  "running_total_time_sec": 432.77442151300056,
  "p_gb": 0.00606,
  "p_bg": 0.6,
  "good_loss_rate": 0.0,
  "bad_loss_rate": 1.0
}