{
  "state": "good",
  "episode_index": 3436,
  "state_ordinal": 1718,
  "start_time_wall": 1756975134.2378354,
  "end_time_wall": 1756975134.2586737,
  "wall_time_sec": 0.02083808899988071,
  "steps": 156,
  "packets": 2246392,
  "dropped": 0,
  "running_total_steps": 287431,
  "running_total_packets": 4081282099,
  "running_total_dropped": 39828134,
  "running_total_time_sec": 902.0546405479981,
  "p_gb": 0.00606,
  "p_bg": 0.6,
  "good_loss_rate": 0.0,
  "bad_loss_rate": 1.0
}