{
  "state": "good",
  "episode_index": 5520,
  "state_ordinal": 2760,
  "start_time_wall": 1756975713.1452165,
  "end_time_wall": 1756975713.1474314,
  "wall_time_sec": 0.0022143679998407606,
  "steps": 17,
  "packets": 211191,
  "dropped": 0,
  "running_total_steps": 452693,
  "running_total_packets": 6427713929,
  "running_total_dropped": 64901477,
  "running_total_time_sec": 1480.9433981830007,
  "p_gb": 0.00606,
  "p_bg": 0.6,
  "good_loss_rate": 0.0,
  "bad_loss_rate": 1.0
}