{
  "state": "good",
  "episode_index": 1320,
  "state_ordinal": 660,
  "start_time_wall": 1756974571.5173726,
  "end_time_wall": 1756974571.5202973,
  "wall_time_sec": 0.0029237720009405166,
  "steps": 20,
  "packets": 243022,
  "dropped": 0,
  "running_total_steps": 110788,
  "running_total_packets": 1573175076,
  "running_total_dropped": 15643916,
  "running_total_time_sec": 339.31626393199986,
  "p_gb": 0.00606,
  "p_bg": 0.6,
  "good_loss_rate": 0.0,
  "bad_loss_rate": 1.0
}