{
  "state": "good",
  "episode_index": 6152,
  "state_ordinal": 3076,
  "start_time_wall": 1756975951.5831063,
  "end_time_wall": 1756975951.5862095,
  "wall_time_sec": 0.0031030569989525247,
  "steps": 23,
  "packets": 300865,
  "dropped": 0,
  "running_total_steps": 502065,
  "running_total_packets": 7128656483,
  "running_total_dropped": 72429075,
  "running_total_time_sec": 1719.3821763089982,
  "p_gb": 0.00606,
  "p_bg": 0.6,
  "good_loss_rate": 0.0,
  "bad_loss_rate": 1.0
}