{
  "state": "good",
  "episode_index": 1952,
  "state_ordinal": 976,
  "start_time_wall": 1756974771.1706803,
  "end_time_wall": 1756974771.180238,
  "wall_time_sec": 0.009557105997373583,
  "steps": 72,
  "packets": 972040,
  "dropped": 0,
  "running_total_steps": 164351,
  "running_total_packets": 2333653541,
  "running_total_dropped": 23256877,
  "running_total_time_sec": 538.9762048349985,
  "p_gb": 0.00606,
  "p_bg": 0.6,
  "good_loss_rate": 0.0,
  "bad_loss_rate": 1.0
}