{
  "state": "good",
  "episode_index": 1556,
  "state_ordinal": 778,
  "start_time_wall": 1756974650.500347,
  "end_time_wall": 1756974650.6784253,
  "wall_time_sec": 0.17807820199959679,
  "steps": 23,
  "packets": 426711,
  "dropped": 0,
  "running_total_steps": 131860,
  "running_total_packets": 1872364806,
  "running_total_dropped": 18677251,
  "running_total_time_sec": 418.47439218900035,
  "p_gb": 0.00606,
  "p_bg": 0.6,
  "good_loss_rate": 0.0,
  "bad_loss_rate": 1.0
}