{
  "state": "good",
  "episode_index": 7718,
  "state_ordinal": 3859,
  "start_time_wall": 1756976370.9666817,
  "end_time_wall": 1756976370.9718277,
  "wall_time_sec": 0.005145838000316871,
  "steps": 46,
  "packets": 639344,
  "dropped": 0,
  "running_total_steps": 635613,
  "running_total_packets": 9024931723,
  "running_total_dropped": 90991894,
  "running_total_time_sec": 2138.767794485,
  "p_gb": 0.00606,
  "p_bg": 0.6,
  "good_loss_rate": 0.0,
  "bad_loss_rate": 1.0
}