{
  "state": "good",
  "episode_index": 216,
  "state_ordinal": 108,
  "start_time_wall": 1756974268.95954,
  "end_time_wall": 1756974268.974261,
  "wall_time_sec": 0.014720950999617344,
  "steps": 142,
  "packets": 1941186,
  "dropped": 0,
  "running_total_steps": 15860,
  "running_total_packets": 225227986,
  "running_total_dropped": 2635480,
  "running_total_time_sec": 36.770227879998856,
  "p_gb": 0.00606,
  "p_bg": 0.6,
  "good_loss_rate": 0.0,
  "bad_loss_rate": 1.0
}