{
  "state": "good",
  "episode_index": 1106,
  "state_ordinal": 553,
  "start_time_wall": 1756974502.3552265,
  "end_time_wall": 1756974503.290519,
  "wall_time_sec": 0.9352921009995043,
  "steps": 299,
  "packets": 4345243,
  "dropped": 1,
  "running_total_steps": 94945,
  "running_total_packets": 1348201653,
  "running_total_dropped": 12719188,
  "running_total_time_sec": 271.0864858519999,
  "p_gb": 0.00606,
  "p_bg": 0.6,
  "good_loss_rate": 0.0,
  "bad_loss_rate": 1.0
}