{
  "state": "good",
  "episode_index": 1464,
  "state_ordinal": 732,
  "start_time_wall": 1756974596.2905402,
  "end_time_wall": 1756974596.3069084,
  "wall_time_sec": 0.0163680719997501,
  "steps": 117,
  "packets": 1748789,
  "dropped": 0,
  "running_total_steps": 122618,
  "running_total_packets": 1741191652,
  "running_total_dropped": 17512776,
  "running_total_time_sec": 364.1028752940001,
  "p_gb": 0.00606,
  "p_bg": 0.6,
  "good_loss_rate": 0.0,
  "bad_loss_rate": 1.0
}