{
  "state": "good",
  "episode_index": 7978,
  "state_ordinal": 3989,
  "start_time_wall": 1756976550.6932237,
  "end_time_wall": 1756976550.8894386,
  "wall_time_sec": 0.1962150510007632,
  "steps": 154,
  "packets": 2233374,
  "dropped": 0,
  "running_total_steps": 656110,
  "running_total_packets": 9315973402,
  "running_total_dropped": 94245027,
  "running_total_time_sec": 2318.6854055900003,
  "p_gb": 0.00606,
  "p_bg": 0.6,
  "good_loss_rate": 0.0,
  "bad_loss_rate": 1.0
}