{
  "state": "good",
  "episode_index": 5762,
  "state_ordinal": 2881,
  "start_time_wall": 1756975754.3471837,
  "end_time_wall": 1756975754.3595998,
  "wall_time_sec": 0.012416131001373287,
  "steps": 116,
  "packets": 1578118,
  "dropped": 0,
  "running_total_steps": 472094,
  "running_total_packets": 6703133556,
  "running_total_dropped": 68108328,
  "running_total_time_sec": 1522.1555666550012,
  "p_gb": 0.00606,
  "p_bg": 0.6,
  "good_loss_rate": 0.0,
  "bad_loss_rate": 1.0
}