{
  "state": "good",
  "episode_index": 6288,
  "state_ordinal": 3144,
  "start_time_wall": 1756975977.2784927,
  "end_time_wall": 1756975977.284389,
  "wall_time_sec": 0.0058963839983334765,
  "steps": 46,
  "packets": 608972,
  "dropped": 0,
  "running_total_steps": 514114,
  "running_total_packets": 7299726608,
  "running_total_dropped": 74080959,
  "running_total_time_sec": 1745.0803559939995,
  "p_gb": 0.00606,
  "p_bg": 0.6,
  "good_loss_rate": 0.0,
  "bad_loss_rate": 1.0
}