{
  "state": "good",
  "episode_index": 4888,
  "state_ordinal": 2444,
  "start_time_wall": 1756975538.78974,
  "end_time_wall": 1756975539.3745549,
  "wall_time_sec": 0.5848142650029331,
  "steps": 137,
  "packets": 1971563,
  "dropped": 0,
  "running_total_steps": 403503,
  "running_total_packets": 5729265113,
  "running_total_dropped": 57697901,
  "running_total_time_sec": 1307.170521731001,
  "p_gb": 0.00606,
  "p_bg": 0.6,
  "good_loss_rate": 0.0,
  "bad_loss_rate": 1.0
}