{
  "state": "good",
  "episode_index": 7116,
  "state_ordinal": 3558,
  "start_time_wall": 1756976222.7282999,
  "end_time_wall": 1756976222.756663,
  "wall_time_sec": 0.028363098001136677,
  "steps": 86,
  "packets": 1274364,
  "dropped": 1,
  "running_total_steps": 581776,
  "running_total_packets": 8260510132,
  "running_total_dropped": 83828919,
  "running_total_time_sec": 1990.5526298990007,
  "p_gb": 0.00606,
  "p_bg": 0.6,
  "good_loss_rate": 0.0,
  "bad_loss_rate": 1.0
}