{
  "state": "good",
  "episode_index": 4998,
  "state_ordinal": 2499,
  "start_time_wall": 1756975556.1712482,
  "end_time_wall": 1756975556.3696468,
  "wall_time_sec": 0.1983981780031172,
  "steps": 182,
  "packets": 2609460,
  "dropped": 1,
  "running_total_steps": 411687,
  "running_total_packets": 5845501843,
  "running_total_dropped": 59247054,
  "running_total_time_sec": 1324.165613475001,
  "p_gb": 0.00606,
  "p_bg": 0.6,
  "good_loss_rate": 0.0,
  "bad_loss_rate": 1.0
}