{
  "state": "good",
  "episode_index": 4742,
  "state_ordinal": 2371,
  "start_time_wall": 1756975513.628073,
  "end_time_wall": 1756975513.6395235,
  "wall_time_sec": 0.011450604000856401,
  "steps": 89,
  "packets": 1213603,
  "dropped": 0,
  "running_total_steps": 391118,
  "running_total_packets": 5553369520,
  "running_total_dropped": 55991071,
  "running_total_time_sec": 1281.4354903960011,
  "p_gb": 0.00606,
  "p_bg": 0.6,
  "good_loss_rate": 0.0,
  "bad_loss_rate": 1.0
}