{
  "state": "good",
  "episode_index": 58,
  "state_ordinal": 29,
  "start_time_wall": 1756974245.7151258,
  "end_time_wall": 1756974245.7211552,
  "wall_time_sec": 0.00602911399982986,
  "steps": 31,
  "packets": 390551,
  "dropped": 1,
  "running_total_steps": 4799,
  "running_total_packets": 68155511,
  "running_total_dropped": 701572,
  "running_total_time_sec": 13.517121787001088,
  "p_gb": 0.00606,
  "p_bg": 0.6,
  "good_loss_rate": 0.0,
  "bad_loss_rate": 1.0
}