{
  "state": "good",
  "episode_index": 1942,
  "state_ordinal": 971,
  "start_time_wall": 1756974768.6265638,
  "end_time_wall": 1756974770.3490863,
  "wall_time_sec": 1.722522066997044,
  "steps": 985,
  "packets": 14013557,
  "dropped": 0,
  "running_total_steps": 164028,
  "running_total_packets": 2329111584,
  "running_total_dropped": 23126707,
  "running_total_time_sec": 538.1450530039983,
  "p_gb": 0.00606,
  "p_bg": 0.6,
  "good_loss_rate": 0.0,
  "bad_loss_rate": 1.0
}