{
  "state": "good",
  "episode_index": 1484,
  "state_ordinal": 742,
  "start_time_wall": 1756974601.3022256,
  "end_time_wall": 1756974602.1893563,
  "wall_time_sec": 0.8871303189989703,
  "steps": 356,
  "packets": 5088738,
  "dropped": 0,
  "running_total_steps": 125425,
  "running_total_packets": 1781024997,
  "running_total_dropped": 17977100,
  "running_total_time_sec": 369.9853231289999,
  "p_gb": 0.00606,
  "p_bg": 0.6,
  "good_loss_rate": 0.0,
  "bad_loss_rate": 1.0
}