{
  "state": "good",
  "episode_index": 6988,
  "state_ordinal": 3494,
  "start_time_wall": 1756976166.1785681,
  "end_time_wall": 1756976166.728844,
  "wall_time_sec": 0.5502756999994745,
  "steps": 58,
  "packets": 941656,
  "dropped": 0,
  "running_total_steps": 571092,
  "running_total_packets": 8108824366,
  "running_total_dropped": 82349171,
  "running_total_time_sec": 1934.5248108119995,
  "p_gb": 0.00606,
  "p_bg": 0.6,
  "good_loss_rate": 0.0,
  "bad_loss_rate": 1.0
}