{
  "state": "good",
  "episode_index": 4698,
  "state_ordinal": 2349,
  "start_time_wall": 1756975507.4439774,
  "end_time_wall": 1756975508.0813959,
  "wall_time_sec": 0.6374184660016908,
  "steps": 503,
  "packets": 7057407,
  "dropped": 0,
  "running_total_steps": 388637,
  "running_total_packets": 5518164941,
  "running_total_dropped": 55254841,
  "running_total_time_sec": 1275.8773628199997,
  "p_gb": 0.00606,
  "p_bg": 0.6,
  "good_loss_rate": 0.0,
  "bad_loss_rate": 1.0
}