{
  "state": "good",
  "episode_index": 3222,
  "state_ordinal": 1611,
  "start_time_wall": 1756975092.3068902,
  "end_time_wall": 1756975092.8981173,
  "wall_time_sec": 0.591226997999911,
  "steps": 240,
  "packets": 3520744,
  "dropped": 0,
  "running_total_steps": 267951,
  "running_total_packets": 3804695154,
  "running_total_dropped": 37168047,
  "running_total_time_sec": 860.694084032999,
  "p_gb": 0.00606,
  "p_bg": 0.6,
  "good_loss_rate": 0.0,
  "bad_loss_rate": 1.0
}