{
  "state": "good",
  "episode_index": 1064,
  "state_ordinal": 532,
  "start_time_wall": 1756974494.0565212,
  "end_time_wall": 1756974494.6430461,
  "wall_time_sec": 0.5865250379974896,
  "steps": 122,
  "packets": 1771949,
  "dropped": 0,
  "running_total_steps": 90653,
  "running_total_packets": 1287308927,
  "running_total_dropped": 12331472,
  "running_total_time_sec": 262.43901303799794,
  "p_gb": 0.00606,
  "p_bg": 0.6,
  "good_loss_rate": 0.0,
  "bad_loss_rate": 1.0
}