{
  "state": "good",
  "episode_index": 994,
  "state_ordinal": 497,
  "start_time_wall": 1756974483.6518142,
  "end_time_wall": 1756974483.6726925,
  "wall_time_sec": 0.02087791000303696,
  "steps": 154,
  "packets": 2234815,
  "dropped": 0,
  "running_total_steps": 85635,
  "running_total_packets": 1216070930,
  "running_total_dropped": 11615420,
  "running_total_time_sec": 251.46865913700094,
  "p_gb": 0.00606,
  "p_bg": 0.6,
  "good_loss_rate": 0.0,
  "bad_loss_rate": 1.0
}