{
  "state": "good",
  "episode_index": 2826,
  "state_ordinal": 1413,
  "start_time_wall": 1756974990.302531,
  "end_time_wall": 1756974990.304699,
  "wall_time_sec": 0.0021671289978257846,
  "steps": 17,
  "packets": 211191,
  "dropped": 0,
  "running_total_steps": 235678,
  "running_total_packets": 3346397742,
  "running_total_dropped": 32848785,
  "running_total_time_sec": 758.1006656889986,
  "p_gb": 0.00606,
  "p_bg": 0.6,
  "good_loss_rate": 0.0,
  "bad_loss_rate": 1.0
}