{
  "state": "good",
  "episode_index": 8166,
  "state_ordinal": 4083,
  "start_time_wall": 1756976583.0635853,
  "end_time_wall": 1756976583.0705917,
  "wall_time_sec": 0.007006004001596011,
  "steps": 61,
  "packets": 850523,
  "dropped": 0,
  "running_total_steps": 671402,
  "running_total_packets": 9533114092,
  "running_total_dropped": 96607197,
  "running_total_time_sec": 2350.8665585849994,
  "p_gb": 0.00606,
  "p_bg": 0.6,
  "good_loss_rate": 0.0,
  "bad_loss_rate": 1.0
}