{
  "state": "good",
  "episode_index": 7850,
  "state_ordinal": 3925,
  "start_time_wall": 1756976530.4729621,
  "end_time_wall": 1756976530.4816492,
  "wall_time_sec": 0.008686929999385029,
  "steps": 84,
  "packets": 1106569,
  "dropped": 0,
  "running_total_steps": 646920,
  "running_total_packets": 9185435268,
  "running_total_dropped": 92506391,
  "running_total_time_sec": 2298.2776159000023,
  "p_gb": 0.00606,
  "p_bg": 0.6,
  "good_loss_rate": 0.0,
  "bad_loss_rate": 1.0
}