{
  "state": "good",
  "episode_index": 3820,
  "state_ordinal": 1910,
  "start_time_wall": 1756975228.9928524,
  "end_time_wall": 1756975229.0236132,
  "wall_time_sec": 0.030760449000808876,
  "steps": 247,
  "packets": 3462889,
  "dropped": 0,
  "running_total_steps": 316047,
  "running_total_packets": 4487523371,
  "running_total_dropped": 44617399,
  "running_total_time_sec": 996.819579903,
  "p_gb": 0.00606,
  "p_bg": 0.6,
  "good_loss_rate": 0.0,
  "bad_loss_rate": 1.0
}