{
  "state": "good",
  "episode_index": 166,
  "state_ordinal": 83,
  "start_time_wall": 1756974261.2528105,
  "end_time_wall": 1756974261.2690885,
  "wall_time_sec": 0.01627786700191791,
  "steps": 143,
  "packets": 2111857,
  "dropped": 0,
  "running_total_steps": 12194,
  "running_total_packets": 173238372,
  "running_total_dropped": 2088710,
  "running_total_time_sec": 29.065055242001108,
  "p_gb": 0.00606,
  "p_bg": 0.6,
  "good_loss_rate": 0.0,
  "bad_loss_rate": 1.0
}