{
  "state": "good",
  "episode_index": 878,
  "state_ordinal": 439,
  "start_time_wall": 1756974460.713723,
  "end_time_wall": 1756974460.7222154,
  "wall_time_sec": 0.008492516000842443,
  "steps": 65,
  "packets": 863553,
  "dropped": 0,
  "running_total_steps": 74700,
  "running_total_packets": 1060698084,
  "running_total_dropped": 10440792,
  "running_total_time_sec": 228.51818223699956,
  "p_gb": 0.00606,
  "p_bg": 0.6,
  "good_loss_rate": 0.0,
  "bad_loss_rate": 1.0
}