{
  "state": "good",
  "episode_index": 5922,
  "state_ordinal": 2961,
  "start_time_wall": 1756975914.0123997,
  "end_time_wall": 1756975914.5927315,
  "wall_time_sec": 0.5803317689969845,
  "steps": 161,
  "packets": 2272434,
  "dropped": 0,
  "running_total_steps": 484751,
  "running_total_packets": 6882823287,
  "running_total_dropped": 69916488,
  "running_total_time_sec": 1682.3886982769982,
  "p_gb": 0.00606,
  "p_bg": 0.6,
  "good_loss_rate": 0.0,
  "bad_loss_rate": 1.0
}