{
  "state": "good",
  "episode_index": 6780,
  "state_ordinal": 3390,
  "start_time_wall": 1756976131.4642222,
  "end_time_wall": 1756976132.3948622,
  "wall_time_sec": 0.9306397110012767,
  "steps": 358,
  "packets": 5100315,
  "dropped": 0,
  "running_total_steps": 554824,
  "running_total_packets": 7877842244,
  "running_total_dropped": 80018831,
  "running_total_time_sec": 1900.1908288119994,
  "p_gb": 0.00606,
  "p_bg": 0.6,
  "good_loss_rate": 0.0,
  "bad_loss_rate": 1.0
}