{
  "state": "good",
  "episode_index": 7170,
  "state_ordinal": 3585,
  "start_time_wall": 1756976232.6357293,
  "end_time_wall": 1756976232.6611538,
  "wall_time_sec": 0.02542436299700057,
  "steps": 205,
  "packets": 2930573,
  "dropped": 0,
  "running_total_steps": 586597,
  "running_total_packets": 8328972309,
  "running_total_dropped": 84210837,
  "running_total_time_sec": 2000.4571205469983,
  "p_gb": 0.00606,
  "p_bg": 0.6,
  "good_loss_rate": 0.0,
  "bad_loss_rate": 1.0
}