{
  "state": "good",
  "episode_index": 778,
  "state_ordinal": 389,
  "start_time_wall": 1756974402.3202152,
  "end_time_wall": 1756974403.6583726,
  "wall_time_sec": 1.338156654001068,
  "steps": 664,
  "packets": 9348648,
  "dropped": 0,
  "running_total_steps": 63885,
  "running_total_packets": 907117423,
  "running_total_dropped": 9297985,
  "running_total_time_sec": 171.4543395469991,
  "p_gb": 0.00606,
  "p_bg": 0.6,
  "good_loss_rate": 0.0,
  "bad_loss_rate": 1.0
}