{
  "state": "good",
  "episode_index": 6810,
  "state_ordinal": 3405,
  "start_time_wall": 1756976136.645706,
  "end_time_wall": 1756976136.6683316,
  "wall_time_sec": 0.02262564899865538,
  "steps": 186,
  "packets": 2655744,
  "dropped": 0,
  "running_total_steps": 556875,
  "running_total_packets": 7906925289,
  "running_total_dropped": 80416619,
  "running_total_time_sec": 1904.4642983949998,
  "p_gb": 0.00606,
  "p_bg": 0.6,
  "good_loss_rate": 0.0,
  "bad_loss_rate": 1.0
}