{
  "state": "good",
  "episode_index": 710,
  "state_ordinal": 355,
  "start_time_wall": 1756974390.5520768,
  "end_time_wall": 1756974390.5559123,
  "wall_time_sec": 0.0038352439987647813,
  "steps": 28,
  "packets": 365962,
  "dropped": 0,
  "running_total_steps": 57442,
  "running_total_packets": 815627184,
  "running_total_dropped": 8661522,
  "running_total_time_sec": 158.351878958998,
  "p_gb": 0.00606,
  "p_bg": 0.6,
  "good_loss_rate": 0.0,
  "bad_loss_rate": 1.0
}