{
  "state": "good",
  "episode_index": 7104,
  "state_ordinal": 3552,
  "start_time_wall": 1756976221.0183995,
  "end_time_wall": 1756976221.056282,
  "wall_time_sec": 0.03788238800188992,
  "steps": 311,
  "packets": 4324995,
  "dropped": 1,
  "running_total_steps": 581010,
  "running_total_packets": 8249593502,
  "running_total_dropped": 83581595,
  "running_total_time_sec": 1988.8522488140006,
  "p_gb": 0.00606,
  "p_bg": 0.6,
  "good_loss_rate": 0.0,
  "bad_loss_rate": 1.0
}