{
  "state": "good",
  "episode_index": 1864,
  "state_ordinal": 932,
  "start_time_wall": 1756974701.3344245,
  "end_time_wall": 1756974701.34718,
  "wall_time_sec": 0.012755162999383174,
  "steps": 123,
  "packets": 1637426,
  "dropped": 0,
  "running_total_steps": 156108,
  "running_total_packets": 2216579306,
  "running_total_dropped": 21878434,
  "running_total_time_sec": 469.1431465729984,
  "p_gb": 0.00606,
  "p_bg": 0.6,
  "good_loss_rate": 0.0,
  "bad_loss_rate": 1.0
}