{
  "state": "good",
  "episode_index": 1758,
  "state_ordinal": 879,
  "start_time_wall": 1756974685.6852531,
  "end_time_wall": 1756974686.2813377,
  "wall_time_sec": 0.5960837059974438,
  "steps": 286,
  "packets": 4160088,
  "dropped": 0,
  "running_total_steps": 148948,
  "running_total_packets": 2115022960,
  "running_total_dropped": 20398685,
  "running_total_time_sec": 454.0773045479982,
  "p_gb": 0.00606,
  "p_bg": 0.6,
  "good_loss_rate": 0.0,
  "bad_loss_rate": 1.0
}