{
  "state": "good",
  "episode_index": 2396,
  "state_ordinal": 1198,
  "start_time_wall": 1756974877.135136,
  "end_time_wall": 1756974877.1363037,
  "wall_time_sec": 0.0011673689987219404,
  "steps": 7,
  "packets": 108487,
  "dropped": 0,
  "running_total_steps": 198349,
  "running_total_packets": 2816330041,
  "running_total_dropped": 28107080,
  "running_total_time_sec": 644.9322703379985,
  "p_gb": 0.00606,
  "p_bg": 0.6,
  "good_loss_rate": 0.0,
  "bad_loss_rate": 1.0
}