{
  "state": "good",
  "episode_index": 1648,
  "state_ordinal": 824,
  "start_time_wall": 1756974665.7874503,
  "end_time_wall": 1756974666.3903475,
  "wall_time_sec": 0.6028971320010896,
  "steps": 196,
  "packets": 2827875,
  "dropped": 0,
  "running_total_steps": 139473,
  "running_total_packets": 1980375364,
  "running_total_dropped": 19578444,
  "running_total_time_sec": 434.18631438599914,
  "p_gb": 0.00606,
  "p_bg": 0.6,
  "good_loss_rate": 0.0,
  "bad_loss_rate": 1.0
}