{
  "state": "good",
  "episode_index": 5248,
  "state_ordinal": 2624,
  "start_time_wall": 1756975632.5305402,
  "end_time_wall": 1756975633.496258,
  "wall_time_sec": 0.9657176380023884,
  "steps": 490,
  "packets": 7058842,
  "dropped": 1,
  "running_total_steps": 431380,
  "running_total_packets": 6125140860,
  "running_total_dropped": 61395191,
  "running_total_time_sec": 1401.2922248100003,
  "p_gb": 0.00606,
  "p_bg": 0.6,
  "good_loss_rate": 0.0,
  "bad_loss_rate": 1.0
}