{
  "state": "good",
  "episode_index": 7032,
  "state_ordinal": 3516,
  "start_time_wall": 1756976175.2343545,
  "end_time_wall": 1756976175.984977,
  "wall_time_sec": 0.7506222110023373,
  "steps": 104,
  "packets": 1520256,
  "dropped": 1,
  "running_total_steps": 575557,
  "running_total_packets": 8172174675,
  "running_total_dropped": 82888731,
  "running_total_time_sec": 1943.7809436610005,
  "p_gb": 0.00606,
  "p_bg": 0.6,
  "good_loss_rate": 0.0,
  "bad_loss_rate": 1.0
}