{
  "state": "good",
  "episode_index": 14,
  "state_ordinal": 7,
  "start_time_wall": 1756974238.9055233,
  "end_time_wall": 1756974239.1419437,
  "wall_time_sec": 0.23642042299979948,
  "steps": 165,
  "packets": 2367897,
  "dropped": 0,
  "running_total_steps": 1627,
  "running_total_packets": 23255135,
  "running_total_dropped": 215534,
  "running_total_time_sec": 6.937910468001064,
  "p_gb": 0.00606,
  "p_bg": 0.6,
  "good_loss_rate": 0.0,
  "bad_loss_rate": 1.0
}