{
  "state": "good",
  "episode_index": 6526,
  "state_ordinal": 3263,
  "start_time_wall": 1756976053.0820282,
  "end_time_wall": 1756976053.6635258,
  "wall_time_sec": 0.5814978929993231,
  "steps": 273,
  "packets": 3825957,
  "dropped": 0,
  "running_total_steps": 534183,
  "running_total_packets": 7584739322,
  "running_total_dropped": 76933487,
  "running_total_time_sec": 1821.4594926739992,
  "p_gb": 0.00606,
  "p_bg": 0.6,
  "good_loss_rate": 0.0,
  "bad_loss_rate": 1.0
}