{
  "state": "good",
  "episode_index": 2178,
  "state_ordinal": 1089,
  "start_time_wall": 1756974806.7109988,
  "end_time_wall": 1756974806.7164483,
  "wall_time_sec": 0.00544951600022614,
  "steps": 42,
  "packets": 543881,
  "dropped": 0,
  "running_total_steps": 181233,
  "running_total_packets": 2573318931,
  "running_total_dropped": 25830203,
  "running_total_time_sec": 574.5124151329983,
  "p_gb": 0.00606,
  "p_bg": 0.6,
  "good_loss_rate": 0.0,
  "bad_loss_rate": 1.0
}