{
  "state": "good",
  "episode_index": 658,
  "state_ordinal": 329,
  "start_time_wall": 1756974381.2634912,
  "end_time_wall": 1756974381.4717004,
  "wall_time_sec": 0.2082091140000557,
  "steps": 232,
  "packets": 3232903,
  "dropped": 1,
  "running_total_steps": 53113,
  "running_total_packets": 754236867,
  "running_total_dropped": 8126303,
  "running_total_time_sec": 149.26766716999919,
  "p_gb": 0.00606,
  "p_bg": 0.6,
  "good_loss_rate": 0.0,
  "bad_loss_rate": 1.0
}