{
  "state": "good",
  "episode_index": 382,
  "state_ordinal": 191,
  "start_time_wall": 1756974296.957505,
  "end_time_wall": 1756974297.1363225,
  "wall_time_sec": 0.17881726199993864,
  "steps": 40,
  "packets": 678398,
  "dropped": 0,
  "running_total_steps": 28949,
  "running_total_packets": 411170873,
  "running_total_dropped": 4611417,
  "running_total_time_sec": 64.93228926699885,
  "p_gb": 0.00606,
  "p_bg": 0.6,
  "good_loss_rate": 0.0,
  "bad_loss_rate": 1.0
}