{
  "state": "good",
  "episode_index": 1312,
  "state_ordinal": 656,
  "start_time_wall": 1756974570.6922321,
  "end_time_wall": 1756974570.7001424,
  "wall_time_sec": 0.007909874002507422,
  "steps": 59,
  "packets": 824499,
  "dropped": 0,
  "running_total_steps": 110485,
  "running_total_packets": 1568803797,
  "running_total_dropped": 15536882,
  "running_total_time_sec": 338.4961090680008,
  "p_gb": 0.00606,
  "p_bg": 0.6,
  "good_loss_rate": 0.0,
  "bad_loss_rate": 1.0
}