{
  "state": "good",
  "episode_index": 7222,
  "state_ordinal": 3611,
  "start_time_wall": 1756976242.0153077,
  "end_time_wall": 1756976242.0166485,
  "wall_time_sec": 0.0013406219986791257,
  "steps": 9,
  "packets": 121505,
  "dropped": 0,
  "running_total_steps": 591074,
  "running_total_packets": 8392519332,
  "running_total_dropped": 85061360,
  "running_total_time_sec": 2009.8126153929989,
  "p_gb": 0.00606,
  "p_bg": 0.6,
  "good_loss_rate": 0.0,
  "bad_loss_rate": 1.0
}