{
  "state": "good",
  "episode_index": 4144,
  "state_ordinal": 2072,
  "start_time_wall": 1756975346.907665,
  "end_time_wall": 1756975347.5075116,
  "wall_time_sec": 0.5998465150005359,
  "steps": 354,
  "packets": 4919502,
  "dropped": 0,
  "running_total_steps": 345289,
  "running_total_packets": 4902664873,
  "running_total_dropped": 48417420,
  "running_total_time_sec": 1115.3034782440009,
  "p_gb": 0.00606,
  "p_bg": 0.6,
  "good_loss_rate": 0.0,
  "bad_loss_rate": 1.0
}