{
  "state": "good",
  "episode_index": 6108,
  "state_ordinal": 3054,
  "start_time_wall": 1756975943.6515849,
  "end_time_wall": 1756975943.850019,
  "wall_time_sec": 0.19843351599774905,
  "steps": 183,
  "packets": 2610907,
  "dropped": 0,
  "running_total_steps": 498622,
  "running_total_packets": 7079807198,
  "running_total_dropped": 71995125,
  "running_total_time_sec": 1711.645985791998,
  "p_gb": 0.00606,
  "p_bg": 0.6,
  "good_loss_rate": 0.0,
  "bad_loss_rate": 1.0
}