{
  "state": "good",
  "episode_index": 2268,
  "state_ordinal": 1134,
  "start_time_wall": 1756974822.9311514,
  "end_time_wall": 1756974822.940976,
  "wall_time_sec": 0.009823934000451118,
  "steps": 90,
  "packets": 1215050,
  "dropped": 0,
  "running_total_steps": 189100,
  "running_total_packets": 2685018028,
  "running_total_dropped": 26842764,
  "running_total_time_sec": 590.7369426869991,
  "p_gb": 0.00606,
  "p_bg": 0.6,
  "good_loss_rate": 0.0,
  "bad_loss_rate": 1.0
}