{
  "state": "good",
  "episode_index": 2480,
  "state_ordinal": 1240,
  "start_time_wall": 1756974892.5391266,
  "end_time_wall": 1756974892.554809,
  "wall_time_sec": 0.01568230300108553,
  "steps": 146,
  "packets": 2007718,
  "dropped": 0,
  "running_total_steps": 205618,
  "running_total_packets": 2919525242,
  "running_total_dropped": 28928754,
  "running_total_time_sec": 660.3507757970001,
  "p_gb": 0.00606,
  "p_bg": 0.6,
  "good_loss_rate": 0.0,
  "bad_loss_rate": 1.0
}