{
  "state": "good",
  "episode_index": 674,
  "state_ordinal": 337,
  "start_time_wall": 1756974383.0928788,
  "end_time_wall": 1756974383.6576688,
  "wall_time_sec": 0.5647889190004207,
  "steps": 78,
  "packets": 1216491,
  "dropped": 0,
  "running_total_steps": 54087,
  "running_total_packets": 768127466,
  "running_total_dropped": 8259397,
  "running_total_time_sec": 151.45363560199985,
  "p_gb": 0.00606,
  "p_bg": 0.6,
  "good_loss_rate": 0.0,
  "bad_loss_rate": 1.0
}