{
  "state": "good",
  "episode_index": 2378,
  "state_ordinal": 1189,
  "start_time_wall": 1756974874.481996,
  "end_time_wall": 1756974874.5154088,
  "wall_time_sec": 0.033412314998713555,
  "steps": 282,
  "packets": 3947462,
  "dropped": 1,
  "running_total_steps": 197173,
  "running_total_packets": 2799585519,
  "running_total_dropped": 27911786,
  "running_total_time_sec": 642.3113753559992,
  "p_gb": 0.00606,
  "p_bg": 0.6,
  "good_loss_rate": 0.0,
  "bad_loss_rate": 1.0
}