{
  "state": "good",
  "episode_index": 6820,
  "state_ordinal": 3410,
  "start_time_wall": 1756976138.272174,
  "end_time_wall": 1756976138.2863424,
  "wall_time_sec": 0.014168646997859469,
  "steps": 117,
  "packets": 1696728,
  "dropped": 0,
  "running_total_steps": 557661,
  "running_total_packets": 7918097947,
  "running_total_dropped": 80538136,
  "running_total_time_sec": 1906.0823092379978,
  "p_gb": 0.00606,
  "p_bg": 0.6,
  "good_loss_rate": 0.0,
  "bad_loss_rate": 1.0
}