{
  "state": "good",
  "episode_index": 2074,
  "state_ordinal": 1037,
  "start_time_wall": 1756974788.2597885,
  "end_time_wall": 1756974788.2763765,
  "wall_time_sec": 0.016587819998676423,
  "steps": 130,
  "packets": 1777726,
  "dropped": 0,
  "running_total_steps": 172435,
  "running_total_packets": 2448385927,
  "running_total_dropped": 24742412,
  "running_total_time_sec": 556.0723432999985,
  "p_gb": 0.00606,
  "p_bg": 0.6,
  "good_loss_rate": 0.0,
  "bad_loss_rate": 1.0
}