{
  "state": "good",
  "episode_index": 7692,
  "state_ordinal": 3846,
  "start_time_wall": 1756976365.1323757,
  "end_time_wall": 1756976365.7208502,
  "wall_time_sec": 0.5884740809997311,
  "steps": 227,
  "packets": 3218426,
  "dropped": 0,
  "running_total_steps": 632984,
  "running_total_packets": 8987651430,
  "running_total_dropped": 90785031,
  "running_total_time_sec": 2133.516816866999,
  "p_gb": 0.00606,
  "p_bg": 0.6,
  "good_loss_rate": 0.0,
  "bad_loss_rate": 1.0
}