{
  "state": "good",
  "episode_index": 1428,
  "state_ordinal": 714,
  "start_time_wall": 1756974589.5742,
  "end_time_wall": 1756974590.1510372,
  "wall_time_sec": 0.5768366800002696,
  "steps": 64,
  "packets": 987952,
  "dropped": 0,
  "running_total_steps": 119617,
  "running_total_packets": 1698518879,
  "running_total_dropped": 17087475,
  "running_total_time_sec": 357.9470039330008,
  "p_gb": 0.00606,
  "p_bg": 0.6,
  "good_loss_rate": 0.0,
  "bad_loss_rate": 1.0
}