{
  "state": "good",
  "episode_index": 3062,
  "state_ordinal": 1531,
  "start_time_wall": 1756975031.796701,
  "end_time_wall": 1756975031.8130174,
  "wall_time_sec": 0.016315386001224397,
  "steps": 120,
  "packets": 1760372,
  "dropped": 0,
  "running_total_steps": 255287,
  "running_total_packets": 3624898377,
  "running_total_dropped": 35592803,
  "running_total_time_sec": 799.6089840109998,
  "p_gb": 0.00606,
  "p_bg": 0.6,
  "good_loss_rate": 0.0,
  "bad_loss_rate": 1.0
}