{
  "state": "good",
  "episode_index": 432,
  "state_ordinal": 216,
  "start_time_wall": 1756974339.4696338,
  "end_time_wall": 1756974339.4800184,
  "wall_time_sec": 0.01038397999946028,
  "steps": 98,
  "packets": 1304736,
  "dropped": 0,
  "running_total_steps": 33095,
  "running_total_packets": 469950283,
  "running_total_dropped": 5246386,
  "running_total_time_sec": 107.27598520199899,
  "p_gb": 0.00606,
  "p_bg": 0.6,
  "good_loss_rate": 0.0,
  "bad_loss_rate": 1.0
}