{
  "state": "good",
  "episode_index": 6208,
  "state_ordinal": 3104,
  "start_time_wall": 1756975961.2882268,
  "end_time_wall": 1756975961.3003175,
  "wall_time_sec": 0.012090539999917382,
  "steps": 17,
  "packets": 423787,
  "dropped": 1,
  "running_total_steps": 506537,
  "running_total_packets": 7192294627,
  "running_total_dropped": 73168238,
  "running_total_time_sec": 1729.0962843259986,
  "p_gb": 0.00606,
  "p_bg": 0.6,
  "good_loss_rate": 0.0,
  "bad_loss_rate": 1.0
}