{
  "state": "good",
  "episode_index": 6124,
  "state_ordinal": 3062,
  "start_time_wall": 1756975946.2980723,
  "end_time_wall": 1756975946.305353,
  "wall_time_sec": 0.007280030997208087,
  "steps": 51,
  "packets": 883789,
  "dropped": 0,
  "running_total_steps": 499721,
  "running_total_packets": 7095504459,
  "running_total_dropped": 72181715,
  "running_total_time_sec": 1714.1013197309985,
  "p_gb": 0.00606,
  "p_bg": 0.6,
  "good_loss_rate": 0.0,
  "bad_loss_rate": 1.0
}