{
  "state": "good",
  "episode_index": 6308,
  "state_ordinal": 3154,
  "start_time_wall": 1756976013.3286498,
  "end_time_wall": 1756976013.9207866,
  "wall_time_sec": 0.5921370559990464,
  "steps": 239,
  "packets": 3352955,
  "dropped": 0,
  "running_total_steps": 515339,
  "running_total_packets": 7317104691,
  "running_total_dropped": 74289269,
  "running_total_time_sec": 1781.7167536019988,
  "p_gb": 0.00606,
  "p_bg": 0.6,
  "good_loss_rate": 0.0,
  "bad_loss_rate": 1.0
}