{
  "state": "good",
  "episode_index": 4756,
  "state_ordinal": 2378,
  "start_time_wall": 1756975514.5335102,
  "end_time_wall": 1756975515.1372883,
  "wall_time_sec": 0.6037774599972181,
  "steps": 290,
  "packets": 4203490,
  "dropped": 0,
  "running_total_steps": 392015,
  "running_total_packets": 5566181045,
  "running_total_dropped": 56142948,
  "running_total_time_sec": 1282.933255101998,
  "p_gb": 0.00606,
  "p_bg": 0.6,
  "good_loss_rate": 0.0,
  "bad_loss_rate": 1.0
}