{
  "state": "good",
  "episode_index": 7904,
  "state_ordinal": 3952,
  "start_time_wall": 1756976538.3473594,
  "end_time_wall": 1756976538.9512837,
  "wall_time_sec": 0.6039239129968337,
  "steps": 172,
  "packets": 2446012,
  "dropped": 0,
  "running_total_steps": 650659,
  "running_total_packets": 9238567593,
  "running_total_dropped": 93216595,
  "running_total_time_sec": 2306.7472504029975,
  "p_gb": 0.00606,
  "p_bg": 0.6,
  "good_loss_rate": 0.0,
  "bad_loss_rate": 1.0
}