{
  "state": "good",
  "episode_index": 1140,
  "state_ordinal": 570,
  "start_time_wall": 1756974542.6851368,
  "end_time_wall": 1756974543.3015983,
  "wall_time_sec": 0.6164604459991097,
  "steps": 422,
  "packets": 5982669,
  "dropped": 1,
  "running_total_steps": 97611,
  "running_total_packets": 1386031598,
  "running_total_dropped": 13423596,
  "running_total_time_sec": 311.09756489999927,
  "p_gb": 0.00606,
  "p_bg": 0.6,
  "good_loss_rate": 0.0,
  "bad_loss_rate": 1.0
}