{
  "state": "good",
  "episode_index": 7858,
  "state_ordinal": 3929,
  "start_time_wall": 1756976532.1687193,
  "end_time_wall": 1756976532.8131537,
  "wall_time_sec": 0.6444337689972599,
  "steps": 510,
  "packets": 7165894,
  "dropped": 0,
  "running_total_steps": 647932,
  "running_total_packets": 9199813340,
  "running_total_dropped": 92733465,
  "running_total_time_sec": 2300.6091205879966,
  "p_gb": 0.00606,
  "p_bg": 0.6,
  "good_loss_rate": 0.0,
  "bad_loss_rate": 1.0
}