{
  "state": "good",
  "episode_index": 750,
  "state_ordinal": 375,
  "start_time_wall": 1756974397.165301,
  "end_time_wall": 1756974397.1846545,
  "wall_time_sec": 0.019353592997504165,
  "steps": 156,
  "packets": 2246392,
  "dropped": 0,
  "running_total_steps": 60774,
  "running_total_packets": 863035757,
  "running_total_dropped": 9020267,
  "running_total_time_sec": 164.9806214579985,
  "p_gb": 0.00606,
  "p_bg": 0.6,
  "good_loss_rate": 0.0,
  "bad_loss_rate": 1.0
}