{
  "state": "good",
  "episode_index": 5012,
  "state_ordinal": 2506,
  "start_time_wall": 1756975557.2029786,
  "end_time_wall": 1756975557.2055798,
  "wall_time_sec": 0.0026013050010078587,
  "steps": 19,
  "packets": 243016,
  "dropped": 0,
  "running_total_steps": 412003,
  "running_total_packets": 5849922307,
  "running_total_dropped": 59380130,
  "running_total_time_sec": 1325.0015467109988,
  "p_gb": 0.00606,
  "p_bg": 0.6,
  "good_loss_rate": 0.0,
  "bad_loss_rate": 1.0
}