{
  "state": "good",
  "episode_index": 2874,
  "state_ordinal": 1437,
  "start_time_wall": 1756974999.6651883,
  "end_time_wall": 1756975000.2830653,
  "wall_time_sec": 0.617876961001457,
  "steps": 377,
  "packets": 5354896,
  "dropped": 0,
  "running_total_steps": 240416,
  "running_total_packets": 3413720102,
  "running_total_dropped": 33492450,
  "running_total_time_sec": 768.079032040001,
  "p_gb": 0.00606,
  "p_bg": 0.6,
  "good_loss_rate": 0.0,
  "bad_loss_rate": 1.0
}