{
  "state": "good",
  "episode_index": 5954,
  "state_ordinal": 2977,
  "start_time_wall": 1756975918.8346875,
  "end_time_wall": 1756975919.4107828,
  "wall_time_sec": 0.5760952550008369,
  "steps": 179,
  "packets": 2596436,
  "dropped": 1,
  "running_total_steps": 487113,
  "running_total_packets": 6916436724,
  "running_total_dropped": 70137841,
  "running_total_time_sec": 1687.206749560999,
  "p_gb": 0.00606,
  "p_bg": 0.6,
  "good_loss_rate": 0.0,
  "bad_loss_rate": 1.0
}