{
  "state": "good",
  "episode_index": 5728,
  "state_ordinal": 2864,
  "start_time_wall": 1756975749.8859785,
  "end_time_wall": 1756975750.4780774,
  "wall_time_sec": 0.5920986040000571,
  "steps": 180,
  "packets": 2515450,
  "dropped": 0,
  "running_total_steps": 470180,
  "running_total_packets": 6676004708,
  "running_total_dropped": 67431402,
  "running_total_time_sec": 1518.2740443250004,
  "p_gb": 0.00606,
  "p_bg": 0.6,
  "good_loss_rate": 0.0,
  "bad_loss_rate": 1.0
}