{
  "state": "good",
  "episode_index": 8022,
  "state_ordinal": 4011,
  "start_time_wall": 1756976560.9556842,
  "end_time_wall": 1756976561.6956537,
  "wall_time_sec": 0.7399695179992705,
  "steps": 138,
  "packets": 2003382,
  "dropped": 1,
  "running_total_steps": 661198,
  "running_total_packets": 9388171862,
  "running_total_dropped": 94609598,
  "running_total_time_sec": 2329.4916205430018,
  "p_gb": 0.00606,
  "p_bg": 0.6,
  "good_loss_rate": 0.0,
  "bad_loss_rate": 1.0
}