{
  "state": "good",
  "episode_index": 1328,
  "state_ordinal": 664,
  "start_time_wall": 1756974571.6271448,
  "end_time_wall": 1756974571.8235075,
  "wall_time_sec": 0.1963617549990886,
  "steps": 152,
  "packets": 2200108,
  "dropped": 0,
  "running_total_steps": 111008,
  "running_total_packets": 1576283574,
  "running_total_dropped": 15807352,
  "running_total_time_sec": 339.619474182,
  "p_gb": 0.00606,
  "p_bg": 0.6,
  "good_loss_rate": 0.0,
  "bad_loss_rate": 1.0
}