{
  "state": "good",
  "episode_index": 940,
  "state_ordinal": 470,
  "start_time_wall": 1756974472.387931,
  "end_time_wall": 1756974473.1909251,
  "wall_time_sec": 0.8029939480002213,
  "steps": 484,
  "packets": 6802826,
  "dropped": 1,
  "running_total_steps": 80749,
  "running_total_packets": 1146560051,
  "running_total_dropped": 11062824,
  "running_total_time_sec": 240.98689197199928,
  "p_gb": 0.00606,
  "p_bg": 0.6,
  "good_loss_rate": 0.0,
  "bad_loss_rate": 1.0
}