{
  "state": "good",
  "episode_index": 6228,
  "state_ordinal": 3114,
  "start_time_wall": 1756975964.7436097,
  "end_time_wall": 1756975964.7548375,
  "wall_time_sec": 0.011227398998016724,
  "steps": 102,
  "packets": 1400199,
  "dropped": 0,
  "running_total_steps": 508326,
  "running_total_packets": 7217556069,
  "running_total_dropped": 73376537,
  "running_total_time_sec": 1732.5508043429982,
  "p_gb": 0.00606,
  "p_bg": 0.6,
  "good_loss_rate": 0.0,
  "bad_loss_rate": 1.0
}