{
  "state": "good",
  "episode_index": 2998,
  "state_ordinal": 1499,
  "start_time_wall": 1756975019.9248707,
  "end_time_wall": 1756975021.2904499,
  "wall_time_sec": 1.3655791669989412,
  "steps": 677,
  "packets": 9713151,
  "dropped": 0,
  "running_total_steps": 250311,
  "running_total_packets": 3554171007,
  "running_total_dropped": 34654043,
  "running_total_time_sec": 789.0864166819993,
  "p_gb": 0.00606,
  "p_bg": 0.6,
  "good_loss_rate": 0.0,
  "bad_loss_rate": 1.0
}