{
  "state": "good",
  "episode_index": 2630,
  "state_ordinal": 1315,
  "start_time_wall": 1756974920.0361102,
  "end_time_wall": 1756974920.6277552,
  "wall_time_sec": 0.5916444129979936,
  "steps": 198,
  "packets": 2758460,
  "dropped": 0,
  "running_total_steps": 218582,
  "running_total_packets": 3103629654,
  "running_total_dropped": 30699333,
  "running_total_time_sec": 688.4237219339993,
  "p_gb": 0.00606,
  "p_bg": 0.6,
  "good_loss_rate": 0.0,
  "bad_loss_rate": 1.0
}