{
  "state": "good",
  "episode_index": 4270,
  "state_ordinal": 2135,
  "start_time_wall": 1756975403.000804,
  "end_time_wall": 1756975403.2012558,
  "wall_time_sec": 0.20045095500245225,
  "steps": 215,
  "packets": 3020271,
  "dropped": 0,
  "running_total_steps": 355497,
  "running_total_packets": 5047620133,
  "running_total_dropped": 49894283,
  "running_total_time_sec": 1170.9972223590012,
  "p_gb": 0.00606,
  "p_bg": 0.6,
  "good_loss_rate": 0.0,
  "bad_loss_rate": 1.0
}