{
  "state": "good",
  "episode_index": 1734,
  "state_ordinal": 867,
  "start_time_wall": 1756974680.8434553,
  "end_time_wall": 1756974681.4358432,
  "wall_time_sec": 0.592387836000853,
  "steps": 315,
  "packets": 4421899,
  "dropped": 0,
  "running_total_steps": 146717,
  "running_total_packets": 2083237875,
  "running_total_dropped": 20199069,
  "running_total_time_sec": 449.2318100449993,
  "p_gb": 0.00606,
  "p_bg": 0.6,
  "good_loss_rate": 0.0,
  "bad_loss_rate": 1.0
}