{
  "state": "good",
  "episode_index": 6536,
  "state_ordinal": 3268,
  "start_time_wall": 1756976054.7524264,
  "end_time_wall": 1756976054.7652638,
  "wall_time_sec": 0.012836566998885246,
  "steps": 121,
  "packets": 1605601,
  "dropped": 0,
  "running_total_steps": 534782,
  "running_total_packets": 7593205610,
  "running_total_dropped": 77160578,
  "running_total_time_sec": 1822.5612305670002,
  "p_gb": 0.00606,
  "p_bg": 0.6,
  "good_loss_rate": 0.0,
  "bad_loss_rate": 1.0
}