{
  "state": "good",
  "episode_index": 5858,
  "state_ordinal": 2929,
  "start_time_wall": 1756975771.9335332,
  "end_time_wall": 1756975772.892033,
  "wall_time_sec": 0.9584996980011056,
  "steps": 504,
  "packets": 7225196,
  "dropped": 0,
  "running_total_steps": 480833,
  "running_total_packets": 6827262309,
  "running_total_dropped": 69019668,
  "running_total_time_sec": 1540.6879998490003,
  "p_gb": 0.00606,
  "p_bg": 0.6,
  "good_loss_rate": 0.0,
  "bad_loss_rate": 1.0
}