{
  "state": "good",
  "episode_index": 690,
  "state_ordinal": 345,
  "start_time_wall": 1756974384.8921406,
  "end_time_wall": 1756974386.3862927,
  "wall_time_sec": 1.4941518990017357,
  "steps": 726,
  "packets": 10366960,
  "dropped": 1,
  "running_total_steps": 55563,
  "running_total_packets": 789013281,
  "running_total_dropped": 8396833,
  "running_total_time_sec": 154.1822594389996,
  "p_gb": 0.00606,
  "p_bg": 0.6,
  "good_loss_rate": 0.0,
  "bad_loss_rate": 1.0
}