{
  "state": "good",
  "episode_index": 2362,
  "state_ordinal": 1181,
  "start_time_wall": 1756974872.6685164,
  "end_time_wall": 1756974872.6732364,
  "wall_time_sec": 0.004720130000350764,
  "steps": 36,
  "packets": 486020,
  "dropped": 0,
  "running_total_steps": 196038,
  "running_total_packets": 2783600393,
  "running_total_dropped": 27777244,
  "running_total_time_sec": 640.4692034369982,
  "p_gb": 0.00606,
  "p_bg": 0.6,
  "good_loss_rate": 0.0,
  "bad_loss_rate": 1.0
}