{
  "state": "good",
  "episode_index": 5214,
  "state_ordinal": 2607,
  "start_time_wall": 1756975627.5406244,
  "end_time_wall": 1756975627.5492256,
  "wall_time_sec": 0.008601117002399405,
  "steps": 63,
  "packets": 850535,
  "dropped": 0,
  "running_total_steps": 428422,
  "running_total_packets": 6083092966,
  "running_total_dropped": 61182511,
  "running_total_time_sec": 1395.3451923280008,
  "p_gb": 0.00606,
  "p_bg": 0.6,
  "good_loss_rate": 0.0,
  "bad_loss_rate": 1.0
}