{
  "state": "good",
  "episode_index": 3694,
  "state_ordinal": 1847,
  "start_time_wall": 1756975207.4751165,
  "end_time_wall": 1756975208.0513277,
  "wall_time_sec": 0.5762110499999835,
  "steps": 270,
  "packets": 3898283,
  "dropped": 0,
  "running_total_steps": 305961,
  "running_total_packets": 4344341501,
  "running_total_dropped": 43338680,
  "running_total_time_sec": 975.8472944690002,
  "p_gb": 0.00606,
  "p_bg": 0.6,
  "good_loss_rate": 0.0,
  "bad_loss_rate": 1.0
}