{
  "state": "good",
  "episode_index": 5104,
  "state_ordinal": 2552,
  "start_time_wall": 1756975608.9253223,
  "end_time_wall": 1756975609.4800084,
  "wall_time_sec": 0.5546862640003383,
  "steps": 82,
  "packets": 1261334,
  "dropped": 0,
  "running_total_steps": 419892,
  "running_total_packets": 5962026420,
  "running_total_dropped": 60031072,
  "running_total_time_sec": 1377.2759752829988,
  "p_gb": 0.00606,
  "p_bg": 0.6,
  "good_loss_rate": 0.0,
  "bad_loss_rate": 1.0
}