{
  "state": "good",
  "episode_index": 5628,
  "state_ordinal": 2814,
  "start_time_wall": 1756975733.5307114,
  "end_time_wall": 1756975733.5311506,
  "wall_time_sec": 0.0004391110014694277,
  "steps": 3,
  "packets": 14465,
  "dropped": 0,
  "running_total_steps": 462431,
  "running_total_packets": 6565916995,
  "running_total_dropped": 66123762,
  "running_total_time_sec": 1501.3271174319998,
  "p_gb": 0.00606,
  "p_bg": 0.6,
  "good_loss_rate": 0.0,
  "bad_loss_rate": 1.0
}