{
  "state": "good",
  "episode_index": 5748,
  "state_ordinal": 2874,
  "start_time_wall": 1756975752.6057887,
  "end_time_wall": 1756975753.1866252,
  "wall_time_sec": 0.5808361119998153,
  "steps": 200,
  "packets": 2822098,
  "dropped": 0,
  "running_total_steps": 471459,
  "running_total_packets": 6694132069,
  "running_total_dropped": 67772754,
  "running_total_time_sec": 1520.9825921289994,
  "p_gb": 0.00606,
  "p_bg": 0.6,
  "good_loss_rate": 0.0,
  "bad_loss_rate": 1.0
}