{
  "state": "good",
  "episode_index": 2968,
  "state_ordinal": 1484,
  "start_time_wall": 1756975013.9748144,
  "end_time_wall": 1756975013.9895675,
  "wall_time_sec": 0.014752816998225171,
  "steps": 114,
  "packets": 1566541,
  "dropped": 0,
  "running_total_steps": 246762,
  "running_total_packets": 3503759517,
  "running_total_dropped": 34374839,
  "running_total_time_sec": 781.785534284998,
  "p_gb": 0.00606,
  "p_bg": 0.6,
  "good_loss_rate": 0.0,
  "bad_loss_rate": 1.0
}