{
  "state": "good",
  "episode_index": 602,
  "state_ordinal": 301,
  "start_time_wall": 1756974369.5691993,
  "end_time_wall": 1756974370.1734126,
  "wall_time_sec": 0.604212867001479,
  "steps": 344,
  "packets": 4915154,
  "dropped": 0,
  "running_total_steps": 47871,
  "running_total_packets": 679835405,
  "running_total_dropped": 7217955,
  "running_total_time_sec": 137.9693793890001,
  "p_gb": 0.00606,
  "p_bg": 0.6,
  "good_loss_rate": 0.0,
  "bad_loss_rate": 1.0
}