{
  "state": "good",
  "episode_index": 3858,
  "state_ordinal": 1929,
  "start_time_wall": 1756975237.0181944,
  "end_time_wall": 1756975237.2175925,
  "wall_time_sec": 0.19939790200078278,
  "steps": 214,
  "packets": 3001458,
  "dropped": 0,
  "running_total_steps": 320123,
  "running_total_packets": 4545343759,
  "running_total_dropped": 44870589,
  "running_total_time_sec": 1005.0135592890001,
  "p_gb": 0.00606,
  "p_bg": 0.6,
  "good_loss_rate": 0.0,
  "bad_loss_rate": 1.0
}