{
  "state": "good",
  "episode_index": 6012,
  "state_ordinal": 3006,
  "start_time_wall": 1756975926.3912196,
  "end_time_wall": 1756975926.3990269,
  "wall_time_sec": 0.007807165999111021,
  "steps": 58,
  "packets": 836058,
  "dropped": 0,
  "running_total_steps": 490355,
  "running_total_packets": 6962463905,
  "running_total_dropped": 70681742,
  "running_total_time_sec": 1694.1949937739992,
  "p_gb": 0.00606,
  "p_bg": 0.6,
  "good_loss_rate": 0.0,
  "bad_loss_rate": 1.0
}