{
  "state": "good",
  "episode_index": 4514,
  "state_ordinal": 2257,
  "start_time_wall": 1756975446.1335723,
  "end_time_wall": 1756975446.1347497,
  "wall_time_sec": 0.0011770409983000718,
  "steps": 8,
  "packets": 120058,
  "dropped": 0,
  "running_total_steps": 375606,
  "running_total_packets": 5333133338,
  "running_total_dropped": 53213861,
  "running_total_time_sec": 1213.9307164089987,
  "p_gb": 0.00606,
  "p_bg": 0.6,
  "good_loss_rate": 0.0,
  "bad_loss_rate": 1.0
}