{
  "state": "good",
  "episode_index": 2262,
  "state_ordinal": 1131,
  "start_time_wall": 1756974821.3531985,
  "end_time_wall": 1756974821.9217217,
  "wall_time_sec": 0.5685227449976082,
  "steps": 117,
  "packets": 1745907,
  "dropped": 0,
  "running_total_steps": 188411,
  "running_total_packets": 2675284629,
  "running_total_dropped": 26777679,
  "running_total_time_sec": 589.7176883889988,
  "p_gb": 0.00606,
  "p_bg": 0.6,
  "good_loss_rate": 0.0,
  "bad_loss_rate": 1.0
}